"ABBREV","ACCF_RATE","ACCF_CNT","ACCF_ECNT","ACCM_RATE","ACCM_CNT","ACCM_ECNT","BLAF_RATE","BLAF_CNT","BLAF_ECNT","BLAM_RATE","BLAM_CNT","BLAM_ECNT","BRAF_RATE","BRAF_CNT","BRAF_ECNT","BRAM_RATE","BRAM_CNT","BRAM_ECNT","BREF_RATE","BREF_CNT","BREF_ECNT","CERF_RATE","CERF_CNT","CERF_ECNT","COLF_RATE","COLF_CNT","COLF_ECNT","COLM_RATE","COLM_CNT","COLM_ECNT","ESOF_RATE","ESOF_CNT","ESOF_ECNT","ESOM_RATE","ESOM_CNT","ESOM_ECNT","KIDF_RATE","KIDF_CNT","KIDF_ECNT","KIDM_RATE","KIDM_CNT","KIDM_ECNT","LEUF_RATE","LEUF_CNT","LEUF_ECNT","LEUM_RATE","LEUM_CNT","LEUM_ECNT","LGBF_RATE","LGBF_CNT","LGBF_ECNT","LGBM_RATE","LGBM_CNT","LGBM_ECNT","LUNF_RATE","LUNF_CNT","LUNF_ECNT","LUNM_RATE","LUNM_CNT","LUNM_ECNT","NHLF_RATE","NHLF_CNT","NHLF_ECNT","NHLM_RATE","NHLM_CNT","NHLM_ECNT","ORAF_RATE","ORAF_CNT","ORAF_ECNT","ORAM_RATE","ORAM_CNT","ORAM_ECNT","OTHF_RATE","OTHF_CNT","OTHF_ECNT","OTHM_RATE","OTHM_CNT","OTHM_ECNT","OVAF_RATE","OVAF_CNT","OVAF_ECNT","PANF_RATE","PANF_CNT","PANF_ECNT","PANM_RATE","PANM_CNT","PANM_ECNT","PROM_RATE","PROM_CNT","PROM_ECNT","RECF_RATE","RECF_CNT","RECF_ECNT","RECM_RATE","RECM_CNT","RECM_ECNT","STOF_RATE","STOF_CNT","STOF_ECNT","STOM_RATE","STOM_CNT","STOM_ECNT","UTEF_RATE","UTEF_CNT","UTEF_ECNT","ACCT_RATE","ACCT_CNT","ACCT_ECNT","BLAT_RATE","BLAT_CNT","BLAT_ECNT","BRAT_RATE","BRAT_CNT","BRAT_ECNT","BRET_RATE","BRET_CNT","BRET_ECNT","CERT_RATE","CERT_CNT","CERT_ECNT","COLT_RATE","COLT_CNT","COLT_ECNT","ESOT_RATE","ESOT_CNT","ESOT_ECNT","KIDT_RATE","KIDT_CNT","KIDT_ECNT","LEUT_RATE","LEUT_CNT","LEUT_ECNT","LGBT_RATE","LGBT_CNT","LGBT_ECNT","LUNT_RATE","LUNT_CNT","LUNT_ECNT","NHLT_RATE","NHLT_CNT","NHLT_ECNT","ORAT_RATE","ORAT_CNT","ORAT_ECNT","OTHT_RATE","OTHT_CNT","OTHT_ECNT","OVAT_RATE","OVAT_CNT","OVAT_ECNT","PANT_RATE","PANT_CNT","PANT_ECNT","PROT_RATE","PROT_CNT","PROT_ECNT","RECT_RATE","RECT_CNT","RECT_ECNT","STOT_RATE","STOT_CNT","STOT_ECNT","UTET_RATE","UTET_CNT","UTET_ECNT","REGION"
"AK",140.96,2846,2963,199.36,3696,4330,2.32,37,29,6.29,107,97,3.68,89,100,4.59,151,168,26.41,600,658,2.22,64,92,13.55,238,265,17.58,298,368,1.35,24,23,5.8,105,106,1.67,36,47,4.12,89,112,5.17,119,125,5.66,126,211,2.41,44,62,4.58,89,95,35.44,689,546,68.99,1318,1481,3.47,67,101,5.02,116,176,1.36,26,28,2.99,62,89,11.93,228,200,17.4,316,308,7.88,168,187,6.58,114,124,8.64,166,203,23.81,286,281,1.77,33,44,3.15,48,80,2.6,45,60,6.57,113,138,3.11,55,69,170.16,6542,7293,4.305,144,126,4.135,240,268,26.41,600,658,2.22,64,92,15.565,536,633,3.575,129,129,2.895,125,159,5.415,245,336,3.495,133,157,52.215,2007,2027,4.245,183,277,2.175,88,117,14.665,544,508,7.88,168,187,7.61,280,327,23.81,286,281,2.46,81,124,4.585,158,198,3.11,55,69,"alaska"
"AL",118.47,59396,64939,212.48,75601,72129,1.24,783,996,5.06,1751,2171,3.47,1629,1543,5.9,2078,1855,20.91,10225,12304,3.91,1731,1414,11.68,6308,7589,14.34,5413,6842,0.99,530,611,3.74,1324,1677,1.87,895,1081,4.08,1497,1706,5.2,2489,2430,9.74,3200,2995,3.17,1558,1703,4.94,1712,1635,19.01,9979,11245,79.64,29371,24341,4.28,2300,2340,5.93,2374,2452,1.22,709,672,3.81,1269,1390,13.84,6048,4957,22.21,7042,5010,6.9,3422,3870,6.04,3242,3434,10.54,3659,3521,19.54,6689,7164,1.52,865,1271,2.4,872,1489,2.57,1387,1721,5.22,1841,2486,2.66,1339,1812,165.475,134997,137068,3.15,2534,3167,4.685,3707,3398,20.91,10225,12304,3.91,1731,1414,13.01,11721,14431,2.365,1854,2288,2.975,2392,2787,7.47,5689,5425,4.055,3270,3338,49.325,39350,35586,5.105,4674,4792,2.515,1978,2062,18.025,13090,9967,6.9,3422,3870,8.29,6901,6955,19.54,6689,7164,1.96,1737,2760,3.895,3228,4207,2.66,1339,1812,"alabama"
"AR",122.44,42125,46252,215.06,56544,55453,1.63,676,741,4.98,1416,1771,3.6,1121,1064,5.52,1339,1310,20.81,6857,8597,3.55,1020,970,13.13,4885,5549,16.69,4556,5383,0.77,301,442,3.11,857,1265,1.87,669,777,4.6,1228,1281,5.11,1735,1734,9.5,2390,2275,3.5,1214,1235,5.16,1341,1265,22.3,7499,7894,84.98,22222,18407,4.35,1574,1678,6.58,1716,1832,1.26,440,479,2.81,759,1038,11.39,3956,3580,16.34,4248,3833,7.15,2379,2724,6.47,2375,2501,10.64,2782,2718,20.2,5484,5964,1.61,633,925,2.73,773,1170,3.19,1085,1263,6.2,1573,1952,2.86,978,1312,168.75,98669,101705,3.305,2092,2512,4.56,2460,2374,20.81,6857,8597,3.55,1020,970,14.91,9441,10932,1.94,1158,1707,3.235,1897,2058,7.305,4125,4009,4.33,2555,2500,53.64,29721,26301,5.465,3290,3510,2.035,1199,1517,13.865,8204,7413,7.15,2379,2724,8.555,5157,5219,20.2,5484,5964,2.17,1406,2095,4.695,2658,3215,2.86,978,1312,"arkansas"
"AZ",123.19,52612,56684,185.34,65038,71321,1.54,752,837,6.1,2099,2177,2.88,1200,1376,4.14,1535,1757,22.73,9647,10665,3.23,1082,1182,11.51,5327,6444,15.48,5714,6817,1.2,537,532,4.64,1476,1650,2.11,859,952,4.74,1521,1664,4.84,2009,2107,7.88,2872,2939,3.79,1346,1455,4.05,1440,1632,21.99,10519,10359,57.59,21280,23983,4.01,1923,2077,6.17,2343,2440,1.39,515,580,2.64,1007,1301,12.52,4556,4308,17.27,5409,4986,6.95,3022,3363,5.94,2797,2989,9.49,3266,3440,21.32,7108,7527,2.02,873,1048,2.97,1076,1416,3.17,1231,1427,6.61,2072,2388,3.26,1275,1555,154.265,117650,128005,3.82,2851,3014,3.51,2735,3133,22.73,9647,10665,3.23,1082,1182,13.495,11041,13261,2.92,2013,2182,3.425,2380,2616,6.36,4881,5046,3.92,2786,3087,39.79,31799,34342,5.09,4266,4517,2.015,1522,1881,14.895,9965,9294,6.95,3022,3363,7.715,6063,6429,21.32,7108,7527,2.495,1949,2464,4.89,3303,3815,3.26,1275,1555,"arizona"
"CA",141.47,449216,432541,213.72,480272,499950,1.69,6702,6783,6.45,15030,15222,3.48,10583,10338,5.05,13142,13040,26.29,84362,82050,3.1,9454,9638,13.88,46448,50949,17.85,42929,47549,1.48,4814,4030,4.81,11144,11495,1.99,6621,7169,4.65,11122,11741,5.45,16435,16557,8.56,21258,21171,3.11,11029,11389,4.33,11476,11332,29.39,85965,73265,65.1,151213,166304,4.63,15937,15532,7.07,17494,17175,1.77,5883,4452,3.54,9708,9531,11.65,32755,33154,14.94,32604,34738,8.32,26827,25548,7.52,24235,22792,9.69,24191,24267,36.12,51786,50668,2.27,8677,8590,3.94,10170,10349,3.16,12586,11646,6.79,18637,17296,3.71,12721,12041,177.595,929488,932491,4.07,21732,22005,4.265,23725,23378,26.29,84362,82050,3.1,9454,9638,15.865,89377,98498,3.145,15958,15525,3.32,17743,18910,7.005,37693,37728,3.72,22505,22721,47.245,237178,239569,5.85,33431,32707,2.655,15591,13983,13.295,65359,67892,8.32,26827,25548,8.605,48426,47059,36.12,51786,50668,3.105,18847,18939,4.975,31223,28942,3.71,12721,12041,"california"
"CO",115.8,44886,50661,170.05,48850,58828,1.42,675,769,5.04,1464,1754,3.09,1202,1253,4.68,1547,1604,22.19,8744,9749,2.43,999,1166,13.6,5294,5844,17.22,4528,5543,1.18,349,460,3.84,1118,1361,2.25,840,833,4.56,1213,1390,4.86,1864,1969,8.3,2394,2546,3.51,1234,1308,4.16,1127,1329,16.74,6683,8664,46.64,14204,19527,3.68,1753,1814,5.72,1814,2058,0.85,426,511,2.39,715,1122,8.91,3243,3853,12.24,3130,4099,7.62,2864,2994,6.65,2544,2620,9.1,2611,2841,23.99,6067,5823,2.52,809,982,2.47,912,1204,2.95,1210,1336,5.98,1829,2026,3.43,1141,1380,142.925,93736,109489,3.23,2139,2523,3.885,2749,2857,22.19,8744,9749,2.43,999,1166,15.41,9822,11387,2.51,1467,1821,3.405,2053,2223,6.58,4258,4515,3.835,2361,2637,31.69,20887,28191,4.7,3567,3872,1.62,1141,1633,10.575,6373,7952,7.62,2864,2994,7.875,5155,5461,23.99,6067,5823,2.495,1721,2186,4.465,3039,3362,3.43,1141,1380,"colorado"
"CT",140.95,72543,69264,212.56,77751,76906,2,1225,1116,7.1,2645,2369,3.2,1495,1596,5.25,1888,1933,28.39,14196,13042,2.34,1097,1508,16.23,8946,8304,22.16,8201,7355,1.46,793,655,5.94,2150,1772,2.14,1087,1150,5.18,1835,1805,5.12,2629,2616,8.21,3062,3176,3.26,1766,1846,4.92,1809,1742,24.13,11641,11616,63.81,23129,25714,4.68,2545,2487,6.65,2565,2584,1.56,811,721,5.02,1892,1486,10.43,5679,5354,15.52,5763,5331,8.62,4247,4087,7.54,4033,3698,10.87,3923,3762,22.84,7975,7855,3.22,1648,1403,5.51,1967,1616,4.07,2317,1902,8.95,3467,2688,4.03,2103,1952,176.755,150294,146170,4.55,3870,3485,4.225,3383,3529,28.39,14196,13042,2.34,1097,1508,19.195,17147,15659,3.7,2943,2427,3.66,2922,2955,6.665,5691,5792,4.09,3575,3588,43.97,34770,37330,5.665,5110,5071,3.29,2703,2207,12.975,11442,10685,8.62,4247,4087,9.205,7956,7460,22.84,7975,7855,4.365,3615,3019,6.51,5784,4590,4.03,2103,1952,"connecticut"
"DE",146.12,11942,10972,228.76,13552,12286,2.04,189,168,8.13,465,363,3.68,258,263,4.81,300,324,28.84,2321,2090,4.09,273,243,16.7,1450,1276,20.36,1276,1155,1.28,113,103,5.84,354,288,2.29,182,181,4.51,279,292,5.47,461,413,9.07,512,511,2.88,265,286,4.44,263,279,26.98,2177,1899,79.6,4739,4165,4.48,357,393,6.99,403,421,1.47,131,114,4.79,302,239,12.17,1022,837,17.02,1022,856,9,677,653,5.97,521,575,10.35,588,598,23.76,1274,1193,3.49,274,215,5.52,316,252,2.71,248,290,6.41,414,420,4.09,325,305,187.44,25494,23258,5.085,654,531,4.245,558,587,28.84,2321,2090,4.09,273,243,18.53,2726,2431,3.56,467,391,3.4,461,473,7.27,973,924,3.66,528,565,53.29,6916,6064,5.735,760,814,3.13,433,353,14.595,2044,1693,9,677,653,8.16,1109,1173,23.76,1274,1193,4.505,590,467,4.56,662,710,4.09,325,305,"delaware"
"FL",128.25,255611,271390,216.05,319913,340170,1.93,4204,4344,6.64,11143,11153,3.99,6215,6030,5.31,7539,7350,21.97,45077,49303,3.69,4641,5226,13.24,29853,32561,17.4,31538,33484,1.26,2717,2631,4.48,6895,7697,2.16,4057,4602,4.29,7057,7740,4.67,8792,9892,8.18,12052,13557,3.13,6229,7284,4.85,7287,7835,29.02,53950,48345,84.06,110915,112554,4.2,9102,10051,6.3,10363,11178,1.82,3349,2804,4.74,6424,6034,8.67,16245,21162,13.36,18745,23659,6.99,14923,15827,5.97,14033,14940,9.35,15706,16528,22.03,35098,39317,2.11,4575,5308,3.11,5686,6985,2.48,6525,7249,5.87,10476,11705,3.12,6580,7700,172.15,575524,611560,4.285,15347,15497,4.65,13754,13380,21.97,45077,49303,3.69,4641,5226,15.32,61391,66045,2.87,9612,10328,3.225,11114,12342,6.425,20844,23449,3.99,13516,15119,56.54,164865,160899,5.25,19465,21229,3.28,9773,8838,11.015,34990,44821,6.99,14923,15827,7.66,29739,31468,22.03,35098,39317,2.61,10261,12293,4.175,17001,18954,3.12,6580,7700,"florida"
"GA",118.42,74842,83186,219.51,93218,89535,1.55,1134,1246,5.53,2262,2587,3.43,1997,2039,5.01,2511,2473,21.29,13577,15982,3.32,1818,1875,11.53,7657,9544,15.28,6669,8356,0.98,704,770,3.84,1828,2105,2.06,1263,1380,4.11,1946,2152,5.29,3050,3149,8.75,3779,3791,2.95,1711,2151,4.96,2002,2025,19.87,13172,14474,87.08,36630,30369,3.99,2707,2983,6.15,2730,3131,1.53,1041,856,4.38,1890,1748,12.14,6937,6304,18.74,7352,6241,7,4479,4972,6.24,4009,4331,10.13,4376,4350,22.21,8693,8402,1.73,1158,1599,2.7,1226,1813,2.55,1633,2164,5.3,2234,3043,2.78,1732,2286,168.965,168060,172721,3.54,3396,3833,4.22,4508,4512,21.29,13577,15982,3.32,1818,1875,13.405,14326,17900,2.41,2532,2875,3.085,3209,3532,7.02,6829,6940,3.955,3713,4176,53.475,49802,44843,5.07,5437,6114,2.955,2931,2604,15.44,14289,12545,7,4479,4972,8.185,8385,8681,22.21,8693,8402,2.215,2384,3412,3.925,3867,5207,2.78,1732,2286,"georgia"
"HI",127.97,4228,4551,189.92,5583,6292,1.95,67,62,6.51,180,174,3.07,108,124,4.78,161,189,22.42,744,907,2.61,91,114,12.97,428,496,16.1,459,578,1.5,48,40,4.39,134,146,1.55,52,74,4.12,118,151,3.8,128,181,7.16,223,282,3.29,110,112,5.36,152,141,26.27,845,791,55.4,1649,2117,4.14,138,161,6.05,203,229,2.93,93,46,5.44,171,122,9.41,310,336,13.99,406,441,7.62,252,275,7.29,240,225,8.98,261,300,22.55,574,565,2.15,71,83,3.17,93,123,4.32,146,112,9.38,267,209,3,97,121,158.945,9811,10843,4.23,247,236,3.925,269,313,22.42,744,907,2.61,91,114,14.535,887,1074,2.945,182,186,2.835,170,225,5.48,351,463,4.325,262,253,40.835,2494,2908,5.095,341,390,4.185,264,168,11.7,716,777,7.62,252,275,8.135,501,525,22.55,574,565,2.66,164,206,6.85,413,321,3,97,121,"hawaii"
"IA",122.61,66146,70026,192.31,76095,79401,1.38,1037,1227,6.12,2540,2621,3.92,1642,1532,5.75,1995,1854,25.13,12463,12775,3.17,1431,1456,17.21,9884,8808,20.77,8194,7788,0.87,536,677,4.33,1731,1779,2.62,1377,1165,4.89,1902,1814,5.01,2783,2723,9.07,3408,3323,3.51,1923,1942,3.73,1475,1814,15.11,8647,11228,59.41,24254,25792,5.25,2831,2535,7.6,2822,2607,0.88,556,725,2.83,1167,1487,6.63,4026,5552,9.42,3752,5466,8.74,4209,4017,5.93,3498,3848,9.59,3743,3882,23.83,9461,8868,2.38,1374,1495,4.32,1657,1716,2.85,1647,2035,6.13,2392,2848,3.92,2075,2008,157.46,142241,149427,3.75,3577,3848,4.835,3637,3386,25.13,12463,12775,3.17,1431,1456,18.99,18078,16596,2.6,2267,2456,3.755,3279,2979,7.04,6191,6046,3.62,3398,3756,37.26,32901,37020,6.425,5653,5142,1.855,1723,2212,8.025,7778,11018,8.74,4209,4017,7.76,7241,7730,23.83,9461,8868,3.35,3031,3211,4.49,4039,4883,3.92,2075,2008,"iowa"
"ID",119.26,15360,17361,170.85,18827,22493,1.58,211,265,5.09,580,701,3.53,405,422,4.58,514,568,24.19,2940,3281,2.18,292,381,12.5,1602,2024,15.1,1651,2163,0.74,101,163,3.25,352,516,1.84,259,287,4.23,460,525,5.94,695,675,9.26,944,954,3.08,375,453,2.71,331,516,17.02,2305,2987,46.52,5376,7435,4.29,609,625,6.13,701,761,1.16,159,181,2.47,250,419,11.86,1401,1328,14.53,1521,1562,7.55,977,1027,5.93,851,915,8.65,1031,1089,24.6,2623,2370,2.13,267,338,2.82,338,467,2.45,373,458,6.24,673,783,3.6,471,479,145.055,34187,39854,3.335,791,966,4.055,919,990,24.19,2940,3281,2.18,292,381,13.8,3253,4187,1.995,453,679,3.035,719,812,7.6,1639,1629,2.895,706,969,31.77,7681,10422,5.21,1310,1386,1.815,409,600,13.195,2922,2890,7.55,977,1027,7.29,1882,2004,24.6,2623,2370,2.475,605,805,4.345,1046,1241,3.6,471,479,"idaho"
"IL",130.85,226339,219019,206.08,250493,243679,1.75,3541,3544,6.2,7966,7584,3.24,4892,5077,4.92,5931,6153,25.45,44394,41127,3.7,4834,4804,16.55,28295,26401,21.18,26090,23343,0.86,2013,2069,4.12,6072,5586,2.42,3928,3637,5.07,6101,5706,5.53,8811,8347,9.36,10633,10180,3.69,6739,5886,4.43,6282,5526,19.95,34989,36248,70.81,81787,81058,4.98,8144,7860,7.19,8558,8166,0.91,2057,2279,3.27,4985,4718,9.81,16766,16921,14.21,16615,16826,8.36,13793,12938,5.94,11820,11721,9.52,12232,11942,20.78,24518,24908,2.71,5039,4490,4.93,6276,5198,2.62,6394,6070,5.83,9146,8612,4.14,6855,6218,168.465,476832,462698,3.975,11507,11128,4.08,10823,11230,25.45,44394,41127,3.7,4834,4804,18.865,54385,49744,2.49,8085,7655,3.745,10029,9343,7.445,19444,18527,4.06,13021,11412,45.38,116776,117306,6.085,16702,16026,2.09,7042,6997,12.01,33381,33747,8.36,13793,12938,7.73,24052,23663,20.78,24518,24908,3.82,11315,9688,4.225,15540,14682,4.14,6855,6218,"illinois"
"IN",131.66,109343,108961,209.3,126123,121516,1.99,1855,1738,6.21,3748,3746,3.45,2586,2563,5.02,3131,3111,25,20075,20531,4.21,3002,2399,16.59,14200,13002,20.52,12189,11601,0.93,897,1023,4.4,2911,2787,2.62,1995,1812,5.36,3107,2853,5.49,4374,4180,9.22,5338,5122,3.56,2910,2900,4.57,2751,2751,21.19,18066,18255,73.3,44926,40423,4.52,3906,3910,6.78,4027,4111,0.85,841,1128,3.23,2030,2336,10.24,8651,8397,14.59,8806,8403,8.02,6418,6427,6.1,5361,5789,9.59,5867,5939,21.92,12358,12372,2.22,1988,2204,4.09,2479,2560,2.46,2256,2982,5.45,3429,4259,4.08,3454,3059,170.48,235466,230477,4.1,5603,5484,4.235,5717,5674,25,20075,20531,4.21,3002,2399,18.555,26389,24603,2.665,3808,3810,3.99,5102,4665,7.355,9712,9302,4.065,5661,5651,47.245,62992,58678,5.65,7933,8021,2.04,2871,3464,12.415,17457,16800,8.02,6418,6427,7.845,11228,11728,21.92,12358,12372,3.155,4467,4764,3.955,5685,7241,4.08,3454,3059,"indiana"
"KS",117.03,48848,54017,183.1,56689,61452,1.43,786,929,5.24,1778,2003,3.76,1323,1199,5.56,1605,1456,23.68,9138,9911,3.11,1152,1128,14.28,6357,6724,18.37,5632,5997,0.63,367,519,3.97,1139,1379,2.34,954,904,5.09,1567,1413,5.61,2144,2092,9.53,2703,2573,2.99,1323,1496,3.51,1076,1402,16.66,7296,8757,58.17,18674,20029,4.67,2003,1960,6.97,2069,2035,0.75,414,558,3.37,935,1154,6.59,2993,4254,8.77,2858,4241,8.39,3115,3117,6.19,2723,2950,9.71,2899,2999,21.22,6651,6776,1.82,887,1141,3.21,965,1319,2.6,1104,1552,5.86,1760,2189,3.79,1587,1542,150.065,105537,115469,3.335,2564,2932,4.66,2928,2655,23.68,9138,9911,3.11,1152,1128,16.325,11989,12721,2.3,1506,1898,3.715,2521,2317,7.57,4847,4665,3.25,2399,2898,37.415,25970,28786,5.82,4072,3995,2.06,1349,1712,7.68,5851,8495,8.39,3115,3117,7.95,5622,5949,21.22,6651,6776,2.515,1852,2460,4.23,2864,3741,3.79,1587,1542,"kansas"
"KY",130.88,72446,71979,214.1,89119,82746,1.71,1122,1135,5.27,2341,2587,4.05,1871,1701,5.36,2179,2090,22.39,12156,13575,4.98,2406,1575,15.49,9203,8535,18.08,7794,7941,0.82,532,678,3.52,1742,1887,2.42,1327,1202,4.78,1988,1930,4.86,2613,2739,8.59,3384,3484,4.22,2200,1912,5.25,2087,1876,23.75,13503,12171,83.47,34900,27424,4.15,2340,2593,6.39,2615,2784,1.03,693,743,3.33,1668,1580,9.3,5080,5528,14.08,5739,5721,7.25,4028,4257,6.2,3586,3819,10.11,4148,4046,20.08,8023,8555,2.08,1292,1438,3.22,1433,1753,3.4,1765,1957,6.57,2503,2908,3.96,2041,2018,172.49,161565,154725,3.49,3463,3722,4.705,4050,3791,22.39,12156,13575,4.98,2406,1575,16.785,16997,16476,2.17,2274,2565,3.6,3315,3132,6.725,5997,6223,4.735,4287,3788,53.61,48403,39595,5.27,4955,5377,2.18,2361,2323,11.69,10819,11249,7.25,4028,4257,8.155,7734,7865,20.08,8023,8555,2.65,2725,3191,4.985,4268,4865,3.96,2041,2018,"kentucky"
"LA",128.09,56915,57925,227.47,71881,64727,1.75,870,877,5.88,1791,1911,3.43,1299,1409,4.9,1638,1731,21.56,9724,11060,3.26,1200,1294,12.97,6129,6714,17.36,5589,6095,1.11,510,539,4.36,1461,1507,2.59,1120,961,5.1,1634,1540,5.56,2357,2201,9.6,2916,2733,3.52,1462,1509,5.66,1791,1462,23.57,10866,9972,85.98,27307,21869,4.85,2177,2074,7.03,2265,2216,1.3,639,601,4,1534,1255,12.59,5486,4399,19.68,6128,4494,6.11,2666,3466,7.86,3424,3030,12.17,3649,3152,21.5,6087,6243,1.81,916,1128,2.9,1104,1336,3.04,1387,1525,6.56,2000,2230,2.85,1227,1612,177.78,128796,122652,3.815,2661,2788,4.165,2937,3140,21.56,9724,11060,3.26,1200,1294,15.165,11718,12809,2.735,1971,2046,3.845,2754,2501,7.58,5273,4934,4.59,3253,2971,54.775,38173,31841,5.94,4442,4290,2.65,2173,1856,16.135,11614,8893,6.11,2666,3466,10.015,7073,6182,21.5,6087,6243,2.355,2020,2464,4.8,3387,3755,2.85,1227,1612,"louisiana"
"MA",148.37,148783,136179,227.8,153000,142139,2.22,2694,2280,6.89,4964,4472,3.47,2869,3063,4.91,3254,3517,30.43,29159,25239,3.2,2673,2916,17.47,19123,16739,23.07,16299,13684,1.69,1672,1298,6.2,4170,3246,2.54,2468,2266,5.17,3443,3306,4.75,4923,5210,8.6,5671,5928,3.09,3546,3717,5.52,3485,3226,24.42,22942,22239,69.29,46244,47072,4.7,5014,4907,7.5,4862,4750,1.97,1478,1416,5.18,3708,2726,11.92,12394,10640,17.94,12151,9819,8.96,8301,7947,7.35,7930,7383,10.93,7160,6958,25.22,15706,14847,3.15,3771,2848,6.11,4257,3031,4.15,5041,3861,8.6,6421,5027,3.88,4095,3891,188.085,301783,278318,4.555,7658,6752,4.19,6123,6580,30.43,29159,25239,3.2,2673,2916,20.27,35422,30423,3.945,5842,4544,3.855,5911,5572,6.675,10594,11138,4.305,7031,6943,46.855,69186,69311,6.1,9876,9657,3.575,5186,4142,14.93,24545,20459,8.96,8301,7947,9.14,15090,14341,25.22,15706,14847,4.63,8028,5879,6.375,11462,8888,3.88,4095,3891,"massachusetts"
"MD",145.38,76897,70503,225.43,85339,78058,2.13,1289,1075,6.9,2661,2289,3.47,1634,1700,5.07,1992,2100,27.01,14515,13533,3.98,1598,1597,16.99,9384,8191,22.14,8449,7325,1.27,792,657,5.79,2243,1830,2.19,1156,1163,4.82,1870,1866,4.91,2665,2659,8.5,3208,3259,3.33,1777,1833,4.7,1904,1765,28.95,14218,12063,77.31,28980,26461,4.56,2475,2519,6.61,2619,2684,1.44,858,728,4.36,1834,1533,12.43,7024,5361,18.02,7018,5428,8.33,4173,4217,6.58,3734,3681,9.67,3810,3807,23.97,8089,7440,2.89,1509,1383,4.89,1785,1606,2.68,1718,1870,6.06,2507,2683,3.77,1918,1957,185.405,162236,148561,4.515,3950,3364,4.27,3626,3800,27.01,14515,13533,3.98,1598,1597,19.565,17833,15516,3.53,3035,2487,3.505,3026,3029,6.705,5873,5918,4.015,3681,3598,53.13,43198,38524,5.585,5094,5203,2.9,2692,2261,15.225,14042,10789,8.33,4173,4217,8.125,7544,7488,23.97,8089,7440,3.89,3294,2989,4.37,4225,4553,3.77,1918,1957,"maryland"
"ME",145.19,28410,26264,228.6,32246,29596,2.37,561,436,8.33,1146,936,2.97,545,599,5,726,728,26.68,4917,4878,4.6,762,557,17.6,3729,3197,21.62,3063,2855,1.64,319,248,6.13,834,675,2.8,536,439,5.75,805,689,4.64,915,1010,8.52,1209,1236,3.17,667,712,3.93,579,675,25.25,4690,4357,76.49,10738,9781,4.79,1000,949,6.86,968,994,1.64,324,271,4.94,725,559,11.33,2370,2047,17.76,2434,2047,8.86,1603,1531,7.36,1471,1417,10.48,1506,1446,24.14,3375,3134,3.38,752,541,5.82,851,625,3.87,834,732,7.51,1112,1039,4.04,788,742,186.895,60656,55860,5.35,1707,1372,3.985,1271,1327,26.68,4917,4878,4.6,762,557,19.61,6792,6052,3.885,1153,923,4.275,1341,1128,6.58,2124,2246,3.55,1246,1387,50.87,15428,14138,5.825,1968,1943,3.29,1049,830,14.545,4804,4094,8.86,1603,1531,8.92,2977,2863,24.14,3375,3134,4.6,1603,1166,5.69,1946,1771,4.04,788,742,"maine"
"MI",136.61,165955,163123,208.83,192268,188944,2.11,2833,2538,6.99,6328,5777,3.76,4297,3919,5.69,5361,4895,25.7,31932,31052,3.18,3541,3657,14.78,18881,19162,19.91,18423,17976,1.23,1560,1519,5.15,4788,4352,2.43,2849,2703,4.82,4478,4445,5.57,6428,6230,9.39,8580,7975,3.63,4607,4286,4.7,4272,4281,22.96,27160,27591,67.38,62839,63061,5.25,6330,5831,7.36,6725,6395,1.28,1526,1689,3.32,3596,3659,11.02,13297,12463,14.84,13418,13068,8.58,9987,9712,6.95,8434,8573,9.81,9043,9227,22.92,19584,18961,2.31,3136,3245,4.49,4067,3986,3.3,4432,4389,7.35,6866,6614,4.11,4958,4558,172.72,358223,352067,4.55,9161,8315,4.725,9658,8814,25.7,31932,31052,3.18,3541,3657,17.345,37304,37138,3.19,6348,5871,3.625,7327,7148,7.48,15008,14205,4.165,8879,8567,45.17,89999,90652,6.305,13055,12226,2.3,5122,5348,12.93,26715,25531,8.58,9987,9712,8.38,17477,17800,22.92,19584,18961,3.4,7203,7231,5.325,11298,11003,4.11,4958,4558,"michigan"
"MN",122.64,83631,87720,179.4,93768,103412,1.52,1322,1481,5.47,2909,3354,3.82,2219,2003,5.4,2674,2510,25.67,16351,16247,2.25,1296,1885,14.19,9984,10774,18.74,9531,10067,0.83,782,826,4.24,2318,2319,2.85,1739,1456,5.2,2608,2382,5.62,3624,3424,9.54,4710,4385,3.91,2552,2385,4.03,2137,2351,15.09,11116,14292,47.12,25443,33584,5.3,3656,3179,7.38,3734,3457,0.78,699,904,2.5,1529,1934,8.19,6068,6872,10.46,5710,7147,8.64,5351,5079,6.79,4819,4741,9.51,4942,5039,23.87,12411,11359,2.19,1621,1820,4.24,2129,2222,3.37,2576,2478,7.91,3956,3681,3.71,2468,2478,151.02,177399,191132,3.495,4231,4835,4.61,4893,4513,25.67,16351,16247,2.25,1296,1885,16.465,19515,20841,2.535,3100,3145,4.025,4347,3838,7.58,8334,7809,3.97,4689,4736,31.105,36559,47876,6.34,7390,6636,1.64,2228,2838,9.325,11778,14019,8.64,5351,5079,8.15,9761,9780,23.87,12411,11359,3.215,3750,4042,5.64,6532,6159,3.71,2468,2478,"minnesota"
"MO",123.08,106701,109810,200.37,123805,122769,1.45,1692,1845,5.51,3566,3949,3.51,2506,2463,5.28,2984,2933,22.74,19051,20270,3.74,2490,2320,14.61,13400,13511,18.27,11955,11920,0.69,760,1047,3.7,2505,2779,2.22,1832,1834,4.95,2997,2843,5.14,4321,4193,8.92,5215,5094,3.57,2974,3003,4.31,2629,2802,19.36,17736,18027,71.32,44050,40431,4.5,4082,3970,6.6,3999,4064,0.89,921,1138,2.86,2070,2319,11.47,9409,8593,17.02,9793,8470,7.31,6232,6391,5.8,5392,5978,8.9,5481,6012,19.88,12416,13221,2.12,2012,2292,3.17,2247,2628,2.48,2316,3111,5.28,3301,4364,4.03,3206,3138,161.725,230506,232579,3.48,5258,5794,4.395,5490,5396,22.74,19051,20270,3.74,2490,2320,16.44,25355,25431,2.195,3265,3826,3.585,4829,4677,7.03,9536,9287,3.94,5603,5805,45.34,61786,58458,5.55,8081,8034,1.875,2991,3457,14.245,19202,17063,7.31,6232,6391,7.35,10873,11990,19.88,12416,13221,2.645,4259,4920,3.88,5617,7475,4.03,3206,3138,"missouri"
"MS",117.28,32288,36603,216.3,42794,40987,1.31,428,574,4.97,958,1255,4.09,1056,859,5.96,1200,1039,20.8,5409,6880,2.97,741,787,13.02,3651,4332,15.61,3136,3911,0.9,287,347,3.25,698,953,1.96,538,612,4.55,920,965,4.87,1380,1380,9.68,1837,1704,3.17,847,971,4.99,1007,934,20.6,5759,6274,84.71,16930,13756,4,1191,1316,6.19,1241,1380,1.18,383,386,3.42,749,788,10.56,2920,2808,16.7,3153,2847,6.11,1587,2167,6.67,1992,1957,11.27,2198,2003,20.66,3970,4147,1.58,493,723,2.31,501,857,2.97,818,988,6.2,1136,1424,2.69,693,1033,166.79,75082,77590,3.14,1386,1829,5.025,2256,1898,20.8,5409,6880,2.97,741,787,14.315,6787,8243,2.075,985,1300,3.255,1458,1577,7.275,3217,3084,4.08,1854,1905,52.655,22689,20030,5.095,2432,2696,2.3,1132,1174,13.63,6073,5655,6.11,1587,2167,8.97,4190,3960,20.66,3970,4147,1.945,994,1580,4.585,1954,2412,2.69,693,1033,"mississippi"
"MT",123.29,14733,15562,190.75,18270,19946,1.71,242,252,6.59,657,631,3.21,357,366,5.67,541,494,24,2707,2927,2.61,317,337,13.15,1642,1853,16.7,1680,1927,1.07,129,141,4.2,388,455,2.38,242,259,4.71,464,464,5.03,603,599,8.9,797,840,3.18,393,412,3.94,368,455,18.83,2359,2627,56.48,5373,6579,4.45,531,560,5.85,601,665,1.22,158,159,2.54,287,376,9.14,1107,1199,13.19,1164,1380,9.14,891,914,7.92,943,825,9.5,933,973,27.64,2569,2126,2.15,325,308,4.29,446,417,2.94,381,421,6.78,648,704,3.7,472,430,157.02,33003,35508,4.15,899,883,4.44,898,860,24,2707,2927,2.61,317,337,14.925,3322,3780,2.635,517,596,3.545,706,723,6.965,1400,1439,3.56,761,867,37.655,7732,9206,5.15,1132,1225,1.88,445,535,11.165,2271,2579,9.14,891,914,8.71,1876,1798,27.64,2569,2126,3.22,771,725,4.86,1029,1125,3.7,472,430,"montana"
"NC",120.54,90241,100749,207.78,109131,110190,1.62,1314,1511,5.26,2700,3251,3.82,2603,2432,5.35,3046,2922,23.7,17018,19224,3.23,2213,2210,12.48,9712,11597,16.28,8555,10363,1.04,845,939,4.03,2189,2587,1.95,1483,1675,4.73,2564,2622,4.92,3750,3754,8.66,4373,4591,2.66,2036,2606,4.02,2149,2496,20.16,14915,17726,77.35,40735,37359,4.25,3362,3632,6.27,3435,3793,1.5,1150,1041,3.76,2020,2128,10.14,7723,7654,15.45,8136,7680,7.15,5356,6020,6,4800,5280,10.07,5416,5353,22.37,10810,10676,1.97,1488,1926,3.05,1653,2240,2.64,2028,2612,5.35,2825,3757,2.9,2116,2780,164.16,199372,210939,3.44,4014,4762,4.585,5649,5354,23.7,17018,19224,3.23,2213,2210,14.38,18267,21960,2.535,3034,3526,3.34,4047,4297,6.79,8123,8345,3.34,4185,5102,48.755,55650,55085,5.26,6797,7425,2.63,3170,3169,12.795,15859,15334,7.15,5356,6020,8.035,10216,10633,22.37,10810,10676,2.51,3141,4166,3.995,4853,6369,2.9,2116,2780,"north carolina"
"ND",119.28,12551,13748,171.87,15522,17864,1.09,176,231,5.24,461,589,3.76,359,311,5.49,448,416,25.68,2471,2526,2.75,248,289,12.65,1498,1692,18.2,1559,1752,0.98,117,131,3.73,335,399,3.54,306,233,5.15,478,405,4.73,530,538,8.74,794,749,4.03,443,375,3.47,310,408,12.74,1375,2256,42.96,3969,5783,5.07,554,497,7.28,610,588,0.78,95,143,2.3,205,333,7.42,794,1078,9.11,859,1228,8.4,852,793,7.22,791,745,9.91,856,871,24.78,2372,2017,2.18,260,283,3.7,375,387,4.51,508,388,8.73,770,639,3.63,362,393,145.575,28073,31612,3.165,637,820,4.625,807,727,25.68,2471,2526,2.75,248,289,15.425,3057,3444,2.355,452,530,4.345,784,638,6.735,1324,1287,3.75,753,783,27.85,5344,8039,6.175,1164,1085,1.54,300,476,8.265,1653,2306,8.4,852,793,8.565,1647,1616,24.78,2372,2017,2.94,635,670,6.62,1278,1027,3.63,362,393,"north dakota"
"NE",114.94,33483,36232,176.01,38688,42031,1.32,501,630,5.51,1227,1392,3.17,851,797,5.1,1026,982,24.3,6404,6617,2.46,611,761,14.58,4471,4553,18.76,4222,4134,0.72,252,339,4.2,909,939,2.15,655,605,3.87,965,961,5.14,1512,1418,9.49,1877,1764,3.09,901,1008,3.4,738,957,13.27,4400,5802,50.63,11642,13583,4.7,1424,1313,6.36,1307,1388,0.88,260,369,2.5,655,780,7.46,2268,2875,11.47,2325,2899,7.93,2148,2075,6.3,1941,1989,9.16,2042,2060,21.27,4627,4733,2.16,683,770,3.6,900,915,3.07,915,1050,6.12,1287,1514,4.05,1090,1041,145.475,72171,78263,3.415,1728,2022,4.135,1877,1779,24.3,6404,6617,2.46,611,761,16.67,8693,8687,2.46,1161,1278,3.01,1620,1566,7.315,3389,3182,3.245,1639,1965,31.95,16042,19385,5.53,2731,2701,1.69,915,1149,9.465,4593,5774,7.93,2148,2075,7.73,3983,4049,21.27,4627,4733,2.88,1583,1685,4.595,2202,2564,4.05,1090,1041,"nebraska"
"NH",146.9,21828,19990,223.78,23896,22353,2.19,379,322,8.56,871,683,3.59,459,470,5.16,552,579,28.77,4153,3755,4.44,558,435,16.66,2739,2388,21.12,2294,2130,1.48,236,187,6.57,698,517,2.17,349,332,4.93,553,524,4.81,708,770,8.5,885,944,3.25,506,533,4.36,472,509,25.49,3523,3358,72.29,7700,7437,4.45,642,722,7.16,780,765,1.46,213,204,4.86,535,425,11.98,1874,1547,15.77,1747,1554,9.75,1333,1168,7.14,1128,1063,10.95,1137,1085,24.13,2480,2275,3.37,571,402,6.32,665,463,3.21,562,544,7.4,831,774,3.98,610,558,185.34,45724,42343,5.375,1250,1005,4.375,1011,1049,28.77,4153,3755,4.44,558,435,18.89,5033,4518,4.025,934,704,3.55,902,856,6.655,1593,1714,3.805,978,1042,48.89,11223,10795,5.805,1422,1487,3.16,748,629,13.875,3621,3101,9.75,1333,1168,9.045,2265,2148,24.13,2480,2275,4.845,1236,865,5.305,1393,1318,3.98,610,558,"new hampshire"
"NJ",149.68,172213,154540,225.33,185875,172941,2.22,2809,2427,8.5,6651,5295,3.4,3556,3605,5.13,4233,4352,30.43,34701,29287,3.33,3242,3402,18.14,22251,18319,24.82,20858,16496,1.33,1634,1456,5.41,4520,4005,2.25,2522,2568,5.06,4236,4071,5.16,5773,5761,8.63,7050,7088,3.76,4608,4097,5.18,4344,3921,25.52,27767,26191,71,58369,58222,4.69,5499,5522,7.18,6107,5793,1.48,1693,1613,4.32,3731,3369,9.8,11632,11846,14.76,11994,11973,9.58,10579,9220,7.48,9085,8209,10.71,9162,8487,22.91,17991,17365,3.48,4245,3101,6.06,4893,3643,4.28,5633,4191,9.35,8032,6053,4.48,5102,4368,187.505,358088,327481,5.36,9460,7722,4.265,7789,7957,30.43,34701,29287,3.33,3242,3402,21.48,43109,34815,3.37,6154,5461,3.655,6758,6639,6.895,12823,12849,4.47,8952,8018,48.26,86136,84413,5.935,11606,11315,2.9,5424,4982,12.28,23626,23819,9.58,10579,9220,9.095,18247,16696,22.91,17991,17365,4.77,9138,6744,6.815,13665,10244,4.48,5102,4368,"new jersey"
"NM",118.84,19824,21807,166.92,22712,27127,1.82,289,315,4.68,595,811,3.08,420,550,3.94,593,716,20.64,3653,4204,3.19,512,491,11.91,2005,2453,14.6,1947,2566,1.09,174,199,3.56,440,629,2,320,364,3.92,580,640,5.2,766,833,7.5,1051,1151,4.99,714,549,4.94,672,614,19.15,3178,3880,45.3,6419,9103,3.46,648,783,4.78,727,939,0.91,195,222,2.74,373,515,11.39,1838,1639,14.98,1960,1892,6.31,1164,1303,6.96,1129,1125,10.06,1308,1309,21.91,2703,2721,1.87,324,408,3.08,410,546,4.14,669,548,8.08,1075,921,3.24,531,592,142.88,42536,48934,3.25,884,1126,3.51,1013,1266,20.64,3653,4204,3.19,512,491,13.255,3952,5019,2.325,614,828,2.96,900,1004,6.35,1817,1984,4.965,1386,1163,32.225,9597,12983,4.12,1375,1722,1.825,568,737,13.185,3798,3531,6.31,1164,1303,8.51,2437,2434,21.91,2703,2721,2.475,734,954,6.11,1744,1469,3.24,531,592,"new mexico"
"NV",141.17,15801,14354,200.62,20157,19502,2.62,222,187,4.91,613,535,3.51,351,373,4.7,484,537,23.98,2773,2816,2.72,345,320,12.72,1399,1523,16.18,1648,1794,1.11,167,130,4.95,465,474,2.35,235,239,5.99,461,472,4.38,502,527,8.35,747,797,2.37,290,348,4.35,431,446,33.37,3931,2747,64.35,7226,6779,4.4,450,519,4.92,639,693,1.65,203,145,4.8,369,377,15.91,1519,1056,21.75,1839,1376,7.61,821,870,6.48,827,722,9.94,997,939,21.07,1790,1783,1.55,251,245,3.62,359,371,3.86,310,334,7.24,608,634,3.42,349,376,170.895,35958,33856,3.765,835,722,4.105,835,910,23.98,2773,2816,2.72,345,320,14.45,3047,3317,3.03,632,604,4.17,696,711,6.365,1249,1324,3.36,721,794,48.86,11157,9526,4.66,1089,1212,3.225,572,522,18.83,3358,2432,7.61,821,870,8.21,1824,1661,21.07,1790,1783,2.585,610,616,5.55,918,968,3.42,349,376,"nevada"
"NY",146.33,400827,367451,216.8,416985,405056,2.35,6887,5984,8.05,15200,12816,3.13,7379,8398,4.57,8904,9916,29.55,81428,68957,4.1,7800,8062,17.99,51885,44605,23.17,47592,39065,1.34,4298,3485,5.32,10371,9245,2.47,6120,6110,5.19,9643,9426,5.39,13857,13871,8.96,16483,16732,3.49,10715,9945,4.69,10078,9203,25.26,62520,60323,70.72,126852,134445,4.75,13618,13134,7.13,14971,13397,1.51,3888,3840,4.14,8660,7848,8.4,25686,28436,11.62,24310,27893,9.4,23905,21763,7.37,22439,19748,10.75,21875,19937,22.88,40643,42116,3.63,9881,7621,6.15,11584,8753,3.52,13589,10300,7.73,18523,14459,4.07,11493,10524,181.565,817812,772507,5.2,22087,18800,3.85,16283,18314,29.55,81428,68957,4.1,7800,8062,20.58,99477,83670,3.33,14669,12730,3.83,15763,15536,7.175,30340,30603,4.09,20793,19148,47.99,189372,194768,5.94,28589,26531,2.825,12548,11688,10.01,49996,56329,9.4,23905,21763,9.06,44314,39685,22.88,40643,42116,4.89,21465,16374,5.625,32112,24759,4.07,11493,10524,"new york"
"OH",136.64,224428,214882,210.87,252092,238907,1.98,3741,3409,6.91,8194,7350,3.37,4886,5056,4.99,6169,6096,26.6,43286,40592,4.32,5417,4738,16.92,28517,25560,21.15,25456,22789,1.01,1938,2021,5.1,6204,5503,2.54,3920,3570,5.06,5927,5606,5.36,8618,8182,9.15,10394,10008,3.76,6255,5713,4.37,5321,5414,22.35,37287,36127,72.13,86694,79746,4.92,7969,7691,7.07,8443,8047,1.06,2030,2231,3.42,4791,4622,9.68,16028,16515,13.78,15983,16528,8.37,13286,12731,6.13,10859,11396,9.31,11204,11681,21.99,24717,24169,2.82,4852,4336,4.8,5930,5047,2.7,5316,5863,6.24,8272,8388,4.34,6973,6044,173.755,476520,453789,4.445,11935,10759,4.18,11055,11152,26.6,43286,40592,4.32,5417,4738,19.035,53973,48349,3.055,8142,7524,3.8,9847,9176,7.255,19012,18190,4.065,11576,11127,47.24,123981,115873,5.995,16412,15738,2.24,6821,6853,11.73,32011,33043,8.37,13286,12731,7.72,22063,23077,21.99,24717,24169,3.81,10782,9383,4.47,13588,14251,4.34,6973,6044,"ohio"
"OK",121.84,58655,62123,204.79,72117,71145,1.52,856,1023,5.03,1827,2259,3.58,1517,1415,5.48,1877,1728,22.1,9975,11564,3.52,1414,1323,13.94,7110,7540,16.51,5989,6881,0.72,408,591,3.31,1264,1620,2.35,1059,1041,5.1,1769,1652,4.9,2381,2361,9.6,3121,2956,2.86,1436,1679,4.35,1456,1619,21.05,10670,10358,76.06,27185,23523,4.69,2230,2243,6.34,2335,2368,0.94,544,646,3.14,1135,1347,9.63,4632,4833,14.48,4869,4924,7.15,3323,3636,6.21,3169,3353,9.85,3342,3477,21.2,7526,7570,1.78,965,1275,2.77,1060,1510,2.97,1427,1729,5.69,1942,2502,3.62,1639,1765,163.315,130772,133268,3.275,2683,3282,4.53,3394,3143,22.1,9975,11564,3.52,1414,1323,15.225,13099,14421,2.015,1672,2211,3.725,2828,2693,7.25,5502,5317,3.605,2892,3298,48.555,37855,33881,5.515,4565,4611,2.04,1679,1993,12.055,9501,9757,7.15,3323,3636,8.03,6511,6830,21.2,7526,7570,2.275,2025,2785,4.33,3369,4231,3.62,1639,1765,"oklahoma"
"OR",130.85,55148,55670,192,64779,67918,1.61,848,894,6.32,2043,2139,3.78,1459,1296,5.83,1849,1657,24,9867,10409,2.88,1077,1193,13.33,5825,6647,16.99,5491,6556,1.22,557,525,4.47,1633,1551,2.22,893,929,4.84,1515,1575,5.31,2175,2121,9.41,2955,2823,2.69,1164,1482,3.54,1203,1552,27.19,10938,9458,63.82,21843,22458,4.41,2091,2018,6.93,2337,2284,1.4,599,569,2.8,1039,1269,8.36,3823,4309,11.92,4073,4713,8.38,3463,3260,7.15,3083,2978,10.03,3308,3305,22.89,7569,7270,2.13,1005,1114,3.45,1253,1414,2.86,1254,1514,5.9,2056,2364,3.67,1631,1558,161.425,119927,123588,3.965,2891,3033,4.805,3308,2953,24,9867,10409,2.88,1077,1193,15.16,11316,13203,2.845,2190,2076,3.53,2408,2504,7.36,5130,4944,3.115,2367,3034,45.505,32781,31916,5.67,4428,4302,2.1,1638,1838,10.14,7896,9022,8.38,3463,3260,8.59,6391,6283,22.89,7569,7270,2.79,2258,2528,4.38,3310,3878,3.67,1631,1558,"oregon"
"PA",135.08,285640,273096,205.83,314662,303493,1.96,4683,4367,6.99,10365,9465,3.31,5749,6266,4.62,6717,7416,26.96,54504,51115,3.52,5578,5843,16.67,37460,32734,21.79,33958,29142,0.99,2449,2601,5,7814,6993,2.23,4529,4552,4.78,6940,7087,5.15,10357,10184,8.77,12421,12407,3.73,7982,7311,4.55,6899,6901,19.32,42454,46240,62.7,99156,101733,4.96,10066,9821,6.93,10254,10065,0.93,2244,2859,3.28,5921,5850,12.38,27205,21066,17.13,26337,20978,8.23,16404,16201,6.12,14145,14670,9.45,14239,14903,22.38,31710,31306,2.94,6461,5536,5.23,7821,6432,3.18,8107,7479,7.4,12083,10665,4.21,8762,7778,170.455,600302,576589,4.475,15048,13832,3.965,12466,13682,26.96,54504,51115,3.52,5578,5843,19.23,71418,61876,2.995,10263,9594,3.505,11469,11639,6.96,22778,22591,4.14,14881,14212,41.01,141610,147973,5.945,20320,19886,2.105,8165,8709,14.755,53542,42044,8.23,16404,16201,7.785,28384,29573,22.38,31710,31306,4.085,14282,11968,5.29,20190,18144,4.21,8762,7778,"pennsylvania"
"RI",144.65,25502,23763,227.4,28075,25208,1.95,418,393,7.95,1032,793,3.97,594,536,6.17,689,615,30.92,4989,4397,2.93,464,501,18.89,3516,2900,24.87,3105,2429,1.55,272,228,5.84,741,576,2.31,403,397,5.33,641,584,4.42,805,898,7.48,919,1041,3.38,699,645,5.38,654,573,24.25,3875,3952,71.46,8952,8386,4.38,870,860,8.3,916,839,1.37,245,248,5.04,662,482,8.84,1751,1852,13.29,1668,1742,8.33,1392,1394,7,1293,1290,10.03,1270,1236,23.45,2708,2643,3.3,674,490,6.2,799,534,4.19,922,664,9.67,1263,888,3.86,742,679,186.025,53577,48971,4.95,1450,1186,5.07,1283,1151,30.92,4989,4397,2.93,464,501,21.88,6621,5329,3.695,1013,804,3.82,1044,981,5.95,1724,1939,4.38,1353,1218,47.855,12827,12338,6.34,1786,1699,3.205,907,730,11.065,3419,3594,8.33,1392,1394,8.515,2563,2526,23.45,2708,2643,4.75,1473,1024,6.93,2185,1552,3.86,742,679,"rhode island"
"SC",119.39,40867,45206,216.17,50381,49268,1.71,629,659,5.36,1227,1401,3.97,1277,1113,5.86,1587,1356,22.88,7755,8687,3.49,1101,1004,12.56,4349,5115,16.69,3947,4574,1.07,346,421,3.98,1000,1170,2.11,726,750,4.5,1188,1184,5,1586,1683,8.98,1919,2064,3.16,1044,1156,4.96,1044,1111,21.01,7217,8064,83.41,19525,16892,4.17,1499,1624,6.44,1531,1721,1.48,543,464,4.76,1081,959,7.96,2728,3403,12.66,2976,3442,6.9,2399,2718,6.33,2280,2344,10.33,2476,2390,23.45,4832,4554,1.91,669,848,2.93,701,983,2.51,877,1150,5.1,1277,1652,2.85,980,1240,167.78,91248,94474,3.535,1856,2060,4.915,2864,2469,22.88,7755,8687,3.49,1101,1004,14.625,8296,9689,2.525,1346,1591,3.305,1914,1934,6.99,3505,3747,4.06,2088,2267,52.21,26742,24956,5.305,3030,3345,3.12,1624,1423,10.31,5704,6845,6.9,2399,2718,8.33,4756,4734,23.45,4832,4554,2.42,1370,1831,3.805,2154,2802,2.85,980,1240,"south carolina"
"SD",119.99,14176,15616,177.7,17011,19359,1.03,192,273,5.4,574,646,3.91,366,342,4.92,432,439,24.29,2791,2844,2.44,232,324,15.28,1998,1962,17.96,1801,1907,0.69,101,146,3.58,362,435,2.86,332,261,4.94,464,441,4.74,600,608,8.9,830,806,3.08,378,433,3.48,309,442,14.85,1750,2517,50.35,4807,6256,5.26,604,566,6.97,643,634,0.6,93,158,2.17,219,355,10.05,976,1239,10.7,945,1333,7.17,872,897,6.35,828,857,10.45,944,948,23.22,2378,2212,2.75,286,332,4.06,392,421,4.08,426,450,7.25,690,695,3.46,438,449,148.845,31187,34975,3.215,766,919,4.415,798,781,24.29,2791,2844,2.44,232,324,16.62,3799,3869,2.135,463,581,3.9,796,702,6.82,1430,1414,3.28,687,875,32.6,6557,8773,6.115,1247,1200,1.385,312,513,10.375,1921,2572,7.17,872,897,8.4,1772,1805,23.22,2378,2212,3.405,678,753,5.665,1116,1145,3.46,438,449,"south dakota"
"TN",119.28,79100,86503,209.18,99126,96386,1.74,1311,1339,5,2417,2931,3.96,2336,2050,6.17,2973,2462,21.37,13962,16388,4.13,2342,1889,12.8,8990,10147,15.99,7878,9174,0.87,660,814,3.56,1788,2232,1.97,1319,1448,4.48,2194,2269,5.21,3318,3252,8.68,4027,4006,3.47,2133,2272,4.82,2164,2194,19.44,13303,14892,82.34,38999,32337,4.31,3005,3112,6.43,3214,3275,1.33,935,889,3.56,1731,1852,8.52,5594,6625,13.43,5960,6693,7.13,4693,5135,6.21,4406,4577,10.15,4871,4701,20.06,9164,9698,1.91,1333,1697,2.81,1452,2001,2.71,1833,2302,5.51,2601,3338,3.42,2127,2413,164.23,178226,182889,3.37,3728,4270,5.065,5309,4512,21.37,13962,16388,4.13,2342,1889,14.395,16868,19321,2.215,2448,3046,3.225,3513,3717,6.945,7345,7258,4.145,4297,4466,50.89,52302,47229,5.37,6219,6387,2.445,2666,2741,10.975,11554,13318,7.13,4693,5135,8.18,9277,9278,20.06,9164,9698,2.36,2785,3698,4.11,4434,5640,3.42,2127,2413,"tennessee"
"TX",117.08,222892,244003,194.5,270918,280186,1.28,2943,3721,4.48,6425,8384,3.42,5980,5989,4.94,7287,7501,20.23,38884,46575,3.27,5878,5456,12.07,23285,28247,15.2,21845,26456,0.97,1927,2254,3.61,5349,6487,2.13,3927,4055,4.48,6675,6632,5.4,9437,9392,9.01,12051,11965,3.8,6816,6339,5.51,7491,6346,20.45,41027,42021,67.49,95372,93699,4.12,8216,8777,5.96,9182,9711,1.06,2393,2496,3.35,5192,5364,10.08,17738,18568,15.57,20032,19497,6.73,12429,14468,6.23,12246,12743,9.95,13485,13566,20.59,26059,27721,1.42,3254,4722,2.62,3914,5737,3.42,6102,6416,6.26,8537,9608,3.03,5563,6712,155.79,493810,524189,2.88,9368,12105,4.18,13267,13490,20.23,38884,46575,3.27,5878,5456,13.635,45130,54703,2.29,7276,8741,3.305,10602,10687,7.205,21488,21357,4.655,14307,12685,43.97,136399,135720,5.04,17398,18488,2.205,7585,7860,12.825,37770,38065,6.73,12429,14468,8.09,25731,26309,20.59,26059,27721,2.02,7168,10459,4.84,14639,16024,3.03,5563,6712,"texas"
"UT",101.62,16891,21924,141.22,19336,26996,1.15,222,323,3.8,539,810,3.69,509,571,4.13,625,741,22.69,3547,4186,2.24,330,499,9.97,1821,2491,12.62,1823,2543,0.42,89,199,2.55,393,619,1.72,262,364,3.78,464,634,5.03,828,879,7.28,1113,1206,2.81,483,563,2.28,396,611,9.27,1588,3795,32.87,4270,8924,4.4,727,791,5.56,891,946,0.52,130,219,1.24,235,504,10.78,1586,1656,12.31,1614,1880,7.49,1205,1297,5.64,900,1131,8.58,1025,1297,24.78,3027,2725,1.14,277,415,1.68,309,546,2.86,471,566,5.75,757,919,2.61,604,595,121.42,36227,48920,2.475,761,1133,3.91,1134,1312,22.69,3547,4186,2.24,330,499,11.295,3644,5034,1.485,482,818,2.75,726,998,6.155,1941,2085,2.545,879,1174,21.07,5858,12719,4.98,1618,1737,0.88,365,723,11.545,3200,3536,7.49,1205,1297,7.11,1925,2428,24.78,3027,2725,1.41,586,961,4.305,1228,1485,2.61,604,595,"utah"
"VA",128.48,86149,88179,213.54,99350,97236,1.55,1258,1328,5.52,2575,2825,3.46,2108,2158,4.63,2514,2670,24.06,16280,16974,3.54,2068,2006,14.11,9598,10149,17.61,8507,9087,1.09,812,810,5.09,2436,2281,2.05,1364,1459,4.94,2207,2322,5.18,3260,3344,8.59,3944,4108,2.85,1880,2271,4.32,2039,2195,23.12,15891,15242,77.82,36087,32890,4.66,2969,3159,6.49,3240,3392,1.09,888,904,3.6,1943,1891,11.02,7419,6689,17.34,8095,6777,7.71,5007,5264,6.09,4240,4579,9.92,4666,4717,22.28,9131,9203,2.35,1592,1702,3.67,1708,1975,2.46,1801,2301,5.76,2671,3316,3.09,2098,2419,171.01,185499,185415,3.535,3833,4153,4.045,4622,4828,24.06,16280,16974,3.54,2068,2006,15.86,18105,19236,3.09,3248,3091,3.495,3571,3781,6.885,7204,7452,3.585,3919,4466,50.47,51978,48132,5.575,6209,6551,2.345,2831,2795,14.18,15514,13466,7.71,5007,5264,8.005,8906,9296,22.28,9131,9203,3.01,3300,3677,4.11,4472,5617,3.09,2098,2419,"virginia"
"VT",143.67,11423,10947,217.58,12774,12338,2.32,223,181,7.92,470,385,2.99,225,253,5.53,291,312,28.5,2213,2046,3.81,276,237,18.1,1453,1330,20.71,1137,1183,1.58,128,105,5.49,325,282,2.47,198,182,5.47,324,287,5.43,461,426,8.33,519,523,3.26,282,295,3.8,242,280,23.06,1698,1802,68.4,4102,4070,4.95,405,393,7.32,481,418,1.62,127,112,3.8,226,233,11.49,964,851,15.84,889,857,9.19,683,635,6.36,548,586,10.19,579,600,27.9,1552,1284,2.83,263,225,5.67,332,261,2.53,251,307,6.27,374,432,4.43,349,309,180.625,24197,23285,5.12,693,566,4.26,516,565,28.5,2213,2046,3.81,276,237,19.405,2590,2513,3.535,453,387,3.97,522,469,6.88,980,949,3.53,524,575,45.73,5800,5872,6.135,886,811,2.71,353,345,13.665,1853,1708,9.19,683,635,8.275,1127,1186,27.9,1552,1284,4.25,595,486,4.4,625,739,4.43,349,309,"vermont"
"WA",131.68,81976,81597,191.78,93727,98203,1.73,1262,1288,6,3006,3019,3.61,2104,1934,5.7,2851,2500,24.94,15269,15406,3.15,1569,1793,12.89,8680,9639,16.55,8217,9381,1.5,877,763,4.56,2262,2261,2.21,1336,1354,4.34,2134,2300,4.76,2972,3125,8.52,4048,4119,2.83,1943,2152,3.89,1916,2233,26.19,15775,13891,63.9,31387,32624,4.77,2994,2944,6.94,3334,3356,1.39,940,834,2.66,1568,1855,8.71,5470,6279,11.1,5454,6827,8.51,5267,4790,7.36,4666,4316,9.89,4739,4767,23.72,10795,10158,2.48,1595,1615,3.67,1869,2030,3.22,1986,2195,6.41,3217,3395,3.83,2335,2262,161.73,175703,179800,3.865,4268,4307,4.655,4955,4434,24.94,15269,15406,3.15,1569,1793,14.72,16897,19020,3.03,3139,3024,3.275,3470,3654,6.64,7020,7244,3.36,3859,4385,45.045,47162,46515,5.855,6328,6300,2.025,2508,2689,9.905,10924,13106,8.51,5267,4790,8.625,9405,9083,23.72,10795,10158,3.075,3464,3645,4.815,5203,5590,3.83,2335,2262,"washington"
"WI",129.65,100008,101639,191.98,114639,120560,1.72,1691,1687,6.59,3980,3871,4.09,2508,2324,5.63,3140,2918,26.18,19835,18850,2.71,1738,2166,15.08,12282,12387,19.53,11756,11703,1.11,911,965,4.82,2929,2722,2.64,1960,1695,5.35,3149,2781,5.45,4099,3922,9.37,5314,5052,4.14,3171,2755,4.41,2706,2750,17.72,13043,16792,52.74,31873,39555,4.69,3862,3684,7.03,4050,4014,1.15,949,1048,3.15,2196,2267,9.82,7944,7927,13.33,7906,8329,8.48,6429,5922,6.8,5401,5486,9.6,5715,5890,23.73,14086,13042,2.48,2159,2091,4.97,2959,2572,3.58,3054,2844,8.02,4674,4273,3.81,3006,2878,160.815,214647,222199,4.155,5671,5558,4.86,5648,5242,26.18,19835,18850,2.71,1738,2166,17.305,24038,24090,2.965,3840,3687,3.995,5109,4476,7.41,9413,8974,4.275,5877,5505,35.23,44916,56347,5.86,7912,7698,2.15,3145,3315,11.575,15850,16256,8.48,6429,5922,8.2,11116,11376,23.73,14086,13042,3.725,5118,4663,5.8,7728,7117,3.81,3006,2878,"wisconsin"
"WV",133.38,42397,42087,210.61,50820,48711,1.9,671,658,5.61,1385,1527,2.96,858,986,4.32,1015,1196,22.59,6902,7935,5.22,1417,912,14.14,4744,4985,17.34,4149,4689,0.89,347,398,4.23,1077,1118,2.39,721,701,4.45,1060,1133,5.13,1595,1574,8.49,1973,2017,3.98,1293,1113,4.86,1163,1108,24.86,8046,7173,77.15,19098,16222,4.12,1354,1509,6.27,1453,1615,1.13,353,436,2.82,746,934,13.54,4343,3229,18.67,4476,3363,6.87,2131,2506,5.74,1963,2241,8.89,2166,2388,20.55,4744,5061,2.46,836,839,4.44,1096,1034,3.1,1016,1138,6.91,1588,1725,3.77,1115,1194,171.995,93217,90798,3.755,2056,2185,3.64,1873,2182,22.59,6902,7935,5.22,1417,912,15.74,8893,9674,2.56,1424,1516,3.42,1781,1834,6.81,3568,3591,4.42,2456,2221,51.005,27144,23395,5.195,2807,3124,1.975,1099,1370,16.105,8819,6592,6.87,2131,2506,7.315,4129,4629,20.55,4744,5061,3.45,1932,1873,5.005,2604,2863,3.77,1115,1194,"west virginia"
"WY",120.54,6576,7363,178.86,8043,9394,1.31,91,111,5.97,256,280,3.49,162,182,4.92,236,252,23.29,1271,1418,2.78,140,170,13.35,743,845,15,664,889,1.1,59,69,3.45,182,218,2.07,124,119,4.1,205,222,5.58,274,286,7.98,359,403,2.52,144,187,4.49,185,213,20.1,1076,1264,52.71,2444,3126,4.66,243,264,5.97,263,323,0.8,52,78,1.86,102,182,11.27,624,558,15.25,670,653,7.45,390,438,5.83,335,379,9.57,411,454,25.19,1037,930,1.88,107,142,3.2,131,194,2.81,177,192,5.79,272,327,3,161,202,149.7,14619,16757,3.64,347,391,4.205,398,434,23.29,1271,1418,2.78,140,170,14.175,1407,1734,2.275,241,287,3.085,329,341,6.78,633,689,3.505,329,400,36.405,3520,4390,5.315,506,587,1.33,154,260,13.26,1294,1211,7.45,390,438,7.7,746,833,25.19,1037,930,2.54,238,336,4.3,449,519,3,161,202,"wyoming"
