Industry,Ratio(%),Term
Marketing and Advertising,11.3962264151,Business+Analytics
Financial Services,10.2641509434,Business+Analytics
Information Technology and Services,10.0377358491,Business+Analytics
Information Technology and Services,22.3230490018,Machine+Learning
Computer Software,17.7858439201,Machine+Learning
Financial Services,14.7005444646,Machine+Learning
Information Technology and Services,14.3076923077,Business+Intelligence
Computer Software,9.30769230769,Business+Intelligence
Financial Services,8.15384615385,Business+Intelligence
Information Technology and Services,15.9246575342,Data+Scientist
Financial Services,11.6438356164,Data+Scientist
Computer Software,11.0445205479,Data+Scientist
