,MSSubClass,MSZoning,LotFrontage,LotArea,LotShape,LandContour,LandSlope,Neighborhood,Condition1,BldgType,HouseStyle,OverallQual,OverallCond,YearBuilt,YearRemodAdd,RoofStyle,Exterior1st,Exterior2nd,MasVnrType,MasVnrArea,ExterQual,Foundation,BsmtQual,BsmtCond,BsmtExposure,BsmtFinType1,BsmtFinSF1,BsmtFinType2,BsmtUnfSF,TotalBsmtSF,HeatingQC,CentralAir,Electrical,X1stFlrSF,X2ndFlrSF,GrLivArea,BsmtFullBath,FullBath,HalfBath,BedroomAbvGr,KitchenAbvGr,KitchenQual,TotRmsAbvGrd,Functional,Fireplaces,FireplaceQu,GarageType,GarageYrBlt,GarageFinish,GarageCars,GarageArea,GarageQual,GarageCond,PavedDrive,WoodDeckSF,OpenPorchSF,ScreenPorch,Fence,SaleCondition,HouseAge,RemodAge,GarageAge,AccStreet,Basement,Fireplace,Garage,Fenc,NewHome,SaleCondNorm,TsIdx
1,10.11151648,9.852967064,6.681062944,16.96113302,4.769529496,2.754709349,2.813795787,10.3954838,1.879329862,9.577315934,7.149312704,16.44420188,10.42388886,12.05705605,11.16745353,4.600621077,3.852302885,6.073857898,3.364459521,8.004283401,10.23409779,6.802522369,8.478110112,5.468808175,5.06761871,6.341728797,14.30976246,3.747499655,8.228389566,16.10606353,6.152084715,5.91503953,2.646543973,15.88442558,14.50625875,21.20869687,5.401585665,11.27393343,7.8191048,10.77100804,5.018389389,10.49650089,11.78454783,4.066914109,11.85017614,11.51596738,8.868585936,10.41111032,8.648979226,12.66837962,13.85114496,5.573129881,5.776884852,3.483701055,5.956080569,9.115254631,3.764003709,2.48005832,0.41069284,11.90520436,11.08846203,7.940539748,2.297279561,4.758705235,12.02412406,4.66139697,1.592725372,2.48564774,1.180821218,1.834686875
2,10.54035323,8.816758488,7.614716375,16.65558857,5.155561567,2.991659953,2.449105443,9.594389705,2.454025551,8.94917014,7.874297273,14.86149703,9.997253126,12.72419768,10.75369592,5.429556499,5.16679191,4.140055278,5.091128938,8.51577381,11.22078951,7.075288998,8.165371548,5.058270769,3.540104268,7.180984023,14.9573104,2.997158836,7.503881336,16.44295419,6.249298707,6.167072228,1.997889299,15.95791984,15.95930076,21.69362393,5.179692725,12.40776909,9.098813523,10.3566273,4.603889745,10.6164391,12.39385262,2.732677011,11.96193609,12.46628351,9.238962398,11.52624667,8.08096944,12.5774478,14.5088538,6.010146729,4.56898574,3.44393636,6.1451991,7.781852173,3.623046106,1.884782966,2.320886498,12.6985461,8.787575642,9.119581429,2.482616457,3.488878505,11.14782281,5.884817375,2.222378841,2.179023076,1.497801562,0.841364754
3,9.806508167,7.986311137,6.548131404,15.33045147,3.101726272,1.816831536,2.113242181,10.65485958,2.408196874,9.414294826,8.144733325,16.64066565,8.069548099,10.13871503,11.05521702,3.774044927,3.300899075,5.238711228,3.549661278,9.741109037,11.03140996,7.15918708,8.918553655,5.646890576,3.972066611,6.357520585,14.83283106,3.979667801,7.089780201,16.06464748,6.186822625,5.643638389,1.504885086,17.45867833,15.36018717,20.30203475,5.448487874,12.08174649,7.426522921,9.66661631,4.668951097,10.55879278,12.30534355,2.246364619,7.65717403,13.03885551,10.72982097,10.90050389,7.656054402,13.18647,15.09935835,5.390421453,5.80596237,2.784207818,5.695120697,8.458080772,4.36868328,3.1237731,2.573228168,12.5882842,9.154423082,7.944357248,2.798443704,2.848083241,12.35330244,3.793415227,2.073386778,2.438770301,2.533783166,3.210727292
4,12.09217928,11.32012144,8.006897987,17.36830401,5.666097252,2.860133859,1.057979981,10.52771429,4.001022016,7.624555605,8.089312566,16.48891044,10.79921307,12.05832718,11.51133961,5.295352145,4.120590143,4.259684322,3.650160057,8.736986358,11.45571728,6.620383342,8.694944206,5.274271152,3.726161942,6.483117811,11.15511651,3.765658641,7.053714886,15.68660401,6.366122899,5.185921078,1.900853041,16.49364651,15.76296591,20.76652119,6.658908619,10.56044706,7.348350308,8.547072345,4.889026635,9.527069131,12.72139525,2.852649473,11.66292835,11.63256352,8.822451763,9.930023902,7.574320921,13.18749318,13.38376992,5.119573412,5.648689971,4.677538898,5.691876346,8.609831035,2.534851648,2.855107493,2.740689267,11.68959485,9.458916657,8.930661359,1.521443351,3.146200693,12.80255433,5.328163671,1.880324683,1.728465834,1.817620291,-0.844525733
5,11.04295242,10.15084507,8.706278979,17.36458178,4.190585883,3.854268231,0.865771792,10.58366718,2.133558893,7.521305192,9.45640973,17.03974212,9.280942512,12.06397662,11.20834735,3.473037785,4.520138928,4.391216185,4.266722329,8.26978647,11.37136833,7.466546573,9.344129557,4.334109998,4.658906461,6.308550147,14.28212245,2.916584607,6.903191176,16.68100784,5.772669457,3.749803443,2.187021234,14.45244181,13.77475121,21.10603861,7.338101814,11.84560469,7.376973254,9.231515967,3.299501894,10.10543016,11.50905986,3.58097997,11.3154281,11.51786939,9.042233213,11.08910573,8.428641781,11.8719558,13.47530526,6.293444027,4.913143405,3.274969015,6.04543505,7.204156274,2.801358754,1.521931375,1.719129372,13.80709059,10.4267664,8.060392207,2.424749749,1.886419335,11.12207309,3.75905873,2.520421127,2.849126488,2.879327895,0.63107229
6,11.1723987,10.63695906,6.925131475,16.66742966,3.787461293,2.931838703,0.006949406,10.23393129,3.454091475,7.737545799,6.924810681,16.55306861,9.174216737,11.55350099,11.77113023,4.504342458,4.031835049,5.16106286,4.241041551,8.575020398,11.83710271,6.446558352,9.030531639,6.69040483,6.533609159,7.538543681,14.65800809,2.43647703,7.84819687,14.88516387,7.545336326,4.981163928,1.972329079,16.6504576,16.23948018,23.11840948,6.027620891,12.30417188,7.699771588,9.32455681,4.667210776,9.89579934,11.655049,4.86802565,11.12041511,12.09637986,8.356506546,10.4757049,8.23539449,12.39239418,13.1750572,4.566374053,5.469293044,3.023856643,6.169710059,7.281733714,3.345424567,3.187287007,1.771786288,12.65996611,9.762980959,7.931789058,2.467556044,2.729089433,11.11474578,4.43417321,2.06622264,1.771764915,0.253308603,0.251502216
7,11.01373732,9.290807523,8.391765056,16.62595794,3.806410455,0.437791212,0.016414176,9.887868962,2.723279543,7.462790112,6.973290324,15.8163701,11.64892942,13.39226284,11.97352305,4.040527683,5.218798777,4.863477246,3.613352185,9.088098943,10.67822217,6.93222083,8.423918784,4.993456054,4.660239292,6.829914538,13.3235734,4.373218448,7.784987283,15.57335963,6.64560367,5.330914393,1.276395422,16.20979656,14.39931377,21.03100235,7.292239073,10.8892797,7.590373441,11.39296164,4.800071324,11.01035729,11.8599074,3.483122552,11.89245964,12.55500948,9.917349289,12.02919986,7.748662913,13.63748245,14.57856075,6.191086983,5.926930516,4.05861424,6.083268673,8.500145575,2.771763699,3.194273804,2.74598625,12.48443638,11.94682789,9.053221125,3.679515014,3.723503321,11.55347872,4.719296352,2.286157722,1.861529019,0.409375319,1.880307804
8,9.209102189,9.324718695,7.503274386,15.88059693,4.028392297,3.514619124,2.896002612,10.29561304,0.914484288,8.727051757,7.562227986,16.42332867,9.812943818,11.59895367,10.00656118,4.706347648,3.291063944,4.721406875,3.905599211,8.744980358,12.0927009,6.423210038,9.458265318,5.190487237,4.449739115,7.330115125,14.52481997,3.192616476,7.550651071,17.11552451,6.207512903,5.60682489,1.446002491,15.64720424,15.8741534,21.06254493,5.600120676,11.44012369,7.383181971,10.35588553,4.972398501,9.808993696,12.83570169,2.34435104,11.32713131,11.45021796,9.754590141,11.9284061,7.479096424,13.44491446,14.65804164,5.670517957,5.919001114,3.162562218,4.943375993,7.303575181,2.682920303,2.950890907,1.567797533,12.86850526,9.823828077,7.43013715,2.28673752,3.525098443,11.1631314,3.969781967,3.089658338,2.131456263,1.016277362,0.366133395
9,11.34003469,9.012813893,6.459946421,17.40807107,5.56210553,1.885273993,1.213386542,10.4739006,2.99595546,6.62258876,8.810330612,15.87057772,10.64828538,11.90949112,11.35975582,4.284111094,4.263230436,4.355738786,3.202808893,7.466769697,11.13999505,7.194341447,8.812934011,4.600427461,4.684526219,7.11335924,14.14748809,4.392371661,7.907451309,17.1892092,6.420359818,6.781618753,2.168165166,15.38623032,16.18434946,21.68261896,4.912315658,12.09513456,9.101333376,8.756438092,3.847739513,10.06148604,12.16974336,3.632698635,12.01767261,11.77763371,8.765400261,11.36948885,9.230421441,12.55098238,12.55836273,5.294546689,6.175087079,2.241099933,6.907511881,7.127681277,3.375523494,2.994972869,1.98209716,12.14583457,10.74338922,9.117085949,1.393319233,4.635244062,12.14424087,4.444541673,1.2280205,2.515875696,2.072329618,2.925734699
10,13.0718433,8.478967059,7.10481636,15.33242507,3.98631082,3.327818778,0.057118612,11.09429919,3.270763391,8.122741359,9.484743994,16.39519547,8.918966231,12.34582474,9.455253964,3.974117947,4.628484501,3.850656191,3.292211467,9.394040202,11.70898729,7.538785079,8.021456063,4.878513813,5.352988699,6.157854901,13.48984934,4.260443466,6.30800395,17.27510155,5.855517652,5.632375374,2.192588758,16.97955549,15.98313327,20.67134921,6.843940453,11.70394352,8.925725022,11.62747196,5.230819827,9.939957157,12.08163105,3.880522248,8.556677848,10.85451685,10.68899226,11.87784071,8.103149028,12.00242737,14.51509148,5.257939076,5.784367154,2.35342081,7.376942234,7.297038115,4.539778018,3.525678664,1.930179405,12.77106908,10.28105096,8.161750067,-0.612006339,2.292120818,12.45422046,4.262952432,1.373432512,2.737372161,2.896327628,1.259117141
11,12.09781229,8.721102005,6.618110207,17.09970027,5.455610383,2.71936487,1.080951315,10.48153408,2.17043029,8.714115394,7.762783818,16.94182672,10.69577045,12.39693092,10.96924285,4.361054004,3.547437364,4.484739667,4.430706005,8.641774485,11.37990086,6.627044366,8.659682326,4.461596754,5.299479991,6.758399951,15.62468465,4.944063914,7.142975411,15.48252704,5.701344996,5.404400509,0.025640893,16.29910044,14.7187412,21.86322947,6.449583798,12.38172541,8.559207766,9.318474569,4.145331771,9.726687156,11.22620242,2.516613627,11.90122601,12.03991381,9.635521191,10.63562755,8.814683193,13.44837693,13.74819358,6.809779023,5.844648099,4.942386227,6.434989056,7.980194557,4.671136589,2.645759758,2.385128695,12.46638539,10.53402634,9.067362513,2.761428493,3.527835617,11.32363962,3.698529428,1.019004376,0.330061248,0.547768684,2.049344883
12,10.13610825,11.00174531,7.355194844,16.06467825,3.402213499,3.969705649,1.256670497,11.69262398,3.497557551,5.525039375,7.711523951,16.74387605,9.802168115,11.69922456,10.4556861,4.230660949,5.507384907,4.985857252,4.334442019,7.692072945,10.95919126,7.300311212,8.555076135,7.011305128,3.584522016,7.113655877,14.13311472,3.480324856,8.00329621,17.59304689,5.391448503,6.26060165,2.311121215,16.03756694,14.72068141,21.78671408,6.245700197,11.05222758,8.828837579,10.43275366,3.35611808,10.53548202,11.50280716,3.268449007,12.02304885,12.7529923,8.762837612,11.06802304,7.434477334,12.95116358,13.82010057,5.985945525,4.024091917,3.406685845,6.229463141,7.08227298,2.633701685,1.790002905,1.94773668,12.66290396,8.886375455,8.170240481,2.300538642,2.678599493,10.02720843,4.87832901,3.222997747,1.727071145,3.592852611,1.632449456
13,12.67057441,8.38615901,6.078417036,15.83272454,5.661525207,2.81429224,1.751138467,12.58479677,2.122103427,9.206164203,9.166244072,17.30118557,10.1868112,11.83145696,11.67260959,3.348339055,4.615929624,5.125025246,3.435795268,8.653304289,11.12125093,6.605238923,7.834933135,5.700352508,2.956831942,6.879907493,14.83572019,3.074350743,7.383902841,17.57888443,7.473094017,5.338813442,3.830502503,16.8887574,14.72576231,21.5728485,5.016369903,10.85593491,9.083130633,9.892143609,2.969139128,11.59665611,12.36114285,3.067026684,12.1135693,11.57974788,9.784817773,11.10553158,7.665000033,12.79823752,14.34685075,6.093075854,5.939251731,3.3649772,5.964624452,7.885422556,4.037337171,1.464126543,2.801151261,13.38929551,10.18931095,9.004705558,2.925451432,4.808045221,12.22370322,4.317181219,1.261324913,2.640043323,1.844787307,3.778775101
14,12.11349245,10.35199796,6.891194473,14.8240119,4.98920201,1.472971097,-0.272797214,11.51156026,3.291132588,8.640774722,6.523671144,16.16666829,9.752849977,11.71948463,10.53020254,3.74101133,5.323178444,5.507140589,4.287246222,8.073005894,12.15710698,7.08709681,8.560515795,7.267003172,5.946634909,6.20042276,15.00071486,3.856147551,6.230151259,16.02669596,7.07893315,7.134311641,3.005449849,16.73255978,16.41782275,20.51550023,4.583103626,11.53491394,10.03687897,9.305769709,4.31856567,10.46501115,12.19294535,3.999461029,11.49952408,12.11949274,9.54392449,11.41078649,7.820375276,12.62069349,14.16837138,5.933539298,4.830346693,2.644235798,5.632545961,7.583702095,4.614288504,1.904817368,2.737751982,12.2236074,9.720979258,8.561935004,1.897378107,4.409342449,11.34363852,3.638128441,2.21097912,2.085608105,1.749948436,1.807516758
15,12.33815446,10.84015448,6.786375994,16.08757495,4.835297872,3.053079154,-0.104807191,12.14831184,3.577464017,9.13640259,7.264768977,17.22561511,10.72156005,12.97003479,10.51632658,3.056320627,4.197123628,4.082886004,4.048346388,8.142942386,11.48212656,6.534729816,8.565421022,5.359667999,5.724128252,6.224763078,14.79224179,3.511313766,7.832201855,16.84900692,7.016342274,6.823509916,2.373936936,15.68827521,16.5340932,22.1403272,6.429020001,11.81776209,8.035064594,9.967260885,3.815785761,10.24194632,11.75708112,2.538888339,11.88917545,11.71233368,8.581256801,11.35750324,8.187852937,13.64759431,13.55557331,5.945535032,5.986454399,4.243677559,6.90119493,6.864194908,3.070341271,2.426919809,2.311090121,12.10821172,9.766569241,7.684546906,0.391905775,5.946045266,11.75718409,3.974860001,2.255618466,2.324471432,1.487223535,-0.355770166
16,12.38637532,8.599905992,7.131676604,16.45535237,4.433315973,2.284654468,-0.015972793,10.98999242,1.792170964,10.0655311,8.536380164,16.23302295,10.75445718,12.33455578,10.16223341,3.833475008,4.734562888,4.969056476,3.37683566,8.437156466,12.1185688,6.893967528,8.698158691,5.657145155,5.153624044,6.324245223,13.79536531,6.009702569,6.562727466,16.24532944,6.632388158,5.811829607,2.256953444,15.11941322,16.45915383,20.44608635,5.129322869,12.41696024,7.653762897,9.536244585,3.107855055,10.63747569,12.48895919,2.658102645,12.0513111,11.70835611,9.021544846,9.210913937,7.716719564,12.27766548,14.0231302,6.584972597,4.448660225,3.74585204,5.690906326,8.448658958,3.1300036,1.906872661,1.817614714,12.0274413,10.77207296,10.24107753,1.628348154,4.671044913,11.9593543,3.985940983,0.818825141,1.8784043,2.03835358,2.322715552
17,12.0432688,10.11220792,5.418664635,16.14646194,5.529419996,2.703904104,2.010506165,12.06547664,3.258173623,9.0479744,7.280798666,17.4795743,10.42725999,12.15832083,9.941318409,4.748483525,5.853011545,4.324469536,3.569582888,8.842226634,11.53618193,5.807403344,8.133573757,5.670062949,6.796555975,7.279386976,13.55064575,3.288588427,4.710521831,17.13350218,5.935026034,7.192382149,2.504645195,16.10251201,16.1190717,22.23471211,6.526552794,11.74016629,9.711978217,9.537432623,3.517394685,10.91097402,11.24293486,3.075214099,10.9821068,12.2472425,9.177007442,10.22929832,7.844118115,12.10194695,14.61655185,5.370016596,5.263863536,4.514239239,6.089292148,8.801782271,4.215748513,2.412369172,2.207027086,13.77149912,9.188836115,8.456196295,1.744916385,3.938365897,11.43721023,4.410721983,1.867919671,2.476348636,2.263195273,1.459426353
18,9.534276411,10.50765574,6.644653138,15.69806322,2.635526457,3.265637223,0.586822313,12.36246802,4.313162671,7.784502532,7.234728281,16.42412832,9.270171145,11.44997955,10.82140407,4.686546373,5.214767052,6.360931504,3.212435235,7.956892958,12.33702871,5.716340296,9.152042718,5.080753046,3.959268265,7.236407385,12.37458709,2.240849441,6.738254656,14.82158271,6.242726858,5.722398763,2.51977049,15.66635913,15.31363556,22.07138083,7.481315889,12.51220111,8.050652721,10.37102589,4.414144635,11.43786441,12.96645742,3.170347011,11.17236462,11.87751584,8.878313288,11.15093561,8.242128538,11.53760866,13.79910778,5.976723781,5.323507513,3.248573525,6.831341299,6.908538212,2.147597765,2.711140696,2.029298737,12.68077671,8.266706389,10.04365723,1.605533011,4.683578824,11.87527642,4.533212531,2.595129116,2.294967396,1.179108797,0.700003407
19,11.73401375,11.18206652,5.703444496,17.65075134,5.795729889,2.282368005,3.444199448,10.97518451,2.399521664,9.084121804,7.812263175,17.05932523,11.59019415,13.09079587,11.3044034,3.755962987,3.109296419,5.392402953,4.454320894,6.365236537,12.21940708,6.719182777,9.260134813,5.389062454,6.777880611,6.001058019,15.93158911,3.849928927,7.672380973,17.15496489,6.219818643,5.921140178,2.592230079,17.10497989,17.61126099,21.07590022,6.439875122,12.24687252,8.567567019,10.4413803,4.657660113,11.20519801,12.79411265,2.297480692,11.05476142,13.07336146,9.165302754,11.95836517,8.754591239,12.94531672,13.55659471,5.786021615,6.340834178,4.967637589,5.851410006,7.762033056,2.729894934,2.414138913,1.990728769,13.03250266,8.888332738,8.662708301,1.684791967,3.44227143,11.44924119,3.6783815,4.105355685,1.389793684,1.532408198,-0.736032405
20,12.54686291,10.43261286,6.546605581,13.40041769,6.179201383,3.678726796,1.159511166,11.36186066,3.320342876,10.01095768,8.000877462,17.10686723,11.24538942,12.70673911,11.52099029,4.189672487,5.978655597,2.833003867,3.413525582,6.621874301,11.96801796,5.48858398,7.941356469,4.842509519,4.353824207,8.623531238,15.60472926,4.342814324,8.483413317,16.83257233,6.618208101,6.489166182,1.582472418,16.41757094,16.43536015,22.80292455,7.097770269,11.57930089,9.209215761,9.628474698,4.36589088,8.722356913,12.6246408,4.830451696,12.77635201,12.50138111,9.013979077,10.46482619,8.547964618,12.83399195,14.78250222,5.10517796,5.953538496,2.377496956,6.19654086,7.843693045,3.083895951,1.841717554,2.592120015,12.19707042,10.5566126,9.192250906,1.867473223,3.700205426,11.901156,4.824283644,1.63827868,1.603562108,0.530076628,2.082821532
21,10.67194366,10.00783441,6.182247822,15.31395023,4.618070629,4.755201537,2.391402558,11.30309139,3.811730045,9.584258667,7.446876929,16.78623026,10.15683923,12.66628987,10.28213066,4.40303972,4.925698697,4.680781433,3.284735428,9.172405835,11.38246504,6.95014784,9.159027955,5.389660213,4.880324547,6.405952219,14.8847399,4.5197963,6.861010259,19.56812907,5.003920746,5.047553182,0.263020558,17.73269286,17.91123706,22.42049691,5.721085825,11.70711528,7.079387218,11.62437706,3.707588608,11.01992706,13.09205266,3.063877407,12.33280357,12.92619466,8.962198685,10.99216373,7.071980547,11.75801772,14.31193821,6.71608543,5.206766343,3.665861686,6.690885135,8.793862496,1.828825787,3.50430082,1.321277481,12.75882477,11.36555165,8.686752166,0.671164503,3.430176752,11.15743743,5.40590489,0.560647546,1.353512346,2.139716886,0.697890908
22,10.91548706,11.93869101,7.577065264,15.05864827,5.923889161,2.420808374,0.3729487,10.13004673,2.488209851,6.066837395,6.413366342,17.07403336,10.57041483,13.1182782,11.23587904,4.73512931,4.175769248,4.005711523,3.07311058,9.634816151,12.45558577,6.549938006,7.879366378,5.114380969,4.400578049,6.234788302,14.64694356,3.596729861,7.771312668,16.32810782,5.30271609,5.302438156,2.491756204,15.98782018,14.86875931,21.59931753,7.785398234,12.00521139,8.226503917,9.789024646,5.281007638,10.22415959,12.29034266,3.412231482,11.99372277,12.05026585,9.921614444,10.72342105,8.507909914,13.14648713,13.82676572,5.427399655,5.375035276,3.007010697,7.123332443,9.530171544,3.968244152,1.626979376,-0.21172167,13.62325849,11.16173601,8.253317531,1.784240317,4.595905036,11.91970783,4.062591135,1.860950942,2.061296066,2.458133771,2.396535933
23,13.57028115,9.598584671,6.710754095,16.3150419,4.193700671,3.679642237,0.663118245,10.88893344,2.925924564,8.763669886,8.098557458,16.3690608,12.03687439,14.03902114,11.5717499,4.995884465,3.481584168,4.490237562,4.182677873,7.361996086,11.78610815,6.159610703,8.746333694,5.555538473,4.928358498,7.833499494,15.83375437,2.65350612,8.129093162,16.53041593,5.894098482,6.392237858,2.301311093,15.83271861,15.268819,21.43427062,6.345280951,11.77780333,9.012573633,10.4196024,4.536003732,10.51216444,12.7759611,3.007420032,12.64335501,12.32587174,9.851950838,11.39305471,8.557760194,12.50004311,14.76048481,6.308067307,5.75648486,3.016278475,6.733076838,8.554402064,4.190870764,2.956258686,0.448398413,12.66034132,9.381271132,9.715688748,1.526364833,3.171686127,11.65502909,4.508727435,1.538985849,1.690846275,3.514314161,2.283472283
24,13.50666989,10.44306555,6.166378886,15.78031816,4.2796758,2.683126195,3.21488442,11.29124251,2.652226606,8.608396755,8.380499976,16.6010187,10.63999746,12.20553764,12.57106118,3.523616987,6.519264356,5.52853068,3.995149056,7.313724278,12.10659457,6.211711894,8.786920464,3.481751246,5.211757918,8.095126862,14.16817265,4.891793785,7.563378578,17.25621586,5.656889365,6.425445381,2.224457579,16.13206479,17.19820626,22.78984875,6.929003863,11.3097231,8.442558206,9.677556519,3.846139078,9.947319759,11.89460335,1.514177368,12.11346766,11.96434617,11.42595991,10.53337513,7.113671469,13.23516879,15.23102634,6.396377686,5.596107251,3.603766628,5.59768076,8.165853572,2.219692501,3.090986752,0.14464936,12.93922422,10.86730555,9.120804726,1.619498563,4.391015202,11.31332618,3.44983147,1.923068577,2.453160902,3.463312607,3.790130435
25,10.54028328,10.02724515,6.941597937,17.77372118,4.735366256,3.648057594,2.949481418,11.3843154,2.525592148,9.658247009,8.176272955,17.30944411,12.52245575,12.72744956,11.35967743,3.424165187,4.380820887,3.811982122,3.920714957,8.767279516,11.23286196,6.659722115,8.474710203,2.981270025,5.383329644,8.057779235,13.73724434,2.022332673,6.274990307,16.90819045,5.5102024,6.900887579,1.260130581,18.75749345,17.17511093,23.64813505,5.599104578,10.77195579,9.104869541,11.49999404,5.574976654,10.33276167,12.14456213,3.077703074,12.79386551,11.1025913,9.561538347,10.58767259,8.208642871,11.05146282,14.57901016,5.406533631,5.460747401,4.112637227,6.853846082,7.715361517,2.936908772,2.767029021,1.003674125,12.31380478,12.3146861,9.064668849,2.321586867,3.930286759,11.44442974,2.766991163,2.869410108,1.346983488,1.483442464,0.024521633
26,11.0171837,9.501821525,6.468665717,17.09246076,3.54316952,2.431673371,3.145730347,12.31324052,3.733721568,9.381473627,7.39178302,17.35661233,12.66476383,12.65654737,11.84529938,3.856640564,4.281393129,4.579943925,3.884294581,8.267659446,12.33353801,6.455471164,9.248370496,4.694921322,4.185990389,7.183699013,13.95420663,3.407493121,8.640487307,17.31214067,6.375448087,6.306606995,2.100518545,17.56605196,16.01989308,21.28898714,6.32150941,12.08842634,9.051192737,9.961592865,5.047565143,9.762633914,11.36877591,4.226732628,11.34556134,11.30893311,10.4424003,11.20096801,8.704636694,13.50299574,16.01587623,6.363209563,5.170318432,4.778830477,5.887219635,7.336184781,3.491951207,3.397001869,2.043759429,12.85843088,10.29959441,8.301265946,1.143156334,3.701689037,11.30493592,3.435651212,1.471169689,1.585483977,3.656625335,1.785116386
27,11.71163892,10.71963202,6.843560268,16.44425045,3.746017909,3.493936515,1.499392042,11.187872,2.03654582,8.121798436,8.349014701,17.33252019,12.69668581,12.86963334,11.50972596,4.011118534,4.98974914,4.965556513,4.477710794,8.974450918,11.19601938,5.925515365,8.095551991,4.886594472,4.091864121,6.836438095,14.6529123,3.099185042,8.142955219,18.13334098,6.288365784,6.036400148,1.929412134,16.62879045,16.14344881,22.26050715,7.053965715,10.98267419,7.917345129,9.579493974,4.370788764,10.47906888,12.85470138,3.324106062,12.42639435,12.79985245,9.443822185,10.78591544,8.44102086,12.21430835,13.84377362,6.46842761,5.27835888,4.349474376,7.156207798,7.7606642,1.908077506,3.962617976,3.022157062,12.49196583,11.21887508,9.39212357,3.639648123,3.358426011,11.24556673,2.766546545,2.583748348,1.48927868,1.523724394,1.062833161
28,11.92797337,10.4877413,7.277961698,17.66149802,5.687070468,2.170434027,3.168845427,11.12766435,2.053041861,9.803591584,8.527492185,17.10969967,12.10898846,12.7125402,11.96746353,4.372574484,4.740599294,4.947190409,4.711180435,7.602541096,11.70496204,7.512454964,6.979772295,6.332742645,5.16550461,7.5970219,14.7191314,4.31463097,6.103501981,16.14388689,5.490140935,6.831777795,1.486850791,15.05282124,15.90764222,23.26955447,6.618511914,11.75393692,8.524132957,11.80430029,3.918936834,10.1728118,12.68669728,1.551185473,11.83869106,12.28865987,8.574631318,11.50146125,7.214917839,13.1906279,13.00344624,6.142084242,5.285137911,4.437002364,7.086998309,8.446063784,3.682415651,2.452958251,0.95492403,13.10335779,9.33400758,9.972956148,1.068469962,2.731717603,12.1515304,4.889561632,2.648904179,0.936946628,1.142879836,1.221169171
29,10.83559458,11.02134723,6.495305538,18.17139078,5.011817315,4.001515607,1.463526814,11.96097957,1.793045612,9.165022968,8.703177095,17.23610117,9.926511915,12.16770601,9.829589227,4.167341286,4.908827643,4.128384644,3.843824307,7.988524994,11.74343829,6.471418512,7.641380605,5.126653748,4.716183058,8.146687734,15.06637603,4.078520906,9.130641937,17.50081948,5.954071773,6.034286663,2.36273621,16.08574369,16.45949319,22.37075182,6.661579804,12.63243037,8.637791743,9.367712154,3.528032812,9.438330251,12.67202695,2.389032033,12.40116372,12.32921179,8.922234663,10.28320728,8.247961327,13.00458181,14.36406419,5.998403064,5.056807123,3.821427514,5.885339887,7.500040733,2.913067108,3.426401728,0.805826868,12.15716523,10.3088292,9.672823268,1.791202843,3.770952928,11.57376145,2.681887921,2.490704802,1.790491607,2.391195317,0.234641361
30,13.76901961,8.972976277,8.977013301,14.93647856,3.911430895,2.654811455,0.542627693,12.43560446,3.12402798,8.73480557,7.604776034,16.59721842,9.992210714,11.75823075,10.16650757,4.571994872,4.198523918,3.325555417,3.948652712,7.642590744,10.93437995,6.561940029,9.376199636,6.394949808,4.280464165,5.336902171,12.73368853,4.839908094,7.974213943,16.81257954,6.191557044,4.934096435,1.65470128,17.50409304,14.6914184,22.55710994,6.670164399,12.05390824,8.327005441,10.36662208,5.609911657,10.05612012,11.80648081,2.684366832,12.85230161,12.66579191,9.482797405,10.52644115,8.018240892,13.10260198,15.98029139,5.303769054,4.995704927,3.30056822,6.940843488,8.553633153,3.762558388,2.952257389,2.279358842,13.69487834,11.50088546,8.359479224,2.674745553,3.413631299,8.225618693,3.895847586,2.984337315,2.059984324,3.860684922,0.365797472
31,12.16881129,11.09563937,6.932144873,16.82027176,4.008550658,2.741310615,2.58094902,12.80099851,1.438670136,9.108409052,6.253826384,17.36502412,10.20834281,12.47678008,11.21357316,4.513558074,4.751668953,4.059544948,5.255336094,9.121328995,11.66403587,6.104339158,8.007952382,5.522829994,6.19734118,6.868291979,14.2280092,3.975865072,8.513318506,17.15992646,4.009963607,5.12717915,1.518019554,17.86398422,15.27406449,22.86299157,6.685753617,11.51869023,9.102979629,10.94451427,4.671561627,11.66222337,11.59964403,3.107982939,11.86343222,12.28187076,10.01234855,10.56847073,9.333558906,12.84414261,13.74590849,6.690996464,5.546745229,3.236504458,4.004181341,8.200433721,3.06849838,2.841362557,1.873772759,12.79776025,11.16279869,8.938044214,1.53698328,3.393850726,10.59001152,3.941326059,1.312146146,0.479819689,3.0366406,2.796523683
32,12.60388504,10.00221064,7.023450208,17.26387306,3.67370107,3.195541426,2.532660149,11.0278034,1.991963899,9.042419376,7.538635514,17.93195911,11.69928728,13.06695462,12.10102037,3.204255554,5.29307733,2.98977114,5.507959309,9.243247947,12.91548981,6.877520094,8.781762882,5.639389375,5.907822078,7.020406982,13.73842077,5.015413173,8.574315495,17.96530895,6.221991486,6.688924196,1.521957085,16.56088724,17.22961461,22.13311118,5.898326294,12.34392675,8.118871581,10.81753799,5.307946988,10.92096724,12.65280472,2.051977468,11.19816119,12.33602549,10.78703556,10.4006132,8.637300582,12.43059605,14.55009615,4.751774831,5.687018181,4.22887438,5.921752093,8.036112429,3.411806714,2.095573921,1.240388091,12.40194043,10.35733813,7.97229242,0.385444649,2.980531314,12.1682861,3.364368287,3.372498157,1.963644378,3.916219552,1.817004226
33,12.62218675,9.618558674,7.245619112,15.85445049,2.966173125,2.821444594,2.836704443,10.91938323,1.702386721,8.370678301,9.000889273,17.2578969,10.96924087,12.64745864,11.03227217,5.749104591,5.031410474,6.814617881,3.360901118,9.320932055,11.34359059,6.431263355,9.721337114,5.996792125,5.472067719,8.269455335,15.36433342,3.519195827,8.339405767,16.05814331,6.775533376,5.182936661,1.572440976,17.46216098,14.51346352,21.20196607,6.697009176,12.74944357,9.627010906,11.96200427,5.575812991,11.07960994,12.13660877,2.778509096,11.49842822,12.59291926,7.55036337,11.36464173,7.615925129,11.3685753,14.80030928,6.110419396,5.357044671,3.37652917,6.631250989,8.804960512,2.694131077,1.483081601,1.395710315,12.7072411,10.19530389,9.461511613,1.966157876,2.208897928,12.33553058,4.78111785,2.357255673,2.554030981,2.373777105,-0.29260075
34,12.36205665,9.054237488,7.100532316,16.06632604,4.356296293,3.795749117,2.595381104,10.5645209,1.395579603,9.249836533,7.512696397,17.92857963,10.83134008,12.93883222,12.23676817,4.777852733,4.730014263,4.918602496,4.395759149,8.589762805,12.54874742,5.863873487,8.066838653,6.294495665,3.42932078,6.454266408,13.54105981,3.244224917,7.341170247,19.2611607,6.688319659,6.340035918,1.580908593,16.29799715,17.3765994,22.70987529,7.924213205,12.43730812,8.655481541,10.02685562,4.513619202,10.36676625,10.87277886,4.477411087,12.72283044,12.14530899,9.496965671,10.80929459,7.855602385,12.80327952,13.74172358,4.76490772,5.491041817,2.849762706,6.590979064,9.247436275,3.894126194,2.261500965,2.217436372,13.29497545,10.94546916,8.729302144,3.281835176,4.129494447,10.50360641,3.52850815,2.925886439,1.558069736,2.677880411,1.817561418
35,11.2906686,12.79305861,7.561174227,15.34017879,6.149415799,4.735876127,2.449345422,11.80601212,2.031410205,8.107736863,8.772995832,18.22930053,12.10444785,12.79884493,10.8530537,2.822834475,5.118478569,5.673599385,4.78391197,8.508338765,11.00093405,6.856644,8.297169212,4.896063152,3.613493199,6.933206041,14.67833096,1.866624998,7.767146098,18.00746042,5.730457408,7.191545353,2.980224421,15.9399702,15.11973164,22.16344409,7.852763517,11.5329223,9.133756306,9.767435304,5.055169327,11.09511385,11.76897024,3.09270745,6.807034875,9.807962026,11.52704313,10.86633404,9.359906034,12.89474643,14.06511261,6.048419082,5.716634451,3.844710469,5.930601928,8.008795283,3.539710682,3.234728647,2.9164741,13.72181948,11.08715123,7.842688969,2.450666711,4.196662003,11.62954834,3.949938309,1.453722729,2.812142754,2.139169902,3.320565593
36,12.81077219,10.35466875,8.165581446,16.01981945,4.398312819,2.846402749,2.591694369,12.01614117,4.162487202,9.2218027,8.037913798,15.62319475,12.62748038,13.23580376,10.45099475,4.547751307,4.854781796,5.023864318,3.344918123,9.222775565,12.08965931,6.811135112,8.887112567,5.247616192,5.42355194,6.498024479,15.01439871,2.87401188,9.811060191,17.62384278,6.20847311,7.179048091,1.215377482,17.88158222,15.10337211,23.79120335,7.789678741,11.99820302,9.115605232,9.784427391,5.830403116,10.72669464,13.75709043,3.398033036,12.18295962,12.22183678,10.94410151,10.74224278,8.567228594,12.02746377,13.36462625,6.151319995,5.994006234,4.854902519,5.539648569,8.187313788,2.983413382,3.237054501,2.623576517,13.23145394,11.1280161,8.4746736,3.063687011,4.724388002,12.30586378,4.426977063,2.910796318,0.472667811,0.644124233,2.25610469
37,10.40006705,13.47611599,7.190944525,17.23525385,4.47562056,4.077771654,1.724630431,11.34607721,1.839504147,9.673845452,9.214428397,17.82939346,10.24571,13.05527657,11.11481208,3.811809354,6.230226328,6.300090458,4.133885769,8.991632847,11.43404644,6.301649063,9.34426465,5.220752891,5.333653245,7.151863497,13.79567625,3.956124316,7.485911817,17.40448772,6.067022876,5.610549511,1.406416527,17.14112575,16.04878152,23.08229831,7.821699977,11.76010451,9.02752044,10.16517072,5.261716001,11.15302369,12.68573642,5.253088838,10.71240483,13.28259072,9.765853232,9.667778885,7.895226686,13.04543246,14.21693875,5.612649382,5.109463582,4.61147924,5.47639584,8.452556594,2.215567325,2.944972299,1.614185515,13.23851507,11.07270317,8.268074197,3.195720843,4.369828668,12.52380553,4.618751023,3.043815299,1.828768351,3.187059458,1.275773074
38,12.50412551,10.04550183,7.795598093,17.47381663,5.159749521,3.65028104,3.690625395,11.29840668,4.501215369,8.036004747,6.745234684,16.57243552,10.47535021,12.96627389,10.87370144,4.355322621,4.456607383,4.309109138,4.739834861,6.93933785,11.86293066,6.430474887,8.421106699,5.270856852,5.607661839,5.955309251,14.91132693,5.560545539,6.773966606,16.82980461,6.240593139,6.700808189,1.807763529,15.32251158,16.33102717,22.32525469,6.702575066,11.87342836,9.134383532,10.15663291,3.731165587,10.21769902,13.68054684,3.650519642,11.73067287,11.65275869,9.500100727,11.55144156,9.056906668,12.7620623,14.79607553,4.789569188,5.654728045,4.680978139,6.403399652,7.759321197,2.653800016,3.674335997,1.801852113,14.0605683,10.71764948,8.989370686,3.465455014,3.866017711,12.12158705,4.764915108,0.518558921,2.119246062,2.24782446,3.312268651
39,13.89561793,9.220636336,7.052334051,15.70819197,4.016087493,3.093278587,2.345081021,11.59725048,3.062189808,9.769258011,7.625474085,17.21025641,9.87545825,13.24985091,10.820927,4.707608603,5.368223742,2.907937775,2.658656249,8.63283529,12.17336427,5.728836794,8.991967424,5.717383556,5.79624111,9.099493037,14.89124302,5.012078827,6.901558177,17.60567582,5.83124212,6.218225605,2.356559275,17.12856617,16.38113563,23.2351853,5.848674084,11.4235337,9.214346855,10.59191478,4.243954476,9.6885884,11.47232426,3.270197257,11.3402659,12.68792187,9.236664746,11.14762644,7.732192797,13.17711113,14.65904589,6.09281734,5.114736985,2.802108852,5.90635281,8.485976294,3.971814148,2.908808686,3.236064061,13.68058505,11.64421823,9.519002892,2.965535506,4.239927145,11.94033111,4.854825363,2.438213121,2.656404716,1.484538085,1.353680439
40,10.56805965,10.80473815,8.126834723,16.18083692,5.327255512,3.429058029,3.872199016,11.11042301,1.896143262,8.848993117,6.62800758,16.96188361,12.94505847,13.09189414,10.83085294,3.932034134,6.605638446,4.627035243,4.776538354,8.927399161,11.84553565,6.989204279,8.510981371,4.153468809,5.163710322,7.157217282,15.0349789,3.176847268,7.467079905,17.37978817,5.78436414,7.351281474,1.873286914,18.27000613,14.95907216,23.59493037,7.828583373,12.10273119,8.997168187,9.258639346,4.610244275,10.07388432,11.60696764,3.46267696,12.11412532,12.91556094,9.361706636,11.75151505,6.571703476,12.29262521,14.15139042,5.827862744,4.549138628,3.609630049,5.402716478,8.001885192,3.197121131,3.722455317,1.714538918,9.820628046,10.99882221,9.04106784,1.946506792,5.346204165,12.00204551,3.632358754,2.421888744,2.456398775,0.605783436,-0.627345895
41,12.1064455,11.32648619,8.279126119,17.47537831,4.578169634,3.220112871,1.571405493,12.11518789,4.610883579,9.993622442,7.294311895,18.17012959,9.951413119,13.05230936,11.10079335,6.242779251,3.248564866,5.958182049,3.780578568,8.459655959,12.15453322,6.289082351,8.147186078,5.689581984,4.734695603,8.001755225,13.47572792,2.125241411,7.903175698,17.35301995,6.928429855,7.17050893,2.064647242,16.40504992,16.96978495,21.58066636,7.175938263,11.23404913,7.960191927,9.313670029,4.436633736,10.05489403,12.74510026,4.950964369,11.51351705,12.61726645,10.45703848,11.87364508,9.350164547,13.12779928,12.53737657,5.275625273,6.140938598,3.558126201,4.994615234,8.465942661,3.610979959,2.997287523,0.512290098,13.44920951,10.41678062,8.953516022,3.366573639,4.277174773,9.815086028,3.889031649,3.646141469,3.486299254,1.055416284,2.673174064
42,12.98617529,11.29069106,6.760585586,15.83903699,4.687450979,3.727302195,1.154098727,12.29473579,2.777365918,10.7135908,8.135409341,17.05190717,11.57663181,12.27509233,10.45178823,3.275295628,4.867693504,5.198262901,3.648585634,8.688747607,11.1630819,7.428127306,8.013060519,6.148584856,4.232697141,7.897791004,14.15486585,2.345353958,7.567995392,17.60692714,5.422514474,4.964258008,1.308119312,15.09791064,16.15743547,21.50937626,6.215680438,12.08421668,9.330634366,11.18833064,4.986622183,10.08040177,12.5756972,3.550175583,12.08775608,11.78443502,8.790522219,9.74646484,7.117552065,12.30763294,15.5008509,6.54300164,5.484499869,2.221815402,6.680181182,7.49868265,3.846929961,2.651916428,2.080484116,12.76096528,11.53072705,7.953816054,1.962999512,2.54511514,11.62187516,3.336698595,1.598335946,1.244934507,2.49953053,2.108813693
43,13.41716794,9.884402423,6.924782243,16.37697146,5.719699659,4.555694936,-0.243541565,11.09535808,3.118972165,9.231918828,7.80649744,17.37414659,12.00640733,12.11334895,11.58270156,4.114528952,6.396512047,5.107403003,4.007354899,7.738590087,12.29289113,6.757713205,7.995996346,5.520895585,5.544351241,5.664697241,14.9976702,3.050611809,8.163355152,17.30692371,6.123369755,4.432933871,1.734352615,18.67968478,17.42007178,22.41413379,5.099384833,12.35797889,7.571931746,10.39167257,4.708848518,11.18457634,12.83451218,3.393113621,7.775434142,12.18032506,8.663820636,10.86005092,8.299275789,13.20239547,14.59660007,6.362474217,5.994680869,3.17384823,7.616559844,7.929179247,3.45804451,2.599685597,2.317179769,12.90254922,9.757603713,8.206079436,0.589318658,3.914560938,12.22842204,3.965810492,1.970770607,2.523783286,0.944399218,1.285740102
44,11.7720673,10.68255136,5.740640619,17.11146052,4.285955561,4.286359103,0.57429415,12.18216186,2.865878677,9.521908889,7.093329852,17.91287658,10.95530654,12.95971983,11.37270995,4.345742137,3.031040441,4.180903409,3.508368343,7.678129596,11.01795995,6.092715879,9.128293979,4.29034182,5.41981241,8.491993403,15.46318828,2.869867557,7.202346693,16.39703627,6.425810791,6.509865846,1.399864531,17.29130439,16.3639523,22.31526918,6.655212659,13.14238397,8.443872328,8.766313388,4.524493685,10.43442,12.70230402,3.575998287,12.53231636,12.26995201,9.063417926,11.04310673,8.408042758,12.81184176,14.60208005,4.568271831,5.98311828,3.370456799,5.703806579,8.027835111,3.0505256,2.293401802,1.765816804,12.76736215,10.35612398,9.815557826,1.841773491,4.471879276,10.60566327,3.635681581,3.498292315,2.952391763,3.055520702,-0.102257148
45,13.37321138,10.87726423,6.878647299,18.00492788,4.386378103,4.000119632,2.290938006,10.42409778,3.503107013,9.31009241,9.021773355,16.48346038,10.99427444,13.45678542,10.29956226,3.353282539,5.618783642,4.173863687,3.344128064,8.576319963,10.76782619,5.971876261,8.104615375,4.264072595,5.22435653,9.483884967,14.96230136,4.414378372,7.329664998,17.80804082,4.987144871,6.671055323,1.594689301,16.81037691,17.29664286,22.37271865,6.944957093,11.11261036,9.439595907,9.973197797,4.825267321,10.84081772,12.99288494,2.308393868,12.26036165,11.85533964,7.317378744,11.58061842,7.620721813,12.523599,13.45652361,5.502447271,5.584680518,4.273014088,6.122287526,8.240364865,3.195138517,2.482689611,1.496593229,12.97097781,10.18772715,7.709305448,3.25694258,2.930183483,12.18493917,4.05462263,1.840799928,1.884158,2.127296062,1.28870599
46,11.72327312,11.2497792,8.810263969,15.08695514,5.340829493,3.483007264,2.020870195,11.86250787,3.296930335,8.8566064,7.29975993,16.54616581,10.45006602,12.56062319,11.53087094,2.279030144,4.790920945,5.111081286,3.102169797,8.720848987,11.4500048,6.783693047,8.337646698,5.108583518,5.109573019,6.385720499,13.54679008,3.836976861,6.893901299,16.20350548,5.989186271,7.311383023,1.937823247,17.84032732,14.63707565,22.34681509,6.160443318,12.48692435,9.930033783,11.02092194,4.90136921,10.63240118,13.6087507,2.863789141,10.93984456,12.02055661,9.053644948,11.26697112,8.186417092,12.30590713,14.3351877,5.918106323,5.593217423,4.598394681,5.657461721,7.650219785,3.281677104,2.835885206,1.825694022,12.55248482,11.39267975,8.346976736,1.998902267,3.974468656,10.79980463,3.332118267,2.277432991,0.76180252,1.965612299,2.746439833
47,11.08405605,9.898674839,5.787309105,17.96237759,4.270112843,2.736631139,-0.097944992,12.20401161,2.663783838,8.068804081,7.670096057,16.89709138,10.21582302,13.18655902,11.89254734,5.113174764,5.301649529,4.233777746,3.425567447,9.099835622,11.93278483,7.111696103,7.978703235,4.961150088,5.050080914,8.615422733,15.07966765,2.352549971,6.505561711,18.70419563,6.872577164,5.818126901,1.650592662,16.53243029,17.52984865,22.88460565,7.627988725,11.218039,8.723273111,10.78822029,5.550769212,10.85416269,11.80990268,4.563143748,11.92789883,12.81232461,9.939896927,9.770602435,8.355427953,13.37453402,12.7316503,7.367209399,5.905632698,3.476931007,7.685117985,8.22394413,4.302907878,2.193975413,2.238904212,13.14454126,11.32703255,9.492257782,1.385441349,3.057742559,11.00600108,4.273284372,1.350604567,2.300872334,1.498197857,2.094264721
48,12.12604111,11.50054365,7.573491696,16.44307942,4.559293847,2.106289186,3.16055152,11.25995309,3.261747221,9.242614941,7.998474227,17.16853093,12.55576118,11.95987585,11.43048341,4.461205944,4.943432499,4.385979678,3.72030911,8.956822457,11.3971333,6.797507517,9.1254895,4.39513697,4.64554834,7.181949143,14.70529106,2.614125336,7.112892475,16.89963211,5.567359752,6.371862186,2.846089412,16.91349714,16.47340668,21.96040692,4.99168728,11.57050138,8.702128869,10.33310272,4.295353269,10.85520035,12.51555322,3.129408196,11.45184593,12.47333605,8.212196239,11.47626899,8.763867365,13.8791367,13.95306903,5.077499871,5.3182173,3.925303272,5.309909933,6.848712194,4.017453808,1.996652352,1.596359783,12.30972613,8.89384281,7.525845422,1.736981182,2.391818271,10.83803891,4.001583828,1.34650805,1.773333463,1.783136785,2.114726854
49,12.43484989,11.72092604,7.446980813,17.34539755,4.722277495,3.6279199,1.995023274,10.94422167,3.398251447,8.773045246,6.411910254,17.96740094,9.366198313,13.16070014,10.50861498,3.989584631,4.432180415,4.462497847,4.550685172,6.996615039,10.82175118,7.545776351,8.761741213,6.241474966,4.047016273,6.044907495,14.16580041,2.92134094,8.293298886,16.72581893,7.071103297,5.178571909,1.934049372,17.18850638,16.65012818,22.63361658,6.236818019,11.36928769,7.484655142,10.61773406,5.106390409,10.5645572,12.72772132,4.07412303,12.23984067,12.60981232,9.718981814,10.80727259,8.118493428,12.70430615,15.11826283,4.931506362,5.008437349,3.050326013,6.777819634,8.035886068,4.018199518,2.870226284,2.068651121,13.31947726,10.48173203,9.850597981,2.044058834,3.714622144,11.61539782,2.925697952,1.871738536,1.394136422,2.223026723,1.169316729
50,12.11717512,10.34329748,6.755552225,16.62902624,4.151794384,2.222768323,1.1225031,12.36555965,2.81618751,8.669531434,9.398527323,16.5139203,11.58872773,12.98783697,10.97069308,4.055730327,6.282106406,4.301946933,3.473933998,7.14346249,11.10471834,6.507959247,9.940691869,6.104966344,4.774721634,6.301650703,13.48970413,4.907716328,6.569778618,17.26745569,5.906282643,6.533942669,2.195030191,16.97935939,16.07018924,21.73074425,7.437034746,11.03207743,8.419086187,11.45652052,4.428226367,10.37413921,14.11505703,3.198189501,11.5539437,12.34877867,9.889927858,10.06686681,6.619210921,12.01566546,14.92704444,5.15075084,5.880752878,4.100467757,6.565105051,8.654263672,4.014701657,2.644447476,1.845763872,14.08720802,9.62827892,9.16767545,1.409535697,3.765966564,11.85348249,4.084802,2.636263998,1.431942906,1.895382862,2.597292753
