,user,tags
0,Iqbal Al-Zirqi,[]
1,Cecily,"[classics, scifi-future-speculative-fict, language-related, dystopian]"
2,Ahmed Al-Hulaily,[]
3,Arakah Mushaweh,[]
4,Gamal elneel,[]
5,Annalisa,"[classics, dystopia, speculative, sci-fi]"
6,João Fernandes,[favorites]
7,RahafMouman Sy,[]
8,Tariq Alferis,[]
9,Christy Stewart,"[cyberpunk, dystopia, cult-fiction, fiction, speculative-fiction, contemporary, reviewed, dieselpunk, wallflower]"
10,Chiara,"[classici, gr-100-fiction, 2000boh-acquisti-e-regali]"
11,Crystal Craig,"[2015, owned-kindle, sweeter-reads]"
12,Imnothing,[]
13,Yasmine Tarek,"[favorites, أدب-عالمي, inspiring]"
14,Thomas,"[lit-outside-of-school, dystopia, science-fiction]"
15,أحمد أبازيد Ahmad Abazed,[favorites]
16,Chim Cụt,[mớitinhcòntrinh]
17,غيداء,[]
18,Isabel,"[2015, 1001-books]"
19,sayed gamal,[]
20,Fiona,"[politics-exclamation-mark, worldview-shapers, speculating-wildly, read-in-2015, i-taught-this-book]"
21,Melody,[sci-fi-fantasy]
22,Carlo,"[dystopian, to-be-read-again, language, english-literature]"
23,Γιώργος,"[20th-century, read-in-2016]"
24,Sabrine farhati,[]
25,Sarah (Presto agitato),"[orwell, dystopias, in-italian]"
26,Josune Murgoitio,[]
27,Joana,"[favorites, classics, books-that-make-you-think]"
28,Ahmad Sharabiani,"[classic, fiction, literature, 1001-book, 20th-century, dystopia]"
29,Mahsa.Rmt,[]
30,Silvana,"[classics, dark-and-depressing, used-to-own]"
31,Jessica,[kind-of-depressing]
32,Weasleyorange,[]
33,وضحى,[novels]
34,Marty,[school-bookshelf]
35,Susan,"[science-fiction, classics, read-2015, dystopia]"
36,Nyamka Ganni,"[favorites, favorite-couple, want-to-own, fiction, mind-bender]"
37,Safa Rawashdeh,[]
38,Eslam Ahmed,[favorites]
39,David,[]
40,Amanda,"[kick-ass, book-club-made-me-do-it, blog]"
41,Charlize,[books-i-own-hard-copies-of]
42,محمود حسني,[]
43,Rahma Hassan,"[owned, سياسة, روايات]"
44,فـــــــدوى,[]
45,Mohamed Shady,[مترجم]
46,بسام عبد العزيز,[]
47,Ali Fawad,"[favorites, classics, must-read, dystopian]"
48,ياسمين ثابت,[]
49,Yekpeykan,[]
50,Eric Boot,"[favs-of-all-times, review, 4-5-stars, 2016]"
51,Muhammad Galal,[foreign-literature]
52,Miquel Reina,"[fantasy, top-books, creativity, thinking, pearl, science-fiction]"
53,Reading Corner,[favorites]
54,Osman Ali,"[favorites, 01-مكتبتي-الورقية, روايات]"
55,Shayantani Das,"[to-reread, cherished-forever]"
56,Arsalan,[inspiration]
57,K.D. Absolutely,"[1001-core, 501, dystopian]"
58,Golnaz,[]
59,غزل أدم,[]
60,Christina,[]
61,Sara,"[هدیه, دارمشان]"
62,Orhan Gülek,[]
63,Markus,"[favourites, classics, 2016, dystopia, social-criticism]"
64,Ashlie,[]
65,Arwen56,"[romanzi, lett-inglese, gran-bretagna]"
66,Thabit,[]
67,Nawal Al-Qussyer,[changed-the-way-i-see-the-world]
68,Tariq A,"[روايات-وقصص, 2012]"
69,زهراء الموسوي,[]
70,Ali Alghanim,[]
71,عبد الرحمن,[]
72,Bar Tube,[]
73,Jonathan Ashleigh,"[favorites, recent]"
74,umberto,[fiction]
75,Maryam Hosseini,[]
76,Maria ,[]
77,Lio,[]
78,Nora,[]
79,إسراء مقيدم,[]
80,Ulia,"[classics, utopian-and-dystopian-fiction, favorites]"
81,Shoa Khan,"[modern-classics, read-in-2015, sci-fi, listen-up]"
82,Catalina González,[]
83,midnightfaerie,[classics]
84,Yasiru (reviews will soon be removed and linked to blog),[favourites]
85,Vir,[biblioteca]
86,Liz* Fashionably Late,"[awesomefest, dystopia, yes-a-thousand-times-yes, male-pov, male-author, classics, using-my-brain, 1001-while-im-alive, read-2013, rory-gilmore-recs]"
87,Mehrzad M.,"[1001-کتابی-که-باید-قبل-از-مرگ-خواند, دیستوپیا, فیلمش-رو-دیدم]"
88,Amira,"[أدب-عالمى, كتب-وقصص-قصيره]"
89,Kavita Ramesh,[]
90,هيفاء,[]
91,Lyndsey,"[i-recommend, reviewed-2010, reviewed-5-stars, about-dystopia-or-utopia, reviewed-2011, favorites, 3rd-person-limited, pov-primarily-male, experience, my-top-dystopian-or-utopian]"
92,Lina Aude,[]
93,مثقف,[]
94,Farzane,[the-best]
95,Kressel Housman,"[fiction, classics, science-fiction, leonard-lopate-book-club]"
96,Lahierbaroja,[]
97,Nasim Dehghan,[]
98,Kelly,"[fiction, brit-lit, owned, 20th-century-postwar-to-late, great-and-terrible-men]"
99,Merve  Özcan,"[classic, science-fiction, dystopia]"
100,Eva,[]
101,Noha,"[paperback, favorites]"
102,Beatrice Santos,"[owned, favorites, bought-online, politics, book-with-a-movie, 50-books-to-read-before-you-die, classics]"
103,Talieh,[]
104,Víctor Galán,[]
105,Maria Clara,[]
106,Meghan Krogh,"[xy, rgrc]"
107,سمر محمد,"[favorites, روايات-مترجمة]"
108,(9 3/4) Gerasimos,[]
109,Jenny (Reading Envy),"[post-apocalypse-and-dystopia, read-long-ago, favorites, sci-fi-fantasy, read2013, modern-library-100-best-novels, banned-books]"
110,Riku Sayuj,"[favorites, history-europe, lit-fic]"
111,طَيْف,[]
112,Delmy =^.^=,[classics]
113,Kimi,"[favorites, classics, smells-like-pain]"
114,Carmo,"[inglaterra, distopias, vi-o-fime, bib-p]"
115,Mr. Matt,"[dystopia, classics, 2015]"
116,Dregus Ilies,[picks]
117,Lynne King,[depressing-brilliance]
118,Caroline ,[he-wrote-it]
119,hossein sharifi,[]
120,Lit Bug,"[novels, owned, literary, sf, british, dystopia]"
121,Danger,[my-fucking-favorites]
122,Hana - هنَاء,[الادب-المترجم]
123,Erin ☕ *Proud Book Hoarder*,"[drama-gen-fiction, classics, dystopian, s-king-recommends, movie-havent-seen, reviewed, classics-i-have-finally-conquered]"
124,❅ Eze ❅,[]
125,·Karen·,[die-zeit-european-postwar-canon]
126,"Fatema Hassan , bahrain",[]
127,Obaydah Amer,[]
128,Kaloyan Drenski,"[classics, fiction]"
129,Roxanyeli,"[november-to-november, club-de-lectura-2015, reto-lectura, favorites]"
130,إبراهيم   عادل ,[]
131,mai ahmd,[روايات]
132,Monica G,[]
133,هديل خلوف,[]
134,Mike (the Paladin),[classics]
135,Sheref Morad,[]
136,Sofi,[]
137,Ali AlShewail,"[روايات, فكر-و-سياسة, مترجم, favorites]"
138,Zazo,"[favorites, history, literature, politics, george-orwell]"
139,Huda Aweys,[]
140,Pasha,"[dystopia-postapocalyptic, fantasy, classics, favorites, 2015]"
141,Anita,[]
142,Phine Hazelbag,"[for-school, read-in-2015, read-for-school]"
143,Yash Sinojia,"[favorites, classics, fiction, philosophy, dystopia, sci-fi, library, politics]"
144,رهف,[]
145,Fahad,[]
146,Sammy,[b-the-good]
147,Rana Abed,[]
148,Renzo Agurto ,[]
149,Spider the Doof Warrior,[]
150,Moaz Mohamed,"[2014, favorites, george-orwell]"
151,Zahra Rhm,"[science-fiction, sad-ending]"
152,Karim Abdel-Khalek‎,"[كتبي-المفضلة, جورج-أورويل, كلاسيكيات-و-ملاحم]"
153,Sonia,"[favorites, re-read]"
154,Medini,"[classics, dystopia, sci-fi, war-or-religion-or-politics]"
155,Kawthar Saleem ,[]
156,Shuhan Rizwan,[]
157,Vale,"[english-literature, science-fiction]"
158,Jesten,[]
159,Mohammed Arabey,[]
160,Munif,[]
161,Ahmed,[إنجليزى]
162,Abeer,[classic]
163,Zeynep,[favorites]
164,خولة حمدي,[]
165,Ciruela,[]
166,Natalie Vellacott,[]
167,Nehal Elekhtyar,"[amazing-books, translated-novels]"
168,Will M.,"[favorites, classics, will-read-again, books-i-own, 2016, best-of-2016]"
169,Ritu R,"[favorites, classics, buddy-read, dark, 2k16-ny-challenge]"
170,محمد غنيم,[]
171,Vit Babenco,[]
172,ايمان,[]
173,Rowena,"[2014, wishlist-read]"
174,الاء الدباس,[]
175,Richard,[general-reading]
176,راضي النماصي,[]
177,Emily May,"[dystopia-utopia, sci-fi, classics]"
178,Daniel Bastian,[reviewed]
179,Anya,"[el-clásico, sci-fi, dystopian, disturbing, reviews-that-dont-suck-donkey-balls]"
180,Carlos.,[2016]
181,Farshad Firuzi,[]
182,Alicia,[]
183,مجدالدين فقهاء,[]
184,Liz BooksandStuff,[favourites]
185,Mahdi,"[فیلمش-رو-دیدم, علمی-تخیلی, داستان-خارجی]"
186,Tareq Fares,[روايات-عالمية]
187,Tabark Khaled,[]
188,Bookingdom,[]
189,Megha,[reviews]
190,Lucinda,[university]
191,Vivianne,"[terrible, stand-alone]"
192,Lucy,"[classics, read-before-2013]"
193,Arun Divakar,[favorites]
194,AmberBug *shelfnotes.com*,"[favorites, 1001-books-read-before-you-die, sn-to-post, currently-re-reading]"
195,Maryam,"[ارزش-دوباره-خواندن-دارند, ادبیات-جهان]"
196,Filipa,[]
197,Anastasia,[0-2011]
198,طارق,"[أدب, سياسة-politics]"
199,Yousra ,"[favorites, اكتشافي-مكتبة-روايات-الشباب, dystopia]"
200,mark monday,"[these-fragile-lives, after-the-fall]"
201,Merih,[science-fiction-distopia]
202,Fortunr,"[arts-literat-classics, ebooks]"
203,Jake Hartnett,[]
204,Duaa Ahmed,[01قصص-وروايات]
205,Jason Koivu,[fiction]
206,Esma Tezgi,"[favorites, 2016, re-read]"
207,tyranus,[]
208,Celeste Corrêa,"[owned-books, inglaterra, livros-lidos-2015]"
209,Zoë,[]
210,Rola,[]
211,Lubna ALajarmah,"[موجود-في-مكتبتي, favorites, صالون_الجمعة]"
212,Randy,[]
213,حماس,"[قراءات-2016, recommendations, كتب-قاسية]"
214,Stephen,"[classics, science-fiction, 6-star-books, all-time-favorites, easton-press, audiobook, 1930-1953, literature, favorite-ideas, world-in-the-shitter, classics-european]"
215,Anna,[]
216,Ahmed M. Gamil,"[favorites, epic]"
217,Otherwyrld,"[classic, science-fiction, tv-film-comics]"
218,بثينة العيسى,[]
219,Thomas Strömquist,[]
220,Michal,[]
221,Reza Mardani,[]
222,Mashael Alamri,"[translated, european-literature, favorites]"
223,Eirini,[]
224,Jareed,"[science-fiction, classics, after-the-fall-dystopia-zombie]"
225,RitaSkeeter,"[scifi-dystopia, classics-english, own-dead_tree, 2015]"
226,Mizo ۞,"[politics-السياسة, 2016-reading-challenge]"
227,Renato Magalhães Rocha,"[the-novel-100, 100-best-books-world-library, kindle-ebooks, 2014, reviewed, 1001]"
228,Sara Kamjou,[رمان]
229,Anna Nelson,[]
230,Book Concierge,"[concierge, library, literature, movie, 1001-books-you-must-read-before-you, classic, politics, social-commentary, audio, dystopia, england, science-fiction]"
231,حسين المتروك,[]
232,مؤيد المزين,[]
233,Nina Rapsodia,"[favoritos, english, mejores-2015]"
234,Madeline,"[the-list, science-fiction]"
235,Dana.kafri,[]
236,Abeerr Shiihab,[with-in-heart]
237,Nurtan Meral,[]
238,Tayebe,[own-a-copy]
239,Maddison,"[favorites, read-in-2015, adult, classics-read]"
240,Saud Omar,[]
241,DeeDee 3kk,[]
242,Marty :},"[classics, 1001-books-to-read-before-you-die]"
243,Derrick,[]
244,Nema Al-Araby,[]
245,Jan Rice,"[audio, alternative-futuristic-dystopian]"
246,Jason,[]
247,Coffee Bean ,[]
248,Ghita Benabbou,[read-in-2016]
249,Frahorus,"[sci-fi, favorites, letteratura-inglese, novecento]"
250,Yossor Jamal,[]
251,Cheyenne Bagans❤,"[books-i-own-and-read, books-read-for-school, goals-for-2015, finished-2015]"
252,Laura,[group-reads]
253,Kadir Izgi,[]
254,David Lentz,[]
255,Daniel Gonçalves,"[favorite-classics, literary, dystopia]"
256,Simeon,"[sci-fi, literature, apocalypse]"
257,Kaya,[]
258,Leonard,"[literature-english, favorite]"
259,Serkan,"[science-fiction, classics, novel]"
260,Huda Yahya,"[favourites, history, dystopia]"
261,C.,"[own-or-access, dystopias-utopias-apocalyptic, classics, may-i-say-blah]"
262,Lăcră Grozăvescu,[]
263,Ahmed Diab,[]
264,Beth,"[read-on-kindle, classic, september-2011]"
265,Denisse,[]
266,Erasmia Kritikou,[]
267,Flor,[]
268,Raya  Ka'abneh ,[]
269,Trevor,"[literature, social-theory]"
270,Anastasia ｼ,"[authors-o, 2013-reads, school]"
271,Stuart,"[literature, politics, favorites, dystopian, near-future]"
272,Barry Pierce,"[20th-century, read-in-2014]"
273,Erika Schoeps,[books-i-own]
274,SpookySoto,[]
275,Ana,[2013]
276,Priscilla,[]
277,Komal,"[classics, dystopian-postapoc]"
278,Sanaa Shaltout,[]
279,إيمان الحبيشي,[]
280,Joel (Throne of books) ,[]
281,Irs,[favorites]
282,Ana ,"[me-likey-a-lot, page-turner, science-fiction, fallen-characters, brainy-psychological, classics, ebook, 1001-this-life, absolute]"
283,Edward Lorn,[]
284,Hammad Alhajri,"[2015, نادي-خير-جليس]"
285,Aellai,[]
286,MJ Nicholls,"[novels, sassysassenachs, penguin-classics, nonreviews]"
287,Felisberto,[2015]
288,Alisha,[uno-2016]
289,Carol,"[classics, sci-fi-dystopia, read-2014]"
290,Cátia Santos,[]
291,Laura Leaney,[]
292,Cheryl,"[classic-lit, fiction]"
293,Khaled Tolba,[owned-books]
294,Carmen,"[science-fiction, classics, traditionally-published]"
295,Olga Milemis,[]
296,Gloria,[2016]
297,Nada Khaled,[روايات]
298,Lisa (Likenbooks),[own]
299,مهند,[ادب-literature]
300,Manny,[science-fiction]
301,eleonora - ,"[classici, 2011, preferiti]"
302,❁ بــدريــه ❁,"[نسخ-ورقية, 2015, في-مكتبتي]"
303,مـــــــروة,"[ممتع, مكتبتي]"
304,Cemre,[]
305,helen the bookowl,[]
306,Adelina,[]
307,Lê Phúc,[]
308,نورة عبدالملك,[]
309,Célia,"[local-casa, 5-stars, ano-2008, favorites, orig-comprado, gen-classico, gen-distopia, l-1001books, l-100times, l-100npr, ed-antigona]"
310,Audrey Dry,[]
311,Ferdy,"[dystopian, douchery-afoot, fucked-up-romance, good, liked-the-world, great-premise, unlikeable-characters, interesting]"
312,Oscar,"[míos, 5-estrellas, ciencia-ficción, slipstream, distopía, clásicos, favorites]"
313,Batool,[]
314,Amira Mahmoud,"[كتبي-المفضلة, translated, أدب-روايات, مراجعاتي-المفضلة]"
315,Sercan Vatansever,[]
316,Reza ghavami,[بهترین-هایی-که-خوندم]
317,Marina,[]
318,Sarah Anne,"[audio, dystopia, classics, author-male]"
319,Saoirse Sterling,"[own, champion, sterling, infinitevarietybooks, masculine, ce20, 2016, bookshelf]"
320,Ayana Yakhni,[favorites]
321,Xime García,[]
322,Maha Atari,[]
323,Raeleen Lemay,"[own, classics]"
324,GeorgeD,"[favorites, 2016]"
325,Jose Monarrez,[2016-reading-challenge]
326,Lyn,[]
327,Vipassana,"[owned-books, europe, fiction]"
328,Perry,"[libri-classici, my-fantasy-roster]"
329,Shahram Keivani,[]
330,Mark,"[sf, political]"
331,امتياز,[pdf]
332,Harish Challapalli,[crap]
333,Juwairia Sama,"[favorites, روايات-أجنبية-مترجمة]"
334,Jonathan,"[personal-favourites, classic-literature, science-fiction, 1001-books-to-read-before-you-die, popularity-contest, dystopian, books-with-films]"
335,Shovelmonkey1,"[1001-books, dystopian-lit]"
336,CalypK,"[classics, fantasy, fiction, adult, dystopia, science-fiction, 4-stars, horror, male-pov, literature, anti-hero, 2015, 2015readingchallenge, politics]"
337,Dave,[]
338,Lavinia Zamfir,"[favorites, 20th-century, classics, english-literature, dystopia, reviewed]"
339,Lina AL Ojaili,[george-orwell]
340,Farnoosh Farahbakht,[]
341,Annie ,"[the-banned-book-reading-list, read-in-2014, groovy, the-big-read]"
342,aljouharah altheeyb,[favorites]
343,forough,"[favorites, world-literature]"
344,Ahmed Abdulfattah,[]
345,Antonio,"[clásicos, ciencia-ficción, horror-terror, favorites]"
346,⊱ Poppy ⊰,"[books-to-die-for, love-stories, all-it-feels, thriller, droopy-eyes, 2016, 19th-century, hella-amazing, i-own, unbelievable-wow, dystipian-utopia, modern-classics, all-the-hype, 2016-reviews, mixed-reviews, forbidden-love, science-fiction, phenomenal]"
347,Tempo de Ler,[]
348,César Lasso,[brit-lit]
349,Mohammed  Ali,[]
350,Ron,[favorites]
351,Fatih,[]
352,Alessandra Santamaria,[favorites]
353,Aliaa Mohamed,[2013]
354,Jan Philipzig,"[romance, crime, sci-fi, mass-media, activism, censorship, pop-culture, sex, surveillance, mental-disorder, politics, civil-rights, poverty, words-only-novel]"
355,Peter Tieryas,[]
356,Marat M. Yavrumyan,[]
357,Kristy,[]
358,Andrei Tamaş,[favorites]
359,Andreea,[favourites]
360,Radwa Abd Elbasset,[my-favourite]
361,HannahCassie ,"[2015-oct-2016-oct, classics]"
362,The Pirate Ghost (Formerly known as the Curmudgeon),"[science-fiction, horror, kindle-book, classic, dystopian]"
363,Vani !,[]
364,This Queen,[]
365,theduckthief,[]
366,Hamza,[fiction]
367,Shaimaa Ali,[favorites]
368,Amy,"[classics, classic-lit, audio]"
369,peiman-mir5 rezakhani,[داستان-و-رمان]
370,Nadine,"[read-in-2014, ebooks-2014, altlasten-2014]"
371,George Saoulidis,[]
372,Huzeyfe,[]
373,Nesli,"[in-my-library, favorites]"
374,Lotz,"[highly-recommended-favorites, novels-novellas-short-stories]"
375,Alice Lippart,"[favorites, classics, read-in-2016]"
376,Crystal Starr Light,"[science-fiction, classics, dystopia, audiobook, banned-books, boys-boys-and-not-a-girl-in-sight]"
377,Arah-Lynda,"[top, i-said]"
378,شذا خالد,[favorites]
379,Aria (My Infinite Reading List),"[classics, dystopian-postapocalytic, real-life-issues, read-in-2015]"
380,Ahed AlHashmi,[novels-stories]
381,Councillor,"[dystopia, reviewed, 20th-century, uk-ireland, classics, read-2015, ebook, fiction, science-fiction, prison, rated-4-and-a-half-stars, those-books-anyone-should-read-once, personal-must-read-list]"
382,qwerty,[]
383,Parthiban Sekar,"[favorites, read-again, dystopian]"
384,Redfox5,"[fiction, sci-fi, england, dystopian]"
385,Larry Bassett,"[political, science-fiction]"
386,Sonja - Intellectual Badass,"[favourite, classic, sci-fi, dystopia, own, read-for-school, politics, pure-genius, 20th-century]"
387,Mohamad,[]
388,Dania Shrbaji,[]
389,Mario,"[favorites, own, best-of-the-best, own-read]"
390,Mac,[]
391,Stephen M,[]
392,Hengameh,[]
393,Nargus,[]
394,Lau,"[lit-exp-2013-hard, muy-bueno, read-in-2013]"
395,John Wiswell,[]
396,Laila,"[fiction, classics]"
397,Alex,"[reading-through-history, 2012, top-100, rth-lifetime]"
398,Fernando,[favorites]
399,Ribal Haj,[]
400,Karin,[]
401,Jonfaith,[speculativelyspeaking]
402,Pradnya K.,"[favorites, 2015, pending-reviews, dystopia]"
403,Kat Stark,"[favorited, dystopian, reviewed, literature]"
404,Eng.R.books,[]
405,Hend,"[george-orwell, novels, 1001-books-to-read-before-you-die, science-fiction, british-literature, unique-novels]"
406,★ ,"[5-star-excellent, books-i-own, read-in-2011, magnificent-writing, read-in-2012, favorites]"
407,Mohamed al-Jamri,[favorites]
408,Cherie,[read-audio]
409,عبدالله اليعقوبي,"[المفضلة, رواية, في-مكتبتي, فلسفة_فكر, سياسة]"
410,Anne ,"[dystopian-rave, classics, romance, its-complicated, peculiar-heroes-and-heroines, brrrrrrr-shake-it-off, despicable-villains-and-antagonists, reads-of-2016]"
