,user,tags
0,Nermeen639,[]
1,Winter,[2015-read]
2,Walaa,"[pdf, play]"
3,Leah,"[for-educational-purposes, 1-star, happy-slapsgiving]"
4,Zaid Alhusainy,[]
5,Douglas Pivonka,[10th-grade-books]
6,Lara,"[social-commentary, classic, relationships, family, feminist, play]"
7,Harald,[drama]
8,Elizabeth Christensen,[10th-grade-books]
9,Наталия Янева,[]
10,Zac Stojcevski,[]
11,Marianne ,[]
12,Kora Kostiew,[10th-grade-books]
13,Whitley Johns,[10th-grade-books]
14,mis fit,[feminism]
15,Casey,[adults]
16,Mohamed Osman,[]
17,Ofelia,[]
18,Daniel Andrews,[school-made-me-do-it]
19,Rachel Crooks,[]
20,Cin,[]
21,Malenna Anders,[]
22,Bookworm Sean,"[classics, plays, 4-star-reads]"
23,Jackson Cyril,"[books-everyone-needs-to-read, classics, plays]"
24,Ananya,[]
25,Charlotte,[]
26,§--,[plays]
27,Bonnie,"[classics, plays]"
28,Colette,[]
29,Shriya,"[favourites, plays, fiercely-feminist, tome-travelling, books-i-own]"
30,La-Lionne,[]
31,Elspeth LaMorte,[for-university]
32,Joyce Lian,[]
33,Sandy,"[classics, drama, womens-issues, audiobook, reviewed, holiday-christmas, source-librivox, intntl-scandinavia, favourite-books, 19th-century, lit-bday-march, 2015-read]"
34,هالةْ أمين,[]
35,Thing Two,"[theater, country-norway, favorite-theater, continent-europe-northern]"
36,Book Him Danno,[]
37,Lee Ann,[2014]
38,Marwa ,[favorites]
39,M.,"[kutuphanemdekiler, tiyatro]"
40,Ahmad Sharabiani,"[drama, fiction, plays, 19th-century, norway, norwegian-literature]"
41,Carmen Kats,[]
42,Matthew,[owned-books]
43,Jana,"[nordic, fiction]"
44,Alaa,[]
45,Sookie,"[favorites, owned, booktube-a-thon-2016, plays]"
46,Jessica,"[classics, theatre]"
47,Kyle Gonzalez,[10th-grade-books]
48,Bruce,[]
49,J. Alfred,[]
50,Nimash Athukoralalage,"[classics, school-books]"
51,Lauren Embley,[10th-grade-books]
52,Artificialbrain,[5-stars]
53,Sally,[]
54,Sujan,[classics-others]
55,Daria,"[classics, theatre]"
56,Susan,"[داریم, ریویو-لازم-ها]"
57,Ivana de Bona,[]
58,Chiek Er,[plays]
59,Antonio,[]
60,Stephanie,[]
61,محمود حسني,[]
62,Mohamed Eshawaf,"[أدب-مترجم, سلسلة-ال100-كتاب]"
63,Elizabeth Rogers,[]
64,Helen Stavraki,[]
65,بسام عبد العزيز,[]
66,Lisa N,[]
67,Jennifer,"[plays, read-in-school]"
68,Shannon,[]
69,Katelyn Brown,[classic-fiction]
70,stephanie,"[classics, drama]"
71,Yasaman,"[thought-provoking, classics]"
72,Isabelle,[]
73,Tyler Hardy,[]
74,Nick,[]
75,Aideeeee,[]
76,Jen,[classics]
77,Lena,[]
78,Kana Haya,"[literature, plays]"
79,Shayantani Das,[]
80,Zixuan,"[made-a-difference-in-my-life, literature-classics, plays, fiction]"
81,Morgan Mcbride,[]
82,Suzannah Hitchcock,[]
83,Wesley Ganz,[]
84,Christina,[]
85,Lio,[]
86,Ben,[favorites]
87,Christina Chang,[]
88,Eva,[]
89,Phoebes,[]
90,Sydney Nelson,[10th-grade-shelf]
91,Scarlet Cameo,[rc-16]
92,Gray Fato,[done-for-2015]
93,Ali Alghanim,[]
94,Tiffany,[]
95,Thy Anonymous,[]
96,Chris Naber,[10th-grade-books]
97,Marc Kohlman,[]
98,Jenn,[school]
99,Hagar,[]
100,Danielle,"[when-i-die-bury-this-book-with-me, annoying-character-s, adult, covers-that-make-you-go-ughhh, better-than-chocolate, fudging-awesome, mind-blowing, guilty-pleasures, read-in-2013, 2013-favourites, historical-fiction, book-that-lingers, infinite-stars, classics]"
101,Nicola,[]
102,Rahma Hassan,"[أدب-مترجم, مسرحيات, pdf]"
103,Maria Paiz,[]
104,Rob,"[bookclubs2012, all_bookclubs]"
105,Emma Claire,[]
106,Tyler Johnson,[]
107,Heather,[literary-canon]
108,Mia,[]
109,Virag,[]
110,Sara,[]
111,Julian Meynell,"[19th-century, reviewed, scandanavian, plays]"
112,أميــــرة,"[plays, feminism]"
113,Aakanksha Singh,[drama]
114,FaTma EzZat,[favorites]
115,Maida,"[books-set-in-europe, socio-psychology, dramedy, female-issues-liberation-oppression, comparative-literature, societal-commentary-criticism, classics, moral-dilemmas, plays-theater-written-for-the-stage]"
116,Adam Ford,[]
117,Soobie's heartbroken,"[language-italiano, classici, dalla-biblio, geo-norway, drama, literature-norwegian]"
118,Molly,[2012-2013-advisory]
119,Afrah Alrmali,[]
120,Bev Spicer,[]
121,Jordan,[]
122,Kavita Ramesh,[]
123,PurplyCookie,"[classics, feminism, audiobook, librivox]"
124,Mariah,"[reviewed, re-reads]"
125,Natalie,"[gender, plays, literary-fiction, classics]"
126,Ale Rivero,[]
127,Irina Anghel,[]
128,Joel,[]
129,Maha,[]
130,Nina Higson-Sweeney,"[2014-read, classic, i-own, fiction, playscript, translated]"
131,Efka,[kitos]
132,Saburi,[]
133,Martin,"[well-written-female, adult, classics]"
134,Kelly,[]
135,Sophie,[plays]
136,Merve  Özcan,"[non-fantastic, romance]"
137,Greg Kerestan,[]
138,M.L. Sparrow,[]
139,Zakaria Bziker,[fiction]
140,Taylor Church,[]
141,Amélie,"[2011, théâtre, norvège]"
142,Alayne,[reviews]
143,Morninglight Mama,[fiction]
144,Jeff Yoak,"[books-recommended-to-everyone, audio-collection, read-in-2013]"
145,Isabel,[plays-poems-epics-etc]
146,Faller Clementine,[classics]
147,Erin Brinkley,[libs-678]
148,Matti,[]
149,Gabriela,[]
150,سمر محمد,"[pdf, مسرحيات-مترجمة]"
151,Nathan Tenney,[10th-grade-books]
152,Sophia Hanen,[]
153,Sarmad Ahmed,[]
154,♆ BookAddict  ✒ La Crimson Femme,"[classics, play]"
155,Frances,"[classics, plays]"
156,Cecilia,[]
157,Feseven,"[2015, under-200, gara-a-squadre, 54-tasks, classici]"
158,Yefim,"[audiobooks, psychological-drama, classics, pre-ww1-fiction, gender-studies, feminist]"
159,Shucheta,[plays]
160,Pauli Castillo,[2016]
161,Grace,[classics]
162,Rozele,[]
163,Seth,[2016]
164,Trish at Between My Lines,"[classic, free]"
165,Steph,[]
166,Christine Martin,[purchased-audio]
167,Navin Talukdar,[]
168,Kaija,[]
169,Matt,[]
170,Yara Hossam,[]
171,Trevor Sellers,[10th-grade-books]
172,Marlene,[owned-books]
173,Sam,"[read-2009, finished-drama]"
174,samira,[drama]
175,Jasmine Washington,[]
176,Say,[]
177,Harry McDonald,"[plays, translated]"
178,Kate,[]
179,Big Brother,"[europe, bestest, questioning-norms, banned-challenged, plays, list-world-library]"
180,جهاد نجيب,[]
181,Bertrand,[]
182,Rose,[books-i-read-in-school]
183,Andrew Hershauer,[10th-grade-books]
184,Amit Bolakani,[]
185,Dayana,[]
186,Ross,[]
187,Elizabeth,[classics]
188,Kathleen Ryan,[]
189,Taya M,"[inspirational, strong-passionate-female-lead, teenager-reads, adult-reads, unappreciative-of-self]"
190,Birgit,"[trainreads, read-2014, plays, matura-leseliste, equal-rights]"
191,Chrissy,[]
192,Nathaniel Smith,[]
193,Valerie,[]
194,Jayne,[]
195,Goldi,"[read-in-2015, adult, classics, realistic-fiction, plays]"
196,Malek Sayed,[10-grade-books]
197,Kate E,[feminist]
198,Mariel,[]
199,Juan Manuel Wills,[]
200,Ailin Li,[]
201,Lola,"[reviewed, fiction, read-in-women-in-lit, classic-literature, plays]"
202,Hanaa Mansouri,[]
203,itpdx,[audio]
204,Chad,[]
205,Ali Mandala,[]
206,John Leazier,[10th-grade-books]
207,Nursena,"[classics, plays]"
208,A m i r,[plays]
209,Mélanie,[]
210,Reese,[]
211,Zzoeeeee,[]
212,Amy,"[classic, 2014-books-read, plays]"
213,Azucena Martinez,[]
214,Preethi,"[a-zillion-and-a-one-th, ebook, awesom-otic, for-the-feminist-in-me, women-to-remember, forever-favourites]"
215,Alyssa Carlier,[]
216,Miriam,"[2015-book-challenge-list, english-major-lit-minor-reads]"
217,Amar Bulbul,[]
218,Sophia,"[favorites, school, classics, plays, 2013]"
219,Rebecca,[]
220,Rania Nasir,[booked-for-brunch]
221,K. B,"[academic, favorites]"
222,Priyanka,"[all-time-favourites, classics-2013, read-in-2013]"
223,Leajk,"[scandinavian, play-drama]"
224,Spencer Hamilton,[]
225,Tomo20,[]
226,Allie Louis,[10th-grade-books]
227,Natasha,[]
228,Hamid Hasanzadeh,[playwright-screenplay]
229,Piccolamimi,[theatre]
230,Josh Belville,[play]
231,Alexandra Medina,[]
232,Claire Evangeline,[]
233,Teresa,"[5-estrelas, n-noruega, g-teatro]"
234,Nicole Fletcher,"[classics, drama]"
235,احمد سعيد,[]
236,M.C. Bonham,[]
237,Dylan Kawalec,[]
238,Elisa,[]
239,Oliver,[]
240,Pat,[]
241,Dottie ,"[plays-poetry-shorts, 1944-1966]"
242,Justin Walsh,[]
243,Emily Rennie,[theatre]
244,Angela,[2016]
245,Maddie,[10th-grade]
246,Rania Chokor,"[to-read-first, مسرح]"
247,Akemi G,"[read-fiction, dramas]"
248,Sara Sbaraglia,"[xix-secolo, norvegia, sf_giramondo]"
249,Hannah,[classics]
250,Jasmine,"[schoolreads, classics]"
251,Virginia,[]
252,Himal Kotelawala,[]
253,Mahdi,"[محبوب-ها, نمایشنامه-فیلمنامه]"
254,Nathon Smith,[10th-grade-books]
255,04KayceeR,[]
256,Corinne Johnson,[10th-grade-books]
257,Klara Buric,[]
258,Mindy,[]
259,Arathi Mohan,"[favorites, classics]"
260,Garrett Oliekan,[10th-grade-books]
261,Allison,"[popsugar2015, own, read-2015]"
262,Martina,"[19th-century, drama]"
263,Georgina Brandt,[]
264,On4ever,[]
265,Luci,[]
266,Madbutmagic,"[badge-feminism-forever, reviews, kate]"
267,Dorotea,[school-books]
268,Himani Gupta,[]
269,Doa'a Rub,[]
270,Mary Kate,[]
271,Aidan Chambless,[]
272,Callie Shambaugh,[]
273,Chrissie,"[relationships, drama, norway, classics, feminism, 2016-read, deals]"
274,Rando,[]
275,Voula  Michela (otl1987),"[drama, women, 1ebook, group-reads, lak, 2015, theatre]"
276,حماس,"[international-words, قراءات-2015]"
277,Anne,"[read-in-2013, classics, play, asdfg, reviewed, in-translation]"
278,Annette Jordan,"[play, 2016]"
279,Anna,"[prescribed, plays, 2016]"
280,Kathy,[bingo-2016]
281,Gemma,[school-books]
282,Jo,[]
283,Eloy Tijerina,[]
284,David B,[]
285,Michelle,"[in-translation, european-western-classics, feminism, plays, masculinity]"
286,Megan Baxter,[]
287,Lnaz Izd,"[play, drama]"
288,Ben Mohler,[10th-grade-reading]
289,عبدالرحمن,[henrik-ibsen]
290,Kiarah,[]
291,Stella,"[classics, 2013, fiction]"
292,Jenny,[]
293,Gillian,[2010]
294,Lauryn Henderson,[10th-grade-shelf]
295,Denise,[]
296,Marion,[]
297,Shereen Mohamed reda,[]
298,Trudy,[]
299,Patricia,[]
300,Siobhán S.,[]
301,Ana Ruiz,"[not-nobel, read-for-school, drama, 2013]"
302,Debbie,[]
303,John,[plays]
304,Ethan Yi,[10th-grade-books]
305,Glenda Molina,[]
306,Lidiana,"[6-favorites, 1-owned, 3-fiction, 2-hardcopy, 5-em-português]"
307,Scott Lee,[]
308,Lianna,"[uni-reading, plays, 2015-reading-challenge]"
309,Vipin Goyal,[]
310,Ilona,[]
311,Joanna,"[audiobooks, 2014-read, rws-2014-fall]"
312,Nabila Tabassum Chowdhury,[]
313,Casey Mcnulty,[10th-grade-shelf]
314,Marybeth Yates,[]
315,Jo-Arne,[]
316,Jennifer Lila,[]
317,Kathleen O'Neal,[]
318,Joy H.,"[classic, play]"
319,Maggie,[]
320,Karim Bazan,[]
321,Jenna,[2016]
322,Laura,[]
323,Giornata_di_sole,[]
324,Brina,"[classics, plays]"
325,Dawn,"[classics, read-2015, new-woman]"
326,Graham,"[classics, plays]"
327,Grace Harwood,[]
328,Adam Floridia,[]
329,Tonya,[]
330,Thacia Stirling,[]
331,Ankit Agrawal,[plays]
332,Khaled Al-Bahnsawy,[henrik-ibsen]
333,Huda Yahya,"[drama-opera-مسرح, الأنثى-هي-الأصل]"
334,Amanda,"[feminism, european-classics, standalone]"
335,Sujeet,"[plays, scandinavian]"
336,Sasha,[]
337,Dian Natalia Sutanto,[]
338,Beth,"[favourites, good, very-clever, plays]"
339,Elena Druță,[]
340,Carlie George,[]
341,Georgia,"[school, tbr-2016]"
342,Maja,"[scandinavian-literature, reading-challenge-2015]"
343,Cynthia Kearney,[]
344,Nina Kristin,[]
345,Yani,"[favorites, teatro]"
346,Rachel,"[historical-fiction, read-for-school]"
347,Rita Sijelmass,[]
348,Danika,[]
349,Ana Ávila ,[]
350,Aileene Welch,[classics]
351,Cole,[]
352,Hope Gingrich,[]
353,Shaina,[plays]
354,Devon Flaherty,[]
355,P.H. Wilson,[]
356,Shaindel,[]
357,Maggie Shhh,[]
358,David Sarkies,[modernist]
359,Katie Foward,[]
360,Athena,[]
361,Katie Chambers,"[classics, plays]"
362,Mary Ellen,[]
363,Safey,[مسرحيات]
364,Rosa Berbel,[ranking-2015]
365,Sabrina Bay,[]
366,Morgan F,"[classics, school-required, 1800s, plays, read-2010]"
367,Annamaria (ﾉ◕ヮ◕)ﾉ*:･ﾟ✧,"[feminism-gender, classics, read-in-english, read-and-to-buy]"
368,Taylor Danielle,[school-reads]
369,Jay Shelat,[]
370,Michael,"[classics, read-in-2010, ap-english, drama]"
371,Alicia Duff,"[classics, plays]"
372,Arwaraheem,[drama]
373,Lavinia,"[2008, plays]"
374,Ryan Ngo,[10th-grade-shelf]
375,Karen Ravn,"[danish, 4-stars, drama, owned, feminism, 2015, dover, norwegian]"
376,Fadeela,[]
377,Holly Jenkins,[]
378,Jolie,"[from-library, poems-plays]"
379,Killthepopular,[plays]
380,Marie-Pier Paré-Ruel,[owned]
381,Jonathan Megerian,[]
382,Vivian Mah,[]
383,Julie,[]
384,Nermeen Kamel,[]
385,Julia,[2016-read-harder-challenge]
386,Taylor Hardesty,[]
387,Dennis,"[scandinavian-lit, classics]"
388,Mahmoud Gamal El-din,[]
389,Soplada,[]
390,The Lit Room,[]
391,Sarah,[]
392,Izzi Hope,[]
393,Jess,"[plays, feminism, norway]"
394,Heba,[]
395,Hadrian,"[plays, fiction, scandinavia, norway]"
396,Mohammad Ali,[تئاتر-و-نمایشنامه]
397,Mark McKenny,[]
398,Rahil,"[best-ones, women, classic]"
399,Melora,"[literature, summer-challenge-2016]"
400,Kyle R,[]
401,Samantha,[]
402,Menna Kh.,"[favorite-books, books-i-own, drama]"
403,little  zizi,[]
404,Seda,[drama]
405,Юля Білоус,[]
406,Bethan,[plays]
407,Nilo,[]
408,Sara Cortes,[]
409,Saoirse Sterling,"[ahreet, masculine, ce19, bookshelf]"
410,Alice,[the-ones-i-read-for-school]
411,Lars K Jensen,[classics]
412,Tabitha Moonshine,[2011]
413,Marie-Frances,[]
414,Lexi Watts,[10th-grade-books]
415,Egzona,[favorites]
416,مسعود حسینی,[محبوب-ها]
417,Werehare,[]
418,Ally Owens,[10th-grade-books]
419,Andrea,[]
420,Carrie,"[audiobook, bpl]"
421,Rania Mahmoud,[]
422,Emerson Bahr,[]
423,a  Lena,[drama]
424,julieta,[]
425,Famma,[classics]
426,Lyn,[]
427,Gillian Murrell,[]
428,Tadiana ✩Night Owl☽,"[classics, bingo-2016]"
429,Anwesha Chakraborty,[]
430,Vanessa Ruiz,[]
431,Ellen,"[play, classic, feminism, 19thc-pd, realism]"
432,Julie Rylie,"[strongly-recommend, feminist]"
433,Jonathan,"[2015-reads, classics, read-for-school]"
434,Mary,"[humor, historical-fiction, classic-lit, breaux-bridge-library, audible-listen, 2016-book-challenge]"
435,Ellee,"[drama-megalist, less-than-200pgs]"
436,Bradyn Owens,[10th-grade-books]
437,Mike,"[realistic-fiction, classics]"
438,Se Min Park,[]
439,د. كرم,[]
440,Neha,[]
441,Inwoo,[]
442,Karine Mon coin lecture,"[classics, theater]"
443,Kristin Longenecker,[]
444,Priscila,"[classics, my-library]"
445,Leonidas,"[theatre, xxs, 1800s, 2016, _nordics, challenge16-alphabet]"
446,Jenna Seaman,[]
447,Naamat,[مسرح]
448,Kerstin,[]
449,Tushmit,"[older-fiction, plays-scripts, reading-challenge]"
450,David,"[theater, feminist-action]"
451,Mme. Bookling ~,[]
452,Bob,[]
453,Jimmy,[top-100]
454,Juan David,[]
455,Jade,[]
456,Brett Taylor,[]
457,Gale,"[european-setting, drama]"
458,Jackson Tobler,[10th-grade-books]
459,Mitzi Moore,[classics]
460,Shelley,[]
461,Carolina Morales,"[you-can-t-miss-this-one, drama, identity, female-issues, domestic-abuse, psychic-trauma]"
462,Katie,[]
463,Jeongeun Kim,[]
464,Seth Jones,"[librivox, literature, audiobook, translation]"
465,Ayesha Ali,[]
466,Ahmad  Ebaid,"[أدب, فلسفة]"
467,Caitlin,[]
468,Hani,[]
469,Olga Castro,[]
470,Devin Ross,[10th-grade-books]
471,Rebecca Clyburn,"[classics, plays, as-recommended]"
472,jane,[]
473,Elena,"[savoured, classics, family, norway, plays]"
474,Rinda Elwakil ,[]
475,Katharina,[e-books-2016]
476,Araz Goran,"[أدب, أدب-المسرح]"
477,Haleth,"[narrativa, teatro]"
478,Mahmoud Radi,[]
479,Realini,[]
480,Niina,[classic]
481,Gracie Harris,[school-books]
482,Kelsie,[]
483,Anastasia,"[0-2011, teatro]"
484,Kavita,[classics]
485,Chelsea,"[fiction, school, plays, 2000to2005]"
486,Carlie,[]
487,Mohamed Elmasry,[]
488,Alex Zbarcea,[]
489,Sara La porta,[]
490,Diana,[]
491,Diane,"[kindle-download, 2016-books-read]"
492,Jenni,"[klassikot, näytelmät]"
493,Kristen Lo,[plays]
494,Ava,[]
495,Alison,[]
496,علی,"[plays, modern-classic-drama]"
497,Kezia Miller,"[school, read-more-than-once]"
498,J.B. Shearman,[plays]
499,Praveen,"[favorite-s, classics, plays]"
500,Manik Sukoco,[]
501,Lindsey Sparks,[]
502,FeReSHte,"[play, feminism, sweden]"
503,Linda,"[classic, historical-fiction, plays]"
504,Nacho,"[clásicos, teatro, hcc]"
505,Monica,"[classici, simply-the-best, teatro]"
506,Amira Hafez,[]
507,Núria,"[mios, 5-favoritos, teatro, literatura-escandinava, decimononicos]"
508,Traci,[]
509,Razan Akkad,[]
510,Logan LeDuc,[]
511,Abhishek,[]
512,Marie,"[play, norway]"
513,Ramonz,[]
514,Neda,[drama]
515,Dorottya,[plays]
516,Jennifer Nanek,[]
517,Skye Skye,[]
518,Mohamed Aboulazm,[]
519,Su,"[feminismo, breves, teatro]"
520,Morgan,[]
521,تماضر المهدي,"[plays, classics]"
522,منى علام,[]
523,Anabel (inthebookcorner),[]
524,Marilee,[plays]
525,Sysyphe,[]
526,Hend,"[plays, henrik-ibsen, nordic-literature, european-literature]"
527,Al,[]
528,Aakansha Jain,[]
529,Vigdis,[]
530,Surabhi,[]
531,Emily,[]
