,user,tags
0,Krisette Spangler,[fiction]
1,Gina,[]
2,Leah,[]
3,Jim,[]
4,Aaron Newcome,[]
5,Marie-Paule,[]
6,Taka,"[japan_jul07-aug11, modernist_lit, american_lit]"
7,globulon,"[books-i-own, fiction]"
8,Mariah Christensen,[]
9,Ncabroad,[]
10,Linnea Peckham,[]
11,Dan,[]
12,Matthew Murawski,"[all-stars, reviewed]"
13,Jack Long,[]
14,Becca Hoetger,"[classics, book-club-2]"
15,Shirley,[]
16,Moxie,[]
17,Richard Barrow,[]
18,Lex,[]
19,Emily Sullivan,[]
20,Laurie,"[20th-century-classics, 2015]"
21,Bernard Norcott-mahany,[]
22,Charlotte,[]
23,Jillian,[classics]
24,§--,"[least-favorites, novel]"
25,Myamy,[]
26,Wren,[]
27,Lara,[modernism]
28,Chrissy,"[modern-classics, recommended-by-friends, southern-gothic, modern-lit]"
29,Jason Makansi,[lifetime-best-reads]
30,Bryant,[favorites]
31,Paul,[]
32,Bob Pearson,[]
33,Kellie Alley,[]
34,Howard,"[odd-style, world-literature-top-100]"
35,Ahmad Sharabiani,"[fiction, literature, 1001-book]"
36,Darren,[]
37,Matthew,[]
38,Eddy,[]
39,Rick,[]
40,Eric Waterbury,[]
41,Yaaresse,"[for-book-club, classic-fiction, southern-fiction, 19th-century-setting, american-south, fiction]"
42,Lydia Nolan,[re-read]
43,Janet,"[us-fiction, classics, civil-war, relieved-to-finish, stop-sniveling-and-eat-a-bigger-bre]"
44,Jerrica,[midd-junior-and-paris]
45,Bruce,[]
46,Alan,[]
47,Lauren Albert,[fiction]
48,K.M. Weiland,[]
49,David J.,[]
50,Fairouz,[]
51,"Marilyn Fritzler,",[]
52,Susan,[]
53,KFed,"[graduate-school-reading-year-one, 2010, graduate-school-reading-year-2, 2011, generals-exam-reading, favorites]"
54,B. Morrison,[]
55,Martha Johnson,[]
56,Amanda,[]
57,Alyssa,"[classics, owned]"
58,Leonore,[]
59,Emily Whelchel,[]
60,Cynthia,[]
61,Clara,[]
62,Jennifer,[1001-books-you-must-read-2007]
63,Rachel K,[]
64,Jared,"[all-time-favorites, good-literature, good-historical]"
65,Robert,[]
66,James Maxey,[]
67,Nick,[]
68,Shannon Bryant,"[my-college-days, read-for-fun, favorites]"
69,Alberto,[]
70,Tom,[]
71,Clayton Adamson,[]
72,Patrizia Galli,[favorites]
73,Moozer,[other-stuff]
74,metaphor,"[lost-generation, william-faulkner]"
75,K.D. Absolutely,"[1001-core, southern, american]"
76,Angela Demott,"[favorites, book-club-where-no-one-commits]"
77,dbirdan,[]
78,Tony Villatoro,"[read-in-2014, fiction]"
79,Ben,[]
80,Christine,[]
81,Ami Nicholson,[]
82,Mark Robert,[]
83,Lani,[]
84,Nazanin,[]
85,Claire,"[depressing, beautiful, gamechanger, favorites, pain-in-the-brain, southern-stuff]"
86,Brad,"[much-better-than-it-reads, the-daunting-shelf, lost-reviews]"
87,Aketzle,[]
88,Sofía (Софья),"[premio-nobel, usa-literature, harold_bloom-s_canon]"
89,Stephanie Ricker,"[southern-american, classics]"
90,Alex aleX,[]
91,Igor,"[original-in-english, history, read-in-english, books-that-i-couldn-t-finish, 20th-century]"
92,Terence Carlisle,[]
93,Emily Thompson,[]
94,Ginny_1807,[]
95,Jared Colley,[fiction]
96,Laurie Neighbors,[]
97,Heather,[]
98,Anomander Rake,[]
99,Kathleen,"[read-for-college, ebook, american-lit]"
100,Rachel (Sfogs),"[1001-books, bookcrossing]"
101,Brian,"[read-2008, nobel]"
102,Lori,[]
103,Jareth Woodson,[]
104,J.B. Lawrence,[]
105,Liz,[]
106,Jane-Rebecca,[]
107,Justin Hiner,"[lit-the-south, 20th-century, lit-american]"
108,Lauli,"[usa, 1001-books-eng, 1001-books-sp, nobel-prize, blooms-canon, modern-library-100]"
109,Annathelle26,[historical-fiction]
110,Gail,"[american-civil-war, classics]"
111,Gaia,[]
112,Aileen,[1001-books-i-ve-read]
113,Erik,[]
114,Dirk-Jan,[amerikaanse-literatuur]
115,Natalie,[]
116,Nathan,[]
117,Lucas,[]
118,Joel,[]
119,Mary Burns,[]
120,Ryan,[]
121,Will,[favorites]
122,Martin,[]
123,Kelly,[]
124,Lisa,[]
125,Johan,[]
126,Lise,[]
127,Diane Stewart,[]
128,Adeliny Mudrauskas,[]
129,Mark Sacha,"[favorites, southern-gothic]"
130,Ali,[]
131,Becky Sundseth,[]
132,Leslie,"[classics, 2011]"
133,Irene,[]
134,Kevin Brubaker,[]
135,Kathy  Petersen,"[read-non-mystery-fiction, x-feb-14-thru-jan-15, faulkner]"
136,Paul DeBusschere,[]
137,Nicole~,"[faulkner, southern-fiction]"
138,Dina Goluza,"[nobelovci, 1001-read, 2015]"
139,JSA Lowe,[]
140,Brian Willis,[]
141,Nicholas Armstrong,[]
142,Robin Friedman,[]
143,Sini,[]
144,Pat Padden,"[favorites, classics-book-discussion-selection, fiction, mystery, classics, literary-fiction, historical-fiction]"
145,Ralowe Ampu,[]
146,Gordon Howard,[]
147,Blythe,[]
148,Christopher Sutch,[]
149,Ashley,[]
150,Seamaiden,[school-related]
151,Mel,[]
152,Miranda,[]
153,Michael,"[fiction, classics]"
154,TheGirlBytheSeaofCortez,"[classics, american-classics, stream-of-consciousness, nobel-winning-authors, southern-authors, literary-fiction, favorites, family-dramas, american-authors, southern-gothic]"
155,Adam,[read-in-2015]
156,Dominic,"[classic-literature, favorites]"
157,Peter Greenwell,[]
158,Sam,"[reviews, university, challenge-1001-books, read-in-english, staatsexamen_research]"
159,Arley,[]
160,Ras,[]
161,Gary,[favorites]
162,Lacy,[]
163,Liam,"[c20th-prewar, downbeat]"
164,Kate,[it-has-been-a-long-time]
165,Aaron Brame,[]
166,Duncan,[]
167,Casey Hampton,[classics]
168,Craig Amason,[]
169,Sean Smith,[]
170,Jack Lindgren,"[united-states, 20th-century]"
171,Kevin Hinman,[]
172,Vivian Valvano,[]
173,Deborah,[]
174,matt,"[fictions-of-the-big-it, top-shelf, shattering, re-readers]"
175,Lorin Elizabeth,[]
176,India Braver,[]
177,Maureen,[]
178,Emiko,[]
179,Lyndie Blevins,[]
180,Sharell Schwarzer,[]
181,Mike Puma,"[favorites, re-read, 2010, classic-lit, nobelist, 2012]"
182,Powder River Rose,[]
183,Emilymenz,[]
184,Mariel,[]
185,Corinne,[]
186,Mickey,[]
187,Edwin Arnaudin,[]
188,Erin,[modernist-literature]
189,Kevin,[own-books]
190,Taylor Kate Brown,[]
191,Cherchirish,[]
192,Mr. Brammer,[]
193,Katie Lowry,[]
194,Madisson,[2015-read]
195,Chuck Breitzman,[]
196,Shannon Paul,[top-10]
197,Kai Lukoff,[]
198,Kim Serene,[]
199,Hank Hoeft,[]
200,Jaslyn Hutchinson,[]
201,Neddougherty,[]
202,Rebecca,[]
203,B,"[classics, stunning-prose]"
204,Justin,[5-stars]
205,Patrick,[]
206,Andy Miller,[]
207,Kathleen Swayze,[]
208,Catherine Blass,[american-lit]
209,Gabriel Valjan,[]
210,Hannah Beth,[]
211,Bart Everson,[]
212,Galan,[]
213,Peter,[]
214,Katievida,[]
215,Luciano Losiggio,[]
216,Chungsoo Lee,[]
217,Nate D,[read-in-2009]
218,Craig Francisco,[]
219,Kimberly,"[pre-2008, undergraduate, hated-it]"
220,Will Kenyon,[]
221,Amerynth,"[1001-books, fiction, dysfunctional-families, read-2015]"
222,Jody,[]
223,Holly,[]
224,Suzanne Van Horn,[1001bookstoreadbeforeyoudie]
225,Jean Bond,[]
226,Hannah,[]
227,PR,[]
228,Devon,[own]
229,Kim,"[all-time-favourites, audiobook]"
230,Colleen,[]
231,Lynn,[]
232,Juushika,[status-owned]
233,Alex Brooks,[]
234,Brad Jenkins,"[civil-war, fiction-suspense-thriller, classics]"
235,Jason Burkhardt,[]
236,Jessica,[]
237,Pardis Parto,[]
238,Lostinanovel,[]
239,Brandon Thompson,[]
240,Benoît,[]
241,Christina Packard,"[1001-adult-1305, 1001-adultread-1305, y-novel-100, y-world-library-100-best-books, y-radcliffes-100-best-novels]"
242,Jason Koivu,[fiction]
243,Juliet,[]
244,Sarah,[outside-of-top-100]
245,Matt,[]
246,Ian,[]
247,Allisonabbott1,[]
248,Kay Williams,[]
249,Regan,[]
250,John P.,[]
251,Anna,[]
252,Aprile,[]
253,Tiffany France,[]
254,Iamjudgedredd,[]
255,Fred,[faulkner]
256,Jill,"[classics, american-lit, quit-reading]"
257,Jacob,[]
258,Kristýna,[american-lost]
259,Michelle,"[books-to-reread, classics, favorite, books-i-own]"
260,Megan Baxter,[]
261,Roger Brunyate,"[race-slavery, nobel-laureates]"
262,Zhara,"[literary-fiction, literary-noir, literary-oddites, modernist, favorite-books, modern-classics, stream-of-consciousness, southern-literature, not-for-the-p-c-or-the-screamish, the-absurd, comedy-of-menace, southern-gothic, family-secrets, books-i-own]"
263,Tim Colgan,[]
264,Bogdan Rat,[favorites]
265,Jamie Sigal,[]
266,William Tatsch,"[books-i-never-want-to-see-again, southern-voice]"
267,Siria,"[20th-century, historical-fiction, american-fiction]"
268,Jeffrey Keeten,[southern]
269,RitaSkeeter,"[classics-american, 2014]"
270,Renato Magalhães Rocha,"[the-novel-100, 100-best-books-world-library, 2014, all-stars, reviewed, 1001, faulkner]"
271,J.,"[favorites, 2009-reads]"
272,Bob R Bogle,"[faulkner, the-south]"
273,Terri Jacobson,"[classics, literary-fiction, aab, 5-star-only]"
274,David Oskutis,[]
275,Vit Babenco,[]
276,Jed L,[100-best-books-list]
277,John,[classics]
278,Joseph Fountain,"[american-literature, modernism, 3-and-one-half-stars, stream-of-consciousness, nobel-prize-winning-author, pulitzer-prize-winning-author, southern-gothic, william-faulkner, 19th-century]"
279,Elizabeth Adams,[]
280,Gerry LaFemina,[]
281,Ravena,[]
282,Jake Engels,[]
283,LemonLinda,[]
284,Mathew,[]
285,M Rothenbuhler,[]
286,Jed Butler,[]
287,Nicholas Whyte,"[non-genre, xz, 2014, 1401]"
288,Belen,[]
289,Maggie,[]
290,Nicholas Sangiacomo,[]
291,Jason,[]
292,Jgsauls,[]
293,Ryan Davis,[]
294,Steve,[]
295,Karen,[audiobook]
296,Andrew Hathaway,[]
297,Lawyer,"[southern-literature, american-civil-war, 19th-century, sexuality, william-faulkner, yoknapatawpha-county, racism, southern-class-and-culture, southern-gothic, 2012, slavery, incest, miscegenation, oral-history, stream-of-consciousness, revenge, compson-family, sutpen-family, colfield-family, antebellum-south, post-bellum-south, reconstruction, virginity, 2015]"
298,Keegan,[]
299,Verity W,[]
300,Tyler Jones,"[books-that-changed-my-life, southern-fried-fiction]"
301,Jeremy,[american-fiction]
302,DoctorM,"[hearts-of-darkness, modern-lit]"
303,David Haws,[]
304,Sue Davis,"[american-classics, american-south]"
305,Macoco G.M.,[]
306,Surreysmum,"[1983, classics-american]"
307,Jaap,[bibliotheek]
308,Myles,[favorites]
309,Richard,[]
310,Troy Soos,"[faulkner, fiction, classics]"
311,Nick Kowalczyk,[]
312,Melanie,[]
313,Sandra,[]
314,Evan,[]
315,Beth,"[1001-books, around-the-us, alphabonkers]"
316,Fredy,[]
317,H.J.,[]
318,Sarah Pass,[]
319,Phil,[]
320,Trevor,[literature]
321,Bethany,[fiction]
322,Woody Sanderson,[]
323,Tejas Desai,[]
324,Vincent,"[classic-literature, faulkner]"
325,Kenneth,[]
326,Katy Murray,[]
327,Dori,[]
328,Rachel,[]
329,Kelly Goffin,[]
330,James English,[]
331,Matthew Rothschild,[]
332,Sloane,"[school-books, classics, favorites, historical, reviewed, 101-on-the-bucket-list]"
333,Angie,[favorites]
334,jesa,[]
335,Tim,[]
336,Courtney,[]
337,Leka,"[america, lettere-l]"
338,Laura,[books-from-class]
339,Jeffrey,[]
340,Becky,[]
341,Hannah  Messler,[]
342,Christi,"[reread, historical-fiction, fiction]"
343,Ian Kennedy,[]
344,Ken Moten,"[favorites, 20th-century-modernist-stuff]"
345,Christa,[]
346,Hossein,[رمان-خارجی]
347,Juan Carlos M,[books-that-i-own]
348,Brian Patrick,[]
349,Marcus,"[read-again, canon, southern, fiction, southern-gothic]"
350,Jared Ure,[]
351,Justo,[]
352,Greg,"[classics, literature]"
353,Francesca,[]
354,Kristel,"[1001-books, 1001-challenge]"
355,Sara Berinhout,[]
356,Mackay,"[fiction-literary, classics]"
357,Oliver Bateman,[favorites]
358,Kelsey Lancraft,[]
359,Julie,[re-read]
360,Laur K.,"[classics, not-my-cup]"
361,Julia,[]
362,Trisha,[classics]
363,Aastha,[]
364,Steffi,[genres-southern_gothic]
365,Melinda Jane Harrison (Girls and Their Goblins),"[american-literary-fiction, a-fable-really, gothic, nature-and-man-themes, loved, 10-stars-really, characters-you-cannot-forget, class-issues, domestic-family-issues, the-haunted-mind, brilliant-fiction, prose-master, original-fiction, changed-my-life, genius-plot, i-was-born-in-this-place, sui-generis, completely-fascinating-fiction, characterization-is-great, could-write-thesis-on-it, big-influence-on-me, heartbreaking, setting-as-character, 2014-favorite-reads, flashback-as-story, carefully-plotted, enclosures-and-escapes, fiction-as-metaphor, classic-literature, dense-writing-and-plot, big-story, big-cast-of-characters, defense-mechanisms, beloved-and-favorites-books, 2014-read]"
366,Marcia,[hefty-tomes-for-2016]
367,L F,[]
368,William Crosby,[]
369,Daniel,[]
370,Vasco Ribeiro,[]
371,Nicholas,[fiction]
372,Potomacwill,[]
373,Hadrian,"[american, fiction, favorites]"
374,Gill,[]
375,Mark McKenny,[]
376,Rachel Ninnette,[]
377,John Molina,[]
378,Wardell J.,[]
379,Christopher,[]
380,Katherine Ripley,[]
381,Javier de la Peña Ontanaya,[]
382,James,"[2012, audiobook]"
383,Philip Knoerzer,[]
384,Sterling Sydney,[]
385,Eddie Watkins,[american-fiction]
386,Come Musica,[]
387,Michele,[]
388,Sentimental Surrealist,"[historical-fiction, literature, classics, southern-gothic, 1936, 1930s, 1001-books, collection, best-ever-ever]"
389,Michael Steger,[]
390,Michał Gajewski,[]
391,John Drumm,[]
392,Վոլտ,"[classic, translated, southern-gothic, summer-2016]"
393,Nicholas Yingling,[]
394,Perry,"[gothique-ou-du-sud, mississippi-autoři, on-deck-4-review]"
395,Mara,[]
396,Marissa Musk,[]
397,Qiana,"[favorites, books-i-teach]"
398,Mark,[]
399,Andy,[]
400,Ellen,[]
401,Jonathan,"[southern-gothic, owned]"
402,Mary,[read-for-school]
403,Mike,[]
404,Kira,[]
405,Missreb,[]
406,Ted,"[lit-american, read-in-20s, classics, beach-mixed, have]"
407,Stephen Durrant,[]
408,Enrico,[]
409,Kayla,"[books-i-own, 1001-read, classics, school, reviewed]"
410,Dave,[]
411,Robby Hunter,[]
412,Chris,[fiction]
413,Rambambambam,[]
414,Abby,"[fiction, american-lit, christ-church, re-read, best-novels, nobel-laureate, southern-lit]"
415,Belle Welsh,[]
416,David,[]
417,Marty Seaney,[]
418,Raúl,"[narrativa, novela, literatura-erótica, literatura]"
419,Jimmy,[]
420,Leigh,"[genre-novels, rating-five-stars, assigned-undergrad, 1925-1949, rereading, location-out-from-library, wag-book-club]"
421,Samuel Breed,[favorites]
422,Rob,"[lit-studies, definitive, fiction]"
423,Valentina,[]
424,Catherine,[]
425,Hale Andrews,[]
426,Lynne,[]
427,Iago Fernández,[]
428,Dorothy,"[american-classics, re-reading]"
429,Chloe Coulson,[]
430,Katie,"[classics, 4-star, college-school]"
431,Rachel Terry,"[nobel-prize-winners, classics]"
432,Shaw,[]
433,Laura Jean,[]
434,Juan,[]
435,Aaron,[esoteric-favorites]
436,Ruth,[]
437,Meredith Cenzer,[]
438,Shawn,[]
439,Jamie,"[1001-books, read-in-2012, 2012-reading-goals]"
440,Greyson,[]
441,Amy,"[time-tested-and-approved, the-weight]"
442,Laginestra,"[l, americana, isola, deserta]"
443,Fred Kontur,[]
444,Realini,[]
445,Diane Barnes,[]
446,David Xavier,[]
447,Sidra,[]
448,Brandon,[]
449,Jenny,"[read-2013, best-ever]"
450,Diana,[]
451,Diane,[]
452,Osvaldo,[]
453,Joseph,"[fiction, favorites]"
454,Joanna,[]
455,Frank Hestvik,[]
456,Ava,[]
457,علی,[novels]
458,J.B. Shearman,[]
459,Samantha,[]
460,Mel Bossa,"[0012-to-buy, 0008-fiction]"
461,Josh,[]
462,Edward,"[own, north-america, fiction, 5-star]"
463,Melissa,[]
464,Linda,"[fiction, favorites]"
465,Larry Bassett,"[historical-fiction, southern-writers]"
466,Nate,"[favorites, nobel-winners, reviews, read-2015-cycle]"
467,Francisco,[]
468,Curtis,[]
469,Mat,[]
470,Emilian Kasemi,[]
471,Núria,"[5-favoritos, prestados, literatura-en-ingles, siglo-xx]"
472,Traci,[fiction-novels-best]
473,Andrew,"[general-fiction, great-american-novel]"
474,Lee Edward,[]
475,Stephen M,"[i-dont-even, thinking-of-a-dream-i-had, i-am-moving-to-the-south]"
476,Elalma,[righe]
477,Tracy,[book-group-books]
478,Marie,[]
479,Asher Fried,[]
480,AC,[novels-english-written-in]
481,Alex,"[english-read, novel, usa, fiction]"
482,Cindy Rollins,[2014]
483,Marcelo,[]
484,Robert Hyman,[]
485,Morgan,"[chrs, fiction-nos]"
486,Steve Poling,[]
487,Emmett,[2015-read]
488,Elizabeth,[]
489,Scott Sanders,[]
490,Ioana,[]
491,corey,[]
492,Scott,"[book-club-read, book-club-nominees]"
493,Byron Norsworthy,[]
494,Frank,"[1001-books-you-must-read, classic]"
495,Emily,[favorites]
496,Brenda Ketah,[]
