,user,tags
0,Franzerli,[owned-book]
1,Northpapers,[]
2,Brett,[]
3,Chrissie,"[soviet-union, hf, relationships, audible, love, 2014-read, classics]"
4,Fil,"[preferiti, preferiti-top20, sec_ottocento, naz_russia, 1001-libri, romanzi_lunghi]"
5,MizzSandie,"[bored-so-bored, wouldnt-couldnt-finish, partly-read, youre-doing-it-wrong, let-me-edit-that-for-you]"
6,Marvin,[]
7,Emelyn,"[favorites, classics, 19th-century, russian-literature]"
8,Pepe Barrascout,[]
9,Connie (Ava Catherine),"[challenge, favorite-books, classics, russia]"
10,Coleccionista  de finales tristes ,[]
11,Suzanne Moore,"[ashe-spring-challenge, books-to-movies]"
12,Mamdouh Abdullah,[favorites]
13,an ocean of passions ,"[best-books, favorites, segundo-reto-de-2016-cluedo-v2]"
14,Nelson Zagalo,"[bloom_list, literary_canon]"
15,Carla,"[biblioteca-pessoal, 2015]"
16,Sahar,[]
17,André,[]
18,Kevin,[]
19,Dolors,"[best-ever, read-in-2014]"
20,María Clara,"[2012, 2015, club-de-lectura, español, favorites, on-my-shelf]"
21,Ahmad Sharabiani,"[historical, classic, fiction, literature, romance, russia]"
22,Matthew,[]
23,Ahmet Kara,"[top20, top100]"
24,Jane,[]
25,Lucrezia,[]
26,Jana,[]
27,C.S. Burrough,[]
28,Jessica,[classics]
29,Travelling Sunny,"[1305-read, nook]"
30,Sally,[]
31,Lina,[]
32,Nyamka Ganni,"[classics, romance, fiction, historical-fiction, russian-lit]"
33,Somayeh Pourtalari,[]
34,christa,[]
35,KFed,[]
36,Paula Gonzalez,[favorites]
37,Ebaa,[]
38,Amanda,[my-favorites]
39,Gailė Ne,[]
40,Corinne,"[2012, family, strong-female-characters, social-commentary, translated, russia, tragedy, suicide, long-book, adultery, marriage]"
41,Haman,[world-novel]
42,Ella,"[favourites, romance, classics, historical, fiction, beautifully-written]"
43,Pamela J,[]
44,Alice Poon,[favorites]
45,Jey,"[favorites, russian-lit]"
46,Mina Ajjam,[]
47,Nick,[spring-2016]
48,Muhammad Galal,[foreign-literature]
49,S.,"[500-plus-pages, 5-stars, 1001-list, russia]"
50,Jen,[]
51,Shayantani Das,[cherished-forever]
52,K.D. Absolutely,"[classics, 1001-core, favorites]"
53,Theresa Leone Davidson,[]
54,Asae,[]
55,Katherine,"[book-to-movie, classics, 19th-century, gilmore-challenge, thanks-oprah]"
56,Rachel,[]
57,Ben,"[favorites, russian-lit]"
58,ThomasProv,[]
59,Asha,"[tearjerkers, favorites, owned, 2012, books2movies, tolstoy, ebooks]"
60,Arwen56,"[romanzi, lett-russa, russia]"
61,Natacha Pavlov,"[russian, classics, historical-fiction]"
62,Alison Preece,[]
63,Brad,"[most-hated, classic, meta-review, matches-and-lighter-fluid]"
64,Bram,"[favorites, the-russians]"
65,Anastasiya,[]
66,Pierre E. Loignon,[litterature]
67,Nusrah Javed,[favourites]
68,Ginny_1807,"[riletti, classici-russi]"
69,Kathleen,[]
70,Sara,"[ame, russian-lit]"
71,Glenn Sumi,"[favorites, before-1900, not-usa-can-uk, classics, guardian-1000]"
72,Lu,[gdl]
73,Justin Evans,[fiction]
74,Liz,"[classics, worth-re-reading, russian]"
75,Jason Pettus,"[personal-favorite, classic, victorian, character-heavy, europe]"
76,Versha,"[almost-favorites, own-it, read-in-2014, huge-ones]"
77,Guy Portman,[]
78,Deanna McFadden,[]
79,Kat,[]
80,Mayra,"[excellent, re-read, favorites]"
81,Teryna90,[]
82,Renee,[classic]
83,Samantha Lenkic,[]
84,Hammad Alhajri,"[favorite, 2016]"
85,Fahad,[]
86,Kelly,"[fiction, 19th-century, russians, grande-dames, mawwiageiswhatbringsustogethertoday, woundedsoulsandfragileflowers, grand-opera]"
87,Raven Snow,[classics]
88,Sean,"[read-in-2012, 19th-century, russian]"
89,JG (The Introverted Reader),"[fiction, classics, z_read_in_2009, translations, reviewed, on_the_screen, 3_stars, z_setting_russia, z_author_russian]"
90,Simona Bartolotta,[1800]
91,Gabriele,"[letteratura-russa, owned]"
92,Molly Ringle,[]
93,Nikki,[classics]
94,Britany,"[classics, books-to-film, 500]"
95,حسين إسماعيل,[]
96,Cecilia,"[classics, reviewed-books, romance, discovered-or-learned-something-new, zzzzzzzzzz, read-for-school, you-annoy-me, movie-tv-adaption, 2-stars-and-a-half, could-there-be-a-word-limit-plz]"
97,Lizzie,"[heard-of-it, 2012, existential-romance, long-book-is-long, 1001-books, seen-the-movie-though, own, in-translation, public-domain-or-creative-commons]"
98,Selim,"[favorites, russian-literature, classics]"
99,Carmo,"[russos, vi-o-fime]"
100,Anirban Nanda,"[must-read, classic, imaginative, masterpiece, classics-bingo]"
101,rachel,"[own, 2011]"
102,Ashley,"[classics, books-read-in-2016, around-the-world-challenge]"
103,Michael,"[classics, 1001-books-to-read-before-you-die, russian, reread, translated-fiction, 19th-century]"
104,Cat,[]
105,Nostalgebraist,[19th-century-lit]
106,Kate,[best-adultery]
107,Bailey Hull,"[assigned-reading, classics]"
108,Maha Maged,[]
109,Zahra Rhm,"[classic, audio-book, romance]"
110,Joseph,"[russian, should-have-read-long-ago]"
111,Marie Clarisse,"[female-protagonist, books-i-own, europe]"
112,matt,"[fictions-of-the-big-it, worldly-lit, shaggy-monsters]"
113,E.,[favorites]
114,Apatt,[classics]
115,Courtney Umlauf,"[bbc-big-read, 19th-century, classics-bingo-challenge-2016, read-in-2016]"
116,Emma Wallace,[classics]
117,T4ncr3d1,"[classici, russi, sfida-classici, sfida-mondo, sfida-mattonazzi, sfida-alfabeto, sfida-1001]"
118,Ana Maria Rînceanu,"[classics, 19th-century, read-in-2014, fiction, russian-literature, european-literature]"
119,Mariel,[]
120,Mariem,[]
121,Shauna,[]
122,Andrew Obrigewitsch,[classics]
123,Octavian,"[classics, favorites]"
124,Jenn(ifer),"[the-tops, you-should-read-this, the-russians, 5-f-ing-stars, read-in-2012, beach-reads, own, gr-group-coreads, my-reviews-that-dont-suck]"
125,Bushra,"[روايات-مترجمة, رومانسية, فيلم]"
126,Sammy,[d-the-bad]
127,Poncho,"[read-in-2014, russian]"
128,Hana,[]
129,Lavinia,"[fiction, 2011]"
130,Daria Bejan,[]
131,Tanja Berg,"[classics, all-time-favourites]"
132,Hugo,[2015]
133,Nimrodel,"[read-in-english, classics, russian-history, favorite-books]"
134,Caris,[]
135,Karima,[]
136,محمد سيد رشوان,[ورقى]
137,"Stephanie ""Jedigal""","[1001-books, audio, to-reread-someday]"
138,Leonor Lopes,[]
139,Andre Odysseus,"[favorite-books-of-all-time, classics, russian-literature]"
140,Deepti,[]
141,Ahmed,"[novels, fiction, translated]"
142,Kienie,"[read-in-russian, too-long, disappointing]"
143,Orcun,[]
144,Meredith,[er-book-club]
145,Ashkan Ansari,"[favorites, رمان-به-زبانهای-بیگ, ادبیات-کلاسیک-غیرف]"
146,Mãriuţa Talpã,[]
147,Daniel Rendón Flórez,[]
148,Lauren Moye,"[classics, book-to-movie, romance]"
149,Jyan França,[]
150,John Purcell,[]
151,Daniel Rios,[]
152,ليلى المطوع,[أدب-روسي]
153,Teresa,[]
154,Saddam Bouchaib,[]
155,Dottie ,"[oprah, trgbc, 1001-read, own, 2009]"
156,Emily May,[classics]
157,Junta,"[russian, translated, fictional-reviews]"
158,Maggie BB,[]
159,Ophan Bunjos,[]
160,Lucie Novak,[favourite]
161,Cheryl,"[international-intrigue, classic-lit, discover-europe, fiction, russian-lit]"
162,Leanna Kowallis,[]
163,Hannah,"[fiction, classics]"
164,M1ssb3rry,[]
165,Duane,"[rated-books, favorite-books, russian, 5-star-books, guardian-1000]"
166,Mahdi,"[محبوب-ها, فیلمش-رو-دیدم, داستان-خارجی]"
167,Fiona Angelica,[feminist]
168,Melanie_O,[]
169,Lucy,[favorites]
170,Nouhé AL-Fradi,[]
171,Jelena,[own]
172,John de' Medici,[]
173,Maryam,[]
174,Nataliya,"[russian-classics, 2012-reads, i-also-saw-the-film, books-from-childhood-revisited]"
175,Tyler ,[19th-century]
176,Frankie,[russian]
177,Sul6an,[]
178,Annabel Smith,[abandoned]
179,Samin,[seen-movies]
180,Liesa,[all-time-favourites]
181,Jason Koivu,[fiction]
182,Juliet,[favorites]
183,Florencia,"[favorites, russian, if-only-i-were-a-cat]"
184,Matt,[classic-novels]
185,helen the bookowl,[]
186,وليد الشايجي,[]
187,Mairéad (is roaming the Undying Lands),"[classics, ebooks]"
188,Ksenia Anske,[favorites]
189,Rola,[]
190,Marcello,[]
191,Bahar Saeb,[]
192,Kilburn Adam,[]
193,Vanessa,"[received-as-presents, classics, 2015-tbr]"
194,Paulo Hora,[]
195,Navessa,[poop]
196,لقاء السعدي,"[روايات, أدب-مترجم]"
197,Antonomasia,"[c19th, central-eastern-europe, divine-comedy-booklovers, ebooks-kindle, 1001-books, russia, 2015]"
198,Doreen,[]
199,Ivonne Rovira,[just-couldn-t-finish]
200,Matilde,[]
201,Chris Blocker,[]
202,Catarina Silva,[books-i-own]
203,Laurel Hicks,"[books-read-in-2008, audible, books-read-in-2010]"
204,Ng Xin,"[best-love-story-ever, favorites, kickass-main-character, gorgeous-words, 2016]"
205,Book Concierge,"[concierge, library, movie, classic, 19th-century, tragedy, audio, family, marriage]"
206,Patricia,[classic]
207,زهرة نيسان,[]
208,Madeline,[the-list]
209,Paula,[classics_-wc]
210,Austin Wimberly,[]
211,Terry,[]
212,Kataklicik,[]
213,Andrés Cabrera,[]
214,Jason,[read-in-2014]
215,Paul Bryant,[]
216,Coffee Bean ,"[ebooks, re-read, historical, classic]"
217,Steve,"[fiction, 2d-readings-the-good-stuff, favorites]"
218,Ali M.,[worthy-classics]
219,Orsolya,"[own, classics, favorites]"
220,Leo Robertson,[]
221,Moloch,"[narrativa, classici, narrativa_russa, gruppo_di_lettura, ebook]"
222,Jeremy,"[review, literary, translated-from-russian, canon, the-russians]"
223,Mollie,[]
224,Collin,[]
225,Margie,"[classics, historical-fiction, sense-of-place, sense-of-period]"
226,Anastasia Fitzgerald-Beaumont,[]
227,نبال قندس,[]
228,Lily,[]
229,Mostafa Siahkali Moradi,[]
230,Carolina Morales,"[favorites, loved-it-and-shall-read-again]"
231,Sheyda Dehghan,[]
232,Melanie,[alltimefavorites]
233,Roya,[good]
234,Dave Cullen,[]
235,Beth,[]
236,Guenda Ferri,[]
237,Justin Verselo,[]
238,Simon Hollway,"[russia, 2015]"
239,Linawings,[]
240,Ella Rissle,[favourites]
241,Trevor,[1877]
242,Anastasia ｼ,"[favorites, authors-t, 2013-reads]"
243,Belén,[ficcion]
244,Ana,[2014]
245,Inês,"[classics, owned]"
246,S©aP,"[1800, letteratura-russa]"
247,Khaled Mohamed,"[movies-plays, favourite, pdf, novels, best-books-for-ever]"
248,Wiebke (1book1review),[audiobooks]
249,Oly,[favoritos]
250,Amr الجندي,[drama]
251,Jackie ,"[rory-gilmore-reading-list, classics, 2015-priority, 2016-mt-vancouver-tbr-challenge, translated-fiction]"
252,Ellie,"[fiction, romantic, 1001-books, russian]"
253,Jamey,[]
254,Danielle,"[russian-literature, books-i-own, books-owned-physical]"
255,Laura,"[historical-fiction, audio-books, russian-fiction, drama, read-2012, fiction-19th-century, book-and-movie]"
256,Amandine,[19e-siècle]
257,Christi,[2007-reads]
258,Christy,[]
259,Carol,"[classics, historical-fiction, read-2014, cultural-russia, chunkster]"
260,Joanie,"[own, classics, 1001-before-you-die, russian, 2016]"
261,Sarah Shahid,"[historical-fiction, literature, novels, romance, womens, culture, classics, read-in-2014]"
262,Jasi,[]
263,Edan,[]
264,Dia,[]
265,Nicholas Karpuk,[]
266,Eloisa Mendoza,[]
267,Jay Connor,[]
268,Books Ring Mah Bell,[poop]
269,Roos,"[favourites, translations, classics]"
270,Carmen,[]
271,Tonino Mangano,[read-in-2015]
272,مروان البلوشي,[روايات]
273,Manny,[]
274,Kara,"[nook, classics]"
275,RandomAnthony,[favorites]
276,Cassandra Lê,"[russian-literature, political, philosophy]"
277,AJ Griffin,[]
278,Crystal Starr Light,"[classics, so-boring-it-s-boring, audiobook, book-to-movie]"
279,Sarah,[]
280,Lotz,"[highly-recommended-favorites, novels-novellas-short-stories]"
281,Heba,[]
282,Whitaker,"[canon, recommended-unreservedly, would-kill-if-thrown, russia, 2009-read, 3965p-box3]"
283,Brandi,[]
284,Zack,"[classics, historical-fiction, 2015]"
285,Samantha,"[classici, letteratura-russa]"
286,Leonard,"[literature-russian, literary-novels]"
287,Srividya,"[romance, kindle-owned, classics, 2016-reading-challenge, world-lit-2016, genre-2016, tomes-2016]"
288,Christopher,[]
289,Mohammed Yusuf,[]
290,Marina,[]
291,Sarah Anne,"[classics, 2016-jul, classics-2016-challenges, author-male]"
292,Kevin Mcspadden,[]
293,Alice,"[classics, victorian-era, russian-lit, owned, 19th-century]"
294,Elena Yurievna,"[russian, classics, audiobooks]"
295,Oumaima Karim Allah,[]
296,Warner West,[]
297,Raquel,"[rory-gilmore-challenge, bbc-top100-challenge]"
298,Scarlet,"[classics, really-good]"
299,Zahra,[]
300,ѦѺ™,[]
301,Simonetta,[]
302,Alex Kogay,[]
303,Sue,"[classics, read-in-2010, favorites, russia]"
304,Perry,"[amados-libros, libri-classici, my-fantasy-roster]"
305,Sincerae,[will-continue-later]
306,Wael Mahmoud,"[fiction, translated]"
307,Rıdvan,[]
308,Mark,[classics]
309,Peters100,"[favorites, classic-novels]"
310,Tina,"[fiction, classics, 2015]"
311,Cathy M.,[2013]
312,Lee,[]
313,Descending Angel,"[russian, tolstoy]"
314,Abdulla Awachi,[]
315,Stephen Durrant,[]
316,Cintia Andrade,"[favorites, tijolos, russovsky]"
317,Lina AL Ojaili,"[leo-tolstoy, favorites]"
318,Tanvi,"[reviewed-books, classics, 2016]"
319,Keith,[thisyear]
320,Marla,[]
321,Mafalda Afilhado,[]
322,Dawayr,[]
323,David,[literature]
324,Jimmy,"[russia, novel, male, and-a-half-stars, year-1870s]"
325,Yakup,[]
326,Ricardo Vicuña,[]
327,Flavia,[]
328,Joana M,[]
329,Reynje,"[book-everests-and-epicness, classic]"
330,Andrei Tamaş,[]
331,Krista,"[audiobook, 2014, classics]"
332,Fer,[dnf]
333,Pavel,[books-that-defined-my-art]
334,Molly Sargent,[]
335,[P],[bitchin]
336,Maria Beltrami,"[grandi-classici, narrativa-russa]"
337,Ahu Kader ,[]
338,Lydia,[]
339,peiman-mir5 rezakhani,[داستان-و-رمان]
340,Elena,[favorite-books]
341,Paula ★Ackerman Jaeger★,[]
342,Araz Goran,"[روايات, أدب, الأدب-الروسي]"
343,Nick McRae,"[books-i-strongly-recommend, books-to-teach]"
344,Arah-Lynda,[i-said]
345,Elizabeth of Silver's Reviews,[]
346,Ted,"[lit-russian, existenialism-wide, read-during-college, multiple-reads, classics]"
347,"Marija *Head High, Giving No Fuck, We'll Be The Ones They Hate*",[]
348,Jenni,[]
349,Louise,"[classics, romance, read-2012, book-group-reads, translated-fiction, male-authors, 4-stars, reviewed, library-book, book-group-classics-for-beginners, russian-fiction, new-authors-2012, doorstoppers]"
350,Mel Bossa,[0008-fiction]
351,Xandra,"[1899-and-before, russian-ukrainian, european, religion-atheism-myths, big-books, 1001-books]"
352,Linda,"[classic, favorites, historical-fiction, russian-literature]"
353,Iman,"[2-fiction, russia]"
354,Onaiza Khan,"[50-books-to-read-before-you-die, novels, 2016-is-all-about-women]"
355,Carey Combe,"[a-great-re-read, russian-classic-literature]"
356,Oriana,[read-2014]
357,A.,"[مترجمة-إلى-العربية, with-friends]"
358,atefe,[]
359,Lau,"[favorites, lit-exp-2013-hard, excelente, read-in-2013]"
360,Maria,"[favorites, classics]"
361,Isidora,[]
362,Alex,"[2010, reading-through-history, top-100, russia, rth-lifetime]"
363,Jubchili,[]
364,Katie Lumsden,[]
365,Patrícia,"[favorites-of-all-time, meus, foreign-literature, classic-literature, leituras-2012]"
366,Cass,"[150-books-by-the-same-authors, books-i-own, books-i-own-ebook, i-highly-recommend, 2012]"
367,Jan-Maat,"[19th-century, novel, read-in-translation, russia-and-soviet-union]"
368,Shannon (Giraffe Days),"[classics, 2007]"
369,Scott,"[read-in-2014, classics]"
370,Eman,"[favorites, books-i-own, classics]"
371,Emily,"[very-long-ago, fiction, 2014]"
