,user,tags
0,Thomas Rush,[]
1,Debbie Evancic,[]
2,Leah,"[favorites, wbn, pulitzer-prizewinner]"
3,Jim,"[jims-reviews, equality, race, social-issues, challenge-2015-strong-female-lead, challenge-2015-film-adaptations]"
4,Nishta Mehra,[]
5,Danni Green,[]
6,Michelle Ma Belle,[]
7,Charity Yoder ,"[lol-d, the-feels, i-blame-school]"
8,Annette,[historical-fiction]
9,Alana,"[books-to-film, historical-fiction, pulitzer-prize-fiction, boxall-s-1001-books, 2016-books-to-film, 2016-dusty-books]"
10,Max Davine,[]
11,Jepha,[50-in-52-2015]
12,Zanna,"[magical-realism, racism, history, usa, black-history, 500gbw, bechdel-pass, blackness, daughters-of-africa]"
13,Dan,[]
14,Rex Hsieh,[]
15,Elle,[f-o-r]
16,Casey,[2014]
17,Mallory,[]
18,Sarah Farmer-wright,[]
19,Bree,"[own, favorites]"
20,Kressel Housman,"[fiction, historical-fiction, fantasy, american-civil-war]"
21,Ananya,[]
22,Melissa Rudder,[master-s-exam]
23,Alix Mckee,[]
24,Bakari,"[fiction, african-american]"
25,MissSugarTown,[]
26,Kali,[]
27,Nelson Zagalo,"[top_70_general, nobel, new_canon_1985, literary_canon]"
28,Zorana,"[klasici, beletristika, nobelovci, 19-vek]"
29,Marlee Baldridge,[favorites]
30,Paul,[]
31,Suzanne,[2016-reads]
32,Tatiana,[]
33,Dolors,"[read-in-2013, best-ever]"
34,Deah ,[]
35,Joana,[read-2014]
36,Ahmad Sharabiani,"[historical, novel, fiction, 1001-book]"
37,Matthew,"[classic, least-favorite, historical-fiction, kindle, library, 2015, completist-book-club]"
38,Sofia .,"[estante-lidos, clube-de-leitura-burgo, 100-livros-a-ler-antes-de-morrer, livros-censurados]"
39,Lexi,[]
40,Aprilstar,[favourites]
41,Tj Covey,[]
42,Janet,[]
43,Bruce,[]
44,Georgene,[general-fiction]
45,Olivia,[]
46,Anna,[]
47, Danielle The Book Huntress (Self-Proclaimed Book Ninja),"[angsty-read, literary-fiction, magical-realism, african-american-experience, ghost, not-for-the-faint-of-heart]"
48,Sam Hogeweg,[]
49,Lina,"[classic-lit, thriller, african-american-lit, school-book]"
50,Mary Rose,"[for-university, history-major]"
51,Jocelyn ,"[historical-fiction, american]"
52,Emma,[]
53,jiawei Ong,[advisory-2011-2012]
54,Susan,[]
55,Stephen Murley,[]
56,Russell,[]
57,Kaysy Ostrom,[fiction]
58,KFed,"[graduate-school-reading-year-one, 2010, favorites]"
59,Krissy,"[audiobook, pgs-300-399, tagged-classics, cm-completed]"
60,Maggy,[]
61,Cassie  R. (cassie-loves-reading),"[read-for-school, read-in-high-school, why-did-i-read-this]"
62,Mark Bowles,[]
63,Clay,[]
64,Marta,"[historic, classics, race]"
65,Stephanie,"[fiction-historical, fiction-americas]"
66,aPriL does feral sometimes,"[favorites, awesomely-horrifying-loved-it, literary, historical-fiction]"
67,Lionzo,[]
68,Beatrice,[]
69,Shauna,[]
70,Elisabeth,[]
71,Jennifer,[]
72,fromcouchtomoon,[]
73,Elisha,[]
74,Andra,[favorites]
75,Jesse Crockett,[]
76,Lizzy,"[classics-literay-fiction, time-all-time-100, stars-5, read-2015, nobel-laureates]"
77,Kress,[]
78,Ariel,"[paranormal, tragedy, adult, historical-fiction]"
79,Jey,[af-american-lit]
80,Jim Jordan,[]
81,Nick,[]
82,Victor Zlov,[]
83,Tom,[]
84,Eng.Khalid Ib,[روايات-اجنبية]
85,Rita,"[american-fiction, south, african-american]"
86,Suezq,[2016]
87,Shawn (ThatOneEnglishGradStudent),"[fiction, horror, 20th-century, 2016-reads, 2016-favorites]"
88,Heba Al-salti,[original-language]
89,Shayantani Das,[]
90,Katelyn,[]
91,K.D. Absolutely,"[1001-core, 501, apartheid]"
92,Michelle ,"[20th-century-literature, fiction, classics, black-literature, history, american-fiction, biographical]"
93,Jo Ann ,"[historical-fiction, snakes-ladders-2012, library, american-usa, challenged-books, southern]"
94,Katherine,"[book-to-movie, pulitzer-prize-winners, classics, historical-fiction, 20th-century, gilmore-challenge]"
95,Andrew S.,[]
96,Glen Engel-Cox,[]
97,Christina,"[fiction, 1001-books-2006-edition, 1001-books-2008-edition, pulitzer, 1001-books-2010-edition, 1001-books-combined-edition, 2013]"
98,Christine,[]
99,Jenny Yates,[]
100,Dorka,[]
101,Chuck,"[fiction, pulitzer-or-nobel-prize, classic, review, namerica, owned, 50-states-51-novels]"
102,Mike ,"[still-under-my-skin, tear-jerker-hope-giving, always-go-back-to]"
103,Audrietapia,[]
104,Chinook,[500-women]
105,Sanaa,[2013-read]
106,Brian,[]
107,Eija,"[luettu-käännös, read-kauhu, read-maaginen-realismi, 1980-luku]"
108,Debbie S.,[audio]
109,Danielle,[]
110,Ginny_1807,[favorites]
111,Lorrie,"[fiction, historical, audio-book, toni-morrison]"
112,Maria Paiz,[]
113,Nicole,[]
114,Sharon,[]
115,Heather,"[501-must-read-books, own, modern-classic, award-winner-or-nominee, book-to-movie, magical-realism, amazons-100-books-to-read-in-a-life, gilmore-girls-list, 2016-read, country-us]"
116,Kathleen,"[class, amazing-dialogue, favorites]"
117,Samadrita,"[nobel-laureates, cherished, masterpieces, pulitzer, tear-jerkers, bygones-are-never-bygones, racism-slavery-post-colonial, psychology-psychological, in-by-about-america, magical-realism-surrealism, modern-classics, 1001-and-more, re-readable, adoration, amazing-characterization, disturbia, by-women-who-matter, gender-studies-sexuality, 500gbbw]"
118,Glenn Sumi,"[favorites, pulitzer-winners, nobel-winners, contemp-classics, guardian-1000]"
119,Haley Lash,[]
120,Nora,[painful]
121,Sheila ,"[book-club, slavery]"
122,Kate McDevitt,[]
123,Maida,"[paranormal, disturbing, dysfunctional-individuals-families, modern-library-s-100-best-audience, socio-economic, socio-psychology, maida-s-honorable-mentions, american-literature-20th-century, socio-political, female-issues-liberation-oppression, historical-fiction, societal-commentary-criticism, dark-fiction, classics, time-magazine-top-100-novels, pulitzer-prize, nobel-prize-in-literature, religion-philosophy, moral-dilemmas, racial-or-cultural-issues, issues-of-class-or-social-standing, trauma, 20th-century-literature, amazon-100-books-to-read, radcliffe-rival-top-100-novels-list, books-set-in-the-south]"
124,Mushrooms,[]
125,Jason Pettus,"[postmodernism, personal-favorite, classic]"
126,Tristan,"[kind-of-classic, critically-acclaimed]"
127,Molly,[]
128,Gail,[]
129,Juliette Barasch,[read-in-2015]
130,Alex Williams,[]
131,Barrett,"[on-real-shelf, bechdel-test]"
132,Richard Gilbert,[]
133,Giovanna Barreto,[]
134,Caitlin Trepp,"[classics, historical-fiction, can-lend, at-home, not-young-adult, read-2015, race]"
135,Jackie,"[classics, historical-fiction, 2016-read, 2016-re-read, magical-realism, reviewed-in-english]"
136,Bekka,[]
137,Kelly,"[horror, lit, spiritual, supernatural, depressing, feminist, fiction, southern-charm, moving, historical, love, losing-my-religion, cutting_for_pleasure]"
138,Lisa,"[classics, horror, prize-winners, literary-fiction]"
139,Joey,[fictions]
140,Garima,"[favorites, to-re-read, moments-of-huh, channeling-challenge, no-kidding, my-2-cents, read-between-south, wehmut]"
141,Matty,"[deployment-reads, 2016]"
142,Sariah,[]
143,Albyvintage,[gdl]
144,Deea,"[nobel, pulitzer]"
145,Blue,[]
146,sonnet,[]
147,Che,[]
148,Regine,[magical-realism]
149,Stacie C,"[30-years-theme, 2016]"
150,Nikki,[]
151,Jan,[]
152,Kelly (and the Book Boar),"[oprah-told-me-to, read-in-2015, liburrrrrry-book, i-is-smart]"
153,Melissa Jackson,[]
154,Britany,[classics]
155,Elias,[fiction]
156,Suzan,[]
157,طَيْف,[]
158,Crito,[]
159,Chantelle Atkins,[]
160,Trillian,[not-worthwhile]
161,Elsa Binder,[]
162,Tiia,"[heart-wrenching, 1001-before-you-die, historical, thought-provoking, about-america, 12-book-challenge-2015, 2015, masterful-quotes]"
163,Kelsey,[]
164,T.S.,[]
165,Nicholas Armstrong,[]
166,Rashika (is tired),"[historical, read-2015, for-class]"
167,Anirban Nanda,"[modern-classic, american-lit, modernism, cherished, to-re-read, morrison]"
168,Whitney,[i-own]
169,Amanda (Is Not a Panda),"[wtf-did-i-just-read, most-original, dark, not-quite-sure, 2015]"
170,Helen,[]
171,Ralowe Ampu,[]
172,Ashley,[]
173,Emma Bernardi,[]
174,Sub_zero,"[man-pulitzer-book-award-project, reto-2015]"
175,Michael,"[literature, 1980s, goodest-reads-2010]"
176,L,"[classics, the-personal-is-political, 2016, 1000blackgirlbooks, historical-fiction, adult-or-modern-fiction]"
177,Adam,[]
178,Dominic,[]
179,Kay,[]
180,Marlene,[]
181,Cary Barney,[tried-to-read]
182,Madziar,[]
183,Gary,[]
184,Kate,"[kindle, library, 2016]"
185,Charlie Zada,[]
186,Bryn,[]
187,Kirsty,[botns]
188,Guilie,"[literary, favorites]"
189,leighcia,[fiction]
190,Myrto,[books-i-own]
191,Rakhi Dalal,"[favorites, to-re-read, haunting, nobel-prized-author, magical-realism]"
192,Suresh Nair,[]
193,Mala Ashok,[]
194,Cate Brooks,"[dramatic, literary, bee-cave-book-club, audio]"
195,Deborah,[]
196,Elizabeth,[list-books]
197,Aubrey,"[5-star, reviewed, nobel-prize-people, books-are-the-best-invention, reality-check, cross-my-heart-and-hope-to-die, 1-read-on-hand, feminista, person-of-everything, r-2013, 500-wm, person-of-reality, r-goodreads, antidote-think-twice-read, antidote-think-twice-all]"
198,William,[summer-2014]
199,Joe,[]
200,Maureen,[]
201,Amanda Kennedy,[amazon-100-books]
202,Jee Koh,[]
203,Johann Guenther,[]
204,Miss Ravi,[رمان]
205,Bryce,[reread]
206,Valerie,"[classic, historical-fiction]"
207,Antonina Busalacchi,[]
208,Nuno Chaves,[2012]
209,➸ Gwen de Sade,"[read-2016, 2016-favourites, classics]"
210,Estelle,"[read-in-2015, fiction, 05-star, woman-author, prize-winner, usa, nobel-prize-winner, written-1980-1989, ohio, lifetime-achievement-author]"
211,Veronica ,[]
212,Salvatore,[]
213,Jane Gregg,[]
214,Cathal,[]
215,Owen,"[audio, library]"
216,Rachelle,[]
217,Ali Rogers,[]
218,Ivana,[]
219,Dylan ,[favorites]
220,Erik,"[classics, bepretentious, made-into-movie, bottom-shelf, detailed-review, crystal]"
221,Devlin Scott,[banned-books]
222,Eric,"[economics-and-world-affairs, cultural-criticism, history, marriage-and-relationships, classics, at-apl, to-read-in-2015, read-in-2015]"
223,Tasniem Sami,[]
224,David Ranney,[]
225,Gilla,[]
226,Pete Blameuser,[]
227,Miriam,[]
228,Vale,"[north-american-literature, pulitzer, women]"
229,Antoine Dumas,[]
230,Sandown Public,[]
231,Yuki Shimmyo,"[historical-fiction, pulitzer, southern-gothic, favorites, magical-realism, banned-books, nbcc-award-or-nom, 1001-books-read, literary-fiction, buttonhole-books, nobel-laureate, 2010, women-writers, anisfield-wolf-award, ysd-collection, library-of-congress-prize, postcolonial-lit-upenn, my-must-list]"
232,Rebecca,"[literary-fiction, historical-fiction]"
233,Robert Hays,[]
234,M.,[]
235,Zen Cho,"[literaryquoteunquote, magicalrealism, written-by-poc]"
236,Patrice,"[a-lifetime-of-books-challenge, paranormal-fantasy-scifi, 2015-books-read]"
237,Jesse Broussard,[]
238,Destri,[favorites]
239,Eloise Stone,[audiobooks]
240,Jennifer Ochoa,"[read-kept, favorites, 2015, challenge-pulitzer-winners]"
241,Sarah-Jane,"[literary-fiction, american]"
242,Rowena,[african-american]
243,Shane Malcolm,[novels-and-novellas]
244,Colin,"[favorites, black-lit, novels, feminist-lit, american-lit, best-of-the-best-of-the-besssst]"
245,Reyhane Bamdad,[]
246,Elisa,"[contemporary-fiction, favorites]"
247,kisha,"[favorites, african-american-fiction, classics, rereads, books-that-are-movies]"
248,Clint,[]
249,Katherine Tallent,[1001-books-before-you-die]
250,Mrs. Dalton,[]
251,Jody,"[on-my-e-shelf, amazon-100, time-top-100, aty-2016, rory-gilmore, planned-for-2016, 1001-before-you-die, guardian-1000, modern-library-reader-top-100, telegraph-top-100]"
252,Jesse Osborne,[]
253,Felisberto,[2013]
254,Di,[]
255,Caterina,[]
256,JudithAnn,"[america, classic, family, historical-fiction, slavery, supernatural, women]"
257,Susanna Meynle,"[one-of-the-best-ever, fiction, classics, historical, literary-fiction]"
258,Rebbie,"[favorites, classics, historical-fiction, magical-realism, horror, african-american, american-history]"
259,Tina Kacey,"[fiction, friendship-and-family, magical-realism]"
260,Kim,[]
261,Adam19,[]
262,Evan Leach,"[nyt-best-of-the-year, pulitzer-winners, 1980-1989, pulitzer-nominees, nba-nominees, nbcc-nominees, literary-fiction, historical-fiction, american-literature, novels]"
263,Joseph Fountain,"[american-literature, 4-stars, nobel-prize-winning-author, pulitzer-prize-winning-author, african-american-literature, pulitzer-prize-winning-book, 19th-century, gothic, magical-realism, toni-morrison]"
264,Sherilyn Lipke,"[classics, realistic, historical, never-going-to-read-again, difficult-to-get-through]"
265,Amy Brack,"[audio-books, 2015-reading-challenge]"
266,James,"[national-book-award, read-in-2013, audio-13, mccaffrey-100]"
267,Remittance Girl,[]
268,Rachel Holtzclaw,[]
269,Heidi,[]
270,Πάνος Τουρλής,[]
271,Banke Awopetu-McCullough,[]
272,Jessica,[]
273,Elin(a) Vazin Fard,[]
274,Zee,"[1001challenge, contemporary, booksread2011]"
275,Cristina,"[20th-century, maraton-julio-2016]"
276,Audrey,[]
277,Duncan,[]
278,Tara,[loved-it]
279,Zoë,[]
280,Ksenia Anske,[favorites]
281,Laura Cowan,[supernatural-fiction]
282,Danny Stroh,[]
283,Waqar,[]
284,Jess Vicman,[]
285,Berenice Aldecoa,[]
286,Aprile,[]
287,Kathy,[]
288,Cortney,[]
289,Chaitra,"[pulitzer-prize-winners, nytimes-editors-choice, 1001-books, literary-fiction, classic, historical-fiction, magical-realism, non-linear-narrative, paranormal, african-american]"
290,David M,[]
291,R.A.,[]
292,Jacob,[]
293,Terry,[]
294,Amena,[]
295,Naeem Nedaee,[]
296,Eirini,[]
297,Peter Ellwood,[]
298,Navaneeta,"[fav, american]"
299,Janice,"[audiobooks, read-in-2009-2010, historical-fiction]"
300,Robby Bassler,[]
301,Jules,[]
302,Shannon McGee,"[ghosts, 2015]"
303,J.,[]
304,Ramona Wray,"[ghost, magical-realism, family]"
305,Alexis Lewis,[]
306,Saul Delino,[]
307,Adrian Astur Alvarez,[]
308,Book Concierge,"[concierge, library, pulitzer, historical-fiction, magical-realism, literary-fiction, audio, african-american, ohio, kentucky]"
309,Mrs Darcy,[the-60-books-of-2015]
310,Jacob Stephens,[]
311,Algernon,[2015]
312,Caleb,[]
313,Pollopicu,[]
314,Debbie,[]
315,enricocioni,"[speculative-fiction, history, zombies-werewolves-vampires-etc, death]"
316,Sannie Hald,"[ebooks, university, read-2012]"
317,Desera Favors,[]
318,Parenthetical Grin,[]
319,Julie Padasian,[]
320,Tom Tabasco,[]
321,Colin McKay Miller,"[novels, book-club-picks, pulitzer-winner]"
322,Maria Gonzalez,[]
323,Bre Terry,[]
324,Zeek,"[literary, fiction, hist-fiction, classics-modern, dnf]"
325,Dusty,"[pulitzer-winners, graduate-school, read-in-2012]"
326,Kowther Qashou,[]
327,Cheryl Durham,[]
328,DeAnna Knippling,[]
329,Jason,[]
330,RH Walters,[]
331,J.H.  Gordon,"[american-literature, magical-realism]"
332,Gadabyte,[]
333,Jenna,[bookclub2]
334,Laura,[]
335,Karen,"[scored-at-the-library, ebook]"
336,Pallavi ,[]
337,Lawyer,"[19th-century, pulitzer-prize-winner, 2012, on-the-southern-literary-trail, group-read, fugitive-slave-act-1850, margaret-garner-murder-case, underground-railway]"
338,Doug,"[ideals-modernism-maybe-postly-so, genres-thriller]"
339,Lit Chick,[]
340,Jeremy,[]
341,Bettie☯,"[historical-fiction, boo-scary, slaves, gothic, north-americas, pulitzer, nobel-laureate, ghosties-ghoulies, us-ohio, winter-20152016, lit-richer-jan-2016, us-kentucky, us-delaware]"
342,Kaya,[school-reads]
343,Drew,"[fiction, favorites]"
344,John Rennie,[]
345,Luc Séguin,[]
346,Kerry,"[fromthelibrary, african-american, female-author]"
347,Wes Townsend,[]
348,Sandra,[usa]
349,Lagullande,"[finished-in-2015, 2016-group-reads]"
350,charta,"[narrativa, nordamerica]"
351,Chris Evens,[black-writers]
352,Elizabeth Keatley,[]
353,Shannon Mawhiney,[]
354,Trevor,[kew-f]
355,Benjamin Dancer,[]
356,Donna,[historical-fiction]
357,Barry Pierce,"[20th-century, read-in-2014]"
358,Vicky,"[this-book-will-make-you-smarter, location-usa, around-the-world, historic, 2012-reads]"
359,Toni Lapp,[]
360,Ana,"[classic, 1001-books, historical-fiction, in-english]"
361,Rachel,"[pretend-history, 2015-challenge, boxalls-1001-books]"
362,Daniel Chaikin,[favorites]
363,Christy,"[books-for-teaching, african-american-lit-and-history, readinglist1, 20th-century-american-lit, pulitzer-prize-fiction]"
364,Sheldon Compton,[]
365,Miss Fabularian,[]
366,Pequete,[bookcrossing]
367,Janine,[]
368,Thomas,"[own-electronic, read-for-college, adult-fiction, historical-fiction]"
369,David Bjorlin,[]
370,Kecia,"[pulitzer_prize, times_100_best, nbcca_finalist, nobel_laureates, banned-books, 1001-books, usa]"
371,Jude Morrissey,"[fantasy, mind-trip, historical, serious-stuff]"
372,Eliana Rivero,[reto-autores-con-nobel]
373,Lily Reynier,[]
374,brian   ,[]
375,Kylie Schlegel,[]
376,Steve,[classic-books-of-literature]
377,Jeffrey,[toptenfiction]
378,Becky,[]
379,Riley Gardner,[favorite-novels]
380,Janani Vaidya,"[women, poc-author-artist-mc, american-literature, contemporary-fiction]"
381,James (JD) Dittes,"[american-literature, cool-writings, 2012]"
382,Miah D ,[]
383,Carol,[]
384,Morgan F,"[classics, historical-fiction, school-required, 1980s, lets-reminisce, slavery, read-2011]"
385,Eti Mishra,[wishlist]
386,Danny,[]
387,Bellish,"[history, humanity-sucks]"
388,Seth,[american-literature]
389,Hollis,[literary-fiction]
390,Fabian,[]
391,Anna Springer,[]
392,Annette Scherr,[]
393,Kristen,[]
394,Jennifer (aka EM),[]
395,Asma Fedosia,[]
396,Julia,[literature-fiction]
397,Nadia Large,[abandoned]
398,Daniel Petersen,[]
399,Anita Dawson,[]
400,Gorfo,"[magical-realism, black-gold]"
401,Sarah,"[fiction, classics, american-fiction, black-history]"
402,svnh,"[the-softest-places, trauma, southern]"
403,Moonglum,[horror]
404,Jana Rađa,[]
405,Kkraemer,[]
406,Ricardo,[]
407,Liana,[]
408,Daniel,[]
409,Rebecca ,"[african-themes-writers, audiobooks]"
410,Lightblue,[]
411,linhtalinhtinh,[other-lit]
412,Zack,"[historical-fiction, magical-realism, 2015, afro-america]"
413,Zach,"[fiction, feminism-gender, race, horror]"
414,Emily D,"[school-books-for-better-or-worse, uber-depressing, favorites]"
415,RebeccaS,"[ebooks, novel-pleasures-bn, historical-fiction]"
416,Margaret,"[fiction, historical-fiction]"
417,Eric Kibler,[contemporary-classics]
418,Mckenzie,[]
419,Rachel Jones,[readwomen2014]
420,Bethan,[regular-fiction]
421,Misty,[]
422,Mona,[]
423,NancyHelen,"[literature, historical-fiction, america, tt4-horus]"
424,Emilia,"[school, high-school, twenty-fifteen]"
425,Mark Stone,[]
426,blakeR,[literature-classic]
427,Jennifer W,"[to-re-read, 1001-books]"
428,Yulia,[]
429,Stephanie Rafin,[]
430,Bob Anderson,[]
431,Kimberly OutspokenMom,[fiction]
432,Steven,"[race, warishell, 1001, pulitzer, time-100]"
433,Sue,"[zm-1001-5star-tbr, classics, zq-audio-repeat-0, historical-fiction, african-american, zl-crpl-cd-reread, zc-challenge-50-states, ohio, zl-crpl-print-2, zl-crpl-mp3-not-found, zc-challenge-hf-univ, zq-read-2013]"
434,Sheida,[]
435,Andrea Haeckl,[]
436,Mandy,"[favorites, audiobooks]"
437,Mari,[]
438,Nea,"[favorites, historical-fiction, classics, african-american, fiction, literarature, award-winners]"
439,Ellen,[]
440,James Boyle,[]
441,Elizabeth La Lettrice,"[historical-fiction, stories-about-women, classics, good-ol-merica, spooky]"
442,Mike,[]
443,Shovelmonkey1,"[1001-books, bookcrossing-books, read-in-2011, clear-unparalleled-genius, slavery]"
444,Diaja Lewis,[]
445,Liza Connolly,[]
446,Kayla,"[classics, paranormal, 30-before-30, 2016]"
447,Dave,[]
448,Les,"[new-to-me-author, 1996]"
449,Chris,[i-own]
450,Cindy Lofgren,"[historical-fiction, pulitzer]"
451,Maša,"[gender-done-properly, my-reviews, horror, 2016, classics-challenge-2016, to-reread]"
452,Chris Gager,[]
453,Ana Mardoll,[ana-reviewed]
454,Diamond Saunders,[]
455,Matthew Peck,[]
456,Céline Naricadou,[]
457,Silvia Pompele,[]
458,James Ferrett,[]
459,Igor,[]
460,Melanti,"[classics, 2011, magical-realism, appalachia, 1001-books]"
461,Rob,"[high-school, time-all-time-100]"
462,Clif,[]
463,Mostafa,[امریکا]
464,Karen Macdonald,[]
465,Katie,[]
466,Chris Wood,"[archangel-delivers-a-changeup, yes]"
467,Hairee,[]
468,Meaghan,[american]
469,Gloria Mundi,"[historical-fiction, guardian-1000-novels-list, 1001-books, gothika, ghosties, tortured-hero-or-heroine, slavery, magical-realism, racism, pulitzer]"
470,Harpal,[school]
471,[P],[bitch-please]
472,Melissa ,[]
473,Zoe Carney,[]
474,Jamie,"[favorites, 1001-books, field-exam-reading-list]"
475,Megan,[college]
476,Amy,"[favorites, so-pretty]"
477,Nikoline,"[romance, historical, rory-gilmore-challenge, american, fiction, 1900s, novel, female-author]"
478,Lydia,[black-african-american-authors]
479,Runo Okiomah,[]
480,Ashley Carter,[]
481,Lindsay,[]
482,Stevie,[]
483,bup,"[1001, novel, 2012]"
484,Anastasia,"[african-american-literature, modern-classics, books-by-women, 5-year-classic-challenge]"
485,Mark,[]
486,Chelsea,[absolute-favorite]
487,Suraj Alva,[]
488,Peter Neely,[]
489,Jenny,[]
490,Jeff,[]
491,Synoria D. ,[]
492,John Bohnert,[]
493,Aoibhínn,"[physical-books, historical, 2015]"
494,Kristina,[fiction]
495,Erika,[]
496,Tony,[u-s-lit]
497,Saara,"[american-literature, reviewed, favourites]"
498,Ava,[9th-grade]
499,Alison,[]
500,Jessie,[advisorybooks]
501,Louise,[wocbc]
502,Wendy O'connell,[]
503,Justin Martin,[books-to-teach]
504,Edward,[]
505,Melissa,[]
506,Renee Bowlay,[rg-book-challenge]
507,Linda,[]
508,Line Tidemann,[1001]
509,Ricki,[]
510,Sowmya,[owned]
511,Andrew,"[american-fiction, african-american-fiction]"
512,Mel Campbell,"[fiction, book-club, adapted-to-film, americana, historical-fiction, women-authors, ghosts-and-gothic, read-in-2015]"
513,Tracy,"[tracy-s-100-best-books-list, 1001-books-you-should-read]"
514,John Wiswell,[]
515,Dusty Myers,[]
516,Alison Stegert,"[fiction, historical-fiction, gothic, books-about-secrets]"
517,Alex,"[reading-through-history, 2013, top-100, rth-lifetime, parenting]"
518,Will Byrnes,"[all-time-favorites-fiction, favorites]"
519,Shannon Cate,[]
520,Joti,[]
521,Ronald Wise,[]
522,Shaina Leitch,[banned-book-club]
523,Jack Rondeau,[]
524,e,"[speculative-fiction, historical-fiction, romance, favorite]"
525,Kerry Connelly,"[film-adaptaions, classics, african-lit, reviewed, fiction-section, historical-various, slavery-various, banned-or-controversial, faves, fave-authors]"
526,Karina Vargas,"[epub, rory-gilmore-reading-challenge, favorites]"
527,Amy Smith,[]
528,Hicran,[]
529,Emily,[]
