,user,tags
0,Pasteurisiert,[audiobook]
1,Maike Kotterba,[]
2,Val,[]
3,Jim,[]
4,Woflmao,[]
5,Geoffrey Hempill,[]
6,Michael Roescher,[]
7,Jorge Gomez,[]
8,jacob-felix,[]
9,El Pez,[]
10,Vanlilith,"[narrativa, finished, on, 2012, classici, may, 26]"
11,Nidu,[]
12,Uklatsch De la Mancha,[]
13,Suzanne Moore,[]
14,Reenah,[]
15,Jonnie,[]
16,Don Hackett,[]
17,Melena,"[hoerbuch, liesmich-03-deutschland, 2016, classics]"
18,Gent Carrabregu,[]
19,Michael Fraser,[]
20,randomwave,[]
21,Alasdair Ekpenyong,[]
22,Carol English,[]
23,joel,[]
24,Phil Brett,[]
25,Azita,[]
26,Paul,[]
27,DROPPING OUT,[]
28,Wil Van der heide,[]
29,André,[]
30,Sandy,[]
31,Chase,[]
32,Leanna,[]
33,Howard,"[europe, odd-style, world-literature-top-100]"
34,Helen,[]
35,Jodi Henderson,[]
36,Iliana Perea,[]
37,Franziska,[]
38,Cerisaye,"[fiction-in-translation-german, weimar-germany]"
39,Sylvia,[]
40,Jana,[]
41,Alina,[]
42,Mrs.pinkeyes,[]
43,Jessica,[]
44,Boyd,[]
45,Giovanni,[]
46,Ulysses Rake,[]
47,Kristin,[]
48,Abby Scuito,[left-unfinished]
49,Czarny Pies,"[etron, german-lit]"
50,Laurochka,[]
51,BoekenTrol,"[literature_and_fiction, books-i-own, dutch_language, bookcrossing, to_re-read, 1001-listed]"
52,Marty,[]
53,Neville,[]
54,Guillaume Frasca,[]
55,Emma,[abandoned]
56,Charlie,[]
57,Rodney Welch,[]
58,Francesco D'Isa,[]
59,Carolin,[]
60,Stephanie,[]
61,Dan Crews,[]
62,Theres,[university-reading]
63,Davide Rizzo,[]
64,Seyda Aylin Gurses,[]
65,Kellan,[]
66,k,[]
67,Shaily,[]
68,Jennifer,[]
69,Francesca,[]
70,Joan,[]
71,Afeman,[]
72,Kahla Gresham,[]
73,Patrick Bättig,[]
74,justin louie,[favorites]
75,Alberto,[]
76,Kristin Nichole,[]
77,Daniela,[]
78,Juju,[]
79,Meka,[]
80,Nathalia K.,[]
81,Paul A.,[]
82,Katelyn,[]
83,K.D. Absolutely,"[1001-core, 501, challenging, sex, crime, europe, long-read, modernist]"
84,Annablume,[]
85,Katherine,[]
86,Kristen,[]
87,Rhiannon,[]
88,Clemens,[]
89,Ric Johnson,[]
90,Stephens Malone,[]
91,Torsten,[]
92,TheSecondMatch,[]
93,Ben,[]
94,Christine,[]
95,Eva,[]
96,Bea,[read-in-german]
97,Gilles Dazord,[]
98,James Violand,[own]
99,Bookaholic,[]
100,Paul T,[]
101,Bet,[]
102,Frank Rogers,[]
103,Nate Slawson,[]
104,Franceslimon,[]
105,Tanya,[]
106,Merv,[]
107,Phillip Duncan,[]
108,Vitali Rabinovich,[]
109,Dick Baldwin,[]
110,Ina,[]
111,Carina,[]
112,Sara,[]
113,Marisa Fernandes,[]
114,Cymru Roberts,[20th-century-elsewhere]
115,Ahmed Xahabi,[]
116,Juliane,[]
117,J T.,[]
118,Anton Halldin,[]
119,Raymond,[]
120,Scoobs,[]
121,Jupernia,[]
122,Gail,[]
123,Bsc,[]
124,Natalie,[1001-books-nl-editie]
125,Laurent,[]
126,Lucas,[]
127,Birgit,[]
128,Joel,[]
129,James Murphy,[]
130,Francisco Bescos,[]
131,Martin,[]
132,Lisa,[]
133,Danilo Venticinque,[]
134,Ali,[]
135,Jasmin Helwig,[literatur]
136,Tosh,[]
137,Ted Milne,[]
138,Luke,[]
139,Marius,[]
140,Irene,[]
141,Matti,[]
142,Gillian E Masland,[]
143,Jay,"[1001-books-to-read-before-you-die, guardian-1000-books-you-must-read, world-library-all-time-top-100]"
144,Nikki,[]
145,Oliver Friedmann,[]
146,Jan,[]
147,Eli,[]
148,Bill Wallace,[]
149,ladahiae,[]
150,Shannon Templet,[]
151,Tom Lichtenberg,[twentieth-century-literature]
152,Drew,[]
153,Mr Disco,[]
154,Evan,[]
155,Sini,[]
156,Sandra G.,[]
157,Janet Li,[]
158,Bobby,[]
159,Michael,[]
160,Bobbi,[]
161,Gustavo Barbosa Ferreira,[fiction]
162,Dominic,[]
163,Sarah Wasserman,[]
164,Robin,[]
165,Theron,[]
166,Sam,[]
167,Matthias,[]
168,Irina,[]
169,Yan,[]
170,abcdefg,[]
171,Kate,[]
172,Lironmil,[]
173,Maria Schubi,[]
174,Zerah,[classics]
175,Rose,[]
176,Karen B,[]
177,Bee,[]
178,Joseph,[]
179,Jérémie,[berlin]
180,Wendy,[]
181,Nathan,[]
182,ejl,[]
183,Ruth,[]
184,Elizabeth,[]
185,Vicious Fishes,[]
186,Alexis Stamatis,[]
187,Joe,[]
188,Darko,[]
189,Laura Harker,[]
190,Kimley,"[20th-century, german-lit]"
191,Corinne,[]
192,Miguel,[]
193,Luigi,[viaggi-in-europa]
194,Antoniocasal,[]
195,Mala,"[modern-fiction, read-in-2016]"
196,Szigi83,[]
197,Chad,[]
198,Stefanie,[]
199,Michelle Buckley,[]
200,Gella,[]
201,joel leimer,[]
202,Dror Elkvity,[]
203,Mrdavidpeat,[novels]
204,Erik,[]
205,Eric,[]
206,Literaria Comunicación,[le-dos]
207,David Edmonds,[]
208,Myriam,[novel]
209,Lucian McMahon,[]
210,Amy,[]
211,Sonia,[]
212,Fabio407,[]
213,Shane,[]
214,Miriam,[]
215,Francesca Lenti,[]
216,Sven,[]
217,Ricardo de Almeida Rocha,[]
218,Cff223,[]
219,Daniel Grob,[]
220,Marco Tamborrino,[]
221,Dietmar,[]
222,Alexander,[]
223,Eokamoto,[]
224,Justin,[]
225,Teresa,"[n-alemanha, l-1001bymrbyd]"
226,Cynthia Camacho,[]
227,Colin,[]
228,Kasia,[]
229,Bernd von Haidinger III,[]
230,Fekete Macska,[]
231,Julie,[]
232,Yahya,[]
233,and,[]
234,Tami,[]
235,Richard,[]
236,Jodi,[]
237,GONZA,[]
238,Johannes,[]
239,Jean-Florian,[abandoned]
240,Oskars,[]
241,Owen Schuh,[]
242,Nikos Tsentemeidis,[german-literature]
243,Reinhold,[]
244,Christian,[]
245,Albert,[]
246,Virginia,[]
247,Benjamin Thomas Sutpen,[]
248,Greg Manrodt,[]
249,Yen-Rong,[]
250,Mindy,[]
251,Bahman,[]
252,Thomé Freyre,"[german-literature, favorites]"
253,Lucinda,[]
254,Jerry Miller,[]
255,M,[]
256,Martine,[]
257,Heidi,[]
258,Ernst,[]
259,Emiliano Bussolo,[]
260,Dmitry N.,[]
261,Kezza,[]
262,Muphyn,[]
263,Jim Walsh,[]
264,Donald,[]
265,Roseb612,"[1001-books, favorites, spolecensky-roman, ge-literatura]"
266,Héctor,[]
267,Matt,[]
268,prema,[]
269,Barry,[]
270,Lolo,[]
271,Xio,[amreadingonandoff]
272,Randy,[]
273,eumneme,[]
274,Anne,[]
275,David Ramirer,"[early-readings, favorites]"
276,Anna,[]
277,Chelsea,[]
278,Tesilicious,[]
279,Fred,[]
280,Jo,[]
281,Michelle,[]
282,Brad N,[]
283,SurferRosa,[europea]
284,Jackie,[]
285,Youdid,[]
286,Breeze,[]
287,Cooper Renner,[]
288,Suvi,[]
289,Tapio M.,[]
290,Annikka K,[]
291,Lucsly,[]
292,Pauline,[]
293,Winnie,[]
294,Elisheba,[]
295,Maria B,[]
296,Rashmi,[]
297,Bernhard,[]
298,Shane James Bordas,[]
299,Allan,[]
300,Katrinka,[]
301,Debbie,[]
302,Sydney,[]
303,Lara Messersmith-Glavin,[]
304,Ph,[]
305,John,[]
306,Margaret Hanson,[]
307,Ronnie Grob,[]
308,Hannes,[]
309,Hamish,[lit]
310,Aditya Watts,[]
311,Risa,[]
312,Terry,[]
313,Conrado,[]
314,Masha,[]
315,Güel Almeréida,[]
316,Isabelle,[]
317,Katzenjammer,[]
318,Patrick Morris,[]
319,Leeda,[]
320,Peter,[]
321,Jason,[literature]
322,Laura,[]
323,Jesse,[]
324,Kathrin,[]
325,Steveinho,[]
326,Layne,[]
327,Bettie☯,"[published-1929, abandoned, summer-2011]"
328,Blackbook,[]
329,Lou,[]
330,Thomas James,[]
331,João Sousa,[]
332,C.,[]
333,Richard G,[fiction]
334,Amberle,[]
335,Caitlin,[]
336,Hakan Yaman,[]
337,Cari,[]
338,Killa,[]
339,Chris Leeb,[]
340,Sandra,[]
341,Jason Lutes,[]
342,Beth,[]
343,CJ,[]
344,Lamerestbelle,[]
345,Madeline Dickerson,[100-best-books-guardian-list]
346,Phil,[]
347,N,[]
348,Bethany,[]
349,Donna,[]
350,Vicky,[]
351,Co,[]
352,Arild,[]
353,Ann,[]
354,Ani,[]
355,Dinh,[]
356,Ronen,[]
357,Janine,[]
358,Lauren,[]
359,Chandra illick,[]
360,suse,[]
361,Ellie,[]
362,Rubin,[]
363,Boghel,[]
364,Nathaniel,[]
365,Steve,[]
366,Becky,[]
367,Mingus,[]
368,Mentyrosa,[]
369,James,[]
370,Brett Cummings,[]
371,DaydRHEAmer,[]
372,Marcus,[]
373,Marco Caetano,[]
374,Ttjames,[]
375,Rachel Kelly,[]
376,Aleksej Nilic Kirillov,[]
377,Greg,[]
378,Zauberfee,[]
379,Kate Krz,[]
380,Waller,[]
381,Manuel,[]
382,Jan Dronkers,[]
383,Mat,[]
384,Brixton,[]
385,Jean d'Arp,[]
386,Paul Howe,[]
387,Julia,[]
388,dzip,[]
389,Lula,[]
390,Kari,[]
391,Steffi,[]
392,Sarah,[]
393,Ricardo,[]
394,Bronwen,[]
395,kasia,[]
396,Daniel,[]
397,Warfawek,"[reviewed, ger]"
398,Nicholas,[]
399,Maverick,[]
400,Philippe,[]
401,Zack,[]
402,Steve Love,[]
403,Renan Enrique dos Santos,[]
404,Toms Treibergs,[]
405,Victoria,[germanlanguage]
406,Kenny Shovel,[]
407,Christopher,[]
408,Elalma,[]
409,Javier de la Peña Ontanaya,[]
410,Robertb,[]
411,Roberta,[]
412,Phillip,[]
413,Roberto,[]
414,Josephine Supercalifragilisticexpialidocious,[]
415,Emilie,[]
416,Claudia,[]
417,Carrie,[]
418,Esceilenn,[]
419,Liza,[]
420,Little,[]
421,Marc,[german-literature]
422,Juan Carlos,[]
423,Tom,"[fiction, germany]"
424,Ahmad,[]
425,Mark,[]
426,Andy,[]
427,Alfred,[started-lost-interest]
428,Jonathan,[]
429,Mike,[]
430,Lee,[]
431,Frank,[]
432,leah,[]
433,Paolo Fornari,[]
434,Dave,[]
435,jesseDavid,[]
436,Chris,[]
437,Keith,[]
438,galya,[]
439,Miss Fips,[]
440,Simão Pedro,[favorites]
441,Bill,[]
442,David,[]
443,Schachtmant,[]
444,Leila,[]
445,Martin Malík,[]
446,Natasja,"[library, 2015]"
447,Bob,[]
448,Stratos,[]
449,Amber,[]
450,Jimmy,"[germany, novel, male, and-a-half-stars, year-1920s]"
451,Allison,[]
452,Einar,[]
453,Rob,[]
454,Iulia,[]
455,Karen Chung,[]
456,Katie,[]
457,Simon,[]
458,Andreea,[]
459,Steven Logan,[]
460,Seth Augenstein,[the-best]
461,Peter Jakobs,[]
462,Ada,"[narrativa, lit-alemanya, s-xx, classics-moderns]"
463,Keith Miller,[]
464,Nelleke,"[classic-literature, 20th-century, german-literature, autumn-challenge-2015]"
465,Ulrich,[]
466,William Kretschmer,[]
467,Megan,[]
468,Katie ATX,[]
469,Anthony,[]
470,Avanto,[2015]
471,Leora Bersohn,[]
472,Agnieszka T.,[]
473,Bryan,[]
474,Des,[]
475,Realini,[]
476,Anastasia,[]
477,Brandon,[]
478,Laura Testoni,"[malavita, borderline, antiautoritarismo, novecento, recensioni, germania, perdenti, berlino, epica, anni-20, ddr, weimar, espressionismo]"
479,su hyung,[]
480,Jeff,[]
481,Lorenzo Berardi,"[german, a-my-italian-library]"
482,Lori Ehrman,[]
483,Erika,[]
484,Stefan Mesch,[]
485,Tommyecho,[]
486,Dane Wilson,[]
487,Alison,[]
488,César,[literature]
489,Niru,[]
490,Tina,[]
491,Deanne,"[1001bookstoreadbeforeyoudie, 1001-books-2008]"
492,Anitta,[]
493,Nati,[]
494,Inna Shpitzberg,[]
495,Tj,[]
496,Melissa,[]
497,Sara M.,[]
498,Bill Yarrow,[]
499,Max,[]
500,Paraph,[]
501,Andrew,[]
502,Mario,[]
503,Jon Stancato,[]
504,Marie,[]
505,Larissa,[]
506,Maria,[]
507,Andreas Straarup,[]
508,Shawna,[]
509,Alex,[]
510,Steve Morrison,[]
511,Jonfaith,[]
512,Jay Daze,[]
513,Darryl Knudsen,[]
514,Harri Kiiskinen,[]
515,Scott,[]
516,Kitty Lu,[]
517,Emily,[]
