,user,tags
0,سيامك محبوب,[]
1,Paquita Maria Sanchez,[literature]
2,Anas Abukhadijah,[]
3,Chrissie,"[kirkus, magic, downpour, 2014-read]"
4,Malaz Alkhider,[]
5,SooYoung,[]
6,Yasir Gaffer,[]
7,Gamal elneel,[]
8,Dan,[]
9,Alyazi,"[favorites, ك-تب-للتغيير]"
10,HEILA GH,[]
11,Kelanth,"[narrativa, favorites, post-apocalittica]"
12,João Fernandes,"[nobel, favorites]"
13,Wafaa Darwish,"[novels-translated, salon-aljouma-a]"
14,Himanshu,"[hulk-smashed-my-mind, unforgettables]"
15,T4ncr3d1,"[surreale, portoghesi]"
16,Tariq Alferis,[]
17,Sara f,[]
18,Ian Laird,[fiction]
19,Azy,[novels-stories]
20,Figgy,"[buddy-read, buddy-read-aly]"
21,ambyr,"[genreㅡdystopia, authorㅡmale, book-club, formatㅡaudiobook, acquiredㅡfrom-work, protagonistㅡmultiple-genders, warningㅡrape, characterㅡdisabled, ownㅡnever, romantic-subplot-i-did-not-want, thrown-with-great-force]"
22,Saverio Mariani,"[narrativa-straniera, narrativa-portoghese]"
23,Abbass  Maanna,[favourite-books]
24,أحمد أبازيد Ahmad Abazed,[]
25,Louize,[]
26,Bonnie,"[dystopian-post-apocalyptic, audiobooks, literary-fiction, adult, library, book-to-film-or-tv, plagues-and-pandemics, 2015, recs-dani]"
27,غيداء,[]
28,Sahar,"[كتب-عندى, كتب-لمست-قلبى]"
29,Amel El idrissi,[favorites]
30,Rasha,[]
31,مها,"[e-book, استعارة]"
32,Esraa,"[pdf, أدب-عالمي-مترجم, movies, قراءات-عام-2014]"
33,Fatma Abd ElSalam,[pdf]
34,هالةْ أمين,[]
35,Antonia,"[read-in-2014, ebook-kindle]"
36,Ahmad Ashkaibi,[]
37,M.,[literature]
38,Joana,"[portuguese-lit, books-that-make-you-think]"
39,Zeinab,[]
40,Matthew,"[medical-thriller, mystery, library, post-apocalyptic-dystopian]"
41,Hawar Abdulkhaliq,[2015]
42,Ahdab Dahlawi,[]
43,Alaa,[]
44,Jessica,[dystopias-and-utopias]
45,Christine Goudroupi,"[ποιοι-είμαστε-πού-πάμε, Αγαπημένα, Σύγχρονη-Λογοτεχνία]"
46,Albaraa Najjar,[fiction]
47,Waleed Shaker,[to-read-at-2015]
48,Ena'am,[]
49,وضحى,[]
50,Γκέλλυ,"[fiction, everloving]"
51,Anuradha,"[it-s-a-kind-of-magic, favourites, el-classico, drama-drama-drama, zombiesarecoming, political, sci-fi, apocalypse-now, dissssstopia, crazy-train, badass-women, men-i-fell-in-love-with, literary-gasm, the-book-is-better-than-the-movie, they-call-it-literary-fiction]"
52,محمد  جبر,"[favorites, josé-saramago, الرواية-العالمية]"
53,Αλέξανδρος,[]
54,Ellen Gail,"[unfinished, high-expectations-low-reality, translation]"
55,Eduarda Silva,[]
56,Freesiab,[]
57,Mohammed,[]
58,ديـــــنا العثامين,[]
59,Amos,[]
60,Amanda,[]
61,aPriL does feral sometimes,"[favorites, awesomely-horrifying-loved-it, literary, science-fiction, horror]"
62,Anwaar,[]
63,اومید,[]
64,Yassmeen Altaif,[]
65,Helen Stavraki,[best]
66,Marco Sousa,"[favorites, owned]"
67,أضواء المحمدي,[]
68,Ilya,[]
69,Che  Hypatia,[favorites]
70,cindy,"[about-living, indonesian, org-europian, bukan-punya]"
71,Mauoijenn ~ *Mouthy Jenn* ~,"[end-times-almost, creepy-fun-times, fantasy-sci-fi, dying-dead-death, 2014-rc, e-book-kindle, amazon-unlimited-book]"
72,Francesca,[]
73,Lizzy,"[classics-literay-fiction, read-years-ago, stars-5]"
74,Kwesi 章英狮,"[owned, jose-saramago, 2011]"
75,Parisa,[]
76,Ruby  Tombstone [With A Vengeance],"[favorites, apocalypse-please, littry-fikshun]"
77,ميس  أكرم,[]
78,Farah,[]
79,Nada Gamal,[]
80,Samy seddiq,"[روايات-مترجمة, 2016]"
81,Jibran,"[fiction, nobel]"
82,George Spirakis,[]
83,Rebecka,"[read_in_russian, really-not-worth-reading]"
84,Emanuele,[]
85,Khalid Almoghrabi,[]
86,Aseel Mujahed,[]
87,Eman Alshareef,"[to-read-again, owned, movies, fiction]"
88,Petar X,"[fiction, reviewed]"
89,Christina,[]
90,Ibrahim Saad,[]
91,فاطمة كرم,[]
92,Arwen56,"[romanzi, favorites, nobel-per-la-letteratura, lett-portoghese, portogallo]"
93,Alexander Páez,[2016]
94,Brad,[most-hated]
95,Seyed Hosein Morakabi,[]
96,أحمد خالد,[]
97,Roudah Al-Hammadi,[]
98,Arax Miltiadous,[]
99,Khaled Awad,[]
100,Noura,"[favorites, series-contemporary, dystopia, novels, أدب_مترجم]"
101,Comfortably,[read-2014]
102,Fatma Mohamed Tawfik,"[favorites, استعرته, روايات, مترجم]"
103,Jumana Taha,[]
104,Ginny_1807,[]
105,Jonathan Ashleigh,[]
106,Fragmentage,[]
107,Basma Ramadan,[]
108,Hala Alkhawaja,[]
109,Catie,"[read-in-2011, speculative-fiction, audio]"
110,Maria ,[]
111,мεgяεร.,[gothic-horror]
112,Elham,[]
113, فايزة,[]
114,أميــــرة,"[borrowed, saramago]"
115,Justin Bauer,[]
116,Lori,"[fricken-awesome, apocalyptic-fiction]"
117,عبدالعزيز مال الله,[]
118,Mohammed Orabi,"[favorites, جوزيه-ساراماجو]"
119,رغد قاسم,"[روايات-عالمية, نثر, روايات, pdf, سرد, أدب-غير-العرب]"
120,Justin Evans,[fiction]
121,Diana Escamilla,[great-book]
122,joana,"[favorites, portuguese-authors]"
123,mustapha  elsaid samir,[]
124,Amira,"[favorites, ساراماجو, 2015]"
125,Kay,[]
126,Syrian_researchers,[الروايات]
127,lavinia,[fiction]
128,Arghavan,[خوب-های-دوست-نداشتنی]
129,Mira Jundi,[]
130,L.,[]
131,Maha,[]
132,Ryan,[]
133,Bazza Al-khayyat,[favorite-books]
134,Cameron,"[fiction, literature, post-apocalypse]"
135,Paras Allana,"[really-liked-it, horror, would-reread, human-brutality, psychology, existentialist, 52-countries-in-2012]"
136,Ingrid,[]
137,Kelly,"[fiction, 20th-century-postwar-to-late]"
138,Lisa,"[1001-books-read, c20th, portugal, nobels-read, translation]"
139,أحمد نفادي,"[مكتبتي, 2012, رواية]"
140,Saman Kashi,[novel]
141,Mariya Alsadiq,[]
142,شـهرزاد,[]
143,João Torcato,[]
144,Hande Dilbaz,[]
145,Bayan Al-Halabi,[]
146,راجية ,[]
147,Amir ,[novel]
148,nour,[]
149,Filipa,"[own, portuguese-books, 5-stars, dystopia]"
150,Mahmoud Abu Adi,[favorites]
151,Trudi,"[apocalyptic-types, dystopia, survive-this, made-into-movie, love-the-premise, group-in-peril, modern-lit, infection, in-translation]"
152,Nikki,"[speculative-fiction, dystopia]"
153,Hussain Radhi,[]
154,Maziar Attarieh,[]
155,Basma,[]
156,Rihab,"[favorites, master-pieces]"
157,Diabolika,"[1945-e-oltre, lett-portogallo]"
158,Gilgamesh Nabeel,[literature]
159,Fatima Saeed ,[]
160,Elahe,[]
161,Carmo,"[portugal, nobel, vi-o-fime]"
162,Inês Beato,"[owned-paper, 2015, autores_pt]"
163,Robert Wechsler,"[favorites, port-lit]"
164,Michael,[]
165,Alhaytham Alawdi,[]
166,Mohamed Al Marzooqi,[]
167,Jan Koster,[]
168,Clara Cuevas,[]
169,Gyda1992_,[]
170,Sam,"[thriller, horror, science-fiction, geocaching]"
171,Muntaser Ibrahim,[]
172,Kats,"[book-club-reads, e-book, dystopia, suspense, print, 2014]"
173,رانيا محيو الخليلي,[]
174,Sarah ~,"[favorites, 2014]"
175,Haneen Alhatlany,"[favorite, foreign-fiction]"
176,Tsveta Haydarova,"[favourites, hell-of-a-masterpiece, soul-wracking, nobel-prize]"
177,Aliaa Mohamed,[2013]
178,Seemita,"[for_legacy, favorites, nobel-laureates, translated, horror, fiction, sharp_sword, portugal, thriller, psychology, drama]"
179,محمد الحمراوي,[]
180,LeeAnne,"[apocalyptic, literature, pandemic, books-to-film]"
181,Kirsty,[favourites]
182,Sarah saied,"[favourites, جوزيه-ساراماجو]"
183,أُمنيِة وَحِيد ,[favorites]
184,"Fatema Hassan , bahrain",[]
185,Maha Maged,[favourite-shelf]
186,Rakhi Dalal,"[haunting, nobel-prized-author, compelling, powerful-stuff]"
187,Thành Trung,"[favorites, classics, fantasy-sci-fi, mystery-thriller-horror, masterpiece, philosophy, dystopia-utopia]"
188,Mona Luoai,[]
189,علاء,"[روايات, المفضلة, to-read-again]"
190,amazedliz,[]
191,Aubrey,"[4-star, reviewed, nobel-prize-people, translated, heartbreak, portuguese, translated-dp, r-2013, r-goodreads]"
192,Mafi,"[2011, favorites, library, pt, autores-lusófonos]"
193,mai ahmd,[روايات]
194,Ikra Amesta,[nobel-prize-laureates]
195,William,[identity]
196, Manal,[أدب]
197,هديل خلوف,[]
198,fatimah razzaq,[]
199,ahmed Eid,[]
200,Maisa Jaber,[]
201,Ali AlShewail,"[روايات, علم-نفس, مترجم, favorites]"
202,Hani,[]
203,Nina,[]
204,Corinne,"[contemporary, dignity]"
205,Arash Kamangir,[fiction]
206,Huda Aweys,"[watched-its-movie, philosophy, politics, science-fiction]"
207,Octavian,[nobel]
208,Maryam Shahriari,[رمان]
209,Melody,[third-thursday-bookgroup]
210,El,"[20th-centurylit-late, society-went-boom, read-in-a-blink]"
211,NaaZaaNiN,[]
212,كريم البطراوى,[]
213,Beshr Nammouz,[]
214,André,[]
215,Erin,"[favorites, post-apocalypse-dystopia]"
216,Gebanuzo,[]
217,رؤى سلطان,"[pdf, 2013, favorite]"
218,Fahad,"[fiction, favorites]"
219,Sammy,[b-the-good]
220,Omnya,"[favorites, ورقي-في-مكتبتي, معرض-الكتاب, 2015, مترجمات, روايات]"
221,إسلام عماد,[]
222,هبة الله,[اجمل-ما-قرأت]
223,ala',[]
224,Gergana,[]
225,will,[]
226,Khaoula  Dahia,"[favorites, recommendations, ebook, so-obsessed-with, josé-saramago, contemporary, fiction, to-be-reviewed, romans, philosophy, european-lit, read-in-2016, مترجم]"
227,Tim The Enchanter,"[audiobooks, 4-stars, a-touch-of-sci-fi, literary-fiction]"
228,Cemre,[]
229,Fran,"[classicidaleggere, sfida-a-tema, alpha2015, task54]"
230,Rauf,"[dark-and-haunting, fiction, 2009-list, courtesy-of-dini, translated-to-english]"
231,Gregsamsa,[favorites]
232,MiLi,"[favoritos, ficcion, drama, para-reflexionar, distopía]"
233,Mohammed Arabey,[]
234,Rebecca,[fiction]
235,Marc Kozak,[]
236,Luis Kalaf,[owned-books]
237,Ahmed,[]
238,Regina Lindsey,[]
239,Mohammed Hussam,[]
240,Ahmad Sharabiani,"[novel, fiction, scince, literature, contemporary]"
241,زينب,[]
242,Fayçal kh,[]
243,Catalina,[owned-books]
244,Sofia Pires,"[2000-present, portuguese-authors, apocalyptic-dystopias, 5-stars, books-into-movies, r2014]"
245,Chloe,"[fiction, dystopian-fiction, i_am_in_love]"
246,Smn,[dystopia]
247,ليلى المطوع,[]
248,Ali,"[أدب-مترجم, masterpieces, 2015]"
249,Jaber  ,[]
250,ايمان,[]
251,عمر الخير,[]
252,Katerina,"[bookcrossing-books, writers-favourite, writers-europe, language-ελληνικά]"
253,ژیار,[]
254,Mahmood Muhammad,[]
255,أميرة عتمان,"[كتبي-المفضلة, في-مكتبتي]"
256,E7san,[]
257,Mikal O'Boyle,[favorite]
258,bobherzog zog,[novels]
259,Nagm Alkamali,[روايات]
260,Pau,[]
261,Emily May,"[dystopia-utopia, 2014]"
262,Laura Noi,[]
263,Rania Chokor,[to-read-first]
264,kaire,[]
265,Sara Shaheen,[ادب-مترجم]
266,Cheryl,"[fiction, literature, european-literature, portugal, library, both]"
267,Rajat Ubhaykar,"[nobel, fantasy, potugal, grim, dystopia]"
268,Farshad Firuzi,[]
269,Jesper Balslev,[roman]
270,Caterina,[]
271,Nada,[]
272,Thea,[]
273,Tareq Fares,[روايات-عالمية]
274,إيمان مصعبين,[favorites]
275,Ian Vinogradus,"[reviews, reviews-4-stars, read-2016, saramago]"
276,يامي أحمد,[]
277,Jihad B.Youness,[]
278,Megha,"[reviews, kickass]"
279,Federica,[]
280,M,[]
281,Jelena,[real-beautiful-wooden-shelf]
282,Xuraman Musayeva,[]
283,Alexandra ,"[belletristik, favorites]"
284,Janet,[interrupted-reads]
285,Mohamed Ramadan,[]
286,Nataliya,"[favorites, awesome-kickass-heroines, excellent-reads, 2012-reads, dystopia-postapocalyptic]"
287,Dennis,[]
288,Sul6an,[]
289,Yousra ,"[معرض-الكتاب-2014, dystopia]"
290,Letitia,"[dystopian, literary, european, book-club, magical-realism, nobel-booker-pulitzer-orange, nsfw, favourite-symbolism]"
291,Elmira,[]
292,صالون الجمعة,[قراءات-خارج-النص]
293,Mina kh,[]
294,Samin,"[novel, favorites]"
295,Bắp Nổi Chuột,[]
296,Matt,[]
297,Ezequiel Den,[]
298,Tara,"[peaked-my-interest, thoroughly-enjoyed-it]"
299,Adrian,"[español, forokd]"
300,Engineerrooo,"[favorites, fiction]"
301,Randy,[]
302,حماس,"[international-words, recommendations, قراءات-2015, كتب-قاسية]"
303,أحمد جابر,"[portuguese-library, nobel-library]"
304,Bahar Saeb,[]
305,Safia,[favorites]
306,Vane J.,"[favourites, dystopia-utopia, amazing-characters, 2014, post-apocalyptic, all-the-feels, mwahaha-gore, dark-as-my-soul, humans-are-scary]"
307,Jo,[finished]
308,Mimi,[hate-hate-hate]
309,Octavi,[]
310,لقاء السعدي,"[روايات, أدب-مترجم]"
311,بثينة العيسى,[]
312,Amin,[owned-books]
313,Hoang,[]
314,John Beta,[]
315,AmirHosein,"[رمان-و-داستان, لذت-بخش-ها]"
316,Jeffrey Keeten,[post-apocalyptic]
317,Renato Magalhães Rocha,"[indicacoes-fred, 100-best-books-world-library, kindle-ebooks, 2014, all-stars, reviewed, saramago, absolute-favorites]"
318,Ανδρέας Kapandreou),[]
319,Shimaa srour,[]
320,Sara Kamjou,[رمان]
321,Book Concierge,"[concierge, strong-women, library, favorite, literature, movie, 1001-books-you-must-read-before-you, survival, psychology, book-club, literary-fiction, nobel-prize]"
322,Algernon,[2014]
323,Diane,"[favorites, gorgeous-prose, dystopian, modern-fiction, stream-of-consciousness]"
324,فاتن,[]
325,Madeline,[]
326,eman,[]
327,Íris Santos,"[favorites, kindle-or-ebook, portuguese-lusophone, 5-stars, european-lit, 2015]"
328,Aml Aly,"[أدب-عالمي, favourite]"
329,Abeerr Shiihab,[with-in-heart]
330,طَيْف,[]
331,Colin McKay Miller,"[novels, favorite-of-this-author, book-club-picks, top-ten-to-recommend, reviewing-commentary]"
332,حسين العُمري,[]
333,DeeDee 3kk,"[favorites, to-buy]"
334,Hippo dari Hongkong,"[book-to-movies, fiksi]"
335,6aif,[]
336,Zainab Alrifai,"[favourites, ساراماجو]"
337,Heba TariQ,"[pdf, حلويات]"
338,J.B. Caplan,[]
339,Ghada,[نوبل]
340,Magda Ali,[]
341,Jason,[dystopia]
342,Paul Bryant,"[modern-classic, novels]"
343,Neven MuhaIsen,[]
344,Laura,"[contemporary-fiction, e-books, portuguese-literature, 3ms, kindle, read-2014, mtbr-challenge-2014, dystopia, viciados-em-livros]"
345,Fionnuala,[translated-from-portuguese]
346,Sara Kasraee,"[رمان, favorites]"
347,مـــــــروة,[pdf-version]
348,Daniel Gonçalves,"[favorite-classics, literary]"
349,Shoug,"[own, read-2015]"
350,Célia,"[local-casa, currently-lent, 5-stars, ano-2010, aut-portugues, favorites, orig-comprado, gen-fc, ed-caminho]"
351,Adam Floridia,[1-star-books]
352,Kine Javiera,[]
353,Lou,"[end-of-days-dystopian, adapted-to-screen]"
354,Huda Yahya,"[novels_novellas, dystopia]"
355,Reem Meshkawi,[]
356,حسناء محمود,[]
357,Hussain Ali,[]
358,Nawal,[favorites]
359,Ema,"[favs, dystopia, portugal, read-in-2014]"
360,hanan al-herbish al-herbish,[]
361,Paras2,[]
362,لَيلى الحافِظ,[]
363,Alhamza.Fadil,[]
364,Javiera,[estanterías]
365,Dini,"[fiction, lendable]"
366,Zohre Alavi,[]
367,سلمى أسامـة,[]
368,Nick Black,[]
369,Rayan Osman,[]
370,Sanaa Shaltout,[jose-sarmago]
371,Nasser Moh'd,[]
372,Mohamed Shady,[]
373,Gautam,"[favorites, portugese-lit, nobel-winners, haunting]"
374,Ana ,"[fallen-characters, library-books, law-abiding-citizen, brainy-psychological, of-life-and-death, absolute, of-self]"
375,Jennifer,[sci-fi-dystopia]
376,Zahra Taher,[روايات]
377,"Nathan ""N.R."" Gaddis","[portospanish-latinamerican, 2016-gelesen]"
378,Becky,"[dystopias, reviewed, 2008]"
379,Asmaa,[]
380,Fatima kiyan,"[favorites, josé-saramago]"
381,Reihane h,[]
382,Duha Nabeel,[]
383,Safey,"[favorites, روايات-مترجمة]"
384,Christy,"[books-for-teaching, dystopian, world-lit]"
385,Amelia,[]
386,Carol,"[sci-fi, donate, read-2014]"
387,Sarah Shahid,"[literature, novels, fantasy, science-fiction, humor, drama, read-in-2015]"
388,Albaderalhazmi,[]
389,♍,[]
390,Nancy,[]
391,Shaikha Alkhaldi,"[read-2015, favorites]"
392,Books Ring Mah Bell,[favorites]
393,Jennifer (aka EM),[plague-and-pestilence]
394,Farhan Khalid,"[favorite, novel, nobel, existential, dystopia, bleak, european, adapted-into-film, haunting, humor]"
395,رجائي الشوحة,[]
396,Berber,"[library, dnf]"
397,❁ بــدريــه ❁,"[favorites, نسخ-إلكترونية]"
398,Mohamed,[]
399,Tempo de Ler,[favorites]
400,spencer,[]
401,Sarah,"[owned, page-to-screen, ew-100-new-classics, dystopian, book-club-dm]"
402,ياسمين ثابت,[]
403,Amaney,[]
404,Sara Nasr,[favourite]
405,Ricardo,[]
406,Hani Al-Kharaz,[أجمل-ما-قرأت]
407,Heba,[]
408,Miquel Codony,[]
409,Noura Mhmd,[]
410,Oscar,"[prestados, ciencia-ficción, terror, slipstream, distopía]"
411,Batool,"[favorites, e-book]"
412,Amira Mahmoud,"[كتبي-المفضلة, translated, جعلتني-أفكر-أفضل-وأضافت-لي, أدب-روايات, مراجعاتي-المفضلة]"
413,Leonard,"[literature-others, favorite]"
414,Menna Kh.,"[favorite-books, books-i-own, 2013]"
415,Christopher,[]
416,Mohammed Yusuf,[]
417,Shaima,[]
418,Brooj Alammari,[south-american-writers]
419,Fatima Ahmed,[]
420,Ali Bari,[]
421,Maria Gad,"[mystery, social-issues, drama]"
422,Don Rea,[]
423,Yulia,[read-to-me-by-frank]
424,Trina,[]
425,Ola Jamous,[]
426,Raquel,[favorites]
427,Touchka,"[in-polish, dystopia, kindle, southern-europe, 2016-q1]"
428,نرمين الشامي,"[قائمتي-المفصلة, روايات, الادب-البرتغالي]"
429,Shoshi ♥~,[روايات-مترجمة]
430,Carbaes,"[2016, not-in-my-shelf]"
431,Evyta Ar,[]
432,Perry,[]
433,Mahshid Naderi,[]
434,Marc,"[portugese-literature, dystopian-literature]"
435,Garrett,[]
436,Khaled,[]
437,Mandy,[four-stars]
438,Nea,"[sci-fi, dark-or-scary, region_latin-america, fiction]"
439,Aya Abo3ghreb ,"[philosophy, novels, science-fiction, bests]"
440,Juwairia Sama,[روايات-أجنبية-مترجمة]
441,Fulya İçöz,[]
442,Alex,[]
443,Mary,"[fiction, 2014]"
444,Mike,[lit-for-lits-sake]
445,Ráid,[]
446,Lee,[favorites]
447,Terry Calafato,"[ebook, eventi-gdl]"
448,S.Baqer Al-Meshqab,[]
449,Connie,"[science-fiction, dystopia, portugal, fall-2014, nobel-prize-author]"
450,Chris,"[first-american-edition, hermitage-books, dystopia, religion, fiction, worst-books]"
451,Vold Kira,[]
452,NoOr Moheb,[]
453,Dawayr,[]
454,Hanaa Hussain,[]
455,Neal,[]
456,David,"[read-in-2007, 5q]"
457,Helle,[dystopian]
458,Ahlam,[]
459,Bárbara,"[favorites, kindle, 2016]"
460,Aya Ismail BEZINE,[]
461,Xabi1990,[]
462,Quân Khuê,[masterpieces]
463,Igor,"[novels, favorites]"
464,Melanti,"[sci-fi, audiobook, 2016]"
465,همام يحيى,[]
466,Hesam,[]
467, Imene,[كتب-مترجمة]
468,Muhannad saad,[]
469,يحيى استانبولي Yahia Istanbuli,[أدب-روايات]
470,Marius,[]
471,SUMAYAH,[]
472,Laura Jean,[]
473,Sura  ✿,"[favorites-المفضلة, novels-روايات]"
474,Abdullah,[]
475,Andreea,[]
476,Radwa Abd Elbasset,"[my-favourite, كتب-رائعة, كتب-ورقية-مترجمة]"
477,AZ ZA,[رواية]
478,Akaitsoti,[]
479,Fede,[prof-fucci-s-recomendations]
480,Mohd Abbas,[]
481,Raha Shirley,"[have-it, read-pdf, 2015, have-pdf-file]"
482,Maria Beltrami,"[premi-nobel, jose-saramago, narrativa-portoghese]"
483,Roviragrao,[]
484,Shaimaa Ali,[favorites]
485,NG,"[litrature, novel, foreign, translated]"
486,peiman-mir5 rezakhani,[داستان-و-رمان]
487,muhammad lafi,[]
488,Amr,"[pdf, روايات-مترجمة, josé-saramago]"
489,Raed,[]
490,Hazem Anwar,[]
491,Isabel ,"[european, portugal, borrowed-from-the-library]"
492,Shannon (Giraffe Days),"[apocalyptic-or-post-apocalyptic, fiction, 2008]"
493,Fatimah Al Shabeeb,[]
494,Guido,"[favorites, artifici-e-illusioni]"
495,Snotchocheez,[]
496,Mark,"[translated, books-to-unsettle, world-going-to-hell-in-a-handcart]"
497,Reham,[]
498,Jenny,[]
499,Diana,[]
500,Rosa Ramôa,[]
501,Luana,[]
502,Ebtihal Abuali,[europe]
503,Salymar,"[favorite, 2013-read, owned-books]"
504,Joanne,[fiction]
505,Fyodor Kafka,[]
506,Irenelazia,[my-books]
507,Alison,[ew25best]
508,Ayah,[]
509,Parthiban Sekar,"[favorites, translated-texts, noblelit]"
510,Khalaf,[foriegn-translated-to-arabic]
511,Tamara Minawi,[]
512,Linda,"[madness-and-mayhem, sad-depressing-at-times, epidemic-quarantine-disease, dystopian-society, post-apocalyptic, the-good-the-bad-and-the-ugly]"
513,Gray Side,[favorites]
514,Larry Bassett,[science-fiction]
515,Ally,[modern-classics]
516,مصطفى الحسن,[]
517,Weinz,[]
518,Caroline,[]
519,Ghufran,[]
520,Ayşe,[]
521,شروق عبدالغنى,"[2015, روايات-عالمية-مترجمة, favourites]"
522,Afshar,[]
523,فهدة,[]
524,أحمد العلي,[]
525,Raya  Ka'abneh ,[]
526,AbdulHakim AlHowaish,[روايات]
527,laila Khaled,[]
528,Cindy,"[dystopic-or-apocalyptic, own, spec-fic, in-translation, whack-a-doo]"
529,Sera,"[literary-fiction, own]"
530,لطيفة الحاج,[]
531,Eng.R.books,[]
532,Mohamed al-Jamri,[]
533,Maryam Meme,[favorite]
534,Aya Hatem,[]
