,user,tags
0,Jojo,[literature]
1,Tange,"[classic, fiction, favorites, read-2016]"
2,Chrissie,"[philo-psychol, soviet-union, religion, hf, mystery, favorites, downpour, 2014-read, classics]"
3,Cecily,"[classics, historical-fiction-set-pre-20c]"
4,Alana,"[classics, political, foreign-culture, boxall-s-1001-books, christian-reading, 2016-dusty-books]"
5,Sanjay Gautam,[]
6,Kelanth,"[classico, narrativa, panorama]"
7,Himanshu,"[favorites, hulk-smashed-my-mind, unforgettables, ohh-those-russians]"
8,pierlapo  quimby,"[ottocento, russi-slavi-e-ungheresi]"
9,Ritwik,"[russian-lit, bantam-classics, favorites]"
10,Sara Abdulaziz,[]
11,Natasha P.,[]
12,E.R Santana,[]
13,Mamdouh Abdullah,[favorites]
14,Bonnie,"[reviewed-books, to-reread, classics]"
15,aljouharah altheeyb,[]
16,JSou,"[classics, 1001, favo-u-rites]"
17,Fiona,"[books-i-own, classics, 2008, foriegn-translation, setting-russia, original-language-russian, bought-new]"
18,Kevin,[own-books]
19,Tatiana,[classics]
20,Zala,"[warped-history, crime-a-licious, normal-people-psych, philosophy, blame-it-on-the-doctor, got-tears-in-my-eyes, dark-demented-mayhem, slooooooow-paced]"
21,Ahmad Ashkaibi,[]
22,Hamzeh S,[]
23,Ahmad Sharabiani,"[classic, novel, fiction, literature, 1001-book, russia]"
24,Ryan Hatch,[]
25,Silvana,"[classics, used-to-own, donated]"
26,علي الماجد,[]
27,Bruce,[]
28,Vanja Antonijevic,[]
29,Maria Kellidou,[]
30,Emma,[]
31,aPriL does feral sometimes,"[favorites, awesomely-horrifying-loved-it, read-a-second-time, literary, historical-fiction, metafiction, illuminating, poverty-and-ignorance-suck]"
32,Ekin,[russian-literature]
33,Helen Stavraki,[best]
34,Jennifer,[]
35,Haman,[world-novel]
36,Aimee,[]
37,Naomi,[russian-lit]
38,Lizzy,"[classics-literay-fiction, read-years-ago, stars-5, favorites-of-all-times, russia]"
39,Nesma,[]
40,Yekpeykan,[]
41,Patty Garland,[]
42,Saumay Kapoor,[]
43,Nick,"[classics, own, russian-literature]"
44,COME_TO_THE_DARK_SIDE,"[favorites, spanish, fiction]"
45,Rita,[]
46,Annie ,"[read-in-2015, the-big-read]"
47,Shayantani Das,[cherished-forever]
48,Doug Wilkinson-gray,[]
49,angela,"[2011, favorites, owned]"
50,Jill,[]
51,Amber,[]
52,Christine,[]
53,Afshar,[]
54,Eve,[]
55,Sahbaa,[my-favorites]
56,Manaswin,"[fiction, classics, crime, psychology, cultural-russian]"
57,Miha,[]
58,Noura,[]
59,Altay Aktar,[]
60,Manuel-Antonio Monteagudo Gauvrit,[]
61,Nicole,"[1001-list-books, favorites, murder, russia, 2015]"
62,محمد صالح  خريـبـة,"[favorite, own-libraray]"
63,Maria ,[]
64,Sara,"[classics, 2015, philosophy]"
65,Brian,[read-2008]
66,Özge İnci,"[favorites, dostoyevski, rus-edebiyatı, readingchallenge-2016]"
67,Ulia,"[classics, russian, favorites]"
68,Justin Evans,[fiction]
69,Liz,[have-book]
70,Erin,[classics]
71,Pooya Kiani,"[novel, classics-classisim]"
72,Amira,[قراءات-2016]
73,هيفاء,[]
74,Duffy Pratt,[classic]
75,Renee,[]
76,Artemis,"[classics, gritty, favorites, mysticism-of-life]"
77,Muaz Ref,[]
78,Lowed,[]
79,Cassandra Kay Silva,[classics]
80,Ali,[]
81,Amir ,[novel]
82,Annie Su,[2015]
83,Simona Bartolotta,"[favorites, 1800]"
84,Ancient,[classics]
85,JFN,[]
86,Nikki,[classics]
87,Laurence,[]
88,Riku Sayuj,"[favorites, classics, lit-fic, foriegn-lit, r-r-rs, translated]"
89,علي أبو فرحه,[]
90,Hana Al-Maktoum,[novel]
91,Lizzie,"[2009, fang-s-book-club, heard-of-it, 1001-books, own, in-translation, public-domain-or-creative-commons]"
92,Iulia Beldiman,[]
93,Mahmoud Homsi,[]
94,Ayob Alaie,[]
95,Michael Galdamez,"[historical, school-reading, junior-year-highschool-reading, classics, russian-literature, bitter-sweet, 2016]"
96,SCARABOOKS,[]
97,RI Masud,[]
98,Marie-aimée,"[russian, fr, novels, drama]"
99,Pimpollomav,[]
100,Michael,"[favourites, classics, 1001-books-to-read-before-you-die, philosophy, crime, mwas-top-100-crime-novels, russian, classics-club, to-reread, 19th-century, books-to-aquire]"
101,Sam,[classics]
102,David Schaafsma,"[best-books-ever, fiction-19th-century, books-loved-2015]"
103,sura saad,[dostoyevsky]
104,Giada,[]
105,Reckoner,"[classics, favorites, fyodor-dostoyevsky, mother-russia, Μυθιστόρημα]"
106,Milo,"[10-stars, philosophy, horror, cometothedarksidewehavecookies, thats-deep-man]"
107,Hamid Kazemzadeh,[]
108,Anne Zappa,[]
109,Agnieszka,"[own, favorites, reviewed]"
110,Cristiana Ferreira,[]
111,Thành Trung,"[favorites, historical-fiction, classics, mystery-thriller-horror, best-characters-ever, masterpiece, philosophy]"
112,reihaneh saremi,[]
113,Philip Lane,[favorites]
114,Ketabism.Ir,[]
115,Mohammadjavad Abbasi,[literature]
116,Carolina,[]
117,matt,"[fictions-of-the-big-it, re-readers]"
118,Apatt,"[classics, fave-classics]"
119,Jr Bacdayan,[]
120,J.,"[19th-century-genre, russian-literature, memorable-unique-strange, classics, pretentious-literature, popular, novels]"
121,هديل خلوف,[]
122,Naveed Nawaz,[]
123,Amitava Das,[memorable]
124,Cynda Garza,"[19th-century, novel, mystery, classics]"
125, Danielle The Book Huntress (Self-Proclaimed Book Ninja),"[classic, antihero, redemption, required-reading, russian-literature]"
126,Kimley,"[19th-century, russian-lit, all-time-favorites]"
127,Mariel,[]
128,Judy,"[literature-in-translation, classics, reading-group-pick, crime]"
129,Miguel,[resenha-sqf]
130,Kate  Van Rompaey,"[liked-it, mystery, classics, crime, cultural]"
131,Alexis,"[favorite-authors, crime-and-suspense]"
132,Huda Aweys,"[fiction, watched-its-movie, philosophy, classics, psychology, cultural]"
133,Zoha Trabelsi,[]
134,Suzanne Moore,"[1001-2006, 1001-2008]"
135,Vir,[]
136,Endah,[]
137,Neri.,[]
138,Lahierbaroja,[]
139,Eric,"[reviewed, writing-inspiration, 2016-reading-list]"
140,Vrixton Phillips,[classics]
141,Dũng Nguyễn,[]
142,Emadeddin,"[favorites, remarkable, to-buy, فلسفة-وعلم-ودين, كتب-أبكتني, دوستويفسكي-العظيم]"
143,Imi,"[19th-century, fiction, translations, historical-fiction, crime, mystery, russian, audiobook, read-in-2014]"
144,Courtney Craig,[]
145,Zahra Rhm,"[classic, crime, audio-book]"
146,Muhammad Arqum,"[favorites, classical-fiction, mindfreak]"
147,Chara_ MimL,[books-i-love]
148,Zarish Fatima,[]
149,Ahmed,[روسى]
150,Norah Una Sumner,"[school, crime, philosophy, classics, loss, family-theme, from-library, psychology, 2016, 4-star-read, read-in-serbian]"
151,Priyanka,"[read-in-2011, books-i-own, classsics, would-like-to-reread-after-someyear]"
152,Matthew O'Brien,[]
153,Maica,"[classics, fiction, favorites]"
154,Kayode,[]
155,Salma,[]
156,Jaber  ,[]
157,pegah,"[amazing, ebook]"
158,Rendi Hahn,[classic]
159,Clint,[2013]
160,Richard,[]
161,Fernando,[favorites]
162,Parham,[]
163,Emily May,"[classics, 2012, favourites]"
164,Junta,"[russian, translated, dostoyevsky, 5-star, favourites]"
165,Milly Cohen,[]
166,Luís Miguel,[]
167,Sara Sbaraglia,"[xix-secolo, russia, sf_1001libri]"
168,Marwa الإتربي,[]
169,Michael Gerald,[]
170,Virginia,[]
171,Mahdi,"[محبوب-ها, داستان-خارجی]"
172,Nguyễn Quang Vũ,"[văn-học-nước-ngoài, tiểu-thuyết]"
173,Huyen,"[literature, philosophy-psychology]"
174,Yasemin,[yabancı-roman]
175,Ivan,[]
176,Paige,"[read-in-high-school, favorites, psychology, want-to-read-again, classics, russian]"
177,Rosemary,[1001-books]
178,Tempo de Ler,[]
179,Tyler ,"[19th-century, superb]"
180,Frankie,[russian]
181,Zee,[]
182,Lewis,"[classics, russian-literature]"
183,Sofia,"[classics, crime-and-mystery, favorites]"
184,Rick Slane,"[favorites, adult-fiction, classics, crime, dark, psychological-thriller, novels, literary-fiction, fiction, want-more-like-this, russian-literature, impressive]"
185,Audrey,[classics]
186,Mohamad,[]
187,TarasProkopyuk,"[fiction, russian]"
188,Jason Koivu,"[favorites, fiction]"
189,Nazish,"[books-i-d-kill-for, super-favs, classics, borrowed-from-library]"
190,Florencia,"[favorites, russian, movie-first, dostoyevskyesqueasdfdsfd-ism, de-jure]"
191,Pink,"[classics, 19th-century, russia, crime, catching-up-classics-2016-bingo]"
192,Matt,[classic-novels]
193,P.J. Sullivan,"[fiction, philosophy, psychology, social-psychology, religion]"
194,Travis of NNY,"[classic, russian]"
195,Ksenia Anske,[favorites]
196,Yusra Gulab Jamman,[]
197,Stephen,"[classics, 6-star-books, all-time-favorites, easton-press, audiobook, 1800s, classics-asian, literature]"
198,Bianca,"[all-times-favourites, russian-literature]"
199,Marts  (Thinker),"[classics, 1001-books-you-must-read, russia]"
200,Mohammad Mahdi Fallah,[]
201,Antonomasia,"[c19th, crime, central-eastern-europe, divine-comedy-booklovers, ebooks-kindle, 1001-books, 2014, russia, bought-because-vat-rise]"
202,Golyatkin,"[favorites, library]"
203,Michelle,[]
204,Fergie,[]
205,Navaneeta,"[russian, ebooks, favorites, tezpur, 2014]"
206,Dantheus,[russian-classics]
207,امیر,[]
208,Angel,"[classic, drama, philosophy]"
209, Δx Δp ≥ ½ ħ ,"[glass-onion, i-me-mine, a-day-in-the-life, strawberry-fields-forever]"
210,RitaSkeeter,"[classics-russian, own-kindle, 2016]"
211,Dimitris Lianos,[]
212,Mizo ۞,"[novels-روايات, philosophy-الفلسفة, literature-الأدب, 2016-reading-challenge]"
213,Geoff,[]
214,Laurel Hicks,"[0-kindle, books-read-in-2010, audio-from-library]"
215,Book Concierge,"[concierge, library, own, favorite, literature, 1001-books-you-must-read-before-you, classic, 19th-century, psychology, crime, book-club]"
216,Bita,[]
217,Vessey,"[romance, drama, 5-stars, dark, deep-and-challenging, crime]"
218,Vit Babenco,[]
219,Courtney,[]
220,Kevin Feamster,[]
221,John,"[favorites, high-drama, thriller, russia]"
222,Petra,"[2015, school-reads, 2016]"
223,Raine,"[bbc-2012-list, bbc-2011-list, 100-books-to-read-before-you-die, raine-s-2013-personal-challenge, bbc-2013-list]"
224,Íris Santos,"[favorites, paperback-hardcover, 2014, reading-at-turtle-speed, 4-stars]"
225,Kristina Kri,[]
226,Colin McKay Miller,[novels]
227,Esther Sculley,[]
228,Sonia M,"[favourite, novels]"
229,anarki,[real-horrorshow]
230,Zari,[novel]
231,Xerxes Breako,[]
232,Batzul Gerelsaikhan,[classics]
233,Oana,"[beautiful-writing, russian-classics, classics, childhood-reads, everybody-is-praising-it-but-me, not-my-thing, no-thank-you, its-not-you-its-me]"
234,Barry Pierce,"[19th-century, read-in-2014]"
235,Frahorus,"[romanzo, favorites, letteratura-russa, ottocento]"
236,Steve,[fiction]
237,Octavio Pontes,[favorites]
238,Pallavi ,[]
239,Fionnuala,"[translated-from-russian, bookgroup, reviewed-in-2016]"
240,MOL,"[existentialism, russian-literature]"
241,Leo Robertson,[important]
242,Aman Mittal,[]
243,poingu,"[books-i-ve-read-at-least-twice, russia, europe, male-identified-authors]"
244,Kirstin Elaine Myers,[]
245,Jeremy,[russian-literature]
246,Lisa Vegan,"[fiction, reviewed, novel]"
247,Shivam Chaturvedi,"[classics, philosophy, favourites, russian-literature, books-in-my-library]"
248,☽ Moon Rose ☯ ,"[favorite-books-of-all-time, favorite-writers, transformative, vintage-classics, celestial, characters-i-love, masterpieces, fiction, best-read-of-the-year]"
249,Sean Wilson,"[philosophy, russian-literature, psychology, fiction, realist]"
250,Lily,"[favorites, classics, russian-literature]"
251,Ayushi,[]
252,Pepper,[]
253,Lăcră Grozăvescu,[]
254,Nada Aljarallah,[favorites]
255,Sandra,[]
256,Owlseyes,[russian-lit]
257,Hilary Woolf,[]
258,Inês Beato,"[2014, owned-paper]"
259,Chiara Pagliochini,[letteratura-russa]
260,Rudy Castaneda,[]
261,Nariman,[]
262,Trevor,[literature]
263,Laura Hughes,[]
264,Aisha Almansuor,[]
265,Bahadir Arslan,[]
266,Yona,"[classics, 2014-classics-challenge]"
267,Sarah ,[loves-of-my-life]
268,Ayman,[novels]
269,Laurel,[bookclub]
270,Shannon,[read-with-high-school-students]
271,Eliana Rivero,[]
272,David Sarkies,[dark]
273,Holly,"[favorites, read-2013, owned, crime-mystery, 19th-century, russian-lit, beautiful-writing, classic]"
274,Solanlly  Monroy,[]
275,Stephen McQuiggan,[]
276,Athena,[favorites]
277,Davytron,[]
278,MJ Nicholls,"[novels, borscht-and-kvass, pre-1900s]"
279,Janet Veil,[]
280,Anja Kefala,[]
281,Carol,"[classics, read-2014, cultural-russia, chunkster, buddy-read-susan]"
282,Panos Lettas,"[favorites, russian-literature]"
283,Sarah Shahid,"[literature, novels, philosophy, culture, classics, mystery, read-in-2013]"
284,Laura Leaney,[]
285,Kathleen Strawn,[classics]
286,Sarah F,[]
287,Kirsti (Melbourne on my mind),"[classics, classics-club, library, 2016, translated, setting-europe]"
288,Lulu,"[novels, mystery-and-suspense, in-translation, russia, 19th-century]"
289,Maria Pallozzi,[]
290,مهند,"[ادب-literature, مكتبتي-my-library]"
291,Alireza,"[literature, novel]"
292,Cassandra Lê,[russian-literature]
293,Cemre,[]
294,Dione Sage,"[classic-literature, suspense-mystery, horror-thriller]"
295,Sarah,"[classics, 1001-read-books, 2012, sr, bum]"
296,Lotz,[]
297,Samantha,"[own-it, classic-literature, book-club-read, just-keep-skimming, russian-history]"
298,Leonard,"[literature-russian, favorite, literary-novels]"
299,Margaret,"[classic, all-time-favorites, psychology, russian-literature, ending-so-sublime, books-for-buddy-reads, tt-poisonous-toadstools]"
300,Marina,[]
301,Sohini Sarker,[drool]
302,Bethan,[regular-fiction]
303,Erica Thompson,[]
304,James,"[lincoln-park, study-group, u-of-chicago, favorites, from-russia-with-love, essential-man-s-library, college]"
305,Saoirse Sterling,"[own, intriguing-but-ultimately-naff, russian, masculine, ce19, 2016, bookshelf]"
306,Mahmoud mehrabi,[رمان]
307,Bryarly,[]
308,Betty,[]
309,Brenda,"[classics, dead-boring]"
310,Lauren Hopkins,[]
311,Gary Butler,[drama]
312,Michela,[hearts-books]
313,Selwa,"[office-book-club, classics]"
314,Lyn,[]
315,Anetq,"[fulldeck, dusty_shelf, reading_europe]"
316,NancyHelen,"[classics, russia]"
317,Sentimental Surrealist,"[college, psychology, favorites, literature, classics, fyodor-dostoyevsky, everything-i-wanted, 1866, novels, read-2012, high-rating, lots-of-ratings, 1001-books, collection, best-ever-ever]"
318,Reuben,[]
319,erock,[]
320,Ellen,"[adult-fiction, classics]"
321,Julie Rylie,"[strongly-recommend, the-slavic-soul]"
322,Jonathan,"[personal-favourites, classic-literature, own, 1001-books-to-read-before-you-die]"
323,عبد القادر  زينو,[]
324,Naya,[]
325,Farnoosh Farahbakht,[]
326,Kirsten,[]
327,Maria Espadinha,[]
328,carolyn.reads,[favorite-books]
329,Gary,[]
330,David,"[classic, literary, books-i-had-to-read-in-high-school, crime, russia, 1001-books-to-read-before-you-die, russian-literature]"
331,Corey,"[the-year-of-long-books, one-of-these-days]"
332,Helle,"[classics, 1001-books, telegraph-top-100-books, guardian-1000-must-read, philosophy]"
333,Abdel Majid Kassir,[]
334,Fatin,"[favorites, reviewed, russian-lit, owned, read-this-you-will-thank-me]"
335,Umang,[]
336,Ron,[]
337,Rob,[]
338,Hussien Fawzy,[]
339,محمد,[]
340,Aya Lawliet,[favorites]
341,Mindaugas Biliauskas,"[fiction, philosophy, crime, classics, russian-literature]"
342,Andrei Tamaş,[favorites]
343,Soumya Saini,[]
344,Sonya,[]
345,Ambreen,"[favorites, sad, classics, 2016]"
346,Elvi Thesame,[]
347,Vani !,[]
348,[P],[]
349,Harold,[]
350,Κώστας,[Κλασικά]
351,Maria Beltrami,"[grandi-classici, narrativa-russa]"
352,Lydia,[2015]
353,Wilson Gomez,[]
354,Evripidis Gous.,[]
355,Davide Nole,[]
356,Pragya ,"[around-the-world, russia, 2011]"
357,Lorenzo Bovitutti,[]
358,Jean,[]
359,منن نصار,"[أدب-عالمي, أود-اقتناءه]"
360,Rikke Simonsen,"[owned-books, university, reviewed]"
361,Ted,[novels]
362,John Droesch,[]
363,Britt,[]
364,Helena,[]
365,Babydoll,[]
366,Simon Hollway,"[russia, 2015]"
367,علی,[novels]
368,Josh,"[2015, high-five]"
369,Edward,"[own, russia-ukraine, fiction, 5-star, translated]"
370,Parthiban Sekar,"[must-read, classics, read-again, russian-lit]"
371,FeReSHte,"[russia, audio]"
372,Linda,"[fiction, 2015-classics-challenge, classics]"
373,Larry Bassett,[audio]
374,Claussius,[my-ebooks]
375,Núria,"[mios, 5-favoritos, literatura-rusa, decimononicos]"
376,سید مرتضی میر,[]
377,Andrew,"[literary, religious]"
378,tim,[]
379,Reza ghavami,"[unfinish, در-الویت]"
380,Nargus,[favourites]
381,Nastaran,"[to-buy, classics, fiction, 2015]"
382,Maria,[classics]
383,s.penkevich,"[favorites, russia, crime]"
384,Alex,[]
385,Jennifer Richardson,[]
386,Marwen,[russian-literature]
387,Elisa Paige,[hatehatehate]
388,Brent McCulley,"[novels, philosophy, favorites, classics]"
389,Jan-Maat,"[19th-century, novel, read-in-translation, russia-and-soviet-union]"
390,Jonfaith,[mother-rus]
391,Elizabeth (Alaska),"[5-star-reads, 1001-books]"
392,Elizabeth,[]
393,Baris Balcioglu,[]
394,Shannon (Giraffe Days),"[classics, 2008, not-worth-it]"
395,Sparrow,"[favorites, classic-or-cannonical, eastern-europe]"
396,Mohamed al-Jamri,[]
397,Aliaa El-faham,[]
398,Shanmugam,[]
