,user,tags
0,Leah,[]
1,Jim,[favorites]
2,Lola,"[reviewed, fiction, owned, classic-literature]"
3,Krešo Kargačin,[]
4,Feisty Harriet,"[russian-literature, russia]"
5,Zencefear,[]
6,Jim Collins,[]
7,NAMIK SOMEL,[roman-novel]
8,Dan,[russian]
9,Casey,"[classic, 1001-books-to-read-before-you-die, 19th-century-russian]"
10,TAB,"[russia, 1800s]"
11,Haven Fairfield,[]
12,Nels Mattson,[]
13,Lora Grigorova,[]
14,Kevin Tole,"[classics, russian, favourites]"
15,Mark Peters,[]
16,Ananya,[]
17,Elizaveta,[]
18,Noam,[favorites]
19,Noah,[]
20,Horace Barrington,[]
21,James Van Duker,"[classics, russian]"
22,Al Maki,"[story, funny]"
23,Sandi,[b-n-classic]
24,Julian Caushi,[must-read]
25,Mommalibrarian,[russian-literature]
26,Sahar,[]
27,Bart Martens,[]
28,Rasha,[]
29,Ann,[]
30,Sandy,[]
31,Kyle van Oosterum,[]
32,Leanne,[]
33,Oskari,[]
34,Ahmad Sharabiani,"[historical, fiction, literature, russia, 19th-century]"
35,Jani,[]
36,Rick,[fiction]
37,Alex Hart,[]
38,J.T. Wilson,[]
39,Thorlakur,[]
40,Janet,"[classics, russian]"
41,Catherine  Mustread,"[humor, classics, russia, road-trips, daily-lit, 1800s, translation]"
42,Tamer Alshazly,[]
43,Alan,[]
44,Kristin,[classic-fiction]
45,Vanja Antonijevic,[]
46,Linda Howe Steiger,[]
47,Czarny Pies,[russian-lit]
48,Constantine Spanos,[]
49,Mohammed,[]
50,Greg Stratman,[]
51,Adrián,[]
52,Chuck LoPresti,[]
53,Amanda,[]
54,Jeni Enjaian,"[classics, read-in-2015]"
55,Clark,[]
56,Vi MacDonald,"[2015-reads, 19th-century]"
57,Erik Graff,[literature]
58,Elisabeth,[]
59,Jennifer,[]
60,Corey,"[laughed-out-loud, classics]"
61,Simona Petrescu,[]
62,Francesco,[]
63,Victor,[]
64,Martin Hernandez,"[historia_literatura, european_writers]"
65,Tehreem,"[most-favorite, nihilism, social-criticism, russian-literature, psychology]"
66,Simay Yildiz,"[bookclub, classics, rory-gilmore-reading-challenge]"
67,Alyson,[gilmore-girls-referenced-books]
68,Nick,[]
69,Azamat,[]
70,Yoka,[]
71,Tomek,[]
72,Tom Andersson,[]
73,Jill,[first-read-2010]
74,Stewart Cotterill,[]
75,Lamski Kikita,[]
76,Christina,[after-quitting-facebook]
77,Zahra'a Bin Shaibah,[]
78,Markus,[]
79,Ileana Oprea-Sops,[]
80,Erica,[]
81,Claire,[]
82,Bookaholic,[]
83,Eric Hinkle,[]
84,Simon Mcleish,[owned]
85,Shafique Siddiqi,[erotic]
86,Joel Mitchell,[classic]
87,Jason Hillenburg,[]
88,Andrada,[classics]
89,Ivan Kutzarov,[]
90,Heather,"[historical-fiction, novels, classics, russia]"
91,Kathleen,"[classics, rorygilmore, fiction-general, russian, owned-donate]"
92,Sara,[]
93,Brian,[]
94,Lori,[fiction]
95,Anna Swims,[]
96,Dayna,[]
97,رغد قاسم,"[روايات-عالمية, نثر, روايات, pdf, سرد, أدب-غير-العرب]"
98,Vicky,[1001-books]
99,Kobe Bryant,[]
100,Yasiru (reviews will soon be removed and linked to blog),[aim-for-the-year]
101,Hussam,[]
102,Jack,[]
103,Nathalie Legro,[]
104,د. حمدان,[novels]
105,Don,[european-novel]
106,L.,[]
107,Martin,[]
108,Kelly,"[humor, ebooks]"
109,Nicholas During,[]
110,Alexia,[]
111,Joey,[my-library]
112,Jeanette,[classics]
113,Mark Sacha,[russian]
114,John Mark King,[russian-history-and-literature]
115,Ali,"[2013, a-z-2013, russian]"
116,Matty,[]
117,Amir ,[novel]
118,Marc Gerstein,[classics]
119,Irene,[]
120,Matti,[]
121,Katya,[]
122,Hélène,[default]
123,Daniel Pecheur,[russian-literature]
124,Riku Sayuj,[favorites]
125,Baiocco,[fiction]
126,David Williamson,[]
127,مَآكشِيمَآ,[]
128,Bushn,[]
129,jim,[]
130,Drew,[russian-lit]
131,Darwin8u,"[aere-perennius, 2012]"
132,Perry Whitford,[]
133,Greg Deane,[]
134,Elizabeth  Fuller,[]
135,Vigneshwar Jaiprakash,[]
136,~Calyre~,"[1001-books, russian-literature, read-in-2013]"
137,Daniel Polansky,[]
138,Una Theia,"[fundamental, fiction, russian, original-read, in-ru]"
139,Michael,"[19th-century, from-the-russian]"
140,Kyle,[z-2013]
141,Ethar Mahmoud,[]
142,Gordon,"[fiction, russia]"
143,Carol,[fiction]
144,Sam,"[4-translated, 6-classics, read-2012, reviewed, favorites-literary, nyrb-classics, setting-russia-ussr]"
145,Achbold,[favorites]
146,Gary,[russian]
147,Sophie Vidali,[]
148,carolime,[]
149,Big Brother,"[list-guardian-1000, list-thousand-and-one, questioning-norms, russian, chandler-s-box, list-world-library]"
150,William Trently,[]
151,Destiny,[]
152,Fatih EREL,[klasikler]
153,Maarit,"[classics, _1800-1849, author_male]"
154,rachelle,[]
155,Garth,"[fiction, drama]"
156,Alp Turgut,"[russian-literature, gogol-nikolai]"
157,Dan Keating,[]
158,Ken,"[finished-in-2008, classics-newly-read]"
159,Martha,[classics]
160,Elizabeth,[]
161,Robert Westerveld,[]
162,Viktor,[]
163,Gina,[]
164,JD Newick,[read-in-2016]
165,William,[february-2011]
166,Bernard O'Leary,[]
167,ahmed Eid,[russian-litrature]
168,Johann Guenther,[]
169,Dianna,[classic-literature]
170,Julie Whelan,[]
171,Sujan,[classics-russain]
172,Renae,"[read-in-2013, genre-literary, setting-russia, audience-adult, pages-400s]"
173,Ali Sastradiwirya,"[lebih-dari-suka, rusia, klasik, terjemahan, fiksi]"
174,knig,[2012]
175,Judy,"[literature-in-translation, classics, 19th-century-fiction]"
176,Miguel,[]
177,Bukk,"[classics, fiction, russian, novels]"
178,Risky Rahmalia Sofyan,[fireworks-in-the-night-sky]
179,Anita,"[rory-gilmore-s-reading-challenge, men-writing]"
180,Peter Podbielski,[]
181,Maa jed,[]
182,Indra,[]
183,Simona,[]
184,Кристина,[Класика]
185,Geoff Wooldridge,[]
186,Josh Friedlander,[]
187,Martta Lipponen,[oman_hyllyn_läpikäyntiä]
188,Δημοσθένης Χατζηθεοδώρου,[]
189,Daria Bejan,[]
190,David Ranney,[top-100-fiction]
191,Zuhair Syed,[]
192,Megan,[]
193,Morgane,[]
194,Javier Sanjuan,[]
195,Jenni C,[russian-history]
196,Lisa,"[library-book-or-loan, audio-book, 1001-books-read, c19th, russia]"
197,Jackson,[]
198,Todd Martin,[fiction]
199,Śrī,"[novel, historical-fiction, political-fiction, favorites, translation, russian]"
200,hilary,[fiction]
201,Larry,[]
202,Marc Kozak,[]
203,Mike Gilbert,[literature]
204,Justin,[]
205,Svetlana,[]
206,Saeed,[]
207,Demi,[]
208,Paola,"[classici, 1001-libri, world-library, review, 54-tasks, catena, sfida-generi, arsrc16, alfabeto2016, sconosciuto]"
209,Shela Sundawa,[]
210,Allan Ostermann,[]
211,Beverly,"[1001-bymrbyd, 2016, page-turners, feb-book-count]"
212,Stephen Cunliffe,[russia]
213,Cristian,"[comedy, social-comment, satire]"
214,Andrii Pochkai,[]
215,Dusanima,[]
216,Zeina,[]
217,Craig,"[favorites, 1001-books-to-read-before-you-die]"
218,Mohamed Elbouziani,[]
219,Teresa,[]
220,Colin,[2009]
221,Lynsey,[]
222,Aaron Arnold,"[fiction, favorites, read-in-2012]"
223,Akbar,[]
224,Peter,[fiction-classics]
225,Mikal O'Boyle,[]
226,Chris Butler,[]
227,Greg Olsen,[]
228,Pau,[]
229,Jodi,[]
230,Dara Salley,[]
231,Angela,[]
232,Hossein Hamidi,[novel]
233,Merilee,[]
234,Kienie,"[unfinished-gave-up, read-in-russian, essays-short-stories]"
235,Sara Sbaraglia,"[xviii-secolo, russia, sf_1001libri]"
236,Thing Two,"[1001-books-you-must-read-before-you, country-russian-federation, continent-europe-eastern]"
237,Mette,"[classics, 1001-books-book, fiction]"
238,Cristina Pascari,[2012]
239,Maarten,[]
240,Knarik,"[classics, society-relationship, russian, satire]"
241,Camila Rodrigues,[]
242,Evander v,"[russian-authors, гоголь]"
243,Sean,[]
244,Alexia Gaudeul,[]
245,Юля Буякова,[]
246,Shivesh,"[classic, russians]"
247,Kater Cheek,[]
248,Frankie,[russian]
249,Lewis,"[classics, russian-literature]"
250,Khalil James,[19th-century-russian-literature]
251,Summer C,[russian-literature]
252,Aaron Bourgois,[]
253,Matt,[]
254,Esma Tezgi,[]
255,وليد الشايجي,[]
256,Lolo,[]
257,Ksenia Anske,[favorites]
258,Nazbanou Nozari,[]
259,Annm,[]
260,Dragana,[]
261,Coiote Flores,[]
262,Stephen,[]
263,Daryn,[]
264,Guillaume Juillot,[littérature-russe]
265,Anna,[]
266,Mnawar n,[]
267,Entisar Radhi,[]
268,Marts  (Thinker),"[classics, 1001-books-you-must-read, fiction, audio-books, e-reader, 2011-reads, russia]"
269,Vincent Powell,[]
270,Martti,[]
271,Jacob,[favorites]
272,Arthur,[]
273,Michelle,"[russia, fiction, humor]"
274,Epiero,[]
275,Sarbartha Pramanik,[]
276,Eduardo Coutinho Guerra,[]
277,Cristi,[]
278,Ida,[]
279,Pauline,[]
280,Inkling,[]
281,Seana,[]
282,Momo García,[]
283,Carlos Redondo,[europa-rusia]
284,Nedloha,[]
285,Moad,"[russian-literature, neu-library]"
286,Bita,[]
287,Mahdi Balali,[]
288,Jed L,[100-best-books-list]
289,Scott Smithson,[]
290,Soycd,[2016-2]
291,John,[reread-or-worth-rereading]
292,Scarlett,"[russian-lit, 19th-century, not-my-cup-of-tea]"
293,Rui,[]
294,Su Cho,[]
295,Hamish,"[re-read-lit, lit]"
296,LeeAnn Heringer,"[read-in-2010, russian, 19th-century, historical-fiction]"
297,Jenni,[abandoned]
298,Karan Gupta,[]
299,Suzy ,[]
300,Nicholas Whyte,"[non-genre, xe, 2013, 1307]"
301,Ghada,[audiobook]
302,Carl R.,[]
303,Rebecca Reid,[b-fic-pre-1900]
304,Jawad,[مكتبتي-المنزلية]
305,Maggie,"[old-literature, fiction]"
306,Veronica,[all-time-favourites]
307,Nigel Kotani,[]
308,Jason,[classics]
309,Hansen Wendlandt,[]
310,البراء شلش,[russian]
311,Laura,[]
312,Karen,[]
313,Alina Brohanschi,[]
314,J. Dunn,"[owned, 19th-century, culture, politics, have-etext, fiction, novels, adventure, quest, humor, translations, satire, classics, travel, customs, nearfave, russian, farce]"
315,Dawn,[]
316,Ensiform,"[fiction, russian]"
317,Katarzyna,"[humor, russian-literature, reviewed]"
318,La Hui,[]
319,Jeremy,[russian-literature]
320,Skyler,[]
321,Tato,[fiction]
322,Adam Floridia,[]
323,David Hammond,[]
324,Nukalurk,"[русский, classics]"
325,Dejan,"[read-in-2013, e-books]"
326,1.1,[]
327,Stephanie,[]
328,sara,[]
329,Mr Norton,[]
330,Caitlin,[]
331,The Narrator,[russian-literature]
332,Sandra,"[russia, classicissimi]"
333,Elena Druță,[]
334,Simon Hollway,"[russia, 2015]"
335,Toni Seger,[]
336,hanan al-herbish al-herbish,[]
337,Edward Oser,[]
338,Twink,[]
339,Niels,[]
340,hatim,[]
341,Viacheslav,[]
342,Joshua Mahan,[]
343,Thomas Johnson,[]
344,Hanna Rudakouskaya,[]
345,Ana,[]
346,Ferris,[]
347,Héctor Rodríguez,"[2013, sepan-cuántos]"
348,Patrick McCoy,[classics]
349,Brent Ranalli,"[general-fiction, politics-society, 19th-century]"
350,Hypatia,[]
351,Lauren,[]
352,Miss,[bookclub]
353,Nikita_k,[]
354,Jim Coughenour,"[russianliterature, darkandfunny]"
355,Bradley Callahan,[]
356,Chris Fluit,[2015-in-books]
357,Özge,[]
358,Shantanoo Desai,[]
359,Cathy aka The Attached Mama,[]
360,"Preston, Johnson",[]
361,Snafu Warrior,"[favorites, classic, novels]"
362,Steve,[]
363,Jeffrey,[]
364,Becky,[]
365,MJ Nicholls,"[novels, borscht-and-kvass, pre-1900s, penguin-classics]"
366,Janith Pathirage,[]
367,Bear,[]
368,Aleksandar Janjic,[]
369,Sean Leas,[classics]
370,Fatima Mohamady ..,[]
371,Nikolay Hodyunya,[russian-classics]
372,Panos Lettas,"[favorites, russian-literature]"
373,Marcus,[]
374,VJ,[]
375,Maria Chiper,[]
376,Nancy,"[classics, fiction]"
377,Alexander Z,[]
378,Ben Moody,"[fiction, comedy, need-to-read-again]"
379,Christian Blum,[]
380,Simon A. Smith,[novels-before-1980]
381,Brian Grover,[classics]
382,Jeff Scott,"[1001books, classics]"
383,Tempo de Ler,[]
384,Adam,[]
385,Sarah,[]
386,Kaitlyn,[]
387,Hanneke,[1001-read]
388,Brian Hamilton,[]
389,Benjamin Kahn,[]
390,Pamela,"[comedic, confusing, bizarre, social-commentary, laughoutloud, readin2013, russian]"
391,Nataša,[]
392,Kathleen Wells,[]
393,Vasco Ribeiro,[]
394,linhtalinhtinh,"[other-lit, old-lit]"
395,Mark McKenny,[]
396,Norah,[]
397,Margaret,"[classic, russian-literature, russian-culture-and-life]"
398,Carl Ostberg,[]
399,Rebecca McNutt,"[classic, comedy, fiction, russian]"
400,Adam Stevenson,[]
401,Tuco,[]
402,James,[]
403,Mohsen,[]
404,Will E,"[classics, satire, russian]"
405,Tripp,"[omniscient, past-tense]"
406,Yulia,[russky]
407,Jennifer Margulis,[]
408,blakeR,[literature-classic]
409,Ted Mccombs,[]
410,Richard Derus,[]
411,T.P. Williams,[]
412,Michela,[]
413,Wilde Sky,[]
414,Վոլտ,"[classic, grotesque, more-than-400-pages, summer-2015, translated, russian, cynic]"
415,Steven,[eastern-european]
416,Liz Sawyer,[]
417,Anetq,[reading_europe]
418,Maru Kun,"[19th-century-lit, c-russia, review-or-reviewed]"
419,Chelsea Howard,[]
420,HM,[]
421,Jonathan,[]
422,Bubba,[]
423,Eugene,"[favorites, humor, classics]"
424,Mike,[fiction-in-translation]
425,Greg Heaney,[russia]
426,Lee,[fiction]
427,Heman,[fiction]
428,Brett,[don-t-recommend]
429,يونس عمارة,[مصادر-الالهام]
430,Judy Vasseur,[]
431,Chris,"[read-in-2011, own-ebook, 19th-century, russian]"
432,Sheri,[poverty-class-issues]
433,Abby,"[russian-lit, fiction, francine-prose]"
434,David,"[classic, literary, audiobook, russia, 1001-books-to-read-before-you-die, 19th-century, russian-literature]"
435,kristin,[]
436,Zoltán,[belles-lettres-non-hungarian]
437,lisa_emily,"[1001-books, russian-lit]"
438,Bob,[]
439,Leonardo,[]
440,Madison,[]
441,Jimmy,"[russia, novel, male, year-1840s]"
442,K.H. Leigh,[]
443,Ron,"[general-fiction, ebook, gave-up]"
444,Rob,[]
445,Scott Miles,[]
446,Oh Ruby,[]
447,Reba,[]
448,Just A. Bean,[historical-fiction]
449,Daniel Capparelli,[]
450,Jeffrey Rasley,[]
451,Afrah Alrmali,[]
452,Katie,[on-kindle]
453,grimaud,[]
454,Sara Alhooti,[2016]
455,Ivan,[]
456,TarasProkopyuk,"[fiction, russian]"
457,Punnuf,[]
458,Avneesh Kumar,[]
459,[P],[bitchin]
460,Debra Daniels-zeller,"[fiction, classic]"
461,Hestia,"[br-challenge-2015, books-2016]"
462,Nelleke,"[historical-fiction, classic-literature, fiction, favourite, 19th-century, russian-literature]"
463,Maria Beltrami,"[grandi-classici, narrativa-russa]"
464,Jamie,[]
465,Shaimaa Ali,[]
466,Bill Keefe,[]
467,Izidora,[]
468,Lavina,"[partially_read, 2007, fiction, translation, b_c, russia]"
469,Eliza,[2014]
470,Brian Gramman,[]
471,Michael Kroft,[]
472,Julian Meynell,"[19th-century, reviewed, russian]"
473,Neil Gussman,[]
474,Joselito Honestly and Brilliantly,[]
475,Rajneesh Vashistha,[]
476,Scott Cox,"[fiction, russian-literature, literature]"
477,Uli,[]
478,Aura,[]
479,Bardha,[]
480,Alex Tilley,[]
481,lärm,[]
482,Tej,[all-time-favorites]
483,Omar Al-hindy,[]
484,Begum,[]
485,Erika,"[historical-fiction, russian-literature]"
486,Cornelius Browne,[]
487,Malcolm,"[novel-100-burt, top-100-world-lit-norwegianbookclub]"
488,Jesse,[]
489,علی,[classic-fictions]
490,Moira Russell,"[2012-50-new-books-challenge, nyrb-book-club]"
491,One Flew,[]
492,Hóvirág,[]
493,Josh,[classics]
494,Abigail,[]
495,Edward,"[own, russia-ukraine, fiction, 5-star, translated]"
496,Parthiban Sekar,"[favorites, translated-texts, russian-lit, lost-work]"
497,Mikiel Ottmar,[]
498,0spinboson,[paper]
499,Giulia Di Marco,[]
500,Nate,[]
501,Maii Ragab,[]
502,Peter Jakobsen,[]
503,Francisco,[]
504,Kateri,[russian-novels]
505,Diogo,[ethics]
506,Max,[russian]
507,Andrew,[]
508,Blaise,[]
509,Annika,[books-and-ideas]
510,Olga,[]
511,Marie,[]
512,Matthew Smith,[]
513,Maria,[klassiekers]
514,Rambling Reader ,[nyrb]
515,April,[]
516,Jos,"[e-book, russian-lit]"
517,evan,[]
518,Iris Hulsker,[entertaining]
519,Jan-Maat,"[19th-century, novel, read-in-translation, russia-and-soviet-union]"
520,Leo Ryan,[]
521,Stewart,[]
522,Snævar Hreinsson,[russian-literature]
523,Tom Wascoe,[]
524,Kenneth Bareksten,[klassikere-1700-til-1900]
525,Tamhack,[]
526,Abimelech Abimelech,[]
527,Darlene,"[classic-novel, kindle-books]"
528,Al,[]
529,Cristina,[]
530,Colin Brown,[]
531,Scott,[]
532,Aasem Bakhshi,"[classics, russian-literature]"
533,Noells,"[narrative, russian-literature, nineteenth-century]"
534,Richard Springer,[]
535,David Peterson,[]
536,Emily,[historical-fiction]
