,user,tags
0,J. Dunn,"[owned, 19th-century, politics, favorite, have-etext, fiction, novels, translations, religion, morality, violence, christianity, philosophy, satire, extremism, russian, crime, early-modern, nihilism, anarchism, true-crime, favorites]"
1,Onsi,[]
2,Scott Gates,[]
3,Matt,[]
4,Taka,"[russian_lit, 2015]"
5,Melinda Fülóp,[]
6,Blakely,[]
7,Yann,"[russie, xixème, fiction]"
8,Ehsan Sharei,[]
9,Joseph Pinchback,[]
10,Rossrn Nunamaker,[fiction]
11,Pinkyivan,[]
12,Rena Kargioti,[]
13,Elaine,[]
14,anca dc,[2007-and-before]
15,Matt Frear,[]
16,Juan Sanchez,[]
17,Thomas,[]
18,Booksearcher,"[literature, long-books]"
19,Nathan Miller,[classics]
20,Cristina Man,[shelfari-favorites]
21,Mommalibrarian,"[russian-literature, classic]"
22,Darrell,[]
23,Kevin,[]
24,Babak,[the-day-after-tomorrow]
25,Ahmad Sharabiani,"[literature, russia, 19th-century]"
26,Michael D,[]
27,Tanya Faberson,[]
28,Jamie Barringer (Ravenmount),[]
29,Matthew,[]
30,Cat Noe,[]
31,Frank O'donnell,[]
32,Steve Evans,[]
33,Bruce,[fiction]
34,Catherine  Mustread,"[classics, russia, religion, 1870s, 1860s]"
35,Lisa Hayden Espenschade,[read-in-russian]
36,Mehran,[]
37,Vanja Antonijevic,[]
38,Sofia Teixeira,[]
39,Peter De vroomen,[]
40,Sally,[]
41,Alan Navarrete,[]
42,David Karam,[]
43,Emma,[1001]
44,John Pistelli,"[fiction, nineteenth-century]"
45,Rat Boy Hedonist,[dostoevsky]
46,Nagasravika Bodapati,[]
47,Francesco D'Isa,[very-short-reviews]
48,Christopher Endress,[]
49,Michael J. Coene,[]
50,Chiek Er,[european-classics]
51,Vicky Hunt,[vicky-s-favorites]
52,Gailė Ne,[]
53,Charlise,[]
54,Gerhard Kleynhans,[]
55,k,[]
56,Erik Graff,[literature]
57,Svetlana Dotsenko,[]
58,Travis,[]
59,Joe Nelson,[russian-books-i-have-read]
60,Narek Tatevosyan,[read_fiction]
61,Blake,[]
62,Yordan Eftimov,[]
63,Klara,[]
64,Nick,[]
65,Mikee,[russian-literature]
66,Scarlett Sims,"[classic, political, mystery, church-book-group, didn-t-finish]"
67,Andrew Forbes,[]
68,Tom,[]
69,Bob,[world-literature]
70,Rik Mets,[]
71,Renato Gontijo,[]
72,Mohammad Naghdi,[]
73,Eman Alshareef,"[pdf, fiction]"
74,Katherine,[fiction]
75,Rhiannon,[]
76,Cory,[]
77,Ben,[russia]
78,Robinson Zimmermann,"[favorites, russian-literature]"
79,Motaz Soliman,[]
80,Claire,[favorites]
81,James Violand,[own]
82,Guy,[]
83,Nick Riso,[]
84,Sara Hasheminik,[]
85,Brenda Odhiambo,[]
86,Vittoria,[]
87,Aymen,[]
88,Samson Martirosyan,[]
89,Jacob,[fiction]
90,Abhijit Srivastava,[classics]
91,Andrada,[classics]
92,Bartek,[]
93,Sharon,"[favorites, classics, big-books]"
94,Heather,"[furrin, classics, kindle, translated, russian]"
95,Ndiritu Wahome,[]
96,Sara,"[fiction, guardian-100-greatest-books]"
97,Charles Puskas,[]
98,Brian,[]
99,Ionut Moraru,[]
100,Arpi Gulgulyan,[]
101,Smotri_pod_nogi,[]
102,Justin Evans,[fiction]
103,Yasiru (reviews will soon be removed and linked to blog),[own]
104,Ferhat Karaağaç,[]
105,Betül,[]
106,David Williamson,"[great-fiction, essential-philosophy]"
107,Jordan,[]
108,Monika,[]
109,Dylan,[]
110,Nathan,[]
111,Will,[]
112,João Tabanez,[]
113,Rivka,[]
114,Śrī,"[novel, historical-fiction, political-fiction, translation, russian, dude-lit]"
115,Signe,[]
116,sr,[]
117,Jwee Chiek,[]
118,Fluffy Bunny,[booksilove]
119,Nathan Segerlind,[]
120,Sean,[]
121,Islam,[]
122,Pedro Limeira,[]
123,Kris,[]
124,Katya,[]
125,Paul Gelsthorpe,[]
126,Kirill,[]
127,Diana Săsărman,[favorites]
128,Johan Haneveld,[]
129,jim,[]
130,Giuseppe Vitale,[]
131,Darwin8u,"[aere-perennius, 2014]"
132,Rarufu,"[literature, classic, russisch, favourites]"
133,Sophie Masson,[]
134,Greg Deane,[]
135,Katie Herring,[]
136,Craig Werner,[russian-lit]
137,Jared Della Rocca,[read-to-charlie]
138,Hossein,[رمان-خارجی]
139,J.M. Hushour,[]
140,L,"[favorite, re-read, reviewed]"
141,Fernando Nájera,[]
142,Sissy,[]
143,Adam,"[russian, top-100-norwegian-book-club]"
144,Anthony Caplan,[]
145,wally,[dostoyevsky]
146,Eliza Beth,[]
147,Sam,[]
148,Irina,[]
149,Evgeniya,[]
150,Mattpfeff,[]
151,Ken Brimhall,[]
152,Reckoner,"[favorites, fyodor-dostoyevsky, mother-russia, Μυθιστόρημα]"
153,Richard Anderson,[]
154,Brian Kronborg,[]
155,Eliot,[]
156,Ray,[]
157,Jim Krotzman,[]
158,Ivan Izo,[]
159,R.K. Cowles,[]
160,Sofist,[Руска-класика]
161,Rose,[]
162,Rosa,[]
163,Kyle Mccall,[]
164,Thành Trung,"[favorites, historical-fiction, classics, masterpiece, philosophy, realistic-fiction]"
165,Philip Lane,[]
166,Tejas Desai,[]
167,Deborah,[]
168,Gordon Hilgers,[]
169,Marten,[]
170,Andrea De Pace,[]
171,Viktor,[]
172,Samuel,[]
173,JD Newick,[read-in-2013]
174,Desiree,[]
175,Joshua Ware,[]
176,Angelo Leonor,[]
177,Vishal,[]
178,Yves,"[xixe-siècle, russie]"
179,Jack Waters,"[read-in-2013, scanned-books]"
180,Vibeke,[]
181,Salvatore,[]
182,Medardo,[]
183,Simone Subliminalpop,[]
184,Farzaneh,[]
185,Marcus Schantz,[]
186,Grim-Anal King,[]
187,Erin,[]
188,Greg,[]
189,Fran,[owned]
190,David ,[fiction]
191,Arkadiy Volkov,[]
192,Andrea Bovino,[]
193,Stephan,[]
194,Caris,[2011]
195,Bohdan Pechenyak,[fiction]
196,Caroline Åsgård,[]
197,Mike Anderson,[fiction]
198,Justin Kern,[]
199,Sergey Artamonov,[russian-classics]
200,Krek1.0,[favorites]
201,Voss,[]
202,Miriam,[read-it]
203,Somayeh Farhadi,[]
204,Jenifer Mary Rune,[]
205,Rebecca,[]
206,Hayley Smith-Kirkham,[literature]
207,Giorgi,[world-classic]
208,Rutger,[]
209,Deepthi,[]
210,Randal White,[]
211,Daniel Knowles,[]
212,Ebrbnbrl,[favourite]
213,Chris Watson,[]
214,Marinho Lopes,[]
215,Jose Gaona,[ficción]
216,Pippa,[russian-literature-and-historry]
217,Craig,"[favorites, 1001-books-to-read-before-you-die]"
218,Teresa,[]
219,Maxim,[]
220,James Neve,[]
221,Cody,[]
222,Pat,[]
223,Clint,[]
224,Mysch A,[]
225,Mark Rondeau,[]
226,GONZA,[]
227,Tori,"[classics, i-own, politics, i-love-long-books, historical, thoughtful]"
228,Claire Barden,[classics]
229,Doug B.,[]
230,B,[own]
231,Hamed Mohamadkhani,[]
232,Christian,[philosophy]
233,Adeline,[russian-lit]
234,Stefano,[]
235,Ice Bear,[classics]
236,Ds,"[classics, books-i-own]"
237,RandomAnthony,[]
238,Liz Polding,[]
239,Chris Hayhurst,[]
240,Jelena,[own]
241,Allison,"[fiction, russian]"
242,Maryam,[]
243,Chris Chester,[prose]
244,Ivan,[]
245,Henry Avila,[]
246,Conrad,"[owned, attempted-more-than-once]"
247,Tamcamry,[]
248,Adrian Anghel,[]
249,Tyler ,[19th-century]
250,Frankie,"[russian, mytop10]"
251,Dilek ,[]
252,Rubensespejo,[]
253,Maria Nazarenko,[]
254,Denise DeRocher,[]
255,Ryan ,[]
256,Chrissie,"[fiction, philo-psychol, soviet-union, religion, dnf, not-for-me, downpour, 2014-read, classics]"
257,Ian,[]
258,Esma Tezgi,[favorites]
259,Travis of NNY,"[classic, russian, chunky-chunk-chunk]"
260,Dale Webb,[]
261,Lolo,[]
262,Nicholas Mennuti,[]
263,Genevieve,[]
264,Elizaveta,[]
265,Dragana,[]
266,Stephen,[classic]
267,Anna,[]
268,Geert Matthys,[]
269,Yury,[]
270,Vanessa,[]
271,Sammy Dalati,[]
272,skye,[]
273,David M,[]
274,Marts  (Thinker),"[classics, philosophy, russia, 2016-reads]"
275,Goran,[abandoned]
276,Mimi,[]
277,Никола Јанковић,[]
278,Epiero,[]
279,Bossanova,[]
280,Thomas Glahn,"[nederlands, russisch]"
281,Karen Michele,[]
282,Aysun,[]
283,عمرو عبد الكريم,[العظماء]
284,Adriana,[favorites]
285,Czarny Pies,"[favorites, russian-lit]"
286,Nicki Markus,[read-classics]
287,Juan C,[]
288,André Spiegel,[]
289,Bryn Hammond,[novelists-or-shorts]
290,Thales Carvalho,[]
291,Tocotin,"[will-read-again, my-own-books, 19th-century, kindle]"
292,Laurahamill,[read-aloud-with-john]
293,Naleendra Weerapitiya,[]
294,Lauren Strickland,"[abandoned, owned-books]"
295,Ted Prokash,[]
296,Brent,[]
297,Caleb,[]
298,Vit Babenco,[]
299,NancyKay,[]
300,Scott Smithson,[]
301,Soycd,[]
302,John,[]
303,Nantha Phupayak,[]
304,Iain Hamill,[classics]
305,Toon,[]
306,Assem  A. Hendawi,"[favorites, owned]"
307,Anna Sanechka,[best-novels]
308,Justin,[fiction]
309,Terry,[novel]
310,Anthony Francavilla,[]
311,Karan Gupta,"[dostoyevsky, existentialism]"
312,Mehlika,[ayrıcalığı-hakedenler]
313,Piet Michael,[russian]
314,Gio Taverni,[]
315,Terje Fokstuen,[]
316,Nicholas Whyte,"[non-genre, xe, 2013, 1312]"
317,Dmitry,[]
318,瑞傑 余,[古典]
319,Işıl,[]
320,Jason,"[classics, russian-lit]"
321,Laura,[]
322,Amina,[]
323,Håkon Bakke Stulen,[]
324,MOL,[russian-literature]
325,Maria Thomarey,[]
326,Xandri Fiori,"[irrational-evil, badass-russians]"
327,Jola Cora,[]
328,Kafkasfriend,"[fiction, general, literary]"
329,Bettie☯,"[slavic, re-read, published-1872, translation, paper-read, autumn-2011]"
330,☽ Moon Rose ☯ ,"[favorite-books-of-all-time, favorite-writers, 2011-shelf, characters-i-love, masterpieces, fiction, best-read-of-the-year]"
331,Sean Wilson,[]
332,Mkp,[fiction]
333,Zuzana Karasova,[]
334,John Winterson,[]
335,Pallavi Dhakal,[]
336,Jeremiah Parker,[]
337,Richard,[]
338,Ana Raquel,[]
339,Danny Bel,[]
340,Caitlin,[]
341,Sandra,[russia]
342,Beka Sukhitashvili,[russian]
343,Meribs,[classics-from-russia]
344,Wreade1872,"[league-of-extraordinary-gentlemen, victoriana, 19th-century]"
345,Phil,[]
346,Jason Kinn,[]
347,Emin Kiraz,[]
348,Rachael,[]
349,Henry Sturcke,[]
350,Vincent,[]
351,Laura Przybysz,[]
352,Joshua Novalis,[]
353,Vrinda Pendred,[classics]
354,Rachel,[]
355,Mike Mohr,[]
356,Petrichor,"[_as-audiobook, _in-german, fiction]"
357,David Guy,[]
358,Lauren,[]
359,Kateryna,[]
360,Crossett  Library,[]
361,Alex Obrigewitsch,[]
362,Mike Lester,[favorites]
363,brian   ,[]
364,David Sarkies,[dark]
365,Keso,[russian]
366,Linda,[]
367,Waven,"[favorites, classics, fiction, international, romance, suspense, historical]"
368,MJ Nicholls,"[novels, borscht-and-kvass, pre-1900s, oxford-classics, nonreviews]"
369,Janith Pathirage,[]
370,Petros Magganopoulos,[]
371,Christy,[read-2011]
372,Khenan Bragador,"[oldies, amazing]"
373,Mary Karen,[]
374,Ryan Andrew,[]
375,Pastor Ben,[]
376,Nancy,[]
377,Felix Dzerjinski,[]
378,Antonela,[]
379,kyle,[]
380,Meche,[]
381,Max,[]
382,Latoya Faraday,[]
383,Christine Wilde,[own]
384,Sarah,[free-reading]
385,Jūratė,[]
386,Talie,"[classic, بازخوانی]"
387,Sepideh Sahebsara,[]
388,Susan Ferguson,"[classics, nook-owned, 2014]"
389,Raya,[favorites]
390,Daniel,[]
391,Jeremy,"[review, literary, philosophy, translated-from-russian, canon, the-russians]"
392,Gláucia Renata,[]
393,Maverick,[]
394,Nathaniel Williams,[]
395,Owen Spencer,[]
396,Rebekah Sunday,[]
397,Shannon Bresnahan,[]
398,Bethan,[regular-fiction]
399,Alfred Lord Tennisanyone,[]
400,Dia,[]
401,Steven Peterson,[]
402,Jessica C.,"[genius-in-the-house, favorite]"
403,Lesko,[]
404,Лев Маргаритович,[]
405,blakeR,[literature-classic]
406,Avis Black,"[classics, 3-stars]"
407,Brenda,"[classics, not-my-cup-of-tea, dead-boring]"
408,Michael Schadinger,[]
409,Descending Angel,"[russian, dostoevsky]"
410,Nick Tramdack,[]
411,Jason Reeser,[]
412,Sieran,[literary-novels-and-plays]
413,Mark De Keyser,[klassiekers]
414,janie love,[]
415,Wael Mahmoud,"[fiction, translated]"
416,Mandy,[]
417,Ian Zimmerman,[]
418,Mark,[]
419,Eibrajam,[]
420,Sandy Michalka,[]
421,Andy,[]
422,Carola,"[world-literature, 3-stars]"
423,Gabi Ghimis,[]
424,Mike,[]
425,Lee,[classics]
426,Frank,"[literature, russian]"
427,Capsguy,"[russian, must-reread-in-my-life]"
428,Brett,"[classy-fiction, classic]"
429,Laikhuram,[]
430,Proustitute,"[classics, favorites, five-stars, russian-literature]"
431,Chris,[]
432,Sergiu Panainte,[]
433,Kirsten,[]
434,Neil Mill,[]
435,David,[]
436,BDT,[]
437,Corey,[]
438,Ari,[out-of-copyright]
439,Tam Sothonprapakon,"[favorites, russian]"
440,Jim Brucker,[]
441,Agnès,[]
442,Rob,[]
443,Tuệ Trần,[]
444,Lynne,[]
445,Beatrice Bejinariu,[]
446,Eric Joan Alexander,[classics]
447,Cameron,[]
448,Big Brother,"[list-thousand-and-one, bestest, sad-lonely-thinking-of-suicide, russian, dystopian-utopian-futurisitic, crimanal-friends, banned-challenged, list-world-library]"
449,Amy Charles,[]
450,Simona Iagăr,[]
451,Lindsay Wilson,[]
452,John M.,[favorites]
453,TarasProkopyuk,"[fiction, russian]"
454,Parker T. Geissel,[]
455,Kristi,"[own, russian-lit, guardian-top-100-of-all-time]"
456,Aaron Crofut,"[fiction, russia]"
457,Jamin,[]
458,Treygar,[]
459,Shawn,[]
460,Jamie,[fiction]
461,Orkun,[roman]
462,Anthony,[]
463,Avanto,[2016]
464,Sagar,"[classics, favorites]"
465,Kate S,"[2016, snow-leopard]"
466,Evripidis Gous.,[]
467,Bill V,[]
468,Lyazat,[f-a-v-o-r-i-t-e]
469,Vishu,[]
470,Iskender,[]
471,Susan Doyle,[]
472,Giorgos Pappas,[]
473,Tom Payne,[]
474,Monica Co,[]
475,Lee (Rocky),"[1-001-books, read-in-2015]"
476,Edgar Pérez,[]
477,Cher,"[fiction-translated, politics, before-1950]"
478,Patrick Faulkner,[]
479,Rosario Spataro,[]
480,Joseph,[]
481,Carol Apple,[]
482,Jc Er,[european-classics]
483,Khalil Shahverdi,[]
484,Bria,[]
485,Brook Miscoski,[]
486,Jenna,[]
487,Alison,[]
488,Jace Davies,[]
489,Manuel Alfonseca,[]
490,Denisse,[]
491,Chris Marquette,[favorites]
492,Manik Sukoco,[]
493,Edward,"[own, russia-ukraine, fiction, 5-star, translated]"
494,Melissa,"[repeatreads, troublemakers]"
495,0spinboson,[paper]
496,サラ フレイ,[]
497,Nate,[]
498,Ta,[]
499,Monica,[]
500,Francisco,[]
501,Kateri,[russian-novels]
502,Núria,"[5-favoritos, prestados, literatura-rusa, decimononicos, para-la-isla-desierta]"
503,Carey Combe,"[russian-classic-literature, generational-conflict]"
504,Andrew,[russian-classic]
505,B-MO,"[political-stuff, fiction, culture-and-politics]"
506,Elalma,[]
507,Daniel Paton,[]
508,Olga,[]
509,Sudha Ayalasomayajula,[]
510,Andrea,[]
511,blushenka,"[timeless, worth-re-reading]"
512,Mayta Quix,[]
513,Rıdvan,[]
514,Alex,[]
515,Conor,[]
516,Fernando,[favorites]
517,Sarah-Ruth,[]
518,Irissska,"[mystery-suspence-thriller, to-re-read, russian-soviet-lit, 50-must-read-in-2015, 5-stars-from-my-friend, 1001-books]"
519,Tom Choi,[]
520,Emmett,[]
521,Jonfaith,[mother-rus]
522,Diogo,[]
523,lysa,[]
524,Атанас Димов,[]
525,David Salcedo,"[rusia, rory-gilmore-reading-challenge, realism, realist-novel]"
526,Judith Gunn,[]
527,Onyango Makagutu,[]
528,adam,[]
529,Enzo Pater,[]
530,Emily,[]
