,user,tags
0,Shelby,[]
1,Leah,[]
2,Faft,[]
3,Ian Hall,[]
4,Jmhuff,[]
5,Dan,[]
6,Eromsted,[]
7,MrsQ,[]
8,Tommy Bruno,[]
9,Janelle Z,[]
10,Mohammed Abujayyab,[]
11,Raymond Kolter,[]
12,Englishmajor,[]
13,Luis Santos,[]
14,Joshlynn,[]
15,Charlotte,[]
16,Thomas,[]
17,Bonnie,[]
18,Sandi,[]
19,Austin Ely,[]
20,Gopika,[]
21,Alexis Ohanian,[]
22,Paul,[]
23,David Barron,[]
24,Danvasser,[]
25,Nick Jones,[]
26,Patrick Cowsill,[]
27,Bet Walla,[]
28,Carwyn Morris,[]
29,David Marxer,[]
30,Josh Fish,[]
31,Giovanna,[]
32,Jessica,[]
33,Bruce,[]
34,Bl4q,[]
35,Julie Salyards,[]
36,Kristin,[]
37,Olivia,[]
38,Gwennan,[]
39,David Meijer,[beyond-children]
40,Timur Golmezanov,[]
41,Emma,[]
42,Anna Marie,[]
43,Susan,[]
44,Apursansar,[]
45,Reza Nufa,[]
46,Yun,[]
47,Russ,[]
48,Stephanie,[]
49,Clare,[]
50,dirt,[]
51,MJ,[]
52,Shannon,[]
53,Colleen,[]
54,Pakitoinuriak,[]
55,julia,[]
56,Book,[]
57,Brandon Petry,[]
58,Pustaka Manikmaya,[]
59,María Lourenzo,[]
60,Hendra Veejay,[]
61,Funkstar,[]
62,Leonardo,[]
63,Aaron Benarroch,[]
64,Edward A.,[]
65,belajarjadimanusia,[]
66,Petar X,"[psycho-neurology-crime, fiction]"
67,Christina,[]
68,Ben,[]
69,Rosie Statman,[]
70,Jadie,[]
71,AndreaDraya,[]
72,Sutresna,[]
73,Claire,[]
74,Menemsha,[]
75,James Violand,[own]
76,Gerardo,[]
77,Meng Sha,[]
78,Shahid Akhtar,[]
79,Anna DunLany,[]
80,Tiffany,[]
81,Lilian Alves,[]
82,Ymhelvetican,[]
83,Joseph Reid,[chinese-lit]
84,Heather,[]
85,Lyn,[]
86,Annie Baker,[]
87,Anh  Le,[]
88,Sara,[]
89,Brian,[]
90,Liv,[]
91,Xoe,[]
92,Vivian Dang,[]
93,Fábio Gomes,[]
94,Loesja,[]
95,Meng,[]
96,Whitey,[]
97,Molly,[]
98,Laura Faludi,[]
99,Don,[]
100,Lucas,[]
101,Joel,[]
102,Fernanda Andrade,[]
103,Ryan,[]
104,Will,[]
105,Ardi Santri,[]
106,Leslie Plesetz,[]
107,Kelly,[]
108,Sophie,[]
109,Bill Horn,[]
110,Carlos,[]
111,KayJae,[]
112,Ali,[]
113,Jorge,[]
114,Isabel,[]
115,Komorebi,[]
116,Ted Milne,[]
117,Bea-san,[]
118,Kris,[]
119,Katya,[]
120,Faith T,[]
121,Viqry,[]
122,Xiri,[]
123,Susan Wang,[]
124,Cecilia,[]
125,Kathy Yang,[]
126,Kelsey,[]
127,Jesse Field,[]
128,Grace,[]
129,Christine,[]
130,Arisyabana,[]
131,Michael,[]
132,Kyle,[]
133,Sophia Aduana,[]
134,Adam,[]
135,Robin,[]
136,Katy,[]
137,Sam,[]
138,Laura Ann,[]
139,nawee,[]
140,abcdefg,[]
141,Ready,[novel]
142,Colleen Canning,[]
143,Greet Stessens,[]
144,Kate,[]
145,Felix,[]
146,Lamia,[]
147,Ten Rainyday,[]
148,Mario Alberto Bautista,[]
149,Milla,[]
150,Ross,[]
151,Elizabeth,[]
152,Samuel,[]
153,Desiree,[]
154,Kemal Abdic,[]
155,Cagle Lauren,[]
156,Jessica Jordan,[]
157,Sarah Rhea Werner,[]
158,Zuzia,[]
159,Rafa ,[]
160,Jon,[]
161,Luis Sánchez,[]
162,Predormitum,[]
163,Felipe,[]
164,Yohan dhiwa,[]
165,Blueberry Proton,[]
166,meg h.,[]
167,Lori Martindale,[]
168,Ganjar,[]
169,SIlvana,[]
170,Michael LaRocca,[]
171,Craig Adams,[]
172,Juliana,[]
173,Zorica Todorovic,[]
174,Erin,[]
175,Nicolle,[]
176,Greg,[]
177,Kevin,[]
178,David ,[]
179,Chuqiao,[]
180,Sheriffkilla,[]
181,Nicolas,[]
182,Williamwilde,[]
183,Gilly,[fiction-short]
184,Mahesh,[]
185,Masanaka Takashima,[]
186,Amy,[]
187,Sujatha,[]
188,Sunny,[]
189,Vale,[chinese-literature]
190,Michelle Allgood,[]
191,Sophia,[]
192,Ning Sun,[]
193,Susan Dickson,[]
194,Rebecca,[]
195,Margarita,[]
196,Kayla Logan,[]
197,B,[]
198,아,[]
199,Andrea Brown,[]
200,Devi,[]
201,Rihong Zheng,[]
202,Zeynep,[]
203,Israel Jaime,[]
204,Kristin ❋extols death with luminescent brilliance❋,"[abandoned, 2015-a-z-author-challenge, 2015-popsugar]"
205,Matthew,[]
206,Carroll,[]
207,Titah,[]
208,Fernando Fernández,[]
209,Mr. Mike,[]
210,Valentina Caselle,[]
211,Zatul Sahwee,[]
212,Jesse Heatley,[]
213,Josalin,[]
214,Richard,[]
215,Cws,[]
216,Shelly,[]
217,Hyeran Kang,[]
218,febriani,[]
219,Mojtaba,[]
220,Susli,[]
221,Hanper Tim,[]
222,Esti Sulistyawan,"[sastra-dunia, buku-terjemahan, kumpulan-cerpen]"
223,Diana ,[]
224,Piper Selden,[]
225,Christian,[]
226,Inigo,[]
227,Xochi Adame,[]
228,Alicia,[]
229,Albert,[]
230,Dustin Flanary,[]
231,Kim,[]
232,Sinziana Oana,[]
233,Leopold,[]
234,Yen-Rong,[]
235,Mdgabriel,[]
236,Michael Ronn,[]
237,Lucy,[]
238,Allison,[]
239,Christy M,[]
240,Leland,[]
241,Lillis,[]
242,Wang,[]
243,Ángel,[]
244,S Shah,[]
245,Emilian Kasemi,[]
246,Katarzyna888,[]
247,Frederick Glaysher,[]
248,Deniz Balcı,[çin-edebiyatı]
249,Carolina,[]
250,Karolina,[]
251,Matt,[]
252,Jaga,[]
253,Don Hackett,[]
254,Haruka,[]
255,Anne,[]
256,Bontor,[]
257,Kathy,[]
258,Vanessa,[]
259,Alissa Nutting,[]
260,Matthew Foster,[]
261,Goran,[]
262,Jacob,[]
263,Shuo,[]
264,Michelle,[]
265,Brad N,[]
266,Victoria Arnold,[]
267,Jackie,[]
268,Ahmad,[]
269,Crystal,[]
270,Marie Hurtz,[]
271,IRENE valiente,[]
272,Adriana,[]
273,Margot,[]
274,John Coburn,[]
275,Negatroyd,[]
276,Tom Newth,[]
277,W.,[]
278,Penny,[]
279,Geoff,[]
280,Tyler,[]
281,Knitography,[]
282,Cindy Chen,[]
283,Michael O.,[]
284,Ruben,[]
285,Tammy Carson,[]
286,JJ Runaway,[]
287,Lishesque,[]
288,John,[]
289,Leslie Seaton,[]
290,Tom Price,[]
291,Krish,[]
292,Zippoku,[]
293,Aditya Watts,[]
294,Josephnovak,[]
295,Justin,[]
296,Micha,[]
297,Cameron Green,[]
298,Adm2001,[]
299,Pilar,[]
300,Mythack,[]
301,S,[]
302,Calvin W. Lew,[]
303,Alexander Christman,[]
304,Maggie,[]
305,Gavinstudy,[]
306,Andrew Arias,[]
307,Hyatt Lee,[]
308,David Sims,[]
309,Laura,[]
310,Jeremy Johnson,[]
311,Samantha,[]
312,Dawn,[]
313,Alexa Brooks,[]
314,Allison Long,[]
315,Pandasurya,[]
316,Jakuande,[]
317,Andrew Tatge,[]
318,Maiby,[]
319,Chan Kin,[]
320,toni,[]
321,Jimi Gilroy,[中文]
322,Lili,[]
323,Shaylan,[]
324,Nosherwan Yasin,[]
325,Ching-In,[]
326,Eldonfoil TH*E Whatever Champion,[east-asian]
327,Jamal Ahmed,[]
328,Sacha,[]
329,Beck,[]
330,Amanda,[]
331,Joanna Bourque,[]
332,Jamie ,[]
333,Jur,[]
334,Cari,[]
335,Paurika,[]
336,Krzysztof,[]
337,CJ,[]
338,Davidmcbride,[]
339,Superyeti,[]
340,Sam Gammons,[]
341,Phil,[]
342,Juhoahava,[]
343,N,[]
344,Yana,[]
345,Caio,[]
346,Alexandra,[]
347,Barbara,[]
348,Alexandre,[]
349,kalishima,[]
350,Hanan,[]
351,Elif,[]
352,Ana,[]
353,Rachel,[]
354,Anh,[]
355,Stephanie Maiden,[]
356,Amy Chancellor,[]
357,Lauren,[]
358,Katarina,[]
359,Massimiliano,[]
360,David Lucas,[]
361,yangsta,[]
362,Sakiel,[]
363,Michael Conway,[]
364,Sarah Carracher,[]
365,Tim,[]
366,Mrtmr,[]
367,Mikki,[]
368,Courtney,[]
369,Rayna  (Poindextrix),[]
370,Jennifer,[]
371,Nathaniel,[]
372,Steve,[]
373,Becky,[]
374,Long T. Nguyen,[fiction]
375,Agnes Herdiasti,[]
376,Eric Zandona,[]
377,Gianluca,[]
378,Cary M,[]
379,Lalo,"[clásicos, 2016, short-stories, top100-bokklubben]"
380,Daved,[]
381,Anwari,[]
382,Nathan,[]
383,J.C.,[]
384,eti,[]
385,Julia,[]
386,Rahmi Ayu Umami,[]
387,Sarah,[]
388,Russell,[]
389,Paraph,[]
390,Drspangle,[]
391,Daniel,[]
392,Whitaker,"[short-stories, china, 2013-read, 3965g]"
393,GSL,"[i-own, east-asia]"
394,Hadrian,"[short-stories, fiction, chinese]"
395,Jockoflocko,[]
396,Tobey,[asianstudies]
397,Valeria May,[]
398,Steve Love,[]
399,Lauren Lawson,[]
400,Irene Greco,[]
401,F. John,[]
402,James,[]
403,Roberto,[]
404,Merry_xtinamas,[]
405,Fabrizio,[]
406,Yasmine Carlson,[]
407,Marie,[]
408,Kenny,[]
409,Dery,[]
410,Michele,[]
411,Echo,[]
412,Steven,[]
413,Scott Hugo,[]
414,Antoinette,[]
415,Mara,[]
416,Lynn,[]
417,Karen K. Miller,[]
418,Havid Ansori,[]
419,Huyen Le,[]
420,Peter TB,[]
421,Mel,[]
422,Brittany Anne,[]
423,Ianic,[]
424,Hk,[]
425,Dave,[]
426,Jacqueline Novogratz,[]
427,Chris,[]
428,Keith,[]
429,Marilyn,[]
430,Derek Sandhaus,[]
431,Dennis Noll,[]
432,Gobie,[]
433,Didi,[]
434,Bill,[]
435,Neal,[]
436,David,[]
437,Phillip Donnelly,[]
438,Stanley,[]
439,Davis,[]
440,Brandon Harwood,[]
441,Bob,[]
442,Jay B.  Larson,[]
443,Bárbara,[]
444,Stacey,[]
445,Ririenz,[]
446, Olivermagnus  ,[]
447,Oh Ruby,[]
448,Roy,[]
449,Conor Fogarty,[]
450,Dani Alexis,[]
451,Cameron,[]
452,Katie,[]
453,Juan,[]
454,Pavel,[]
455,Shan,[]
456,Thea Diepen,[]
457,Shawn,"[read-horror-and-supernatural, read-lit, read-do-not-own]"
458,Niratisaya Niratisaya,[]
459,Megan,[]
460,Anitafelc,[]
461,Anthony,[]
462,Dobbyf,[]
463,Reno Bulan,[]
464,Omër,[]
465,Elena,[]
466,Kelly Kathleen,[]
467,Locke585,[]
468,RDT,[]
469,Expositor,[]
470,Julie Kim,[]
471,Cahyo Edi,[novel]
472,Emily Brown,[top-100-telegraph-uk]
473,J,[]
474,Realini,[]
475,Edward Belfield,[]
476,Dee,[]
477,Ross Vassilev,[]
478,Jenny,[]
479,Diana,[]
480,Mutia,[]
481,Nate Ruhter,[]
482,Alejandro Urrutia,[]
483,Helena,[]
484,Muriel,[]
485,Kristina,[]
486,Dan Mac,[]
487,Jessie,[]
488,Josh,[]
489,Miguel Soto,[]
490,Veterini,[]
491,Lana,[]
492,Fannylin,[]
493,Oriana,[]
494,Andrew,[]
495,Jbondandrews,[]
496,Yohan Dhiwa,[]
497,Andrea,[]
498,nawir nawir,[]
499,Alex,[]
500,Hanna,[]
501,Aileene,[]
502,AL,[]
503,Richard Von,[]
504,Morgan,[]
505,Marcele,[]
506,R. Karlina,[]
507,Hiroshi,[]
508,Teana S,[]
509,Lei,[]
510,Mr1879,[]
511,Emily,[]
