,user,tags
0,Pink,"[classics, 17th-century, translations, spain, catching-up-classics-2016-bingo]"
1,Lotz,"[highly-recommended-favorites, novels-novellas-short-stories]"
2,Chrissie,"[hf, disliked, spain, humorous, dnf, not-for-me, audible, 2014-read, classics]"
3,Mientras Leo,[]
4,Alisea,[]
5,Plucino,"[literature-spanish, 1001-libri-da-leggere, megabooks-1000pages]"
6,Mkfs,[]
7,Rehab Mousa,[]
8,Chris Lamnidis,[]
9,wally,[cervantes]
10,Julie R,[]
11,Daniel Pecheur,"[world-literature, favorite-masterpieces]"
12,Riku Sayuj,"[favorites, classics, translated]"
13,Pepe B&V,[]
14,Cecily,"[humour, classics, favourites]"
15,Simon,[]
16,Galena Sanz,[]
17,emily,[]
18,Kathy,[did-not-finish]
19,Matt,[]
20,Angelina,[]
21,Mattia Ravasi,[]
22,Vane J.,"[classics, 2013, spain]"
23,Carmen ,[]
24,Dan,[novels]
25,Biographyguy,"[fiction, classics, reading-the-masterpieces]"
26,Drew,[]
27,Pumsish,"[fiction, translated]"
28,Casey,"[the-serious-lit, grungy-shelf, dear-ones, curmudgeon-canon, books-that-can-double-as-weapons, all-around-the-world, 1001-books]"
29,Helmut,[]
30,Alyssa,[classics]
31,Evan,"[world-literature-top-100-list-poll, epic, my-faves, __in-my-collection, adventure-fiction, favorites, __8000-meter-peaks-of-literature]"
32,Nico N,[]
33,Helen,[classics]
34,K,[favorites]
35,Neal Adolph,"[2014-reads, european, favourites, to-reread, translated]"
36,Philip,[classics]
37,Owen,"[classics, adventure, favorites]"
38,Bethan,[regular-fiction]
39,José Manuel Frías,[]
40,Sash Chiesa ,[]
41,Wanda,[]
42,sonia,"[in-portuguese, school-readings]"
43,Gary,[classics]
44,D,[]
45,Mona,[]
46,James,[]
47,Bodhisattva Chattopadhyay,[generallit]
48,Michael,"[classics, 1001-books-to-read-before-you-die, translated-fiction, buddy-reads]"
49,Bogdan Liviu,[]
50,Lars K Jensen,[classics]
51,Alisa,[]
52,Bryarly,[]
53,Iceman,[]
54,Dahlia,[]
55,Nils,[]
56,Swankivy,[]
57,Suzammah,[]
58,J.G. Keely,"[humor, novel]"
59,Anna Parkinson,[]
60,Megharp,"[boxall-1001, guardian-1000, rory-gilmore-reading-challenge, college-101]"
61,Andrea Blythe,[fiction]
62,Rikke,"[classics, satire, owned-books]"
63,Art,[fiction]
64,Sam,"[classics, historical-fiction, travel, adventure, philosophy]"
65,Tatiana,[classics]
66,Çağdaş,"[classics, yky, library]"
67,Nelson Zagalo,"[top_70_general, bloom_list, literary_canon]"
68,Aaron,[]
69,Craig,"[favorites, 1001-books-to-read-before-you-die]"
70,Laura Gilfillan,[]
71,Renato Magalhães Rocha,"[the-novel-100, 100-best-books-world-library, kindle-ebooks, 2014, all-stars, reviewed, 1001, don-quijote, read-more-than-once, absolute-favorites]"
72,Geoff,[the-classics-club]
73,Daniel,"[aventuras, mediavales]"
74,Jose Monarrez,[]
75,Stine Holt,"[own, classics, english, humorous, fiction, 1600s, read-in-2014, b-tten]"
76,Steven,[]
77,Tal,[]
78,Ashkan Nayyeri,"[favorites, رمان-خارجی]"
79,Lyn,[]
80,Deivid León López,[]
81,André,[]
82,Kevin,[own-books]
83,Kingfan30,"[1001-books, telegraph-novels]"
84,Otávio Al'ban,[world-classics]
85,Anetq,"[dusty_shelf, reading_europe]"
86,Berna P,[]
87,Andrew Mountford,[]
88,Sentimental Surrealist,"[adventure, medieval, doorstopper, miguel-de-cervantes, why-havent-i-read-this-yet, own-but-havent-read, collection]"
89,Pollopicu,[]
90,Lise Petrauskas,"[bloom-western-canon, door-stops, spain, the-novel-a-biography, 2015]"
91,Javi,"[papel, favoritos, ficción, novela, aventuras, 2016]"
92,Ahmad Sharabiani,"[classic, fiction, literature, 1001-book, spanish, 17th-century]"
93,Maha Maged,[]
94,Linda I,"[classic-literature, spanish-literature, miguel-de-cervantes]"
95,Joseph,[]
96,Michael Legge,[]
97,Madeline,"[the-list, historic-fiction]"
98,Cosmic Arcata,[]
99,Kathryn,"[great-books, on-my-nook]"
100,Belarius,"[fiction-finished, literature]"
101,Jonathan,"[classic-literature, 1001-books-to-read-before-you-die, poetry, quirky, humorous, classic-challenge-2]"
102,Dr.Abdulkarem,[]
103,Tom,[]
104,Alp Turgut,"[spanish-literature, cervantes-saavedra-miguel-de]"
105,Ken,[]
106,É F.K. O'Conghaile,"[my-actual-bookshelf, 2014, fantasy-scifi]"
107,Sookie,[2015]
108,Jessica,"[happyendings, wish-i-owned]"
109,Jennifer D,"[door-stopper, in-translation, 2012-books]"
110,Stéphane Vande ginste,[]
111,Jr Bacdayan,[]
112,Gina,[rereads]
113,J.,[own]
114,Tracie,"[2016-read, 1200-to-read]"
115,Tucker,[]
116,Herdis Marie,"[classics, spanish]"
117,Lily,"[own-hardcover, upstairs-2c, classic, dfc]"
118,Will Abel,[]
119,Emilian Kasemi,"[favorites, heavyweights, read-and-reread, inspiring, ne-plus-ultra]"
120,Riley,[classics]
121,Marita,"[fiction-literary-and-classics, 2015]"
122,Chris,[]
123,Mike (the Paladin),[classics]
124,Justine Olawsky,[]
125,MiLi,"[favoritos, ficcion, aventuras]"
126,Keith,"[5-star-reading, fiction, 2012]"
127,Reena,[clásicos]
128,Mohamed  Abdalmoniem,"[favorites, روايات-مترجمة]"
129,Wayne,[]
130,Sara Gould,[]
131,JP,[]
132,Stanislavo Belov,[esperanto]
133,Rashaan ,"[academics-textbooks-pedagogy, fiction]"
134,Jeremy,[spanish-language-fiction]
135,David Peterson,[]
136,Fernando Gonzalo Pellico,[]
137,David,[read-in-2009]
138,Ryan Jiorle,[]
139,Judy,"[classics, adventure, fiction, 1001-books, spain, 2013-reads]"
140,Corey,[]
141,Gonsanb,[]
142,W,[]
143,Bukk,"[classics, fiction, novels, adventure]"
144,Juan Gargiulo,[picaresque-reading-list]
145,Mindy,[]
146,Paul,"[novels-of-ideas, major-literary-works, great-books, satire, great-novels, comedy]"
147,Andrew Leon,[]
148,Daniel Wright,"[novel, early-modern, spanish, old-books, western-canon, xenoglot]"
149,Jason,"[read-in-2015, full-deck-challenge]"
150,Jesse,[]
151,Chad,[]
152,Melanti,"[e-book, classics, audiobook, adventure, 1001-books, 2016]"
153,Maan Kawas,[]
154,Mayada,[]
155,Leftbanker,[]
156,Nicholas Whyte,[]
157,Trin,"[fiction, spanish-lit]"
158,Weltschmerz,[favorites]
159,Steve,[]
160,Brandon O'Neill,[]
161,Greg,[]
162,Fionnuala,"[review-may-contain-comic-content, translated-from-spanish, metamorphosis, reviewed-in-2016, don-quixote-and-related]"
163,د. حمدان,[novels]
164,Tisha,"[classics, 101-to-read-before-i-die]"
165,Bastet,"[my-favourites, master-piece, spanish-literature, must-read, classics]"
166,Leo Robertson,[]
167,Melek,[]
168,Graham,[]
169,David Lentz,[]
170,Katie,[]
171,Michael Shaw,[]
172,Nisreen,[]
173,Pedro,[]
174,W.T. Shad,[]
175,Ghada,[]
176,Aya Lawliet,[]
177,Bettie☯,"[re-read, published-1694, paper-read, fradio]"
178,Lufusol,[]
179,Squire,"[favorite-books, easton-press, classics-challenge-2013]"
180,Adam,"[fiction, classics]"
181,Bennet,"[novels-stories, brilliant-voices-and-language]"
182,Laurel Hicks,"[books-read-in-2009, audible]"
183,Nick,[]
184,karen,"[littry-fiction, meowch-bad-kitty, not-a-polyglot]"
185,Mickaël Fernandes,[favorites]
186,Fotooh Jarkas,"[2013, novels, plays, philosophy, english, intellectual]"
187,Cagne,"[the-100-best-books-of-all-time, lit-revival, read-in-2013, comfortable-to-read-in-italian, novel, classics]"
188,Lisa,"[2009, 1001-before-you-die, guardian-1000, new-1001-before-you-die, classics, comedy, into-the-mud]"
189,Gary Campbell,[]
190,Jen,"[atw-globetrotter, 1001-books, novel-biography, door-stop, 2015-reads]"
191,[P],[bitchin]
192,Νατάσσα,[]
193,Clif Hostetler,[novel]
194,Rachel (Kalanadi),[classics]
195,Doremili,"[solo-libros-2015, reto-2015-retada-por-lu]"
196,C.,"[own-or-access, classics, may-i-say-blah]"
197,Gergana Tsvetanova,[classics]
198,Hoz Kamaran,[]
199,Jamie,[pushing-my-limits]
200,Alain,[]
201,mohab samir,"[favorites, أدب-عالمى]"
202,Pranta Ghosh Dastider,[]
203,Chris_P,"[classics-and-modern-classics, 5-star-diamonds]"
204,Amy,"[classics, classic-lit, audio]"
205,Roof Beam Reader,"[classic-s-club-challenge, 1001-books, 2013-tbr-pile-challenge, back2classics-2013]"
206,Ronald Morton,"[spanish, favorites, read-in-2016]"
207,Joe Cummings,[]
208,Ümit,"[favorites, fiction, foreign, classics]"
209,Sandra,"[2014-reads, books-i-own, for-school]"
210,Jaclyn,"[classics, gilmore-girls, books-i-own, well-educated-mind, spain, thick-books-approx-500-pages-and-up, 1001]"
211,Nessy Dimitrova,"[favourite-author, adventure, favorites, read-in-2015, an-old-classic, had-me-laughing-like-a-weirdo, romantic-funny-stuff-down-the-line, read-it-school-said, book-that-stands-out-alone, birch-you-re-on-the-unicorn-way]"
212,E,"[fiction, read-in-2016, boxall-1001, 0-1600s, translated, guardian-1000]"
213,Raed,[]
214,Isa Lot,[]
215,Αγγελική Μπούλιαρη,[foreign-literature]
216,Ben,[]
217,RK-ique,[fiction]
218,Wreade1872,"[league-of-extraordinary-gentlemen, 17th-century]"
219,Emily Dobbs,"[fiction, 2014, classics, 2015, 2016]"
220,Nicholas Sparks,[nicholas-recommends]
221,Realini,[]
222,Niels,[]
223,Zelda,[2015]
224,Jessi Witt,[]
225,Lyndz,[reviewed]
226,شـهرزاد,[]
227,Alejandra Arévalo,[]
228,Isaac Cooper,[abandoned]
229,Nathan Wisnoski,"[fiction, favorites]"
230,Caracalla,[]
231,Yann,[read-another-edition]
232,Mark,[january-2014-bookclub]
233,Scott Freiheit,[]
234,Andrea Patrick,[]
235,Vikas Lather,[favorites]
236,Sarah Shahid,"[read-in-2012, historical-fiction, literature, novels, fantasy, humor, adventure, classics]"
237,Ana,"[ebooks-kobo, 1001-books, c-spain]"
238,Salma,[]
239,Julián,[narrativa-en-español]
240,Maximiliano Sales,[lidos-em-2015]
241,Ibrahim Jabarin إبراهيم جبارين,[]
242,Rusty,"[books-that-suck, classic, did-not-finish]"
243,♥iDevourBooks♥ ☆Sonic~Obsessed☆,"[classics, christian, fiction, my-reviews]"
244,Prabhu,[]
245,Diane Challenor,"[abandoned, our-audiobook-library, our-print-library, our-amazon-library]"
246,Kirstine,"[classics, own, for-uni, translated, 1-men, r-2015]"
247,Tony,[]
248,Andy,[favorites]
249,Sherry Elmer,"[humor, great-world-literature, classics]"
250,Cornelius Browne,[]
251,Rebecca,[]
252,Tej,[]
253,Alison,[]
254,Cody,[immortal]
255,Jenny Clarke,[]
256,Katie Herring,[]
257,Felipe Navarro martinez,[]
258,Caroline,[philip-ward-500-books]
259,Νόρα,"[Κλασικά, Παιδική-ηλικία, Ισπανική-λογοτεχν]"
260,Eman Alshareef,"[borrowed, fiction]"
261,Douglas Wilson,[fiction]
262,Eliana Rivero,[]
263,Sara,"[fantasy, satire]"
264,Tori,"[ebook, classics, i-love-long-books]"
265,Alli,[]
266,Juergen John Roscher,"[read_2013, favorites]"
267,John Gurney,[]
268,Ellie,"[fiction, literary, classics, kindle, 2015indchallenge]"
269,Edward,"[own, fiction, spain-portugal, 5-star, translated]"
270,Sheila ,"[book-club, classics, big-book]"
271,Bill  Kerwin,[]
272,Cymru Roberts,[]
273,☾Poppet,[school]
274,Douglas Dalrymple,[]
275,Maida,"[books-set-in-europe, socio-psychology, romance, comparative-literature, historical-fiction, classics, religion-philosophy, moral-dilemmas, issues-of-class-or-social-standing, disability-illness]"
276,Justin Evans,[fiction]
277,Felisberto,[2013]
278,Zahra Taher,[روايات]
279,"Nathan ""N.R."" Gaddis","[swords-sorcerers-chivalry, moore-novelnovel]"
280,John,"[novel, funny-stuff]"
281,Christian,"[classic, hard-to-finnish, read-2013, have-the-ebook]"
282,Florencia,[history-and-fiction-combo]
283,Fidel,[read-in-2015]
284,Elizabeth,"[physically-own, list-books]"
285,Dr. Abin,[]
286,Alicia,[]
287,Christopher Bennett,"[favorites, great-lit]"
288,Andrew,[]
289,Ken Moten,[]
290,Apatt,"[favorites, classics, fave-classics]"
291,Patricia Soriano,[]
292,Erika L. Miller,[]
293,Jack,"[fiction, classics]"
294,Christy,[couldn-t-finish]
295,bugen,"[novels, lost-in-translation]"
296,Andrea,"[fiction, classic-canon, 2013-books]"
297,John Wiswell,[]
298,Nikki,[classics]
299,G.D. Master,"[classic, graphite-drug, adventure, humor, fantasy]"
300,Aram,[]
301,Mohammad Mahdi,[]
302,Marco Caetano,[]
303,Natalie,"[classics, kindle, medieval, finish-me, chunksters]"
304,Alex,"[2010, reading-through-history, metafiction, top-100, rth-lifetime, too-many-books]"
305,Andrew Walter,[]
306,Jocelyn,[]
307,Mandy,"[classics, spanish, 2012]"
308,Todd,[]
309,Nathan,[novels]
310,Ryan,[literature]
311,John Caviglia,"[literary-theory, humor, fiction, medieval, spain, memorial-stars]"
312,Fabian,[]
313,Mohammad Ali Abedi,[100-must-read-books-the-essential-m]
314,Gabriel Oak,"[prose-fiction-and-nonfiction, spanish-language]"
315,Sera,"[classics, kindle, own, 1001-books]"
316,Kelly,[]
317,Jan-Maat,"[novel, read-in-translation, society, humour, iberia, 17th-century]"
318,John Everett,[fiction]
319,Janet,"[spanish, classics, relieved-to-finish]"
320,Dulce,[]
321,Shawn Sorensen,[fiction]
322,Lizzy,"[classics-literay-fiction, read-years-ago, stars-5, favorites-of-all-times]"
323,Travelling Sunny,"[1305-read, nook]"
324,Derrick,[]
325,Sofia,[]
326,Nicklessagus,[]
327,Bill Rogers,[]
328,George,[nook-st]
329,Julie Davis,[quit-while-i-m-ahead]
330,Russell Bittner,[]
331,Leslie,"[humor, guardian-1000, spanish]"
332,inverted_a,"[vivliocafe-s-greatest-novels, the-western-canon]"
333,John B.,[]
334,Miguel Soto,[]
335,Hajer Elmahdi ,"[classics, latin-literature]"
336,Marius,"[favorites, bibliothèque-personnelle]"
337,keith koenigsberg,[fiction]
338,Amanda Lila,[]
339,عبدالله اليعقوبي,"[رواية, نسخة-إلكترونية]"
340,Cristina - Athenae Noctua,[]
