,user,tags
0,Florencia,"[favorites, borgesianism, argentine]"
1,Lotz,[novels-novellas-short-stories]
2,Ursula,"[fiction, short-stories, 1001-books]"
3,Jim,"[novels, lifetime-reading-plan, author-south-american, bp-2013, read-in-2013, magic-realism, 20th-century]"
4,Meli,[]
5,Lise Petrauskas,"[short-stories, bloom-western-canon, 2014-tbr, 20th-century-fiction, 2016-tbr, south-america]"
6,Kymm Lg,[to-read-again]
7,Anna,[]
8,Borum,[]
9,Cecilia,[jorge-luis-borges]
10,Ananthu,"[favorites, to-reread]"
11,Leonard,"[literature-spanish, favorite]"
12,Shucheta,"[short-stories, classic]"
13,Carmo,"[contos, argentina, bib-p]"
14,Kelanth,"[classico, narrativa]"
15,Luís Blue Coltrane,"[favourites, on-my-own, 1001-done, g-philosophy, le-monde-s-100-books, 2016, less-than-200, latin-america]"
16,Nikki,"[classics, short-stories-novellas]"
17,Jurica Ranj,[home-library]
18,Nostalgebraist,[modern-lit]
19,Glenn Russell,[favorite-books]
20,Raphael Lysander,[favorites]
21,أحمد أبازيد Ahmad Abazed,[]
22,julieta,[]
23,Mateo,[]
24,Sue,"[short-stories, library-book]"
25,Dolors,[read-in-2013]
26,Sheida,[]
27,M.,[kutuphanemdekiler]
28,Soycd,"[2016-1, literatura-argentina]"
29,Manasvi mudgal,[]
30,Stela,"[fantastical, reviews, re-read]"
31,Mary,[]
32,Marcelo Reis,[]
33,E.,[]
34,Bruce,[]
35,Santiago Valdez,[]
36,Joe,[]
37,M. Sarki,"[5-star-wonders, to-read-again-soon-before-dying]"
38,Arcadia,[]
39,David,[]
40,Andre Odysseus,"[favorite-books-of-all-time, modern-classics, latin-american-literature]"
41,PGR Nair,[]
42,Omar  Baraka ,"[2016, owned, with-friends]"
43,El,[20th-centurylit-late]
44,Carolyn,[]
45,S©aP,"[racconti, officina-del-pensiero, 1900, letteratura-sudamericana]"
46,Mohamed Shady,[]
47,Catherine,[favorites]
48,Steve,[]
49,Leo Robertson,"[favorites, spanish]"
50,Poncho,"[favorites, read-in-2015, hispanic]"
51,Aarón Asmat Aranda,[]
52,Franco  Santos,[]
53,Literary Cat,[]
54,Erik Erickson,"[fiction, prose]"
55,MARTI,"[favorites, latin-american-literature, short-stories]"
56,Nick,[]
57,Gabriel Unheimlich,[]
58,Dilan Alma,[]
59,Tudor Ciocarlie,[]
60,[P],[bitchin]
61,Rodrigo Ferrao,[]
62,Joaquín Jiménez,[]
63,João Duarte,[favorites]
64,Mariano,"[classics, short-stories]"
65,Linda Abhors the New GR Design,"[latin-american, boston-book-club, 1001-books-bucket-list]"
66,Maria Beltrami,"[racconti, narrativa-sudamericana, grandi-classici, fuori-di-testa]"
67,Emanuela,"[narrativa-straniera, racconti]"
68,K.D. Absolutely,[]
69,Chris_P,"[classics-and-modern-classics, fantasy]"
70,Melanie,[]
71,Jill,[books-about-books]
72,Fabián Tapia,[]
73,Sandra,[sudamerica]
74,Ahmed,[]
75,فضيض,"[bright-stars-in-my-hand, 2012-the-first-time]"
76,Arwen56,"[racconti, lett-argentina, argentina]"
77,Guido,"[favorites, america-del-sud, racconti, artifici-e-illusioni]"
78,Lourdes,"[favorites, cuentos, argentinos, plumas-increíbles, realismo-mágico, clásicos, vi-la-película]"
79,Kurt,[]
80,Yani,[cuentos-y-antologías]
81,Sonia Argiolas,[borges-jorge-luis]
82,Arun Divakar,[favorites]
83,Kyle Muntz,[]
84,Teresa,"[favorites, g-contos, 5-estrelas, n-argentina, l-1001bymrbyd]"
85,Albert Pham,[]
86,Pequete,[emprestados]
87,Ginny_1807,[]
88,Peter,[]
89,Cody,[latin-america]
90,El Avestruz Liado,[]
91,Denisse,[]
92,Tim,[]
93,Barahir Gray,[]
94,Edward,"[own, fiction, 4-star, translated, central-and-south-america]"
95,Jesse,"[1960-s, narrativity, read-in-2013]"
96,Ana Lucía,"[short-stories, philosophical-rambling, books-about-books, borrowed-reads, en-espanol, book-club]"
97,Sara Sbaraglia,"[1900-1949, argentina, sf_giramondo]"
98,Becky,"[foreign-language, short-stories]"
99,Diego Fagundes,[]
100,MJ Nicholls,"[short-stories, penguin-classics, latin-american]"
101,Ricardo Lourenço,[favorites]
102,Lau,"[lit-exp-2014-insane, excelente, traqueotomía-cerebral, read-in-2014]"
103,Curtis Ackie,[]
104,Eadweard,"[fiction-read, favorites-or-really-liked, short-stories]"
105,Isk,[]
106,Lahierbaroja,[]
107,Morgan,[]
108,Giuseppe,"[literature-argentinian, 1940-s, format-short-stories, genre-postmodern]"
109,Lisa (Harmonybites),"[classics, fantasy, literary-fiction, contemporary, short-stories, fiction, 2012-around-the-world, before-i-die]"
110,Rhys,[]
111,Lizzy,"[classics-literay-fiction, short-stories, stars-5, read-2016, favorites-of-all-times]"
112,Frankie,[latino]
113,Letitia,"[favourite-fiction, philosophy, literary, shorts, under-300-pages, book-club, 1001-books, magical-realism, translated, latin-america, modern-classics]"
114,mark monday,"[unstablenarratives, new-dimensions, alpha-team]"
115,Bjorn,[argentina]
116,Cecily,"[scifi-future-speculative-fict, magical-realism, short-stories, south-america, jorge-luis-borges]"
