,user,tags
0,Leah,[]
1,Jim,[]
2,K. M.,[]
3,Dan,[]
4,Casey,"[classic, 1001-books-to-read-before-you-die, 16th-century-french, humor]"
5,Alden,[]
6,Adriaan Krabbendam,[fiction]
7,Gobasso,[fiction]
8,Adamo Lanna,"[letteratura-francese, romanzi, 500]"
9,Maureen,"[novel, french]"
10,Katiebe,[]
11,Elaine,[]
12,J.G. Keely,[]
13,Nicoleta Culava,[]
14,Joshua,[]
15,Cary Aurand,[]
16,Gabasita,[]
17,David Mills,[]
18,Bonnie,[]
19,Vieve,[]
20,Fiona,[]
21,Paul,"[liberal-education, novels-of-ideas, major-literary-works, great-books, serious-fiction, fantasy, satire, great-novels]"
22,Rina,[]
23,Kevin,[]
24,Jeyhawk,[]
25,Ahmad Sharabiani,"[classic, fiction, humor, literature, 1001-book, french, 16th-century]"
26,Matthew Walden,[]
27,Joe Sacksteder,[]
28,Jessica,[]
29,Bruce,[]
30,Alan,[]
31,Veteran Gulfgoofredux,[]
32,Michael Snuffin,[]
33,Sheltri,[]
34,Czarny Pies,"[favorites, french-lit]"
35,David Meijer,"[classic, beyond-children]"
36,John Ward,[]
37,Dianna Caley,[]
38,Joan ,[]
39,Karl H.,[]
40,Trent,[]
41,Chuck LoPresti,[]
42,Stephanie,[]
43,Raheem,[]
44,Kellan,[]
45,Elisabeth,[]
46,Jennifer,[]
47,Adriana Scarpin,"[francesa, fantasia, humor]"
48,Zander,[]
49,Jared,[]
50,Martin Hernandez,"[french-writers, historia_literatura]"
51,Matt Howard,[]
52,Rachel Hartman,[]
53,Daniels,[]
54,Mikey,[]
55,Yuliya,[]
56,Bricoleur  (David) Soul,[]
57,Tom,[]
58,Jen,[]
59,Noam Maitless,[]
60,Michael Block,[]
61,Paul Hayes,[]
62,Joselito Honestly and Brilliantly,[]
63,Ramon de Santiago,[]
64,Christine,[]
65,Angela Alcorn,"[french-literature, french-author, fiction, guardian-1000-best-novels, guardian-best-scifi-and-fantasy, 1001-books-to-read-before-you-die, second-hand-bookshop-wishlist, classics, a-great-list-of-top-books-to-read, fadiman-lifetime-reading-plan, 16th-century, malcolm-knox-favourite-classics, weird]"
66,Jacob,[]
67,Claire,"[1001-books-to-read-before-you-die, great-book-of-the-western-world]"
68,Brad,"[novel, sensoria]"
69,James Violand,[own]
70,James N. Girardi,[]
71,Ron,[]
72,Liza P.,[]
73,Fern,[]
74,Arwen,[]
75,Nicole,"[books-i-hated, 1001-list-books, 2011]"
76,Sharon,"[at-cal, did-not-finish]"
77,Le,[]
78,Heather,[]
79,Matīss Rihards Vilcāns,[nepabeigtas]
80,Sara,[letteratura-francese]
81,Mogg Morgan,[]
82,Brian,[]
83,Damon,[]
84,Justin Evans,[fiction]
85,Jack,[]
86,Louis,[]
87,Kay,[]
88,Will Albers,"[fiction, 1001-books]"
89,Benjy,[1001-books-you-must-read-before-you]
90,Jim Leckband,[]
91,Nathan,[]
92,Jeffrey,[]
93,Ryan,[]
94,Claire S,"[global, on-writing, historical, fiction, novel, language, fict_beyond, a-we-ll-see]"
95,Calvin Fagan,[]
96,Simeon Berry,[]
97,Martin,[]
98,Simon Robs,[]
99,Erk Whocares,[]
100,Dot,[]
101,Dictum,[]
102,Leslie,"[classics, france]"
103,Sean,[]
104,Jeana,[]
105,Shala Howell,[]
106,Jan LeSuer,[]
107,Jules,[]
108,Cecelia,[]
109,Benjamin,[]
110,Ogoi Jecinter,[]
111,Jim Leftwich,[]
112,LawStudent Reader,[]
113,Evan,[]
114,Katy Metzler,[]
115,Ashley,[]
116,dan,[]
117,Kat,[]
118,Philip Bergstresser,[]
119,Thomas,[]
120,Adam,[]
121,Dominic Pettman,[]
122,Mandarine,[]
123,Robin,[]
124,Mils,[]
125,Righarry,[]
126,Thomasin,"[literature-degree-reads, fiction]"
127,Irina,[]
128,Falkor,[]
129,Raz,[]
130,Kate,[]
131,Björn,[]
132,Loreto,[]
133,Zelda,"[not-likely-to-finish, 2015]"
134,Jacek,[]
135,Caroline,"[owned, philip-ward-500-books, 2015-plan]"
136,Deborah,[]
137,Shawna,[]
138,Ken,[]
139,matt,[]
140,Elizabeth,[]
141,Peter Erwin,[]
142,Kristi Berry,[]
143,Flan,[]
144,Soren Sondergaard,[]
145,Dianne,[]
146,Nina,[]
147,Judy,[]
148,Gustl,[]
149,Meakin Armstrong,[]
150,El,"[1001-books-list, big-effing-books, swashbuckling-is-hott, 16th-centurylit, fantasy]"
151,Dragunov,[]
152,Erik,[]
153,Nanou,[]
154,Josh Friedlander,[medieval]
155,Sammy,[]
156,Eric,[]
157,Paul Snyder,[]
158,Dominika Kaníková,"[history, 2014]"
159,La Stamberga dei Lettori,[raimondo-torrismondo]
160,Kelly,[]
161,Miquixote,"[fiction, major-works-500-citations, france, french, humor, top-100-world-lit, 360-380]"
162,Yan,[]
163,Meghan,[]
164,Martin Roberts,[]
165,Miriam,[]
166,Lise,"[1001-books-to-read-before-you-die, classics, humour]"
167,Dato,[]
168,Elisa Meroni,[]
169,Deirdre,[]
170,Alexander,[]
171,Micaela,"[general-fiction, quotable, historical]"
172,Justin,[]
173,Kevin Moberg,[]
174,Brendan,"[french, novel, renaissance, satire]"
175,Michael Alexander,[amazingnotyetreread]
176,Craig,[1001-books-to-read-before-you-die]
177,Mr. Mike,[]
178,Amasa,[]
179,Kasia,[]
180,Cody,[]
181,Diego,[]
182,Clint,[]
183,Richard,[]
184,J L B,[]
185,The Power of Words,[why-did-i-read-it]
186,Angela,[must-reads]
187,Arukiyomi,[1001-books]
188,Maia,[]
189,Cwl,[]
190,Aras,[]
191,Beth,[]
192,Markus Sakoschek,"[poetry, classic]"
193,Virginia,[]
194,Jennifer Coleman,[]
195,Lynn,[]
196,Sunny,[french-literature]
197,Lawrence A,[]
198,Tadas Talaikis,[]
199,Nathalie,[]
200,Wyrmia,[]
201,kc,[]
202,Trenton,[]
203,Prayudi Setiadharma,[]
204,kevin quigley,[]
205,Koroviev,"[french, m]"
206,Hamid Sattar,[]
207,Diego Nunes,[]
208,Matt,[]
209,Ian,[1001-books]
210,Barry,"[novels, classics]"
211,JP,[]
212,Xio,[]
213,Stephen,[]
214,Anne,[]
215,Anna,[]
216,Vanessa,[]
217,Jp,[]
218,Jd,[]
219,ahe Butterfield,[]
220,Nancy Johnson,[]
221,Terese Svoboda,[]
222,Rosangela,[]
223,Chris Lynch,[]
224,Tianna kennedy,[]
225,Sally,[fiction]
226,Derek H,[]
227,amanda,[]
228,Clifford,[]
229,Glen,[]
230,Cassiel,[]
231,Danielle Wilson,[1001-books]
232,Anastasia Babushkina,[]
233,Debbie,[]
234,Paulg,[]
235,Ph,[]
236,John,[]
237,Setchell,[]
238,Mwash5252,[]
239,Lianna,[]
240,Aurora,[]
241,Gail,[]
242,Ilya,[]
243,Scribble Orca,[]
244,An-na,[]
245,Honor,[]
246,Jason,[]
247,Steve,[]
248,Johnny,[]
249,Salvatore Maldera,[]
250,Dawn,[]
251,Maria Marin-Barrientos,[]
252,Graham,"[gave-up, free-kindle, translated]"
253,Sarah Olson,[]
254,Péter,"[philosophy, based]"
255,Jeremy,[]
256,Bettie☯,"[room-101, abandoned, radio-4, winter-20112012]"
257,Nabil,[]
258,Lily,[french]
259,Caelin,[]
260,Cary,[]
261,sara,[]
262,Melanie,"[classics, i-own]"
263,my name is corey irl,[]
264,Ronald Morton,"[french, half-of-1001-books, read-in-2016]"
265,Emb,[]
266,Nick Bentley,[]
267,Phil,[]
268,Rachael,"[lit, 2011-book-challenge]"
269,Endre,[]
270,Stuart,[]
271,Chander2,[]
272,Ola,[]
273,Ann,[]
274,Millicent Swinson,[]
275,Doni,[]
276,Stefan Berteau,[]
277,Tanya,[]
278,Danielle,[]
279,io,[]
280,Laura,[]
281,"Nathan ""N.R."" Gaddis",[]
282,proto,[]
283,Taryn,"[tower-teams-1, gryffindor-mmp]"
284,Nell,[]
285,MJ Nicholls,"[novels, pernod-and-gauloises, voluminous, pre-1900s, penguin-classics]"
286,Nina Munk,[]
287,Karen Patricia,[]
288,Ana-Maria ,[]
289,Carol,[]
290,Steve Gordon,[]
291,Richard Spring,[]
292,Ryan Parr,[]
293,Cecilia Boyers,[]
294,Michael,[]
295,Vanessa Siino Haack,[]
296,Lisa (Harmonybites),"[classics, humor-and-comedy, 100-significant-books, fiction, novels, ebooks, before-i-die]"
297,Davey,[]
298,Jesse,[]
299,Jen Yi,[]
300,Ian Vinogradus,"[reviews, reviews-5-stars, read-2014, rabelais]"
301,Dojna Shearer,[]
302,Kylos,[]
303,Sarah,[]
304,Lotz,[novels-novellas-short-stories]
305,Daniel,[]
306,Thea,[]
307,L S,[read-so-long-ago-its-time-to-reread]
308,Steve Love,[100-best-books-in-the-history-of-li]
309,Victoria,[]
310,Margaret,[]
311,Philip,[]
312,Alex Cazenove,[]
313,Robertb,[]
314,Julie Madsen,[]
315,James,[]
316,Billy,[]
317,Josephine Supercalifragilisticexpialidocious,[]
318,Abbey,[]
319,Robert Rowe,[]
320,Jason Flynn,[]
321,Wordsmith,"[literature, fantasy, spirituality, mystery, poetry-shortstory, sex, read-years-ago, 1001, lit-world, religion, magical-realism, classic, wonder, lit-fantasy, star-five, art, gay-lesbian-unsure, linguistic-marksmanship, history, translation, philosophy]"
322,Avis Black,[classics-i-loathed]
323,Esceilenn,[]
324,Stina,[]
325,Marc,"[french-literature, renaissance]"
326,Ned,[]
327,Kristin Nichole,[]
328,Mark,[the-tradition]
329,Andy,[]
330,Ines,[]
331,Jonathan,[]
332,Vera Novitsky,[]
333,Mary,[]
334,Lea,[medieval]
335,Mike,[]
336,Brett,[]
337,Dave,[]
338,Chris,[]
339,Bart Cameron,[]
340,Keith,[]
341,Sheri Horton,[]
342,lyell bark,[]
343,nathank,[]
344,Ilya Zarembsky,[]
345,David,[]
346,Bob,[]
347,Stacey,[]
348,A-Ile Self-hallucination,"[favorites, french-literature]"
349,Shanamadele,"[literature, humor]"
350,Dayla,[]
351,Kaitlyn Utkewicz,[]
352,Rob,[]
353,Catherine,[]
354,Autumn,[1001-books]
355,Shelley,"[classics, 1500s, translated, 2016, french-lit]"
356,Emese,[]
357,Krista,"[2013, classics]"
358,Anand Venigalla,[]
359,Conrad,[]
360,Walter Five,[classics]
361,Megan,[]
362,Aloysius,[]
363,Nikoline,"[classics, fiction, french, 1500s, satire, male-author, university]"
364,Elena,[]
365,Ewa,[]
366,Smallerdemon,[]
367,Christopher Jones,[]
368,Julian Meynell,"[reviewed, 16th-and-17th, french]"
369,bup,[]
370,Realini,[]
371,jacky,"[college, adult-fiction]"
372,Anastasia,[]
373,Naira,[]
374,Juka Pakatsoshvili,[]
375,Bogdan,[]
376,Jenny,[]
377,Lane Wilkinson,"[literature, 16th-century]"
378,Jeff,[]
379,Tom U.,[]
380,Ted,[]
381,Britt,[]
382,Joanne,[]
383,Tony,[]
384,Brie,[]
385,César,[]
386,Abimelech Abimelech,[]
387,Al,[classics]
388,Casey Leidig,"[school, francophile]"
389,April West,[]
390,Alejo,"[azbuka, favorites, days-have-gone-by]"
391,Nate,[]
392,Madelyn,[]
393,Tim Winslow,[]
394,Dan Creighton,[]
395,Bill Yarrow,[]
396,Andrew,"[don-t-want-to-finish, ebooks]"
397,Nick Senger,[]
398,Yvonne,[]
399,Rauan,[]
400,Nicole G.,"[2010, 1001-books, 2013, french-literature]"
401,Bogdi,[]
402,Maria,[]
403,Alex,[]
404,Richard Rosenow,[]
405,Michaela,[]
406,Fernando,[]
407,T.,[fiction]
408,Cathy,[]
409,Jan-Maat,"[novel, france, read-in-translation, humour, 16th-century]"
410,Angana,[classics]
411,Samantha Glasser,"[classics, fiction, project-gutenberg]"
412,Sue Welchman,[]
413,Malcolm,[]
414,Charles,[]
415,Noelle,[]
416,Scott,[]
417,Donna,[]
