,user,tags
0,Sarah,[]
1,helen the bookowl,[]
2,Matt,[classic-novels]
3,Doreen Petersen,[classics]
4,Michael Gerald,[]
5,Leah,[]
6,Jim,[]
7,notgettingenough ,[haven-t-read-but]
8,Deborah Edwards,[]
9,Pamela,[]
10,Noor,[classics]
11,Cecily,[classics]
12,Stephen,"[classics, easton-press, audiobook, 1800s, literature, classics-european]"
13,Joe Valdez,[fiction-general]
14,Chicklet,[classics]
15,Terry,[]
16,Halli Lauren,[]
17,Janet,[]
18,Delaynie,[]
19,Melora,"[winter-challenge-2015-16, 2016-reading-list, victorians]"
20, Milica Pavlović,[classics]
21,Vane J.,"[favourites, classics, amazing-characters, 2015, ate-my-heart, charles-dickens, prosegasm, all-the-feels]"
22,Vanessa,"[classics, 2015-tbr]"
23,Noe,[]
24,Ayu Palar,"[favorites-ever, classics, dickens]"
25,Darwin8u,"[aere-perennius, 2013, 1001-ante-mortem]"
26,Jill,"[classics, kindle-own, british]"
27,Whitney,"[for-school, classics]"
28,Hannah Young,"[fiction, classics]"
29,Connie (Ava Catherine),"[challenge, classics, challenge2013, challenge13]"
30,Hil,[]
31,Ciarán West,[]
32,Kalliope,"[classics, fiction-english, britain, 2015]"
33,Ashley,[]
34,Grace Tjan,"[classics, british-literature, 2009, bbc-big-reads, victorian-lit, dickens]"
35,Kirsty Potter,[uni]
36,James,"[newberry-library, lincoln-park, favorites, read-and-reread, british-literature]"
37,Saoirse Sterling,"[own, what-the-dickens, blithe, masculine, bookshelf]"
38,Brigid *Flying Kick-a-pow!*,"[5-star-books, favorites, on-my-kindle, bromance, free-books, historical-fiction, realistic-fiction, classics]"
39,Michael,[]
40,Jackie,"[classics, inkworld, 2016-read, 2016-firsts, 2016-old-new-challenge, reviewed-in-english]"
41,Andreea,[own]
42,Cathleen,"[classics, british-lit, tbr_2015_onshelves]"
43,Adam,[]
44,Trelawn,"[collectable, dickens]"
45,Leola,"[fiction, classics]"
46,Bookworm Sean,"[favourites, classics, romance, 5-star-reads]"
47,Chrissie,"[great-britain, hf, disliked, downpour, 2014-read, classics]"
48,Carly,"[read-at-university, university-reading-list-second-year, genre-classics, format-paperback, 400-pages]"
49,Jeffrey Keeten,[victorian]
50,Michela,[]
51,Samar Almossa,[]
52,Raquel,"[favorites, rory-gilmore-challenge, bbc-top100-challenge]"
53,Renato Magalhães Rocha,"[the-novel-100, 100-best-books-world-library, kindle-ebooks, 2014, all-stars, reviewed, 1001, dickens]"
54,Geoff,[]
55,Melki,[classic-fiction]
56,Yamini,"[in-print, classics]"
57,Reckoner,"[classics, Μυθιστόρημα]"
58,Stacey (prettybooks),"[classics, read-in-my-twenties, adult-fiction, classics-challenge]"
59,Selwa,"[office-book-club, classics, fiction]"
60,Lyn,[]
61,Laurel Hicks,"[books-read-in-2009, dickens-novels, audible, 0-kindle, books-read-in-2016, 2016-4]"
62,·Karen·,"[19th-century, favourites, brits]"
63,Sue,"[classics, fiction, favorites, britain, my-own-books-2015, read-2015]"
64,Juliana Nino,[]
65,Ashley Elliott,[]
66,Debbie,"[classics, fiction, 1001-to-read-before-you-die]"
67,Siv30,"[classics, british]"
68,Ana Barrona,[favorites]
69,Jonathan,"[personal-favourites, classic-literature, 1001-books-to-read-before-you-die, books-with-films-2]"
70,Joanna Mugglin,[favorites]
71,Anne,"[favorites, read-in-2010, romance, classics, made-me-cry, goosebumps, asdfg, male-narrator, saw-an-adaptation-too, fave-classics, close-to-my-heart, english-lit, borrowed, read-more-than-once]"
72,C.S. Burrough,[]
73,kaelan,[for-school]
74,Abigail Hartman,[classics]
75,Raghda Elwakil,"[favorites, charles-dickens, classics]"
76,Elizabeth,"[physically-own, list-books]"
77,Aubrey,"[3-star, reviewed, 1-read-on-hand, r-goodreads, r-2015]"
78,Mel,"[2-stars, classics, library, for-school, read-in-2016, around-the-world-in-52-books]"
79,Rade ,"[reviewed, rec-to-everyone]"
80,Chris,"[london, lit-fiction-english, 1001-list, dickens]"
81,Mike (the Paladin),[]
82,Sonia M,"[favourite, novels]"
83,Jon,[]
84,Dianna,[]
85,Lazarus P Badpenny Esq,"[stories, crime, england, pre-twentieth-century, penguin-classics, 1001-before-i-die, commercial-imperialism, 2011, u_grad_set_text, enl102_literary_history, victoriana]"
86,P.T. Hylton,[]
87,David,"[classic, literary, books-i-had-to-read-in-high-school, audiobook, 1001-books-to-read-before-you-die, victorian, british-literature, reread, 19th-century, england]"
88,Henry Avila,[]
89,Gr8grendel,[]
90,Jason Reeser,[]
91,Marta,"[classics, 2016-popsugar-challenge, 2016-tbr]"
92,Amanda,[read-for-school]
93,Madison,[]
94,Frahorus,"[romanzo, favorites, letteratura-inglese, ottocento]"
95,Laura,[]
96,Karen,[favorites]
97,La Mala  ✌ ,"[libros-favoritos, classic, you-ve-been-a-bad-bad-girl, calle-pero-elegante, te-amo-te-odio-dame-mas, la-chica-mas-guapa-de-la-ciudad, suenios-de-juventud, beautiful-losers, me-rompes-el-corazon, personajes-masculinos-favoritos, personajes-femeninos-favoritos, convictos-o-ex-convictos, perdona-pero-quiero-casarme-contigo, loca-me-gustas-asi-de-loca, villanos-favoritos]"
98,Kevin,[]
99,Shawn Thrasher,[]
100,Amarice,"[classics, male-authors, male-protagonist, read-in-hebrew]"
101,Katie,[]
102,Jeremy,[humour]
103,Karlyne Landrum,[]
104,Michael Kneeland,[]
105,Robert,[]
106,Lynne King,"[classics, dickins]"
107,Kaya,[]
108,Milica,"[classics, books-i-own]"
109,Luis Zamarro Fraile,[]
110,Mohammed Awad,[2016]
111,Allen Sellers,[]
112,[P],[bitchin]
113,Josiah (bookishfanboy),"[favorites, classics, for-school]"
114,Anthony,[]
115,C.,"[own-or-access, classics, studied, 2009]"
116,K.D. Absolutely,"[classics, 1001-core, british]"
117,Gavin Armour,[]
118,NocturnalBlaze,"[classici, letture-in-inglese]"
119,Ryan Nelson,[]
120,Elsa K,[]
121,Nikoleta,[classics]
122,Golnaz,[]
123,rhea,[]
124,Ken,[classics-read-long-ago]
125,Marco Tamborrino,[]
126,Petar X,[fiction]
127,Chiara Pagliochini,[letteratura-inglese]
128,Maninee,[classic]
129,Alice Oseman,[]
130,Joselito Honestly and Brilliantly,[]
131,Anastasia,"[british, classics, coming-of-age, life_tricks]"
132,Luke Harris,[classics]
133,Brad,"[classic, personal-mythology]"
134,Delila,"[klasici, englezi]"
135,Jose,[]
136,Sergei,[]
137,Tej,[]
138,Luana,[]
139,Nayra.Hassan,[]
140,Nahiyan Asadullah,"[classics, read-for-school, victorian-literature, 1001-books-you-must-read-before-you]"
141,Aries Eroles,[]
142,Peter,[]
143,"Kirsten *Dogs Welcome - People Tolerated""","[my-audible, 1001-books-challenge, guardian-1000-books, classics-2016, collecting-dust-2016, oprahs-book-club]"
144,Mikal O'Boyle,[]
145,Cata,[2015]
146,Paul Brogan,[classic]
147,Quirkyreader,[]
148,Michelle,"[classics, coming-of-age]"
149,بسام عبد العزيز,[]
150,Sara,[]
151,Emily May,"[classics, favourites]"
152,Councillor,"[romance, reviewed, 19th-century, uk-ireland, classics, rated-5-stars, read-2015, fiction, coming-of-age, charles-dickens, free-on-gutenberg, expectations-were-high, first-person-narrator, personal-must-read-list, gothic]"
153,Edward,[]
154,Leo Walsh,[]
155,David Sarkies,[historical]
156,Merilee,[]
157,Linda,"[historical-fiction, favorites, classics, 2016-classics-challenge]"
158,Douglas  ,[favorites]
159,Holly,[]
160,midnightfaerie,[classics]
161,Madelyn,[classics]
162,Nik,[thoughts-galore]
163,Jason Pettus,[]
164,Lada,[]
165,Mikey B.,[fiction]
166,J.Elle,[]
167,Tiza,[classics]
168,Joseph Racconti,[]
169,MJ Nicholls,"[novels, sassysassenachs, pre-1900s, oxford-classics]"
170,Samadrita,"[timeless-classics, cherished, slice-of-life, bygones-are-never-bygones, human-drama, european-literature, 1001-and-more, re-readable, britain, behemoth]"
171,Petra,[]
172,Duane,"[rated-books, reviewed-books, english-calssics, 5-star-books, guardian-1000]"
173,Dirk Baranek,[uk-literatur]
174,Ally,[]
175,Patrick,[]
176,Carol,"[classics, favorites, read-2014, chunkster, buddy-read-jean]"
177,Vienna,"[books-i-own, rory-gilmore-read, read-in-2015]"
178,Mayra,[excellent]
179,Andrea (Catsos Person) is a Compulsive eBook Hoarder ,"[classic-literature, zread-in-2014, 3-stars, group-readz, eras-19th-century, 1st-person-pov]"
180,Fernanda,"[i-love-stories, good-stuff, favorites-2013]"
181,Alex,"[2011, reading-through-history, top-100, rth-lifetime]"
182,Brendon Schrodinger,[classics]
183,So92,"[read-before-2015, classics]"
184,Frederick,"[novels, dickens]"
185,Will,[]
186,Reem Alkhalaf,[]
187,William Baker,[exceptional-feat-6-stars]
188,Nasim Dehghan,[]
189,Mercedes,[]
190,Brian Eshleman,[]
191,Kirsti (Melbourne on my mind),"[classics, own-it-hard-copy, 2016, setting-uk]"
192,Lise,[]
193,Kristen,"[classics, 1001-books-before-you-die]"
194,Christina White,"[classics, 5-star-reads]"
195,Shannon (Giraffe Days),"[classics, 2008]"
196,Kelly,"[owned, 19th-century]"
197,Noce,[]
198,Pavan B C,[]
199,Yousra ,"[studied-at-school, charles-dickens]"
200,Julia,"[classics, 2016, romance]"
201,Julie Davis,[]
202,Travelling Sunny,"[1305-read, nook]"
203,Cassandra Lê,[]
204,Simona Bartolotta,[1800]
205,Jason Koivu,[fiction]
