,user,tags
0,Pink,"[classics, 18th-century, ireland, fantasy, aab-bingo-challenge]"
1,Willy,[]
2,Daniel,"[glendale-library-store, 2009]"
3,Stephen,"[classics, fantasy, audiobook, humor-and-satire, literature, 1500-1799, classics-european]"
4,Benjamin,[]
5,Carmen Movilă,[uni-age-of-enlightenment]
6,Mattia Ravasi,[]
7,Samantha,[classics]
8,Christopher,"[classics, fiction, british, satire, 18th-century, audiobooks, dystopia]"
9,Philip,[]
10,Hna'a Ali,[]
11,Kalliope,"[literary-classics, travel, ireland]"
12,di,"[classic, 1001-books-list]"
13,James,"[u-of-chicago, dystopia]"
14,Michael,"[classics, 1001-books-to-read-before-you-die, satire, classics-club, uni, 18th-century]"
15,Kyle,[sea-related-shenanigans]
16,R.a.,[]
17,Iceman,[]
18,Mike (the Paladin),[]
19,Sebastian,[owned]
20,Sam,"[adventures-in-audio, fantastisches, 101-fantasy]"
21,Issicratea,"[reviewed, 1700-1800]"
22,Mardin Uzeri,[]
23,Kate,"[classics-by-other-foreigners, oh-so-amusing]"
24,Mike Lindgren,[fiction]
25,Irfan,[advisory]
26,Zelda,[2016]
27,Mark,[recentlyread]
28,Vit Babenco,[]
29,Rick,[fiction]
30,AMEERA,[]
31,James Steele,[]
32,Jana,[]
33,David Brawley,"[kindle, 2011, classic]"
34,Alp Turgut,"[english-literature, swift-jonathan]"
35,Aakash Kumar,[]
36,Aubrey,"[3-star, reviewed, r-goodreads, r-2015]"
37,Bruce,[]
38,Travelling Sunny,"[1305-read, nook]"
39,Alan,[]
40,Colin McKay Miller,"[novels, kindle]"
41,Czarny Pies,"[favorites, english-lit]"
42,aljouharah altheeyb,[audio-books]
43,Marla,"[audiobooks, classics]"
44,Emma,"[free, classic]"
45,David,"[fantasy, science-fiction, ebook, classic, literary, 1001-books-to-read-before-you-die, british-literature, 18th-century, satire]"
46,Andrew Obrigewitsch,"[fantasy, classics, political]"
47,towner77,[classics]
48,Jubilation Lee,"[where-was-my-parental-supervision, old-dead-often-white-guys-and-girls, the-sparkles-mean-its-magic, yippie-kay-ai-motherf-cker, funny-strange-or-funny-ha-ha]"
49,Jason,[read-2014]
50,Zoha Trabelsi,"[novels, politic, philosophy, interesting, classics, non-fiction, books-i-own, became-a-film, fiction, read-in-2014, adventure, 19th-century, adults]"
51,Jade,"[2011, 1001-books]"
52,VeganMedusa,"[own-copy, 1001-book]"
53,Celine Huizer,[]
54,Fahad,"[fiction, favorites]"
55,Coni,[]
56,Jessie Frederick,"[2016, nbrc-wobble-2016, owned]"
57,Andrei Tamaş,[]
58,Manny,"[well-i-think-its-funny, too-sexy-for-maiden-aunts, parody-homage, the-goodreads-experience]"
59,The Pirate Ghost (Formerly known as the Curmudgeon),"[good-read, humor, historical-fantasy, audio-book, classic, history, controversial-fiction, colorful-supporting-characters, british-admiralty, uniquly-unusual]"
60,Nico,[]
61,Joan Winnek,[]
62,Tortla,"[classics, giggles]"
63,Anthony Vacca,[my-own-personal-jukebox]
64,C.,"[own-or-access, may-i-say-blah, 2011]"
65,Michelle ,[]
66,Chris_P,"[classics-and-modern-classics, fantasy]"
67,Anthony,[abandoned]
68,Skyler Myers,"[fantasy, classics, fiction]"
69,Nikoleta,[classics]
70,Sandra,[gran-bretagna]
71,Ben,[]
72,Raya  Ka'abneh ,[]
73,Melanie,[classics]
74,Guido,"[artifici-e-illusioni, irlanda]"
75,Z,"[fantasy, classics, audiobook]"
76,Yani,"[favorites, universidad]"
77,Paul Bryant,[novels]
78,Amy Hawthorne,[2015]
79,Rikke Simonsen,"[owned-books, classics, university, reviewed]"
80,Jenny,[]
81,Erika B. (SOS BOOKS),[classic]
82,Linda I,"[adventure, classic-literature, british-literature, jonathan-swift]"
83,Jaqueline Miguel,[troca]
84,Allie,"[fantasy-sci-fi, classics]"
85,Madeline,"[the-list, assigned-reading]"
86,Louise,"[classics, read-2012, reviewed, unrated, abridged-books, books-that-pissed-me-off, new-authors-2012]"
87,Eliana Rivero,[]
88,Josh,[]
89,Lori,[fiction]
90,David Sarkies,[politics]
91,Nayra.Hassan,[]
92,Terry Clague,[]
93,Debbie,[literature]
94,"Nathan ""N.R."" Gaddis","[rejoyce-again-again, eighteen-centuries, 2014-gelesen]"
95,Dj,[]
96,Fariba,[]
97,MJ Nicholls,"[novels, sassysassenachs, pre-1900s, worshipped]"
98,Andrew,[]
99,Thalia,"[e-ufh, lmyccelc, syma-hynnydeuh]"
100,Mahdi,"[عجایب-نگاری-ها, فیلمش-رو-دیدم, فانتزی, طنز, داستان-خارجی]"
101,Emma Anderson,[]
102,Phil,[]
103,M,[]
104,Jason Pettus,[]
105,Voldemort,"[classics-that-failed-to-impress, 18th-century, major-hopes-sucked-badly]"
106,Nicholas Karpuk,[]
107,Angie Palau,[]
108,Elizabeth (Alaska),"[kindle, 1001-books]"
109,Mary,"[classics, uk-aus-can-author, for-book-club]"
110,Jacoline Maes,"[library, adult-fiction]"
111,Letitia,[]
112,Gavin,[]
113,Elena T.,[]
114,Tosh,[]
115,Ian Vinogradus,"[reviews, reviews-5-stars, re-read, read-2014, swift]"
116,Cleo,"[classics, english-literature, humour, 2015-reading-england, 2015-back-to-the-classics, 2015-52-books-in-52-weeks]"
117,Frank,[]
118,Simona Bartolotta,"[adventure, 1700]"
119,Nikola S. Pavlovic,[]
