,user,tags
0,Pink,"[17th-century, plays, catching-up-classics-2016-bingo]"
1,Lotz,"[highly-recommended-favorites, drama]"
2,notgettingenough ,"[drama, pre20th-century]"
3,Lewis Rimá,"[favorites, 2016]"
4,Yusra Gulab Jamman,[]
5,Jim,"[read-and-kept, plays, required-reading, reviewed]"
6,حماس,[]
7,Riku Sayuj,"[favorites, classics, shakespeare]"
8,A Little Soul  ,[classics]
9,Joe Valdez,[plays]
10,ماهرعبد الرحمن,[favorites]
11,Vane J.,"[classics, plays, shakespeare, 2015, prosegasm]"
12,Marvin,[]
13,Hussein Dehghani,[نمايشنامه]
14,Leonard,[literature-english]
15,Rebecca McNutt,[]
16,João Fernandes,"[shakespeare, drama, favorites]"
17,Barbara,"[read-multiple-times, shakespeare, plays, in-denmark, elsinore, group-brain-pain, rereading]"
18,Niloo Beygi,[نمایشنامه-ها]
19,Dulguun,[]
20,Coleccionista  de finales tristes ,[]
21,Luís Blue Coltrane,"[united-kingdom, 2013, favourites, on-my-own, g-plays]"
22,  LunaBel ,"[s-b-renaissance14th-15th, s-book]"
23,Grace Tjan,"[classics, british-literature, ebook, tudor, 2011, brushing-up-on-the-bard]"
24,James J. D. Duško,"[bb-england, e-philosophy, b-europe, a-17th-century, aa-classics, e-psychology, dd-plays-and-dramas, cc-almost-favorites, read-in-english, read-online, d-fiction, read-in-2016, dd-poetry, 5-stars, poetic, aa-1610s, 0-jf-favorites, 0-shakespeare]"
25,Diletta,[]
26,Michael,[1600s]
27,Declan,[]
28,Moraes the Bookworm,"[fiction, plays, classics]"
29,VictoriaNickers,"[2016, play]"
30,"Jeanette  ""Astute Crabbist""","[classics, plays, five-star-fiction, all-fiction]"
31,J.G. Keely,"[drama, reviewed, uk-and-ireland, read-more-than-once]"
32,Bookworm Sean,"[classics, plays, shakespeare, 1-star-reads]"
33,§--,"[shakespeare, plays, favorites]"
34,Kiarash Sami,[plays-نمایشنامه]
35,Nelson Zagalo,"[top_70_general, bloom_list, literary_canon]"
36,Steven,"[thebard, theplayisthething]"
37,Lyn,[]
38,Liam,[]
39,Graham Wilhauk,"[favorites, read-in-jan-2016]"
40,Dolors,"[read-in-2015, getting-to-know-shakespeare]"
41,Lucia Ozaniaková,[]
42,Whitney Atkinson,[]
43,Ahmad Sharabiani,"[classic, drama, script, 17th-century, 16th-century]"
44,Mason,[audiobooks]
45,Matthew,"[read-in-2012, psych-read, english, shakes]"
46,Madeline,"[shakespeare, assigned-reading]"
47,Jonathan,"[personal-favourites, classic-literature, plays]"
48,Paula,[]
49,Aubrey,"[5-star, reviewed, 1-read-on-hand, r-2013, r-goodreads, school, r-2016, r-2009]"
50,Sakkfeminizmus,[]
51,Lauren Fidler,"[mystery, convoluted-love-triangle, books-i-can-read-in-under-3-hours, abusive-relationships, close-your-eyes-do-it-for-england, reluctant-hero, authority-problems, religious-overtones, tragedy, medieval-sort-of, dysfunctional-family-drama, ghosties, fighting, geeky-thing-to-own, daddy-issues, bad-mothers, mommy-dearest]"
52,Lina AL Ojaili,[william-shakespeare]
53,Chris,[]
54,Zazo,"[classic, literature, william-shakespeare]"
55,David,"[favorites, plays, shakespurrrr]"
56,Mariel,[]
57,Imane,[مسرحية]
58,Huda Aweys,"[watched-its-play, philosophy, ego-lower, classics]"
59,Dmitry,[]
60,Nikki,"[classics, plays]"
61,Jason,"[thrill-me-chill-me-fulfill-me, for-kindle, 2012, reviewed]"
62,Paul Bryant,"[popular-and-unpopular-music, poetry, assorted-rants-about-stuff]"
63,منى موسى,[]
64,Marco Sousa,[]
65,Laura,"[2015, rory-challenge]"
66,☆ ĄňŊǡƂėƮĦ ☆ ŞŧŎŋė,[school]
67,Ophelia,[]
68,Julie Eilén,"[i-own-it, 2016]"
69,Evelyn (devours and digests words),"[characters-i-would-like-to-kick, ghosties, classy-as-hell, want-to-reread, blood-and-flying-entrails, as-short-as-my-legs]"
70,Jeremy,"[review, literary, poetry, plays, canon, reread, shakespeare]"
71,Ε.Χ.Γ.,[]
72,Filip,"[favorites, read-in-czech, i-own, school, read-in-2014]"
73,Caris,"[2012, shakespeare]"
74,Miquel Reina,"[classics, mustread, pearl]"
75,Rita,"[tipo-romance, tipo-clássicos, origem-biblioteca, 2016]"
76,Raha Shirley,"[read-pdf, to-buy, favorites, to-re-read, 2016, classics]"
77,Mia (Parentheses Enthusiast),"[cant-beat-the-classics, plays]"
78,K.D. Absolutely,"[classics, play, metalist]"
79,Lydia,[2015]
80,Carlos,[]
81,Owlseyes,[british-lit]
82,Rebecca,[classics]
83,Norah Una Sumner,"[school, all-time-favs, crime, philosophy, great-male-characters, history, classics, loss, family-theme, adult, humor, from-library, 5-star-read, read-in-serbian]"
84,Justin,[]
85,Afshar,[]
86,Trevor,[literature]
87,Brad,"[shakespeare, drama, classic, personal-mythology, meta-review, drunken-reviews, anger-management]"
88,Jean,"[read-authors-q-t, classics, ghost-horror-supernatural, poetry-and-plays]"
89,Novella,[love-these]
90,Joyzi,"[classics, borrowed, 5-stars-or-more, favorites, author-brit, nook, poetry]"
91,Beth,"[favorites, classics, drama, 17th-century-or-before]"
92,Literary Ames {Against GR Censorship},"[classics, male-authors, read-in-2015]"
93,Erika B. (SOS BOOKS),"[adult-read, classic]"
94,Rachel,[read-2016]
95,Teresa,"[n-inglaterra, 5-estrelas, g-teatro]"
96,Belf,[]
97,Victoria Hansen,[2016]
98,Rowena,"[plays, shakespeare]"
99,Wiebke (1book1review),[]
100,Erika,[]
101,Svetla Peicheva,[2016]
102,Saddam Bouchaib,[]
103,Bard Brian,[]
104,Chiara Pagliochini,"[teatro, letteratura-inglese]"
105,Eh?Eh!,[bird-brian]
106,Afrah,[]
107,Edward,"[library, plays]"
108,Danielle,[classics]
109,David Sarkies,[tragedy]
110,Bill  Kerwin,"[weird-fiction, 16th-17th-c-brit, tudor-drama]"
111,Brian ,"[favorites, 2015, favorites-of-favorites, drama, poetry-poetic, play-screenplay]"
112,Patille Madaghjian,[]
113,midnightfaerie,[classics]
114,Erin,[school]
115,Natalie Monroe,"[classics, my-teacher-made-me-read-it]"
116,Florencia,[plays]
117,Liz BooksandStuff,[favourites]
118,Ken Moten,"[favorites, shakespeare-stuff, plays]"
119,GoldGato,"[literature, winter, cinema, art, drama-stage]"
120,Mahdi,"[فیلمش-رو-دیدم, نمایشنامه-فیلمنامه]"
121,Kiki,"[books-that-changed-my-life, favorites, waterworks]"
122,Ian Vinogradus,"[reviews, read-2011, reviews-5-stars]"
123,Dustin,"[favorites, classics, want-to-own, buddy-read, challenging-literature, british, tbr-in-2015, dfw]"
124,Γιώρη Μπέλκος,[william-shakespeare]
125,William Daza,[]
126,Alex,"[reading-through-history, metafiction, 2013, books-about-hamlet, top-100, rth-lifetime]"
127,¸. • * ° *❧Gwen❧ •°**★,[]
128,Marlin Elina,"[own, uni-books, favorites]"
129,عمرو عقل,[]
130,The Book Queen,[]
131,Alexxy,[2016-reads]
132,Kelly,"[theatre, brit-lit, shakespeare, wits-and-fools, 1500-1700, great-and-terrible-men]"
133,Jan-Maat,"[novel, british-isles, plays, 17th-century]"
134,Henry Avila,[]
135,Jonfaith,[the_plays_the_thing]
136,Kat Stark,"[favorited, reviewed, literature]"
137,Anabel (inthebookcorner),[]
138,Sparrow,"[classic-or-cannonical, plays, influenced-me, wise, reviewed, motherless-daughters]"
139,Manny,"[too-sexy-for-maiden-aunts, why-not-call-it-poetry, life-is-shakespeare]"
140,Eeyore ,[]
141,Darth J ,[school-books]
142,Alienor ✘ French Frowner ✘ (of badger and SNAKE),"[classics, reread]"
143,Simona Bartolotta,"[favorites, plays]"
144,Jason Koivu,"[favorites, fiction]"
145,Eman,[old-is-gold]
