,user,tags
0,rob,[]
1,Gattomaoz,[]
2,Alana,[]
3,Elettra,[]
4,Maria Paz,[]
5,Collette,[]
6,Dan,[]
7,Fatacarabina mitia,[]
8,Kelanth,[]
9,Oren,[]
10,Chiara,[]
11,Kallie,[]
12,Virginia Pendragon,[]
13,Elaine,[]
14,Riclaz,[]
15,jacob,[]
16,Thomas,[]
17,S.mira,[]
18,Jillian,[]
19,Noah,[italy]
20,Azucena,[]
21,Skin&Bones;,[]
22,Clumsy,[]
23,Carla,[]
24,Wayne,[]
25,Vito,[]
26,Tal,[]
27,Suzanne,[book-club]
28,Carlo,[]
29,Sandy,[]
30,Howard,[europe]
31,Kate Cares,[]
32,Silvia,[]
33,Ahmad Sharabiani,"[historical, novel, fiction, literature, war, italian, roman, 20th-century]"
34,Dan Varrette,[]
35,Pinkets,[]
36,Matthew,[]
37,Julee Resendez,[]
38,Spellbound,[]
39,Rick,[]
40,Nova Walsh,[]
41,Anne,[]
42,Red,[italo]
43,Kimberly,[]
44,Joanne Demenna,[]
45,John Clemmons,[]
46,Janet,[]
47,Gino La,[]
48,Jennifer Burns,[]
49,Stordaz,[]
50,Kristin,[]
51,Seingalt,[]
52,Kristie,[]
53,Dinahrose,[]
54,Mf,[]
55,Agathangelos,[]
56,Eagle Me,[]
57,Marta,[]
58,Stephanie,[]
59,Patty,[]
60,Michele Goodman,[]
61,S©aP,"[letteratura-italiana, favorites]"
62,Elisabeth,[]
63,Jennifer,[]
64,Elyse Rudin,[]
65,Aimee,[]
66,Massimiliano,[]
67,Francesco,[]
68,Naomi,[]
69,Lizzy,[]
70,Amir Mishali,[]
71,Alyson,[]
72,Euridice Lale Brown,[]
73,Mikee,"[history, european-literature]"
74,Amanda,[]
75,Isaac,[]
76,Juliet Wilson,"[novels, history]"
77,Jen,[]
78,Daniele,[]
79,Rita,[]
80,Nathalia K.,[]
81,catasterismi,[]
82,Emanuela,[]
83,Anna Guiso,[]
84,Jaclyn,[]
85,Paleomichi,[]
86,Aimelire,[]
87,Ste,[]
88,Christina,[]
89,Setsuka,[]
90,Ben,[]
91,Christine,[]
92,Elisa Mino,[]
93,Angela Alcorn,[]
94,MariachiaraT,[]
95,Arwen56,"[romanzi, lett-italiana, italia]"
96,Nazanin,[]
97,Sonia Argiolas,[morante-elsa]
98,Michele Cermele,[]
99,Luca Sarcinelli,[]
100,Hamed Pourmohammad,[]
101,Lorenia,[]
102,flo,[]
103,coccinella felice,"[5stelline, athepertheconlautore]"
104,Alessia,[]
105,Nicole,[]
106,Heather,[]
107,Lia,[]
108,Torben,[]
109,Sara,[]
110,Xoe,[]
111,sandra ,[]
112,Bruno,"[contemporanea, italiana]"
113,Tom Foutz,[]
114,BoBandy,[]
115,Mary Claire,[]
116,Felicita,[]
117,Lancelot Fletcher,[]
118,Janelle,[]
119,Rhi,[]
120,Lilacwhisper,[]
121,Lyndsey,[]
122,Luisa Cruciata,[]
123,Joel,[]
124,James Gaffney,[]
125,Ryan,[]
126,Ropa,[]
127,Martin,[]
128,Kelly,[]
129,Lisa,[]
130,Sophie,[]
131,Flying Pig,[]
132,Willie the Coyote,[]
133,Taije Silverman,[]
134,Y_S,[]
135,Logan,[]
136,Ted Milne,[]
137,Denis,[]
138,Sarah Bell,[]
139,Sean Hoskin,[]
140,Zuccherokandinskj,[]
141,Nani,[]
142,Dindondio,[]
143,Abbie,[]
144,Marco,[]
145,Greta,[]
146,Natacha,[]
147,Arielle Robbins,[]
148,Friederike Knabe,[]
149,Grace,[]
150,Giuseppe D'Antonio,[]
151,Giuseppe Barila,[]
152,Ferruccio Cinquemani,[]
153,Michael,[]
154,Robin-Hood,[]
155,Jama,"[favorites, wwii]"
156,Durand Duin,[]
157,Alon Adler,[]
158,Carol,[]
159,Sam,[]
160,Ran,[]
161,Michal Leon,[]
162,Maurizio,[]
163,RRoncato,[]
164,Kati,[]
165,Yan,[]
166,abcdefg,[]
167,Big Brother,"[europe, list-guardian-1000, woman-authors, historical, list-world-library]"
168,Rose,[]
169,Rosa,[]
170,Shawna,[]
171,Elizabeth,[]
172,Therese,[]
173,Samuel,[]
174,Mark Flowers,[]
175,Susan Rodgers,[]
176,Jon,[]
177,Valeria,[]
178,Wikiquote,[]
179,Francesca Badalamenti,[]
180,Kayleigh Malcomson,[]
181,James Murphy,[]
182,Corinne,[]
183,Judy,[]
184,Fabio Piras,[]
185,Simone Subliminalpop,[]
186,Anita,[]
187,El,"[20th-centurylit-late, holocaust, anarchism-revolutions]"
188,Stefania,"[italian, classic]"
189,Jade Petty,[]
190,Federico Ronchetti,[]
191,Rosesandcherubim,[]
192,Inna Shpitzberg,[]
193,Gianni,[]
194,Jorge Barriuso,[]
195,Pamina,[]
196,Bridget,[]
197,Liz Mourant,[]
198,Ginola81,[]
199,Jun-Dai Bates-Kobashigawa,[]
200,茱莉,[classics]
201,David Edmonds,[]
202,Ethan,[]
203,Marisa Bowe,[]
204,Fabio,[]
205,Angelo Ricci,[]
206,Annie Kou,[]
207,Federica Frarfi,[]
208,Rosalba,[]
209,Luna Solaris,[]
210,Luciano Serra,[]
211,Rebecca,[]
212,Sarahinparis,[]
213,Anita Mcclellan,[]
214,Justin,[]
215,Maryam Fany,[]
216,Gabriella e Vincenzo,[]
217,♥Xeni♥,"[own, fiction, historical, literary, war, italian]"
218,Jeneba Charkey,[]
219,Kickib,[]
220,Omer,[]
221,Ilse,"[italy, reviewed]"
222,Natalie Jones,[]
223,Dana Guidetti,[]
224,Lissette,[]
225,Mr. Mike,[]
226,Mirko Sciachero,[]
227,Antos73,[]
228,Elise,[]
229,Peter,[]
230,Elisa,[]
231,Tora,[]
232,sal,[]
233,Anton,[]
234,Antonella,[]
235,Chapoto,[]
236,Merilee,[]
237,Larry,[]
238,Biscia Mallone,[]
239,Pam,[italianliterature]
240,Clò,[]
241,Pants,[]
242,Teresa Harvey,[]
243,Cheryl,[]
244,Hagit Mishali,[]
245,Christian,[]
246,Jasmine,"[italian, 2010, favorites]"
247,Virginia,[2003]
248,Benjamin Thomas Sutpen,[]
249,Kim,[]
250,Dani,[]
251,Yen-Rong,[]
252,Meredith Zolnowski,[]
253,Giovanna,[]
254,Paola,[]
255,JoAnne,[]
256,Gigio,[]
257,Rossana,[]
258,Regina Zabo,[]
259,María Lourenzo,[]
260,Ifat,[]
261,Katia Nosenko,[]
262,Eleonora,[]
263,Rockitt,[]
264,Thomas Baughman,[]
265,Jaga,[]
266,Dolores,[]
267,Chiara P,"[classici-da-leggere, gli-irraggiungibili]"
268,Blazedog,[]
269,Glack,[]
270,Tamar,[]
271,Anna,[]
272,Aprile,[]
273,Mirrordance,[]
274,Ginette,[]
275,Vanessa,[]
276,Kathi,[]
277,Jill,[]
278,Mimi,[]
279,Rosanna,[]
280,Michelle,[]
281,Roger Brunyate,"[history, ww2]"
282,Aloke,"[favorites, owned, italy, borrowed, fiction]"
283,Chiara Reali,[]
284,Ahmad,[]
285,summer61,[]
286,Crystal,[]
287,"Jeanette  ""Astute Crabbist""","[did-not-work-for-me, ripe-for-abridgment]"
288,Margot,[]
289,Nance,[]
290,Enaj,[]
291,Patina,[]
292,Felixthecat_974,[]
293,Martha Gordon,[]
294,Anileve,[]
295,Paul Galea,[]
296,gokce,[]
297,Franco,[]
298,Teresa,[]
299,Onyria,[]
300,Debbie,[]
301,Christine harkness,[]
302,John,[]
303,Zioluc,[narrativa]
304,Toril Bakken,[]
305,Idramoro,[]
306,Mathew,[]
307,Gabri,[]
308,Michi,[]
309,Amy,[]
310,Donatella,[]
311,Rodolfo,[52-challenge-2014]
312,Zalman,[]
313,Nicholas Whyte,[]
314,jo,[]
315,Annie,[]
316,Kelly Aley,[]
317,Morticia Adams,[]
318,Sally Anne,[]
319,Jason,[]
320,Carol Stansfield,[]
321,Laura,[]
322,Alessandro,[]
323,Armen Sanasarian,[]
324,Neronda,[]
325,Layne,[]
326,Maiby,[]
327,Sidney,[]
328,Booklover,[]
329,Trina,[rome-italy]
330,karen,[]
331,Liliaceae,[]
332,Pat,[]
333,Write A,[]
334,Lily,[]
335,Rossella,[]
336,Toby Newton,[]
337,Paolo Rinco,[]
338,Melanie,[]
339,Cari,[]
340,Cara,[]
341,Marcello La,[]
342,Phil,[]
343,Rob75,[]
344,Cristina - Athenae Noctua,[]
345,baur,[]
346,Alexandra,[]
347,Sandra Binazzi,[]
348,Ardys,[]
349,Laura Lillard,[]
350,Kenneth,[]
351,Inknscroll,[others-recommend]
352,Connie Foster,[]
353,Ann,[]
354,Francesco Morra,[]
355,Lauren,[]
356,Shannon,[]
357,Giulietta,[]
358,Spasty,[]
359,Laura Harrington,[]
360,Roberta,[]
361,Sarah Carracher,[]
362,Yoav,[]
363,Holly,[]
364,Mena,[]
365,Kia76,"[italia, la-biblioteca-di-repubblica, girodelmondoin80libri]"
366,Esther,[]
367,Emily Jane,[]
368,Kathy Beynette,[]
369,Margherita,[]
370,Rémi,[]
371,Marijke,[]
372,Valentina giura,[]
373,Nancy,[]
374,Aldië,[]
375,Alex Wise,[]
376,Julie,[]
377,Stand By Me,[]
378,Windy,[]
379,JackieP,[]
380,arcobaleno,[]
381,Adam,[]
382,Sarah,[]
383,Yve,"[female-authors, 1970s, 20th-century]"
384,Daniel,[]
385,Paloma,[]
386,kyersten,[]
387,Hadrian,[]
388,Brandi,[]
389,Zack,[]
390,Steve Love,[]
391,Joyce Lagow,[italian-literature]
392,Valeria Iannola,[]
393,Genia Lukin,[]
394,Robin,[]
395,Nili,[]
396,Sara.,[]
397,Gloriagloom,[]
398,Alice,[]
399,Giacinto detto Gigi Capastìna,[]
400,Zajec,[]
401,Madeleine,[]
402,Claudia,[]
403,Giulia B.,[]
404,Liza,[]
405,Shahar,[]
406,Anna Garvey,[]
407,Bicefalus,[]
408,Anda,[]
409,Mari,[]
410,Tiny,[]
411,Mark,"[bigass-tomes-iconicworks2finish, stalled]"
412,Leen,"[read-in-2010, literatuur, historical-fiction, kast]"
413,Gigli,[]
414,Dr.,[]
415,Rabelais,[]
416,Jonathan,[]
417,Lorinda,[]
418,Mary,[]
419,Lea,[]
420,Mike,[]
421,Alinola,[]
422,Chelli,[]
423,Dave,[]
424,Chris,[novels]
425,Itay,[]
426,Kirsten,[]
427,Abby,[]
428,Chris Gager,[]
429,Myndi,[]
430,Bill,[]
431,David,[]
432,kristin,[]
433,Corina,[]
434,Defaceo,[]
435,Amber,[]
436,M.C.,[]
437,Jimmy,[]
438,Allison,[]
439,Kamdine,[]
440,Rob,[]
441,Laurie Neighbors,[favorites]
442,Catherine,[]
443,Lynne,[]
444,Loredana Spadola,[]
445,Shelley,[]
446,Katie,[]
447,Morgan,[]
448,Laura Jean,[]
449,Leticia,[]
450,Arianna Roscioli,[preferiti]
451,Kathryn Bashaar,[]
452,Adi,[]
453,Shawn,[]
454,Megan,[]
455,Anthony,[]
456,Jonathon,[]
457,Elena,[]
458,Wendy Breuer,[]
459,Lucía,[]
460,Realini,[]
461,Giada Da,[]
462,Chelsea,[]
463,Akscott,[]
464,Diana,[]
465,Diane,[]
466,Osvaldo,[]
467,vania,[]
468,Tony,"[wwii, italian]"
469,charta,[]
470,Moira Russell,[]
471,Karen,[]
472,Josh,[]
473,Melissa,[]
474,Linda,[]
475,Larry Bassett,"[war, historical-fiction]"
476,Monica,[]
477,Maya,[]
478,Jadie,[]
479,Paraph,[]
480,Andrea,[]
481,Lisetta,[]
482,Maria,[]
483,Alex,[]
484,Karenina,[]
485,April,[]
486,Cindy,[]
487,Erica,[]
488,Merlynne,[]
489,Jeremy,[]
490,Tanja,[]
491,Emilyandherlittlepinknotes,[]
492,Darlene,[]
493,Joseph-Daniel Peter Paul Abondius,[]
494,Scott,"[fiction, italy, sylvie-s-book-club, world]"
495,Sandy Speer,[]
496,Sga,[]
497,Laura Tolomei,[]
498,Kelley,[]
499,Cristina,[]
500,Donna,[]
