,user,tags
0,notgettingenough ,[pre20th-century]
1,Winter,"[2016-read, 1001-books-you-must-read-before-you]"
2,Leah,[scandinavian]
3,Matt,[]
4,Faruk Ahmet,"[novel, favorites, norwegian]"
5,Faris Rahmadian,[]
6,Jessica,"[literary-fiction, fiction-in-translation, innovative-fiction]"
7,Ehsan Sharei,[]
8,Stef,[favorites]
9,pinkipaev,[]
10,Monique,"[non-fiction, classics, biography, award-winners, translated, 2013]"
11,Les ,"[public-library-books, crazyasssprintbeforestudentteaching, mr-novembers-fall-to-remember, review-soon-before-it-is-too-late]"
12,TAM,"[nobel-laureates, translated, e-book, novels, fiction, reviewed]"
13,Anita Dalton,"[fiction, literary-fiction, books-we-own]"
14,Kyle Bennett,[]
15,Jon Norimann,[classics]
16,Monthly Book Group,[]
17,Sara Abdulaziz,[]
18,Michael Fraser,[]
19,Ole,"[favorittbøker, hamsun]"
20,Charlotte,[]
21,Thomas,[]
22,Kenneth,"[fiction, nobel-laureates]"
23,Hani Abdullah,"[novels, favorites, scandinavian-lit]"
24,Cristina Man,[]
25,Paul,[]
26,هالةْ أمين,[]
27,Sander,[favorites]
28,M.,[]
29,Ahmad Sharabiani,"[classic, fiction, literature, 1001-book, european, scandinavian, 19th-century]"
30,Matthew,[]
31,Ahmed Gaid,[nobel-prize]
32,Jana,[]
33,DỘn Mando,[]
34,Eve Kay,[]
35,Saman Kashi,[novel]
36,Bookcase Jim,[]
37,nath nocturvis,[]
38,Mohamed Kamal,[literature]
39,Youmna Higagy,[]
40,Malak Czar,[]
41,Alin G.,[norway]
42,Reiz Ghiuliser,"[fiction, hunger]"
43,Lina,"[english-edition, ebooks, exactly-what-it-says-on-the-tin]"
44,R.f.k,[2015]
45,Emma,[]
46,Daria,[]
47,Huda AlAbri,[الأدب-العالمي]
48,Francesco D'Isa,[very-short-reviews]
49,البراء شلش,[recommended]
50,William West,[]
51,عبدالله ناصر,[]
52,Stephanie,"[1001-books-to-read-before-you-die-r, 2012-around-the-world-in-52-books, norwegian-authors, steph-s-around-the-world-in-52-book, read-2012]"
53,Layal Amer,[]
54,Giyanto,[fiksi]
55,Qais,[]
56,Helen Stavraki,[]
57,Richard Stuart,[]
58,Victor,[]
59,Gareth Cassidy,[]
60,Stosch,[european]
61,Jeff Buddle,[]
62,Annisa Saumi,[classic]
63,Emrullah Koyunlu,[]
64,Yazeed AlMogren,[]
65,Nick,[]
66,S.,[madhatter]
67,Shereen Mohamed,[]
68,Mickey 9s,[]
69,Aysegul,[classics]
70,Rebecca Stewart,[]
71,Aniket,[]
72,Lamia Al-Qahtani,[]
73,Aminova,[]
74,Nour ,[]
75,Charity,"[1001books, sidebar-gifts]"
76,اندروماخي,[أدب-عالمي]
77,Abdullah Alfares,[]
78,Gülayzer,[]
79,صوتٌ أبيض,[]
80,Rayroy,[]
81,Markus,"[contemporary-fiction, 2016]"
82,Afshar,[]
83,روعة شُعور,[]
84,Hamid Hasanzadeh,[novel-novella]
85,Sheila,[]
86,Roudah Al-Hammadi,[]
87,Craig Thompson,[]
88,Antonomasia,"[nordic, c19th, 2011, 1001-books, norway]"
89,Evita,[]
90,Nicola,[1001-books]
91,Nicole,[]
92,مراد زاهيم,[روايات]
93,Mitch McCrimmon,[]
94,Sara,[]
95,Brian,[]
96,Mr.,[]
97,Justin Evans,[fiction]
98,Phoenix,[]
99,Stacy,"[ru, audio, 1001-to-read, 2015]"
100,Switch Waking,[favorites]
101,Lynai,"[own-a-copy, 2013-books]"
102,mitch h,[read-reviewed]
103,Amira,[]
104,Nikolai Kim,[the-past]
105,Gaia,[]
106,Amon Sonyu,[]
107,Joy Clark,"[classics, 2016, in-translation]"
108,Maha,"[ib, norsk]"
109,Matthew Thompson,[]
110,رنا القفاري,[]
111,Mariya Alsadiq,[]
112,شـهرزاد,[]
113,Inês,[]
114,Zeenath,[]
115,Diba Arjmandi,[]
116,James Newman,[]
117,Omnya,"[favorites, ورقي-في-مكتبتي, معرض-الكتاب, تلمسني-وتشبهني, 2015, مترجمات, روايات]"
118,Isabel,"[2015, 1001-books]"
119,Sciosarah,[]
120,Leslie,"[kindle, guardian-1000, scandinavian, nobel-winner]"
121,Abeer Saleh,[]
122,Feras AlMassarani,[]
123,Gabriela,"[favorites, nordic-lit, examined-lives, books-that-inspired-the-world, reality-check, summer2015, disturbia]"
124,Kris,"[fiction, classics, 1001, favorites, norway]"
125,Artem Huletski,[]
126,Collin O'Donnell,[read-in-2016]
127,Erik Christian,[]
128,Simon,"[europe-west, 19th-century, modernism, roman-a-clef, neo-romanticism, reviewed, existentialism]"
129,Amir  Alijanpoor,[]
130,طَيْف,[]
131,Dina Goluza,"[2012, atw-in-80-books, nobelovci, 1001-read]"
132,モハメド・サイード,[مكتبتى]
133,Maryem Saadouni,[]
134,Jason Rhodes,[]
135,دايس محمد,"[favorites-shelf, روايات]"
136,Enya,"[classics, evil-and-madness, scandinavian]"
137,Mark Brown,[]
138,نادية أحمد,[]
139,Carmo,"[noroega, nobel, bib-p]"
140,Evan,"[world-literature-top-100-list-poll, my-faves, __in-my-collection, survival, 2011-reads, _less-than-200-pages, evans-alternative-100, freezin-ur-ass-off]"
141,Cinabru Hoffmann,[classic]
142,Dree,"[continental-europe, 1001-read, 2015-reads, in-translation]"
143,J.M. Hushour,[]
144,Michael,[]
145,Kyle,[favorites]
146,Lynne King,"[top-favo, 2014-books-to-be-read, norwegian-authors]"
147,Mohamed Al Marzooqi,[روايات]
148,Moraes the Bookworm,"[fiction, classics]"
149,Adam,[]
150,Sohaib Alhalaybeh,"[روايات, علم-نفس]"
151,Emil Fanache,[my-all-time-favs]
152,Sam,[]
153,samira,[]
154,Shincrackerfarm,[]
155,Jeroen,[]
156,Gözde,[favorites]
157,Seemita,"[for_legacy, favorites, nobel-laureates, novella, translated, horror, fiction, sharp_sword, norway, monologue]"
158,Mohit Parikh,"[lit-gems, favorites-lit]"
159,diana,"[kindle, novela]"
160,Rakhi Dalal,[favorites]
161,Joseph,[]
162,Mohamed Magdy zinhom,[]
163,Jovana Palavestra,[]
164,مالك الرفاعي,[2016-قائمة]
165,Marzieh,[]
166,Raghad Khamees,[]
167,Elizabeth,[]
168,mai ahmd,[روايات]
169,austin.mobi,[]
170,Ikra Amesta,[nobel-prize-laureates]
171, Manal,[أدب]
172,Semih Eker,[kütüphane]
173,Vishal,[]
174,Ashraf Ali,"[fiction, classic, روايات_مترجمة, نوبل]"
175,Marjuque,[]
176,Valerie,"[roman, classique]"
177,Aziza Aouhassi,[]
178,Mariel,[]
179,Mariem,[]
180,Miguel,[favorites]
181,Anita,[]
182,Helene Thorgren,[]
183,Mounia Bouabdellah,[]
184,Selvana Jehad,[]
185,Ebru,[]
186,Ivana,[]
187,Ahmet Dönmez,[]
188,رؤى سلطان,[favorite]
189,Rodrigo Ferrao,[]
190,Eric,[]
191,David Ranney,[]
192,Mustafa Şahin,"[world-literature, classics]"
193,Nuno Miguel,[]
194,Thaer Dieb,"[روايات, 2013]"
195,Eric Jay Sonnenschein,[]
196,Chris Zull,[]
197,Sonia,"[have, e-book, df-summer-2011-reading-challenge]"
198,Jeff Jackson,[]
199,Avanto,"[2015, penguin-classics]"
200,Miriam,[]
201,Rebecca,[2016-book-challenge]
202,Jonathon,[]
203,Ahmed,[]
204,Justin,[]
205,Ke,[u-of-m-bingo-challenge]
206,Michael Seidlinger,[]
207,Mohammed Hussam,[]
208,Nilesh Kashyap,"[nobel-laureates, 1001-books, translated]"
209,Darío Carrillo,[]
210,Miles,[]
211,Kurt,"[fiction, foreign-author]"
212,Rania,[]
213,Jorj,[]
214,Omar El-Shamy,"[أدب-إسكندنافي, favorites]"
215,Akshay,[]
216,Razan abou saleh,[]
217,Tijl Vandersteene,[]
218,Agnese,[]
219,Rowena,"[to-re-read, classics]"
220,Faisal,[]
221,Peri Kitapları,[]
222,Cody Smith,[]
223,Rahul,[]
224,Ehsan Ghadimi,[]
225,راضي النماصي,[]
226,Emily May,"[classics, 2016]"
227,Răzvan Rocaș,[northern-literature]
228,Tony Garvey,[]
229,Katherine Tallent,[the-european-novel]
230,Milly Cohen,[]
231,Luís Miguel,[]
232,Mahmoud Zaki,[]
233,Zenit Saphyr,[]
234,Sashinka,[1001-books]
235,Shaun,"[modern-literature-existentialism, 1001-books-to-read-before-i-die]"
236,Lennox Brown,[]
237,Brent Rogers,"[historical-fiction, award-winning, chapter-books]"
238,Adina R,"[short, nobel]"
239,Hala Allam ,"[novels, foreign, silly]"
240,AmjadDeeb,[]
241,Ibrahim Sherif,"[روايات-أجنبية-مترجمة, read-in-2016]"
242,Tim Pendry,"[cultural-studies, modern-european, literature-general, nineteenth-century]"
243,Dilek Öz,"[dunya-edebiyat, roman, 2012-before]"
244,Cristina Boncea,[]
245,Anastasia Hobbet,[]
246,Radit Panjapiyakul,[]
247,Didi,[]
248,Yasemin,[yabancı-roman]
249,Ben Olsen,[]
250,سَــارَّھْ  سَــالِمْ سَــعِدْ,[]
251,Joselito Honestly and Brilliantly,[]
252,Radia,[]
253,Peter Perhac,[]
254,Mohamed Ramadan,[مكتبة-مصر-العامة]
255,Cher,"[bookclub, classic]"
256,Sofia,[eagerly-read]
257,غيث حسن,[نادي-أصدقاء-نوبل]
258,Emilian Kasemi,[]
259,Bjorn,[norway]
260,Russell Bittner,[]
261,Alexandra Anghel,[]
262,Chrissie,"[bio, norway, audible, 2014-read, classics]"
263,A. M.,"[2012, fiction, norwegian]"
264,Bogdan Rat,[]
265,Celeste Corrêa,"[livros-lidos-2014, owned-books, noruega]"
266,Vinicius,[]
267,Nora Barnacle,[]
268,Asma,"[novels, less-than-expected]"
269,Sinem,[]
270,Stephen,[re-read]
271,Anna,"[european-literature, fiction, homeless, hunger, poverty, pride]"
272,Jakob,"[disordered-minds, nobel-prize]"
273,Eldenoa,[cœur]
274,Raeda Nairoukh,[]
275,Jay,[favorites]
276,Ibrahim Al-Khulaifi,[]
277,André Benjamim,[]
278,loudermilk,[]
279,Marts  (Thinker),"[classics, 2012-reads]"
280,ميقات الراجحي,[روايات-قصص]
281,Simeon Gatev,[]
282,David Turko,[]
283,Bogdan Liviu,[]
284,Mehmet Dönmez,[hikaye-roman-deneme]
285,Yazeed Bader,[]
286,Suvi,"[novels, _1001-before-you-die, _europe-northern, 1800s]"
287,Jaye Matson Marcotte,[]
288,Louie,[favorites]
289,Hanan Oh,[]
290,Davide Rubini,[]
291,Ivan Damjanović,[]
292,Denise,[]
293,Cady Ali,[]
294,Geoff,[favorites]
295,Pang,"[classics, fiction]"
296,The Ranger,[]
297,Ted Prokash,[]
298,Ahmed Ibrahim,"[أدب-مترجم, ورقى, 2016, نثر, روايات, وأنا-قاعد-زهقان-في-المكتبة]"
299,David S. T.,"[read-in-2010, fiction]"
300,Artem Gomziakov,[]
301,Jeihan Kahfi,[]
302,Nedloha,[]
303,Nurulfitroh,[]
304,Teresa,"[5-estrelas, n-noruega, l-1001bymrbyd]"
305,Niles Stanley,[]
306,Rosa Rose,[]
307,Fayçal kh,"[مترجمة, تحدي-2014]"
308,مبارك الهاجري,[روايات]
309,Thom Nash,[]
310,Edward Sullivan,[adult-fiction]
311,Petra,[]
312,L,[reviewed]
313,Oya Özgün,[]
314,Kozmosevren,[]
315,Hamish,"[re-read-lit, lit]"
316,Bob Redmond,[]
317,حسين العُمري,[]
318,J.M.,"[classic, borrowed, fiction, norwegian]"
319,anarki,[real-horrorshow]
320,Ahmed Osama,[]
321,Ingeborg,[]
322,Jack Luminous,[]
323,Jason,[]
324,Paul Bryant,"[modern-classic, novels]"
325,Fahad Atayar,[]
326,Laura,[]
327,Emre Yalabık,[]
328,☮ + ❤,[]
329,Jandri,[]
330,Kristoffer Berg,[]
331,Kelsey,[]
332,Jeremy,[1890s]
333,Keleigh,[schooldaze]
334,Sean Wilson,"[psychology, norwegian-literature, fiction, modernism]"
335,Elmursard,"[classics, scandianvian]"
336,Νατάσσα,[]
337,Myles,[favorites]
338,Benjamin Friday,[]
339,Henrik,[]
340,Nate D,"[read-in-2008, fin-de-siecle, norway]"
341,Ümit,"[favorites, fiction, foreign]"
342,Sandra,[]
343,Owlseyes,"[norwegian-lit, book-made-movie]"
344,Lee Foust,[favorites]
345,Princess,[i-own-a-copy]
346,Amber Wilkinson,[reviewed]
347,BookAddict,"[contraversial-or-creepy, classics]"
348,Phil,[]
349,لَيلى الحافِظ,[]
350,Yass Fuentes,[]
351,Elham Ghafarzadeh,"[novel, classic, fiction, literature]"
352,Reza,[]
353,Neil,[fiction]
354,Richard Butchins,[]
355,Humphrey Kostra,[]
356,Izunia,"[around-the-world-project, 2015, norway]"
357,Ola,[]
358,Khol0d Atif,[]
359,Dina,"[2016, classics]"
360,Hoor,[2016]
361,Sosyalci,[]
362,ِAhmed  AboELkheir ,[]
363,Angie,"[sitting-around-somewhere, 19th-century, in-translation, scandinavian]"
364,Sanaa Shaltout,[]
365,Tonymess,[]
366,عبير أحمد,[]
367,بلال طه,"[روايات, read-in-2015]"
368,María,[misterio]
369,Zahra Taher,[روايات]
370,Steve,[]
371,Asmaa,[]
372,Jorge Martinez,[]
373,Diamond Cowboy,[]
374,Dilara,"[1001-books, all-time-100-novels]"
375,Carol,[2010-read-booklist]
376,José Antonio,[]
377,Bashayer *,[]
378,Lalo,"[must-read, nobel, clásicos, favorites, 2016, top100-bokklubben]"
379,Ahmed Oraby,[]
380,Eadweard,[nobel-lit-prize]
381,hope mohammed,[]
382,Michael Webb,[]
383,Alhaytham Alawdi,[]
384,Francisco,[]
385,Teguh Affandi,[]
386,Shaikha Alkhaldi,[read-2016]
387,Bruce Crown,[]
388,Gloria,[]
389,Marco Tamborrino,[]
390,Julie,[]
391,Julia,[kindle]
392,David Prochnow,[]
393,Manny,[swedish-norwegian-and-danish]
394,Ian Vinogradus,"[reviews, reviews-3-stars, read-2013]"
395,أسيل ,[]
396,Spike Gomes,[]
397,Tasos,[]
398,Shadazz,"[2011, epub]"
399,Erinç D.,[]
400,Abdulaziz Almadi,[]
401,عبلة جابر,[]
402,Daniel,[]
403,Heba,[]
404,Amani Al-harbi Al-harbi,"[روايات, سيرة-ذاتية]"
405,Selçuk Kılınç,[]
406,Zack,[]
407,Amira Mahmoud,"[كتبي-المفضلة, translated, جعلتني-أفكر-أفضل-وأضافت-لي, أدب-روايات, مراجعاتي-المفضلة]"
408,Leonard,[]
409,Shaima,[]
410,Hind89,[]
411,Karndog,[favorites]
412,Γιώτα Παπαδημακοπούλου,[]
413,Gabriel C.,"[kristen, 2014]"
414,Darcy,[]
415,James,"[lincoln-park, favorites, nobel-prize, scandinavian-lit, from-the-underground]"
416,Salah,[]
417,Kendeel,[]
418,Jose lana,[fiction]
419,Madeleine,[]
420,Perihan,[]
421,Amanda Alexandre,"[classic, xx-century, abandoned, cult, disappointments]"
422,☽ Moon Rose ☯ ,"[favorite-writers, 2011-shelf, nobel-laureates, masterpieces, fiction]"
423,Christian Schwoerke,[]
424,Natalie ,"[e-book, favorites, modern-classics]"
425,صفوق الدوغان,[]
426,Ayse Turan,[]
427,Jen Estrella,[]
428,Zahra,[]
429,Roxana,[]
430,Delusional,[]
431,Tom,"[fiction, dutch, scandinavia]"
432,jennifer,[kindle]
433,Aneta,[]
434,E,[]
435,Stela,"[modernism, reviews, nobel-authors]"
436,Mary,"[fiction, 2013, norwegian-author]"
437,Elif Cemre,[]
438,Mustafa Aldabbas,[]
439,Mike,"[can-t-stop-recommending, 50-books-2008]"
440,Lee,[]
441,Kaylee Crank,[favorites]
442,Ankit,[]
443,Chris,[]
444,Mark Desrosiers,[fiction]
445,Henry Martin,[permanent-collection]
446,aia ali,[]
447,David,[]
448,Fatima Ahmad,"[روايات, فلسفة]"
449,Bárbara,[]
450,Jimmy,"[barthelme-syllabus, norway, novel, male, year-1890s]"
451,Martine,[]
452,Lizzy Seitz,[]
453,Jason Bradshaw,[]
454,Rod,"[favorites, down-n-out, in-translation, classics-but-not-the-classics, nobel-prize-winners, owned]"
455,Cameron,[scandinavian-lit]
456,Andreea H,[]
457,Basma Ismael,[favorites]
458,Pedro,[]
459,Ezgi,"[favorites, yabancı]"
460,Marat M. Yavrumyan,"[yavruhrat-armlib, armbooks]"
461,Ayline,"[2016-challenge, authors-norwegian, library-books, ebooks]"
462,Erma Odrach,[re-read]
463,حمد المطر,[]
464,K.D. Absolutely,"[1001-core, 501]"
465,Pavel,[]
466,ياسمين خليفة,[]
467,Zeynep Nur,"[klasikler, roman]"
468,Burak Demir,[]
469,Bambang Rahmantyo,[]
470,فطومه,[]
471,Anthony,[]
472,Tze-Wen,"[nordic-literature, norway, literary-fiction, library, 2011, classics-club, 1001-books]"
473,Nikoline,"[own, classics, autobiography, 1800s, norwegian, biography, novel, male-author]"
474,Mina Wael,[]
475,Rick Seery,"[ratings-are-futile, why-literature]"
476,Kubilay Özdemir,[]
477,Spiros,[]
478,Brian Gramman,[]
479,Hossein Azizpour,[]
480,Isabel ,"[european, 19th-century, kobo]"
481,Elīna,[]
482,Steef,"[english, roman]"
483,J,[]
484,Realini,[]
485,John Doe,[reviewed]
486,Tyler ,[]
487,Mark,[]
488,Reham,[]
489,Fuad Takrouri,[]
490,Toni,[]
491,Rosa Ramôa,[]
492,arne,[]
493,Mais Turki,[]
494,özlem Ersoy Karka,[]
495,Jesse,[]
496,Aylin Köstekli,[favorites]
497,Nass,[]
498,Eadie,"[eadie-s-1001-books-to-read-challeng, 1001-books-to-read-challenge]"
499,Josh,[]
500,Xandra,"[1899-and-before, humour, nordic, european, 1001-books, semi-autobiography, nobel]"
501,Edward,"[own, fiction, 5-star, translated, denmark-norway-sweden-finland]"
502,Melissa,[]
503,Emre Ergin,[]
504,Víctor Sampayo,[]
505,Jorge,[]
506,wstawac,[favorites]
507,Marie,"[hard-times, classics, original-and-or-different, the-best-way-to-learn-history, had-me-hooked, dysfunctional, nordic, 19th-century]"
508,Кремена Михайлова,[]
509,Laila,[]
510,s.penkevich,"[nobel-prize-winners, favorites, hamsun]"
511,Alex,"[unreliable-narrators, rth-lifetime, 2015]"
512,Pavle,[takozvano-ostalo]
513,Fahad السيّابي,[]
514,Jonfaith,[]
515,Muhammad Abd el lateef ,[]
516,Eng.R.books,[]
517,Yassmin,[]
518,Benito,[]
519,Hend,"[nobel-prize-winners, 1001-books-to-read-before-you-die, nordic-literature, favorite-novels, knut-hamsun, unique-novels]"
520,Dalibor Vasić,[]
521,Ayse,[]
522,Emily,[mostly-classics]
523,تهاني عبدالواحد,[owned-books]
