,user,tags
0,notgettingenough ,"[modern-lit, pairs]"
1,Bryan House,[]
2,Val,"[world-extra, byt-nobel]"
3,Jim,[]
4,Krisette Spangler,[fiction]
5,PeggyVW,"[classic-literature, iceland, independence, life-lessons, sheep, timeless]"
6,Adam Olenn,[]
7,Nadia,[]
8,Sherry,[]
9,Alana,[]
10,Gil,[]
11,Paroma,[]
12,Sigfríður Guðjónsdóttir,[]
13,Mary Gunderson,[]
14,Alison Morgan,[]
15,Israel E,[]
16,Dan,[]
17,Monique,"[fiction, award-winners, epics, translated, 2014]"
18,Elle,[]
19,Helen McClory,[]
20,Afencl,[]
21,João Fernandes,"[nobel, favorites]"
22,Gobasso,[fiction]
23,Anica Wong,[]
24,Angus,"[read-novels, 2011, blogged, nobel-laureates]"
25,P,[]
26,Laurie,[international]
27,Kåre,[litteratur]
28,Bruno Kos,[]
29,Thomas,[]
30,Gwen,[fiction]
31,Jennifer Abdo,[]
32,Alejandro Canton-Dutari,[]
33,Geoff Balme,[]
34,Katrina,[]
35,Filip Meuris,[]
36,Paul,[]
37,Kane Faucher,[]
38,George,[]
39,Sandy,[]
40,Ed Lehman,[]
41,Mitch,[literary-fiction]
42,sslyb,"[nordic, ww-i]"
43,Jinu,[]
44,Deb (Readerbuzz) Nance,"[must-read, adventure, work]"
45,Helen Stanton,[]
46,Ben Winch,"[mainland-european, 5-stars, icelandic]"
47,Jessica,"[classics, 1001-books, library-book, iceland]"
48,Bruce,[]
49,Alan,[]
50,Heejawarren,[]
51,Maggie Ensminger,[]
52,ColleenPA,"[summerreading2010, scandinavianchallenge]"
53,Czarny Pies,[scandinavian-lit]
54,Susan,[]
55,Stacie,[]
56,Marco Freccero,[islandesi]
57,Mary Reinert,[]
58,Lari,[]
59,Ayelet Waldman,[]
60,Michael Ridpath,[]
61,Jaylia3,[]
62,David,[]
63,Stephanie,[]
64,Elisabeth,"[favourites, fiction, icelandic]"
65,Jennifer,[]
66,Blartibartfast,[]
67,Colleen,[]
68,Joao,[]
69,Harvey,[]
70,Robert,"[all-time-faves-fiction, re-readers]"
71,Velvetink,"[fiction, historical-fiction, rest-of-europe]"
72,Sieglinde Wolkan,[]
73,Melwall,[]
74,Bbrown,[]
75,Nick,[]
76,Karina Gaige,[]
77,Jen,"[1001, 1001-challenge]"
78,Bob,[abandoned-for-now]
79,Dylan Gullberg,[]
80,Dale,[]
81,aya,[the-best]
82,K.D. Absolutely,"[1001-core, nobel, iceland]"
83,Katherine,"[historical-fiction, classics, 2012, book-club]"
84,Tammy,[contemporary-lit]
85,Christina,[]
86,Ben,[]
87,Claire,[read-in-2011]
88,Roger,[]
89,Simon Gelling,[]
90,Sharon Li,[]
91,Highlyeccentric,[fiction-for-fun]
92,Eric Hinkle,[]
93,Booklovinglady,"[nordic, nobel-prize]"
94,FiveBooks,[fivebooks-on-education-and-soc]
95,Marjorie,"[favorite-novels, literature]"
96,Lauren Davis,[]
97,Matt Buchholz,[book-club]
98,Nicola,"[1001-books, to-reread]"
99,Sharon,[novels-i-have-read]
100,Heather,[]
101,Kathleen,[]
102,Abi,"[20th-century, favourites, nobel-prize-winning, iceland]"
103,Sara,"[fiction, guardian-100-greatest-books]"
104,Lane,[]
105,Brian,[]
106,Gustine,[tried-hard-but-unable-to-finish]
107,John Schwartz,[]
108,Vanessa (V.C.),"[best-books-i-ve-ever-read, books-i-must-re-visit-re-read]"
109,Alda,[]
110,Erin,[]
111,Thomas Shepherd,[]
112,Rosie,[]
113,Raymond,[fiction-other]
114,Kate McKinstry,[]
115,Gemma Alexander,[iceland]
116,Janelle,[]
117,Jordan,[]
118,Liz,"[book-lovers-calendar, reviewed, icelandic-fiction]"
119,Monika,[]
120,Melanie Valencia,[]
121,Inderjit Sanghera,[]
122,Nathan,[]
123,Joel,[lit]
124,Kathryn  Bullen,[]
125,Leon Story,[]
126,Cassandra Kay Silva,"[classics, all-time-favorites]"
127,Sheryl,[]
128,Ferris,[]
129,Isabel,"[2015, 1001-books]"
130,Ann Doherty,[]
131,Candice,"[fiction, iceland]"
132,Sean,[]
133,Bernard Depasquale,[]
134,Aria Pierce,[]
135,Elin  Jonasdottir,[older]
136,Marissa,[favorites]
137,João Carlos,"[scandinavian, favorites]"
138,Roxanne,[satisfying-slow-fiction]
139,Ronald Van,[]
140,Circe,"[red-line-readers-book-club, did-not-finish]"
141,Benjamin,[classics]
142,Danigerous,"[e-books, 1001-books, real-life-fiction, scandinavian-lit, first-ventures]"
143,Margot,"[fiction, translation, scandinavian]"
144,Steven,"[1001-books, historical-fiction, nobel-prize]"
145,Andrea,[]
146,Halldora,[]
147,Helen,"[from-university-library, fiction]"
148,Dree,"[continental-europe, 1001-read, 2014-reads, in-translation]"
149,Bobby,[fiction]
150,Kiarash,[]
151,Kaitlin,[]
152,Ramin,[]
153,Elinor,[]
154,Carol,"[january-2015, laxness-halldor]"
155,Zenit Saphyr,[]
156,Tim Freeman,[foreign-fiction]
157,Rachel Hirstwood,[]
158,Jennifer Davies,[]
159,Carol Jean,[]
160,Nabila Sofia,[]
161,Abbi Dion,[]
162,Rose,"[not-completed, 1001-books, historical-fiction, read-in-2009]"
163,Craig Amason,[]
164,Jamie Farquharson,[]
165,Derek,[]
166,Wendy,"[1001-books, historical-fiction, in-translation, 2015]"
167,Caroline,[]
168,Deborah,[]
169,Julieann Wielga,[]
170,Jesper,"[icelandic, 20th-century]"
171,Helen Boon,[]
172,Jos,[scandinavian-lit]
173,Aubrey,"[5-star, reviewed, nobel-prize-people, translated, heartbreak, icelandic, translated-dp, pure-power-of-gr, r-2013, r-goodreads]"
174,Joy,[historical-fiction]
175,Theresa,[]
176,Andrés,[]
177,William,[]
178,Joe,[]
179,Judi,[]
180,Valerie,"[nobel-laureates, top-100]"
181,Jim Awe,[]
182,Alison Evans,[]
183,yannis porfyropoulos,[lebo-s]
184,knig,"[classics, 2012]"
185,Raimo,[]
186,Judy,"[iceland-challenge, literary-fiction, world-literature-in-translation, favorites, nobel-prize-for-literature-author, favourite-icelandic-fiction]"
187,Alexis,[]
188,Doreen Legault,[]
189,Suzanne,[]
190,Alexander Ganetsky,[]
191,Chad,[]
192,Herbie,[]
193,Thorn MotherIssues,[read-2012]
194,Char,[]
195,Brett Howe,[]
196,Joseph Atkin,[]
197,Laurel Deloria,"[1001-books-you-must-read-before-you, book-club]"
198,Eric,[]
199,bill greene,[]
200,Eren Buğlalılar,[roman-yazarlik]
201,Hugh,"[modern-classics, translations]"
202,Þorri Guðnason,[]
203,Amy,[]
204,Sara_2,[adoption]
205,Rodrigo Ferrao,[]
206,Nick Jones,[]
207,Shane,[]
208,Miriam,[fiction]
209,Ben Loory,[]
210,Luis González,[]
211,Russell George,[]
212,Katelyn Mater,[]
213,Rebecca,[]
214,Røbert,[iceland]
215,Ingveldur Jonsdottir,[]
216,Justin,[]
217,Mary Ahlgren,[]
218,Greta Stough,[]
219,Patrick,[]
220,Linda Dyer,[]
221,Ingrid Verschelling,"[scandie, roman, literatuur, 2015, favorieten-2015]"
222,Felicity Pletz,[]
223,Teresa,"[5-estrelas, n-islandia, l-1001bymrbyd]"
224,Pat,[]
225,Stephen Serwin,[]
226,Douglas,[]
227,Kimberly,[]
228,Elanor,[]
229,Amerynth,"[1001-books, fiction, read-2015, group-read, iceland]"
230,Geoff Wyss,[]
231,DT,[]
232,Lucie Novak,[favourite]
233,Lorraine McCleary,[]
234,Robert Butson,[]
235,Ericka,"[100-stars, 2014-or-else, m-p, ob-gyn-tropes, bechdel-test]"
236,mia,[]
237,Jacqui Mccann,[]
238,Alicia,[]
239,Ian Signer,[]
240,Kim,"[classics, favorites, read-again]"
241,Mindy,[]
242,Nathalie,[]
243,Jonathan Ford,[]
244,sally,[]
245,Rich Law,[]
246,Calzean,"[culture-iceland, author-icelandic, dysfunctional-family-life, historical-fiction, classics, nobel-prize-winner]"
247,D.,[]
248,Eduardo Santiago,[]
249,Regina Sheerin,[]
250,Zev,[]
251,Coenraad,[boekwurms]
252,Nathan Hetrick,[]
253,Matt,[]
254,Harry Rutherford,"[around-the-world, europe, scandinavia]"
255,Tara,[icelandica]
256,A S Moser,[]
257,Sinem,[]
258,Stephen,[]
259,Anne,[]
260,Anna,[]
261,Kathy,[]
262,Gineen ,[fiction]
263,Peggy,[]
264,Theresa Southam,[]
265,Tom Johnson,[]
266,Deon Shortz,[]
267,Claudia Piña,"[around-the-world, historical-fiction, reviewed, 5-star, male-authors, barrilibros]"
268,Áshildur Haraldsdóttir,[]
269,Jenna Garrett,"[around-the-world, western-europe]"
270,John W.,[]
271,Iñaki Tofiño,[]
272,Nicki Markus,[read-modern-classics]
273,Nick Duretta,[]
274,Ryan Vaughn,[]
275,J'Anne Jackman,[]
276,Jenny,[]
277,Roniq,[what-to-read-next]
278,Smarti,"[romaneab1900, literatur-nobelpreis, 1001-books]"
279,Ozan,[]
280,Þórey Svana,[]
281,tree,"[2012-new, stars-1]"
282,Tattered Cover Book Store,"[staff-recommends, award-prize-winners]"
283,j.,"[in-english, ebook]"
284,Dara Salley,[]
285,Rebecca Rouillard,[wimbledon-bookclub]
286,John,[]
287,Cat Mack,[]
288,Margaret Bumann,[best-of-best]
289,Dallisonam,[]
290,PH,[]
291,Cindy Costa,[]
292,Nicholas Whyte,"[2012, non-genre, 1209, twitter, nobel, xd]"
293,Lindsey,[]
294,APL Adult,[]
295,Annie,[]
296,Ólöf,[]
297,Jason,"[fiction, nobel-prize, the-left, translated-into-english]"
298,John McQuaid,[fiction]
299,Laura,[]
300,Aleš Jánošík,[]
301,Fionnuala,"[place, translated-from-icelandic, treasured-reading-experience]"
302,James Webber,[]
303,Anne Sanow,[]
304,Manish,"[classics, nobel, 2014]"
305,Mary Pietrzykowski,[]
306,Bettie☯,"[mythology, one-penny-wonder, nobel-laureate, published-1935, dip-in-now-and-again, families, translation, epic-proportions, iceland, paper-read, cover-love, autumn-2012, library-in-norway]"
307,SarahC,[]
308,Ruth Charchian,[]
309,Eldonfoil TH*E Whatever Champion,"[nordic, favorites]"
310,Jenn Cavanaugh,[]
311,Riley,[]
312,Melynda Nuss,[]
313,C.,"[historical-fiction, iceland, isolated-independence, lonlieness]"
314,Amanda,[]
315,LOL_BOOKS,"[fiction, historical-fiction, literary-fiction, classic, iceland]"
316,Yngvild,[saga]
317,Caitlin,[]
318,Melanie,[fiction]
319,Katherine Freniere,[]
320,Beka Sukhitashvili,[icelandic]
321,Pioup,"[icelandic, classics, historical-fiction, for-school, nordic, iceland, 1930, 20th]"
322,Gary Jensen,[]
323,Ema,"[favs, iceland, bookish-gems, classics, read-in-2013]"
324,Tomi-Ann,[]
325,Trevor,[]
326,Bethany,[]
327,Rachael,[]
328,Donna,"[book-swap, contemporary-fiction]"
329,Jordan Holle,[]
330,Ana,"[capitalism, countryside, family, globalization, social, poverty]"
331,Arukiyomi,[1001-books]
332,Ann,[]
333,Rachel,"[iceland-studies, icct-bookclub]"
334,Marie-eve,"[classic, historical, nobel-prize-winner, prized]"
335,Ortegast,[]
336,Mike Bevel,[20th-century-literature]
337,Janine,[]
338,Pmcleese,[]
339,Lauren,[]
340,Paul A.,[favorites]
341,Hburke727,[favorites]
342,Brianna,[]
343,Curtis Aguirre,[]
344,Seth Matson,[]
345,Nathaniel,[]
346,Danny Dyer,[]
347,Steve,[classic-books-of-literature]
348,Becky,[]
349,Neil Hodgson,[world-literature]
350,Josh Stabler,[]
351,Ludmilla,[favoriler]
352,Tonks,[icelandic-books]
353,Daniel Ribas,[2016]
354,Carolynn campbell,[]
355,Janie,[2014]
356,Greg,[literature]
357,Nancy,"[translation, family, scandinavia]"
358,Woody,[]
359,Manuel,[]
360,Carmen,[]
361,Ffiamma,[nordica]
362,Kristen,[]
363,Paula Maguire,[]
364,Asma Fedosia,[]
365,Ann Kennedy,[]
366,Lauralaurica,[]
367,Sarah,[]
368,Bill Huizer,[]
369,Jeremy,[]
370,Carmen Skager,[]
371,Book Line and Stinker,[]
372,Helmut,[]
373,Viky S. Deneault,[]
374,Scott ,"[historical, fiction, nobel, prize, winning, author, iceland]"
375,Tesa Fiona,[can-t-finish]
376,Philip,[great-book]
377,Peter Mantius,[]
378,Tuck,"[oh-loyd-i-wanna-be-hearkbroken, western-rural-with-tractors-horse, pre-wwi]"
379,James,[]
380,Chris Young,[]
381,Alice,[]
382,Nicola Waldron,[]
383,amy,[]
384,Janet Beyea,[]
385,Emilie,[too-shite-to-finish]
386,Eddie Watkins,[icelandic-fiction]
387,Lizz,[]
388,Edithandersen,[]
389,Martina Keller,[favorite]
390,Reenie,[]
391,Neil MacDonald,[]
392,Sue,[]
393,Mara,[favorites]
394,Paulo Santos,[]
395,Andy,"[fiction, historical-fiction, requested-received, inter-library-received]"
396,Jerah,[]
397,Thom Dunn,[]
398,Jonathan,[]
399,Mary,[]
400,Matthew Boyer,[]
401,Susana,[islandeses]
402,Simsian,[]
403,Frank,[]
404,Stephen Durrant,[]
405,Ineke,[]
406,Abby,"[fiction, northern-european, best-novels, nobel-laureate]"
407,sarah,"[own-papercopy, favorites]"
408,Elias Iversen,[]
409,Bill,[]
410,Sónia,[owned]
411,Lindu Pindu,[loc-scandinavia]
412,Winston Tuttle,[favorites]
413,Irwan,[]
414,Ron,[general-fiction]
415,Fran Wilkins,"[historical-fiction, multicultural-fiction, nobel-prize-for-literature, iceland]"
416,Catherine,[]
417,Amalia,[rozreads]
418,Terry Pearce,[]
419,Yvette,[favourites]
420,Amanda ,[]
421,Shelley,[]
422,Katie,[z2015-tbr]
423,Rob T,[]
424,Heidi,[]
425,Arjen,[]
426,Kevin Stepelton,[]
427,Jonathan Francisco,[]
428,Aaron,[]
429,david ,[]
430,Shan,[iceland-fiction]
431,[P],[bitchin]
432,Parksy,"[dense-patient-read, classic, award-winning]"
433,Donna R,"[favourites, period, awards, europe]"
434,Shawn,[]
435,Jamie,[]
436,Megan,[]
437,Heidi Streich,[]
438,Sally Tarbox,"[20th-century-literature, nobel-prize-winning-authors, icelandic-literature]"
439,Ben Laussade,[]
440,Josh Campbell,[]
441,Des,[scandinavian]
442,Realini,[]
443,Zelda,[favorites]
444,Scott Cox,"[european-literature, fiction, nobel-prize, literature]"
445,Deb,[]
446,Deodand,"[fiction, unfinished, europe]"
447,Erwin Maack,[]
448,Golden,[]
449,Avy,[]
450,Jeff,[]
451,Diana,[]
452,Lorenzo Berardi,"[icelandic, 2009, a-my-italian-library]"
453,Diane,[fiction]
454,Scott Miller,[]
455,Kristine,[]
456,Caroline Herbert,[]
457,Stanislavo Belov,[esperanto]
458,Tony,[icelandic]
459,Jenne,[]
460,Enrique,[]
461,Iulia Bercescu,"[cherished, iceland]"
462,Alison,[]
463,Ellen,[]
464,Lex Bijlsma,[literature]
465,MountainShelby,[scandinavian]
466,Deanne,"[1001bookstoreadbeforeyoudie, 1001-books-2008]"
467,Ian Billick,[]
468,kathryn,[]
469,Eldan Goldenberg,[]
470,McKenzie,[]
471,Tijl,[]
472,Linda,[]
473,David Driver,[had-to-put-it-down-for-the-time-bei]
474,Traci,[]
475,Andrew,[]
476,Maddy,[]
477,Tim and Popie Stafford,[]
478,Bridget Weller,[]
479,ellen,[]
480,Domagoj Rogulj,[]
481,Marie,"[library, fiction, classics, historical, literature, reviewed, must-have, nobel, scandinavian]"
482,Maria,[]
483,Diana Banjo,[]
484,Dhanaraj Rajan,"[literature, scandinavian-lit, nobel-prize]"
485,Kjersti Egerdahl,[]
486,Joyce,[]
487,Fawls13,[]
488,Kathyg,[]
489,Anna Millward,[]
490,Gypsy Lady,[]
491,Lora Shouse,[]
492,Alina Seniuta,[]
493,Jan-Maat,"[novel, 20th-century, read-in-translation, iceland]"
494,Jonfaith,[]
495,Andrew Anderson,"[2013, iceland, favourites, historical-fiction]"
496,Elín,[]
497,Neil Banas,[]
498,Darlene,[]
499,Al,[]
500,Scott,[]
501,Al Bità,[]
502,Janet Aileen,[]
503,Fred Rose,[literature]
504,Wes Rockholz,[]
505,Cristina,[]
506,Emily,"[fiction, modern-classics, in-translation]"
