,user,tags
0,Michael Bacon,[]
1,Jeremy Ra,[favorites]
2,Sherri,[]
3,Jim,"[classics, jims-reviews, equality, social-issues]"
4,Danmcgohan,[]
5,Etienne Toussaint,"[2014, 100-greatest-books, best-of-2014]"
6,Cecilia Solis-sublette,[]
7,kate,"[2014, this-book-is-smarter-than-me]"
8,Cassandra Jones,[]
9,Evie,"[read-in-2015, american-literature-20th-century]"
10,Marvin,[]
11,Dan,[]
12,Susan Molloy,[]
13,Laura H,[]
14,Himanshu,[]
15,Suzanne Moore,"[national-book-awards, 1001-2006, 1001-2008, best-american-novels]"
16,Drew Hoffman,[]
17,Rebecca Fortes,[]
18,Cassie,[]
19,Bree,[]
20,Jenafer,[]
21,Elaine,[booksfromhighschool]
22,Obsidian,[]
23,J.G. Keely,"[contemporary-fiction, novel, reviewed, america]"
24,Charlotte,[1001bookstoreadbeforedie]
25,Thomas,[]
26,Noah,"[4-0, read-in-2015, modernism]"
27,Andrewcharles420,[]
28,Kathryn,[2012]
29,Paul,[]
30,Suzanne,"[fiction, black-history, around-the-usa-challenge, book-club-2013]"
31,Brittni,[]
32,Kevin,[fiction]
33,Calvin Pennywell,[]
34,Rachel,[]
35,Lee Ann,[2014]
36,Ryan Mishap,[novel]
37,Rick,[]
38,Rich,[]
39,Jane,[]
40,Lexi,[]
41,Jessica,[]
42,Bruce,[]
43,Alan,[]
44,Kristin,"[american-lit, audiobook, harvard-top-100]"
45,Shannon Lahey,[]
46,cecily,[]
47,Sagheer Afzal,[]
48,Marty,[african-american-authors]
49,Daria,"[school-assigned, i-d-take-writing-lessons]"
50,Mark Bowles,[]
51,Tea Coopz,[]
52,Aquil Dantzler,[]
53,Herminio Nunez,[]
54,Spencer,[junior-q2]
55,Warner,"[african-american-politics, social-science, us-politics, black-folk]"
56,MG,[]
57,Derek Wiltshire,[favorites]
58,Vi MacDonald,"[re-read, 2016-reads, 20th-century, times-all-time-100, diversity]"
59,Jennifer,"[classics, minority-author-or-topic, african-american-and-black, national-book-award, audiobook, banned-challenged, read-in-2015]"
60,Travis,[]
61,Shannon,[]
62,Jared,[]
63,Stephanie Spines,"[own, we-ll-call-this-one-priority]"
64,Joan,[hook-book]
65,Lana Nickelson,[]
66,Andy De Llano,[]
67,Nick,[]
68,Tom,[]
69,Carlos Alonso-Niemeyer,[]
70,Breanna,[]
71,Alejandro Garcia,[]
72,Laras Astuti,"[heartbreaking, eye-opening, thrilling]"
73,K.D. Absolutely,"[1001-core, time-100]"
74,Kathy Kattenburg,[]
75,Karina E,[read-in-2014]
76,Leonard West,[]
77,Christina,[book-club-books]
78,Ben,"[favorites, college, re-read, america]"
79,Christine,[2012-reads]
80,Chuck,[]
81,Erica,[]
82,Braeden,"[own, reviewed, 2016]"
83,Jacob,[]
84,Garrett Peace,[]
85,Guy,[school]
86,Manugw,[]
87,Tanner Ash,[]
88,Johnny B. Rempit,"[read-2009, 1001-list]"
89,Simon Mcleish,[]
90,Chae,[]
91,Kelsey Hershberger,[]
92,Vicky Greenbaum,[]
93,Johann,[]
94,Timothy Jarvis,[]
95,Hannah (The Curiouser & Curiouser),"[i-own, life-struggles, blah, i-am-confused, adult, annoying-guy]"
96,Riley Young,[]
97,Amy Spencer,[]
98,Bartek,[]
99,Heather,[]
100,Brian,[fiction]
101,Sean Laprise,[]
102,Stelios Adam,"[favorites, fiction]"
103,Liz,[]
104,Tania,"[american-authors, 1001-books, african-american]"
105,Renan Sales,[]
106,Molly,[]
107,Jordan,[]
108,Miranda,[]
109,Kay,[]
110,Garrett Zecker,[favorite-books]
111,Sharyl,[2013-reads]
112,Nancy Backas,[]
113,Alicia Norton,[]
114,Natalie,[]
115,Laurent,[2012-books]
116,Sverre,"[novels-mystery-suspense, novels-historical, political-science]"
117,Lisa Eckstein,[read-2014]
118,Jeffrey,[]
119,Lisa,[favorites]
120,Joey,"[fictions, 1001-best-novels-you-must-read, time-s-best-novels-of-all-time, time-s-100-best-novels]"
121,Ashley Wood,"[favorites, american-lit]"
122,Ali,"[2011, ap-english, high-school]"
123,Sean,[]
124,Rift Vegan,[2015]
125,Jabari,[required-reading]
126,João Carlos,"[l2014, favorites, 2014best]"
127,Jan,[classics]
128,Herr Bellerophon,[shelfari-favorites]
129,Crito,[2015-goals-or-anticipated-failure]
130,حسين إسماعيل,[]
131,LawStudent Reader,[]
132,Ashley Bee,[]
133,beggs,[favorite-fiction]
134,Kimi,[]
135,Evan,[]
136,Whitney,[]
137,Alisa,[]
138,Audrey Greathouse,[]
139,Kristan Thomas,[]
140,Charles Yuan,[]
141,Katie Herring,[]
142,Jared Della Rocca,"[student-recommendations, classics, long, 2014, philosophy]"
143,J.M. Hushour,[]
144,Corey Wozniak,"[read-in-2015, african-american]"
145,Kyle,[]
146,Scooter!,[goat]
147,Steph,[some-recommendations]
148,rosalind,[school]
149,Adam,"[fiction, african-american-lit-and-culture]"
150,Bobbi,"[fiction, five-stars]"
151,Nadine Jones,"[did-not-finish, classic, 1001-books]"
152,Mary Sisney,[]
153,Troy Mind Right,[]
154,Steph Sinclair,"[classics, adult]"
155,Jabriel,[]
156,Nathan Eilers,[fiction]
157,Taz Kuster,[]
158,Mila,"[favorites, 1950s, to-re-read, very-long, historical-fiction, black-authors, race]"
159,George Shi,[]
160,Kate,"[read-unowned, fiction, banned-books, 2015readingchallenge]"
161,Big Brother,"[usa, list-guardian-1000, list-modern-library, list-thousand-and-one, bestest, list-redcliffe, list-world-library]"
162,Theophilus (Theo),[]
163,Morgan Griffith,[]
164,Dhruv Singh,[]
165,Brian Denton,[]
166,Greg Fanoe,[read-for-school]
167,Joseph,[]
168,Andrew Hershauer,[10th-grade-books]
169,Caroline,[]
170,Jake,[]
171,matt,"[social-crit, fictions-of-the-big-it, america-f-k-yeah, shattering, modern-library-100]"
172,Elizabeth,[a-z-reading-challenge]
173,Viktor,[]
174,Sarah Koehler,[2013]
175,Parksy,"[must-reads, dense-patient-read, political-social, classic, award-winning]"
176,Maureen,"[anthropology-sociology, history]"
177,Valentyn Smith,[]
178,Jinny Chung,[love-love-love]
179, Danielle The Book Huntress (Self-Proclaimed Book Ninja),"[classic, literary-fiction, african-american-experience, required-reading]"
180,Audacia Ray,"[fiction, read-in-2016]"
181,Tiffany Anderson,[finished]
182,Shauni,[]
183,El,"[20th-centurylit-late, modern-library-list-top-100-fiction, 1001-books-list]"
184,Katie Irene Gaskey,"[reviews, reading-requirements]"
185,Chad,[]
186,Deyanira,[]
187,Paige Nguyen,[]
188,Elyse,[]
189,Nurhanisah,[]
190,Erin,"[fiction, classic, social-commentary]"
191,J.C.,"[literature, african-american, banned]"
192,David K.,[]
193,Eric,[]
194,Naomi Maharani,[]
195,Krista D.,[]
196,Michael Martin,[]
197,Gune,[]
198,Yas,"[utter-rubbish, race-culture-related, american-or-canadian, reviewed, had-but-gave-away]"
199,Christopher Roberts,"[20th-century, realistic-fiction]"
200,Morgane,[]
201,Michael Hitchcock,[]
202,Theleem,[]
203,K8,"[fiction, diversity, 2015, classic, book-club]"
204,Amy,[]
205,Meghan,[]
206,Ariz Guzman,[favorites]
207,Arianna,"[library-book, vassar]"
208,David Areyzaga,[]
209,Earnest,"[african-american, favorites, classics, race]"
210,Raul,[]
211,Jeremy Yong,[]
212,Javier,[post-college]
213,Gabriel Germain,[]
214,Patrick,[]
215,Leiannasaur,[]
216,Marcia Lonteen-Martin,[]
217,Erin Mallon,[]
218,Jesse Kraai,[overrated]
219,Tyler Webb,[semester-2-books]
220,Leanne Hahn,[]
221,Krista Stevens,"[classic-canon, fiction-adult]"
222,Colin,"[favorites, black-lit, novels, american-lit, best-of-the-best-of-the-besssst]"
223,Elise,[]
224,Megan Gallagher,[]
225,kisha,[a-z-challenge]
226,Rhonda,[]
227,Vegantrav,[]
228,Katherine Tallent,[]
229,Cheryl,"[mesmerizing, classic-lit, socio-econ-politico, fiction, american-lit, southern-groove, the-psyche, afro-american-flavor, favorite-authors]"
230,Hannah,[]
231,Jana,[]
232,Sean Endymion,"[literary-adult, historical-fiction]"
233,Liz BooksandStuff,[favourites]
234,Thea,"[owned, black-literature]"
235,Aniruddh Nerlekar,[]
236,John Powell,[]
237,Thad Lolling,[]
238,Frederick,"[novels, audiobooks, african-americanliterature, ellison-ralph]"
239,Pooja,"[favorites, gift_me_these-books-please, 2016-proud-list, smelt-the-books]"
240,Scott Rhee,"[classic-literature, sociology, theater-of-the-absurd-we-call-life, black-studies, bildungsroman, existentialism]"
241,Mercedes,[]
242,Brian Palmer,"[classic, race]"
243,LeAnne,[mandeville-hot-mamas-book-club]
244,Longfellow,[five-stars]
245,Adam Roan,[]
246,Roderick Vincent,[]
247,Boria Sax,[]
248,Russell Bittner,[]
249,Chrissie,"[usa, hf, race, audible, 2014-read, classics]"
250,Maya B,"[banned-books, big-books]"
251,Carlos Burga,"[literature, fiction]"
252,Karla,"[african-american, classics, diversity]"
253,Kadedra,[]
254,Ksenia Anske,[]
255,Branden,[]
256,Kathy,[]
257,Vanessa,[]
258,Chelsea,[]
259,Gemma,[]
260,Morgan Young,[]
261,Zach Irvin,[]
262,Kristen Nguyen,"[2014-summer-reading, gcisd-s-25-book-challenge]"
263,Megan Baxter,[]
264,Alfredo Ruiz,[]
265,Lillian,[2016]
266,H,[fiction-novel]
267,Tim Edison,[20th-century-american-literature]
268,Jackie,[]
269,Georgette,[]
270,John Rachel,[]
271,Deidre Valentine,[]
272,Pendred Noyce,[]
273,Matthew Thacher,[]
274,Bailey Sturgeon,[]
275,Patrick Garland,[]
276,Joyce (JumbleofJargon),[]
277,Alison James,"[unfinished, not-even]"
278,Amber Skye,[for-school]
279,J.,[books-i-once-owned]
280,Vicky Hunt,[vicky-s-favorites]
281,Simon Goetz,[]
282,Zoe,[]
283,Ro Laberee,[]
284,Afrijewel,[]
285,Debbie,"[fiction, botns-bingo2016]"
286,Burcu,[]
287,John,[2015]
288,Joseph Fountain,"[20th-century, american-literature, existentialism, modernism, bildungsroman, coming-of-age, 4-stars, african-american-literature, ralph-ellison, national-book-award-usa]"
289,Rowena,"[favorites, classics, own, american-lit, favourite-authors, readalongs]"
290,Nicholas,[reviewed-books]
291,Terri,[2009]
292,Aurora,"[male-authors, ebook, fiction, extreme-book-nerd-2016, extreme-book-nerd, america, adult, historical-fiction, classics]"
293,Blair,[]
294,Alan Moore,[]
295,Myra Kurani,"[2014-summer-reading, gcisd-25-book-challenge]"
296,Aleathia Drehmer,[]
297,David Gillis,[]
298,Sony,[]
299,Chris Blocker,[10-star-reviews]
300,Kristina,[]
301,Peycho Kanev,[]
302,Cristine Braddy,[]
303,Grant Whitman,[]
304,Tia Moore,[]
305,Ryne Steinacker,[]
306,Linar,[]
307,Corey White,[]
308,Constance,[]
309,Alexander Olivero,[]
310,Veronica,[]
311,Jason,[5-stars]
312,Carolyn,[]
313,Jim B,"[great-audio-narrators, cross-cultural, national-book-award]"
314,Laura,"[fiction, owned-paperback, read-in-2013, 20th-century, african-american, classics-american-20th-century]"
315,Libretto,[]
316,Karen,[]
317,Antonio Simon Jr.,[]
318,Brina,"[classics, southern-lit, african-american-literature]"
319,David Lentz,[]
320,poingu,"[favorites-of-all-time, male-identified-authors]"
321,Ron Arden,[]
322,Jeremy,"[books, american-fiction]"
323,Emily Onufer,[]
324,Travis McClain,[]
325,Zachary Taylor,[social-justice]
326,Grier Hgfvsdfd,[]
327,Ben Labe,[]
328,Amber'Nay,[]
329,Dejan,"[favorites, read-in-2014, classics, historical-fiction, existentialism]"
330,Italia8989,[forced-reads]
331,Myles,[favorites]
332,Abby Rundblom,[]
333,Stephen Case,[different-voices]
334,Jamie ,[]
335,Sandra,[]
336,Stephanie (R-A),[classics]
337,Michael Plunkett,[]
338,Peter Landau,[]
339,Brandon Kuhl,[]
340,Michael Wolf,[]
341,Mary Ronan Drew,[]
342,Stuart,[]
343,Alexandra,[fall-2009]
344,Barbara,"[you-gotta-read-this, changed-my-life]"
345,Manik Sukoco,[]
346,Emily Brooks,[]
347,Jillian,"[race, nyc]"
348,Ryan Oliver,[]
349,Ann,[]
350,Chelseamontgomery,[]
351,Sam Motes,[]
352,Becca,[i-own-these]
353,Lauren,[]
354,Allie,[classics]
355,Nadosia Grey,[ethnic]
356,Mike Lemon,[]
357,Skye,[granddad-s-favorites]
358,Tim,[fiction]
359,Brant Heflin,[]
360,brian   ,[]
361,Courtney,[]
362,Bill Weinberg,[]
363,Nathaniel,[]
364,Todd,[]
365,Polly Baker,[]
366,"Nathan ""N.R."" Gaddis","[dons-syllabus, 100-mccaffery-read, 2014-gelesen]"
367,Amandine,[]
368,Luke,"[american, 20th-century, new-york]"
369,Hannah Stocker,[]
370,MJ Nicholls,"[novels, merkins, worshipped, penguin-classics]"
371,Ken Moten,"[favorites, 20th-century-modernist-stuff]"
372,James,"[lincoln-park, study-group, natl-book-award, from-the-underground]"
373,Alisha,[afro-lit]
374,Kevin Quinley,"[read-for-school, thought-provoking]"
375,Michael,[]
376,Tommy DeSellems,[]
377,Violet,"[favorites, audio-books, classics]"
378,Greg,[couldntfinish]
379,Nancy,[]
380,Rowland Bismark,[]
381,Lisa (Harmonybites),"[classics, popular-fiction, 100-significant-books, fiction, novels, ebooks, before-i-die]"
382,Kristel,"[1001-books, 1001-challenge, modern-library]"
383,Janna,[]
384,David Cooke,"[fiction, classics]"
385,Julie,"[fiction, audiobooks, 1001-books-to-read-before-you-die]"
386,Kay Prime,"[classics, african-american, 1001, fiction, fiction-historical, satire]"
387,July Maldonado,[]
388,Marcia,[]
389,Jacob Zeh,[]
390,Whitaker,"[modern-canon, united-states, 2009-read, get-hardback, 3965p-box3]"
391,Hadrian,"[american, fiction, race-racism-postcolonial]"
392,Gill,[favorites]
393,Duane,"[rated-books, reviewed-books, american-classics, national-book-award, guardian-1000]"
394,Jafar,[]
395,Leonard,[literature-english]
396,Lynley,"[american, historical]"
397,Christopher,"[fiction, fiction-classics, own]"
398,Bethan,[regular-fiction]
399,Jazmin Rodriguez,[]
400,Bloodorange,"[us, harlem-renaissance]"
401,Phillip,"[favorites, favorites-among-favorites, interpret-using-b-n]"
402,Machala Machala,[]
403,J.J. Johnson,"[read-as-a-grown-up, history-nerd, good-books, little-free-library, classics-that-live-up-to-the-hype]"
404,Kenny,[books-i-own]
405,Manrix,[]
406,Matthew Quest,[]
407,Tom Mathews,"[history-historical, group-reads, 2016-reads]"
408,Aaron Talbot,[]
409,John Devlin,[]
410,Carrie,[]
411,Brittney Bringuez,[]
412,Joy Weese Moll,[]
413,Ivana Split,[]
414,Kitt,[]
415,Steven,[]
416,Ari,"[20s, read-in-2014]"
417,Christian Torres,[]
418,Marc,[american-literature]
419,Paul Donahue,[]
420,Fawaz Ali,[platinum-list]
421,Mark,[]
422,Andy,"[fiction, americana, historical-fiction, library, requested-received]"
423,Sasluu,[]
424,Zachary Fletcher,"[classics, 1900s-fic]"
425,Mary,"[favorites, audible, friend-recommendation, 2016-favorites, summer-bingo-2016, real-book]"
426,Mike,[]
427,Karen Mardahl,[]
428, Imani ♥ ☮,"[classics, confusing, disappointing, 2010, ohhhhhhhhhh, africanamerican-black, almost-5-stars, historical-fiction-baby, explicit-oh-no, it-sahardknocklife, hiatusisuppose, whydidtheyhavetogothere, retrotastic, 2016]"
429,Robbie Bruens,"[favorites, fiction, novel, nba, black-authors]"
430,Frank,[]
431,Shery,"[ap-lang, ap-lang-required-reading, ap-lang-unit-3-community]"
432,Kayla,[classics]
433,Dave,"[nba-winners, read-in-2011, all-time-top-10]"
434,English Education,"[african-american, anna-stirling, high-school, civil-rights]"
435,Connie,[]
436,Chris,"[historical-fiction, classics, award-winners]"
437,Abby,"[fiction, american-lit, african-american-lit]"
438,Mr. Neumann,"[african-american, historical-fiction]"
439,Yasmin,[]
440,David,[]
441,josie,[]
442,Kendall,[]
443,Giorgi Komakhidze,"[american, politics, existentialism, favorites]"
444,Christoph,[]
445,Leslie Reese,[]
446,Katie,[]
447,Ni,[fiction]
448,Eli,[]
449,Vickii,[classics]
450,Laura Engelken,[]
451,Laura Jean,[being-black-in-america]
452,Krista,"[classics, 2016]"
453,Aaron,[]
454,Ellen Trufant,[]
455,Saxon,[]
456,Annalee Joos,[]
457,Maryann,[1001]
458,Andrea Lakly,[]
459,Tortla,"[dragons, classics, schooly, writing-on-writing]"
460,Terrie Purkey,"[not-worth-the-time, classic, literary]"
461,Jamie,[audiobook]
462,Sandra Willey,[]
463,Lydia,[]
464,Tim Sebring,[]
465,A-ron,[fiction]
466,Momina Masood,"[classics, african-american-literature, 500-must-reads]"
467,Nancy Graham,[]
468,Connor Sperling,[]
469,Ann Canann,[historical-novel]
470,Diane Barnes,[]
471,Austin,[]
472,Beth,[fiction]
473,Jeff,[]
474,Ted,"[lit-american, read-in-20s, classics, re-read, lit-african-american]"
475,Daniel Solera,[fiction]
476,Eddie,[african-american]
477,Rachelle Immelman,[my-own]
478,Franky,[the-easy-challenge-2016]
479,Jesse,[]
480,Jose,[]
481,Courtney Charles,[]
482,Michael ,[]
483,Josh,[]
484,Abigail,[]
485,Camille,[]
486,Edward,[]
487,Arwen Miller,[]
488,Melissa,[]
489,Sierra,[novel]
490,Naeemah Bob,[]
491,Anjanette V,[]
492,Andrew,[]
493,Maddy,[]
494,Michael Strode,"[afroessential, postrenaissancevanguard]"
495,Andrea,[re-read]
496,Alex,[to-read-classics]
497,Maciel,[]
498,Nikki Steinwart,[]
499,Wish Man,[]
500,Matt Goodman,[]
501,Malcolm,[]
502,Charles,[favorites]
503,Al,[]
504,Christopher Daniels,[]
505,Jess,[]
506,Gregg Gusta,[]
507,Cristina,[]
508,Emily,"[favorites, classics]"
