,user,tags
0,Stephen Theaker,[]
1,Paquita Maria Sanchez,[literature]
2,Lara,[]
3,Noor,[classic-novels]
4,dejamo,[]
5,Yann,"[lumières, plaisir-de-lire, philosophie, france, fiction, humour]"
6,سپینود ,[]
7,Non,[]
8,Yelena Malcolm,[]
9,Andrew Calderon,[]
10,Dorian Neerdael,[]
11,Mike Jones,[]
12,Ian Towey,[]
13,pani Katarzyna,[]
14,Luis Santos,[]
15,michael,[]
16,Ali Mehrabi,[]
17,Vieve,[]
18,Kathryn,[]
19,omid johari,[]
20,Nikki Amaro,[]
21,Philippe Malzieu,[]
22,Ahmad Sharabiani,"[humor, literature, french, 18th-century]"
23,Darren,[]
24,Marisa,[]
25,Janet,[]
26,Boyd,[]
27,Forough,[favorites]
28,Jaga,[]
29,Alan,[]
30,Sheyla,[]
31,Seong Min,[]
32,Jean d'Arp,[]
33,Czarny Pies,[french-lit]
34,David Meijer,"[classic, beyond-children]"
35,Susan,[]
36,K,[]
37,Genoveva,[]
38,Rachel Alcorn,[]
39,zeerak Fahim,[]
40,Stef,[]
41,Irish Rat,[]
42,Nibelheim,[]
43,Stanislas hb,[]
44,Cynthia,[]
45,Forouzan,[]
46,Jennifer,[]
47,Andre,[]
48,Kiana,[]
49,Robert,[]
50,Maggie Tiojakin,[]
51,Nick,[]
52,Jona,[]
53,Rhoda,[]
54,Manila,[]
55,Tom,[]
56,pony,[]
57,Gamal Hasan,[]
58,Tonatiuh Dávila,[]
59,classically,[]
60,Katherine,[]
61,Pieter Jansegers,[]
62,Jlawrence,[]
63,Keelys,[]
64,Christina,[]
65,Sheida Nobakht,[]
66,Bill Yarrow,[]
67,Mimi,[]
68,Roger,[]
69,Elham,[]
70,James Violand,[own]
71,Matin,[]
72,Nicole,[]
73,Fateme,[]
74,Heather,[]
75,Derek Walden,[]
76,Sara,[]
77,Rachel Baker,[cours-de-littérature]
78,Odel,[]
79,Alyth,[]
80,Gijs Grob,"[novels, fiction, favorites, french, 16th-to-18th-century, humor]"
81,رغد قاسم,"[روايات-عالمية, نثر, روايات, pdf, سرد, أدب-غير-العرب]"
82,Benoit,[]
83,Jere,[]
84,Lauli,"[french-lit, 1001-books-eng, 1001-books-sp]"
85,yellow tree,[prose]
86,Kap,[]
87,Melinda McLaughlin,[philosophy]
88,Nasim,[]
89,Jocelin,[]
90,Inna Shpitzberg,[]
91,Mohammad,[]
92,Benjy,[1001-books-you-must-read-before-you]
93,Hamed,[]
94,Luke Carby,[]
95,Mahmood666,[]
96,Ryan,[]
97,Nikolay Nikiforov,[]
98,Will,[]
99,Erin Greenwood,[]
100,Martin,[]
101,Briana,[]
102,Carlos,[]
103,Janeh227,"[1001-books-you-must-read-before-you, comedy, determinism, diderot, fatalism, french-literature]"
104,Isabel,[]
105,Ted Milne,[]
106,Amir ,[novel]
107,Filipa,"[history, literature, humour, interesting, religion, portuguese, anthropology, language, fiction, travel, culture, europe]"
108,Victor Morosoff,[]
109,Jason Loeffler,[]
110,Borja MF,[libros-2012]
111,James M,[x-france-philosophy]
112,Gabriele,[]
113,Shala Howell,[]
114,Black Heart,[]
115,Mohamed Karaly,[]
116,Kat Helgeson,[]
117,Karim Hikal,[]
118,Marie-pier,[]
119,~Calyre~,"[1001-books, french-literature, read-in-2014]"
120,Buck,[]
121,Hossein,[]
122,dan,[]
123,Michael,[]
124,Cat,"[18thcenturyenglishliterature, 1001books]"
125,Mohamed Al Marzooqi,[روايات]
126,Siham,[]
127,Adam,[]
128,Jen,[]
129,Monika,[]
130,Robin,[]
131,Roozbeh,[]
132,Theron,[]
133,Mils,[]
134,Sam,[escales-2014-roman-poésie]
135,David Gregory,[]
136,Pola,[]
137,abcdefg,[]
138,Kate,[]
139,Pere,[]
140,Eni,[]
141,Christelle,[]
142,Antoine Charette,[]
143,Gorka,[]
144,Caroline,[]
145,Yznn,[]
146,Shawna,[]
147,silvia ,[]
148,Pedram Behroozi,[]
149,Elizabeth,[]
150,Vicious Fishes,[]
151,Joy,[]
152,elham,[]
153,Madjid,[]
154,Joe,[]
155,M. ,[]
156,Abdulaziz Alfawzan,[]
157,Yves,[]
158,Superpopielica,[]
159,Carl-Erik Kopseng,[skjønnlitteratur]
160,Ashkan,[]
161,Alexis,[]
162,Maryam Shahriari,[رمان]
163,Ammon,[]
164,Julian,[]
165,Erik,[]
166,Eric,[]
167,Fahimeh,[ادبیات-دیگران]
168,Celi,[]
169,فاطمه ,"[روايات, 2016, المفضلة, ورقى]"
170,Boris,[]
171,Anthony,[]
172,Sonia,[]
173,Renée,[]
174,Tim Murphy,[]
175,Roxanne Carter,[]
176,Meghan,[]
177,Howard,"[europe, world-literature-top-100]"
178,Miriam,[]
179,GL Emmanuelle,"[on-shelves, school-books]"
180,Neil Cotter,[]
181,Pascale,[]
182,Mikeysu,[]
183,Justin,[]
184,Robyn Comfort,[]
185,Isadora,[]
186,Monty Milne,[]
187,Craig,"[favorites, 1001-books-to-read-before-you-die]"
188,Caleb,[]
189,Allan,[]
190,Katerina,[]
191,Kasia,[]
192,Madeline,[]
193,Tami,[]
194,Jodi,[]
195,Nima,[]
196,Flying,[]
197,Angela,[]
198,Kimberly,[]
199,Behnamprime,[]
200,Anya,[]
201,Christian,[]
202,Virginia,[]
203,Mahdi,"[طنز, داستان-خارجی]"
204,Kim,[]
205,Nate Ahern,[]
206,Dan Kauppi,[]
207,Allison,[]
208,Maryam,[]
209,Heidi,[]
210,Wyn,[]
211,Paige,[]
212,D.,[]
213,Cepheii,[]
214,Hajar Alobaid,[]
215,Brian Bowen,[]
216,Tijana,[]
217,Hamid Sattar,[]
218,Hamideh Iraj,[]
219,keyvan,[]
220,Tara,[]
221,Anne,[]
222,Marcello,[]
223,Anna,[]
224,David Loveland,[]
225,Preili Pipar,[]
226,Charles Baudelaire,[]
227,Malia,[]
228,Giuliana,[reviews]
229,Benelie,[]
230,Jacob,[]
231,Chlorine,[]
232,Michelle,[]
233,Amin,[]
234,Nuno Guimarães,[]
235,Amie,[]
236,Jean-Philippe Vest,[]
237,Ahmad,[]
238,Amir,[]
239,Arash Radmanesh,[]
240,Pauline,[]
241,Gggarth,[]
242,Tyler,[]
243,Marion,[]
244,amanda,[]
245,Sara Kamjou,[رمان]
246,Jane Eyre,[]
247,Prooost Davis,[]
248,Foe,"[2016, novela, español, siglo-xviii, flm16]"
249,Debbie,[]
250,Sydney,[]
251,Ph,[]
252,John,[]
253,Paula,"[french, fiction, best-reads-of-2009]"
254,Mathilde,[]
255,LDB,[]
256,Jason DeGroot,[]
257,Aditya Watts,[]
258,Fuschia,[]
259,Yoni Markman,[]
260,Stephen Chan,[]
261,Lesley Smith,[]
262,!Tæmbuŝu,"[classics, en-francais]"
263,Dmitri,[]
264,S,[]
265,Derrick,[]
266,Annie,[]
267,Ioan Suhov,[]
268,Maggie,[]
269,Maan Kawas,[]
270,Guillermo Jiménez,[]
271,Laura,[]
272,Karen,[]
273,Erekose,[]
274,CasualDebris,[]
275,Todd,[]
276,Dawn,[]
277,Louis-Olivier Major,[]
278,Sıla Filiz ,[]
279,David Lentz,[]
280,Nabil,[]
281,sara,[]
282,Bjorn Blonk,[]
283,Krzysztof,[]
284,Cait,[]
285,Phil,[]
286,Donna,[]
287,Vincent,[]
288,Vicky,[]
289,Kenneth,[]
290,Marshall,[]
291,Dinh,[]
292,maryam,[]
293,Lauren,[]
294,Shannon,[]
295,John Keats,[]
296,Luke Baumgarten,[]
297,Florian,[]
298,Clara,[]
299,Sara M.,[]
300,Tim,[]
301,Jaime Acuña,[]
302,Hadi Imani,[]
303,Estragon,[]
304,Steve,[]
305,"Nathan ""N.R."" Gaddis","[eighteen-centuries, moore-novelnovel, 2014-gelesen]"
306,Foroogh,[]
307,MJ Nicholls,"[novels, pernod-and-gauloises, pre-1900s, oxford-classics]"
308,Veterini,[]
309,Linnea,[]
310,Ethar Mahmoud,[]
311,Rémi,[]
312,Alyson Dickerman,[]
313,Antiul,[]
314,Coral,[]
315,Homunculus,[]
316,Mario Rufino,[com-críticas]
317,Lucy J Jeynes,[]
318,Jesse,[]
319,Branford Burgundy,[]
320,Grace Callahan,[]
321,Julie,[]
322,Julia,[]
323,Lula,[]
324,Tempo de Ler,[]
325,nedaa sk,[]
326,Sarah,[]
327,Geraud,[]
328,Pearl Yusuf,[]
329,Georgiana,[]
330,Daniel,[]
331,Elina,"[historical, humor, favorites, enlightenment]"
332,Vasco Ribeiro,[]
333,Maverick,[]
334,Steve Love,[]
335,Roozhin,[]
336,Julia_boechat,[]
337,Christopher,[]
338,Marina,[]
339,Rhapsody,[]
340,Marine,[]
341,Benjamin Klein,[]
342,Maziyar,[]
343,Gabriel,[]
344,Josephine Supercalifragilisticexpialidocious,[]
345,Alexis Armstrong,[]
346,Emilia,[]
347,Adrien,[]
348,erica wissick,[]
349,Meri Meri,[]
350,Lausº,[]
351,Esceilenn,[]
352,Troy,[]
353,Zahra,[]
354,bahar,[]
355,Steven,[]
356,Solmaz,[]
357,niaise,[]
358,Beth Rollins,[]
359,Kristin Nichole,[]
360,Mahi T,[]
361,julieta,[]
362,kasia,[]
363,Tina,[]
364,Jonathan,[]
365,Mike,[]
366,Francisca ,[]
367,Mel,[]
368,Brett,[]
369,Fabien,[]
370,Dave,[]
371,Lina AL Ojaili,[كتب-منوعة]
372,Chris,[]
373,Vipan,"[2015, favorites]"
374,Ileana,[]
375,Vanadiumo,[]
376,Asia Pietrulewicz,[]
377,Sepideh,[]
378,David,[]
379,Leila,[]
380,Bob,[world-literature]
381,Corine,[]
382,Amber,[]
383,Rob,[]
384,Catherine,[]
385,Allysse,[]
386,Mostafa,[فرانسه]
387,Zoomusicguy,[]
388,Cameron,[]
389,Raluca,[classic-french]
390,Philip Lane,[favorites]
391,Wallace,[]
392,Andreea,[]
393,Aaron,[]
394,Martha,[]
395,Adi,[]
396,Katie ATX,[]
397,Amy,[]
398,Avanto,"[2015, penguin-classics]"
399,Lydia,[]
400,Marybeth Anderson,[]
401,Kuba,[]
402,Matt Kichenside,[]
403,Mojtaba,[]
404,Jordan Matelsky,[]
405,Realini,[]
406,Becky Bloom,[]
407,Sebastien,[litterature]
408,azi,[]
409,Adam Mills,[]
410,Jeff,[]
411,Diana,[]
412,Hossein Davani,[]
413,Lori Ehrman,[]
414,Erika,[]
415,Alison,[]
416,Razan,[]
417,علی,[]
418,Kellen,[]
419,The Skinny,[]
420,Deanne,[]
421,Amy Jones,[]
422,Josh,[]
423,Edward,[]
424,Tereneh,[]
425,Melissa,[]
426,Eugenia,[]
427,FeReSHte,[france]
428,cassie,[]
429,Francisco,[]
430,Paraph,[]
431,Andrew,[]
432,Chana Masaledar,[]
433,Josephpuglia,[]
434,the gift,"[translation, aa-europelit, aa-francelit, society, religion, pomo, historicity, comic-satire, experimental, zz1700-to-1799]"
435,Marie,[]
436,Maria,[]
437,Andreas Straarup,[]
438,Alex,[]
439,Steve Morrison,[]
440,April,[half-read]
441,Somayeh,[must-read]
442,Fausto,"[libro-electronico, humor, francia, s-xviii]"
443,Sara Shakouri,[]
444,Lee,[]
445,Seyf,[]
446,Whoof,[]
447,Charles,[]
448,Scott,[]
449,Gabrielle,[]
450,Marmite,[]
451,Cristina,[]
