,user,tags
0,Capsguy,"[french, war]"
1,Jim,[]
2,Taka,"[japan_jul07-aug11, french_lit]"
3,Nadia,[acquisto]
4,Farhang Rezaei,[]
5,Dan,[novels]
6,Ernesto,[]
7,Nuray,[]
8,pierlapo  quimby,[francofoni]
9,Juan Alvarado Valdivia,[]
10,Vincent Blok,[]
11,Radwa,"[e-books, bookclub-picks]"
12,Isaac Baker,[fiction]
13,MissSugarTown,[favorites]
14,Nelson Zagalo,"[literature, literary_canon]"
15,Paul,[french-novels]
16,Book Wormy,[1001-read]
17,André,[]
18,Kevin,[]
19,Marijan,[]
20,Howard,"[europe, world-literature-top-100]"
21,Philippe Malzieu,[]
22,Ahmad Sharabiani,"[classic, fiction, literature, 1001-book, war, french, 20th-century]"
23,Carmine,[]
24,Eddy,[]
25,Rick,[fiction]
26,Red,[]
27,Stephen Brody,[]
28,Giovanna,[francia]
29,Eve Kay,[favorites]
30,Steve Evans,[]
31,Shervin Ghiami,[]
32,Alan,[]
33,Czarny Pies,"[favorites, french-lit]"
34,Thomas Kiernan,[]
35,Foufa ôsaki,[]
36,Mohsen Rajabi,[]
37,Mohammed,[]
38,Hanieh Habibi,[]
39,S©aP,"[officina-del-pensiero, 1900, letteratura-francese]"
40,La Mala  ✌ ,[leido-antes-de-goodreads]
41,Ieva,[]
42,Francesco,[]
43,Autoclette,[]
44,Robert,[top-ten]
45,William Kirkland,"[war, ww-i]"
46,Happy_book_year,[]
47,MARTI,"[favorites, french-literature]"
48,Kirk,[]
49,Atticus_jem_scout Angela,[]
50,Tom,[]
51,Sibilla,[]
52,Konserve Ruhlar,[]
53,Chris_P,"[classics-and-modern-classics, 5-star-diamonds]"
54,Tomas Ramanauskas,[gold]
55,Ben,[favorites]
56,stenopelmatus,[]
57,Seb Schmitt,"[classic, favorites]"
58,Mandy Godwin,[]
59,Moeen,[novel]
60,flora,[literatură-franceză]
61,Jens,[]
62,Amin elahifard,[novel]
63,Evita,[]
64,La,[the-ultimate-list-of-books-to-read]
65,Stian,"[2014, owned-books]"
66,Sara,[]
67,Elham,[french-littrature]
68,Nora,[]
69,Caty,[]
70,Justin Evans,[fiction]
71,Tuhkatriin,[lemmikud]
72,Louis Achkar,[]
73,banafshe,[]
74,David Williamson,[great-fiction]
75,Jack,[]
76,Dirk-Jan,[]
77,Philipp,[france]
78,Gisoo,[]
79,L.,[]
80,Thais,[]
81,stefano,"[novels, classics, france]"
82,Will,[]
83,Cassandra Kay Silva,[classics]
84,Scott Aumont,[]
85,Mork Schettler,"[fiction, canon]"
86,Frank Kok,[]
87,Şima İmşir,[]
88,Tosh,[]
89,Marc Gerstein,[classics]
90,astried,"[other-people-s-life, thinking-about-the-world, 2015]"
91,Hollandemily,[]
92,Ana Dajić,[]
93,Jay,"[favorites, couldnt-put-down]"
94,Edith,"[français, reviewed-books]"
95,Gökçen Cansu Solter Aydıner,[]
96,Simon,"[europe-west, satire, realism, 1930s, world-war-1, favourites, modernism, roman-a-clef, picaresque, mad-frenchmen, cultural-pessimism, antiheroes, reviewed, existentialism]"
97,Frank Dedge,[français]
98,الناز ی,[]
99,Drew,[]
100,Cancerman,[]
101,Fred R,[]
102,Geneviève,[]
103,Buck,[self-congratulatory-multilingual]
104,Sissi,"[la-litterature-la-vraie, favorites, personnages-geniaux, tres-bien-construit, litteraire, chef-d-oeuvre, juste-génial, litt-rature-fran-aise]"
105,Arash Radmanesh,[]
106,Miloš Kostić,[]
107,Pedro Fragoso,[]
108,Michael,[]
109,Robin-Hood,[letto]
110,Jacob Louis,[]
111,bobbygw bobbygw,"[fiction, re-read, literary-classics, existentialism-nihilism-coloniali, existentialism, nihilism, colonialism, french-society]"
112,Adam,[]
113,Khieu Anh,[]
114,Sam,[]
115,Pri,[]
116,Zenit Saphyr,[]
117,Elham Fallahi,[]
118,Sonya,[]
119,J-Man,[]
120,Big Brother,"[europe, list-guardian-1000, list-thousand-and-one, chandler-s-box, list-501, bio-memoir, unreliable-narrator, list-le-monde, war-genocide, list-guardian-100, list-world-library]"
121,Sosen,[]
122,Luc,[fiction-french]
123,Caroline,[]
124,il Fabris,[]
125,Elizabeth,[5-star]
126,س,[]
127,Joe,[]
128,Vishal,[]
129,Mike Puma,"[new-directions-publishing, french-author, lit-fic, 2012]"
130,Yves,[]
131,Esdaile,[french]
132,أحمد الحقيل,[م-ت-ل]
133,Milena,[]
134,LetyDarcy,[]
135,Audry,[]
136,Severine,[france]
137,Rebekah,[]
138,Marcus Schantz,[]
139,Pooya Kiani,"[favourites, novel]"
140,Geoff Wooldridge,[]
141,Vagor,[favorites]
142,εδουάρδος,[]
143,Alan Chen,[]
144,Dilan Alma,[]
145,Khaoula  Dahia,[]
146,Ben Loory,[]
147,Walter Combs,[]
148,Christopher Gregorio,[]
149,Sonia,"[have, df-summer-2011-reading-challenge]"
150,Patrick Nichols,[]
151,Tiphaine Laisnez,[]
152,Maarten,[]
153,Brendan,[]
154,María Paula,[]
155,Misty Dawn Chesney,[]
156,Eran Avram,[]
157,Menelik,[]
158,Pieter-Jan Beyul,[]
159,Teresa,"[favorites, n-frança, 5-estrelas, l-1001bymrbyd]"
160,Vit Babenco,[]
161,Cynthia Collu,[]
162,Marydanielle,[]
163,Matthieu Carlier,[]
164,Elise,[]
165,Ayushi,[]
166,Havva,[]
167,Nate D,"[read-in-2010, france, interwar-maladies]"
168,Víctor Galán,[]
169,GONZA,[]
170,Sara Sbaraglia,"[1950-1999, francia, sf_1001libri]"
171,Ece,[]
172,Mykola,"[ua, paper]"
173,Ash,[]
174,Szplug,[]
175,Chris Herdt,[]
176,Ivan,[]
177,Brittany Overton,[]
178,Tyler ,[superb]
179,Simona Bartolotta,"[favorites, 1900]"
180,Zei,[ebooks]
181,Slymandra,"[published-in-french, owned]"
182,Marie,"[france, germany, existentialism, europe]"
183,J-kwon Stanley,[]
184,Emilian Kasemi,[]
185,Matt,[]
186,Superstine,"[1001books, france, classics, 1930-1940]"
187,Nellie Airoldi,[]
188,Cyrus,[]
189,NORD_OST,[favorites]
190,Nora Barnacle,[favorites]
191,Jale,[]
192,Sinem,[]
193,Ferda Nihat Koksoy,[novel]
194,Trenton Judson,[]
195,Stephen,[]
196,Marcello,"[2015, narrativa-straniera, 0-ebook]"
197,Anna,[]
198,Kathy,[]
199,Aaron Garrido,[]
200,Vanessa,[]
201,Majid Parvizi,[]
202,Nihal,[]
203,David M,[]
204,Jacob,[]
205,Shahr Baran,[]
206,Γκέλλυ,"[fiction, classics, everloving]"
207,Margot,[]
208,Martijn Van Duivenboden,"[favorites, classics, borrowed, french, illness]"
209,Bernard,[littérature-européenne]
210,Ivan Damjanović,[]
211,Jeffrey Keeten,[the-french]
212,Öykü,"[egzistansiyalizm, favorites, french]"
213,Viviana Cerqua,[]
214,Marcello S,[]
215,John,[]
216,Gergana Karadjova,[]
217,Raegan Butcher,[]
218,Rayn,[]
219,Chris Brady,[]
220,Chavi,[lit]
221,Matej Vidaković,[]
222,Isabelle,[french]
223,Mehlika,[ayrıcalığı-hakedenler]
224,Roy Khadra,"[facebook, french-books, novels]"
225,Matt Hobson,[]
226,Zari,[novel]
227,Loretta,[]
228,Jane Juliette Sue,[great-friendship-in-war-times]
229,kirsten,[]
230,Chip,[]
231,Ava,[]
232,Laura,[grown-up-books]
233,Lukas Evan,[]
234,Jeremy,[french-literature]
235,Brendan Monroe,"[international, classics, french, overrated, war]"
236,Adam Floridia,"[5-star-books, being-a-human]"
237,Dejan,"[favorites, read-in-2014, classics, philosophy, war, france, existentialism]"
238,Claire Chat de bibliothèques,[]
239,Sandra,[francia]
240,J. Clayton Rogers,[]
241,Elham Ghafarzadeh,"[novel, favorites, re-read, classic, fiction, literature, philosophy]"
242,Barbara,[]
243,Hope So,[]
244,Gabriela Molina,[]
245,Ana,"[1001-books, c-france]"
246,Inês,[]
247,Dustyn Hessie,"[translations, brilliant, literary, big-books, novel]"
248,Patrick McCoy,[classics]
249,Andreea Obreja,"[favorites, french-literature, wish-list, read-in-romanian, to-re-read, novel]"
250,Lauren,[]
251,Baturay Gül,[]
252,Cescuschrist,"[opus-magna, quotable]"
253,Хейко,[]
254,MJ Nicholls,"[novels, pernod-and-gauloises]"
255,Michelle Vivienne,[]
256,Mahdi Bitarafan,[]
257,Saman,[novels]
258,cindy,[]
259,Luxtk Ignatius,[france]
260,♍,[]
261,Maa jed,[]
262,Lefteris,[]
263,Greg,[literature]
264,Pedja,[]
265,Marco Tamborrino,[]
266,Marcelo Dalannays,[]
267,Ian Vinogradus,"[frogs, reviews, reviews-4-stars, read-2015]"
268,RandomAnthony,[favorites]
269,TK421,[]
270,Ju$tin,[]
271,Geraud,[]
272,Jen Westcott,[]
273,Luke Marsden,[literary-fiction]
274,Daniel,[]
275,Andrés Cabrera,[]
276,Hadrian,"[french, fiction]"
277,David Antonelli,[]
278,Hande,[]
279,Cassie Lahmann,[]
280,CQM,"[french, favourites]"
281,Roberto,[]
282,blakeR,[favorites]
283,Nikolai,"[Класика, Френски]"
284,Johan Radzi,[]
285,Brenda,"[novels, read-in-2013]"
286,"tENTATIVELY, cONVENIENCE",[literature]
287,Jack Faulkner,[]
288,julieta,"[favorites, europa]"
289,M. T. Moscariello,[]
290,Steven,[]
291,Iina Allonen,[favorites]
292,B. Tollison,[]
293,Elodie,"[français, guerre, folie, classiques]"
294,Alessandro Esposito,[]
295,Ayeh,[]
296,Mark,[]
297,Andy,[]
298,Steven Cowart,[]
299,Julie Rylie,"[favourites, changed-me, strongly-recommend]"
300,Stela,"[modernism, reviews]"
301,Mary,"[fiction, french-lit]"
302,jeremy,"[translation, fiction]"
303,Zoe Eileen,[]
304,Pete Camp,[]
305,Jayan Parameswaran,[]
306,Karine Mon coin lecture,[classics]
307,Chris,[lit-fiction-french]
308,Keith,[]
309,lyell bark,[]
310,Henry Martin,[permanent-collection]
311,Wes Benchoff,[favorites]
312,Burak Özhan,[]
313,Bob,[]
314,Jimmy,[fiction]
315,Melanti,"[e-book, 1001-books, 2015]"
316,Autumn,[]
317,Erik Adigard,[]
318,Pedro,[]
319,Arzu,"[favorite, roman]"
320,José,[]
321,Jer,[]
322,Alexandra Le Trionnaire,"[mon-payee, west-europe]"
323,Amel,[]
324,Bbrown,[]
325,Amy,[barthelme-syllabus]
326,Jonathon,[]
327,Alejandro Teruel,[ficción]
328,Elena,"[la-vie-c-est-si-dur, guerra-y-wwii]"
329,Ali Heidari,"[favorites, my-bookshelf]"
330,Wouter Wolfs,[]
331,Matteo Tonelli,[]
332,Jeffrey Bumiller,[]
333,Tommy,[]
334,Anne Claire,[]
335,Sebastien,"[french, classics]"
336,Tanterosa,[]
337,Erwin Maack,[]
338,Diana,[]
339,Sergey,[]
340,Piperitapitta,"[letteratura-francese, romanzo, autori-francesi]"
341,Ao Cubo,[inacabados]
342,Bill Bruno,[]
343,Alison,"[classic, world]"
344,Jesse,"[in-storage, french-lit]"
345,Nick Crawford,[laughter-and-black-comedy]
346,Carol Peters,[]
347,Deanne,"[1001bookstoreadbeforeyoudie, 1001-books-2008]"
348,Praveen,[classics]
349,أسامة أحمد,[]
350,Xandra,"[1900-1949, french, european, 1001-books, semi-autobiography]"
351,Camille,[books-i-own]
352,Edward,[]
353,raly to,[]
354,Robert Jonsson,[]
355,John Mlinar,[]
356,Víctor Sampayo,[favorites]
357,Cort McMeel,[favorites]
358,Núria,"[5-favoritos, prestados, literatura-en-frances, siglo-xx, para-la-isla-desierta]"
359,Else,[french]
360,Andrea,[]
361,Кремена Михайлова,[]
362,Maria,[klassiekers]
363,George Georgiadis,[mille-feuille]
364,Pedro Garcia,[revelation]
365,AC,[novels-french]
366,Alex,[]
367,Jennifer Richardson,[]
368,AG,[]
369,Mpc1,[]
370,Cindy,[]
371,Alec,[]
372,S. Miles Lotman,[]
373,Alienor ✘ French Frowner ✘ (of badger and SNAKE),"[classics, french-literature, go-straight-into-the-wall, just-no]"
