,user,tags
0,Jakes Espach,"[historical-fiction, classics, plays, 2015, british-literature]"
1,Jim,"[plays, author-european, 17th-century]"
2,Teji,[]
3,Ahmed El  Wakeel,[]
4,Bethany F.,[]
5,Leah Dunbar,[owned-books]
6,M. D.  Hudson,[]
7,Armin Hamidiiran,[]
8,Izetta Autumn,"[playwrights-are-sexy, summer-reading-2009]"
9,Hillairy,[]
10,Mark Valentine,[]
11,فتحي سرور,[مسرحيات]
12,Yi Wang,[2012-2013-advisory-booksheive]
13,Henry,[]
14,Paul Dinger,[]
15,Jaimi,"[plays, own, classics]"
16,Jeff Lombardi,[]
17,§--,"[shakespeare, plays]"
18,Zachary Littrell,[]
19,Fatemeh Roshan,[]
20,Paul,[]
21,Esin,[favourites]
22,Dolors,"[best-ever, read-in-2015, getting-to-know-shakespeare]"
23,Carolyn Hembree,[]
24,Paul Roland,[]
25,Ahmad Sharabiani,"[classic, drama, fiction, movie, script, 17th-century]"
26,Matthew,[]
27,Rick,[drama]
28,Kaion,[play]
29,Lexi,"[all-time-favorites, books-i-own]"
30,Anne,[]
31,Tj Covey,[]
32,Jessica,[]
33,Bruce,[]
34,Alan,[]
35,Youmna Higagy,[mine]
36,Emma,"[england, read-for-school, favorites, shakespeare, fiction, theater, early-modern]"
37,Carolin,[]
38,Sara Guimarães,[]
39,لَيلى الحافِظ,[]
40,Lauren,[]
41,Timothy Boyd,[]
42,Erik Graff,[drama]
43,Louis Magallanes,[]
44,Linda Nagle,[]
45,Harry Daniels,[]
46,Ciara,[]
47,Naomi,[]
48,Kaethe,"[theater, sisters, shakespeare, format-script]"
49,Bbrown,[short-work]
50,S.,[madhatter]
51,Tom,"[plays, english, england]"
52,Kristina Cabral,[greatest-classics]
53,Beks,[already-reviewed]
54,Marquise,"[classics, 5-stars, keepers, plays, shakespeare-after-all, splendid-villains, exceptional-characters, drama]"
55,Aminova,[]
56,Clif Hostetler,[play]
57,Mania,"[plays-classics, books-i-own, shakespeare_project_2015]"
58,Everyman,[my-library]
59,Marie Antoinette ,[]
60,Liza Palmer,[]
61,Steven Veach,[]
62,Sarah Marie,"[favorites, books-i-own, read-for-school, to-review, around-the-world-in-52-books]"
63,Christina,"[list-ap-literature, plays, source-library, classics, format-audiobook, 2014-reads, list-classics-club]"
64,Ben,[]
65,Anna Welch,[]
66,Christine,[]
67,Kate Buck,"[classics, plays]"
68,A.J.,[shakespeare]
69,Mimi,[classics]
70,Lauren (the lame lady),"[classic, plays]"
71,Victor QM,[2016]
72,Tandava Brahmachari,[]
73,Bram,"[2010, the-bard]"
74,حياة الياقوت,[]
75,Terence Carlisle,"[17th-century, british, drama, elizabethan, english, gay-literary-icon, play, playwright, theater, theatre, william-shakespeare]"
76,Borja,[february-2016]
77,Fine Print Blog,"[university-required-reading, plays, classics, literature]"
78,Mirza Bajrektarević,[]
79,Nicole,[]
80,Tyler Johnson,[]
81,Sara,"[guardian-100-greatest-books, shakespeare-project]"
82,Brian,[]
83,midnightfaerie,[classics]
84,Natalie Monroe,"[classics, my-teacher-made-me-read-it]"
85,Mariano Hortal,"[british-literature, genre-theater, english-language]"
86,Alan Lengel,[]
87,Jordan,[for-school]
88,Mike Jensen,[]
89,Shathil Taqa,[théâtre]
90,Γιώρη Μπέλκος,[william-shakespeare]
91,Natalie,[]
92,Gisoo,[]
93,Ale Rivero,[]
94,Neil Coulter,"[fiction, shakespeare]"
95,Kelly,"[favorites, theatre, brit-lit, shakespeare, wits-and-fools, owned, 1500-1700, great-and-terrible-men, grand-opera]"
96,Lisa,[drama]
97,Maleah,[]
98,Miglė Keliotytė,[]
99,ᴏᴍᴀɪʀᴀ,"[en-digital, teatro]"
100,Sophia,[]
101,Mkfs,[]
102,CatarinaCosta,[classics]
103,Leslie,"[kindle, plays]"
104,Irene,"[english-studies, 2016]"
105,Driss  el bouki,[كامل-كيلاني]
106,Gabriela,[]
107,Leir,"[plays, anglais]"
108,Nikki,"[classics, plays]"
109,Leah Wolff,"[had-to-read-for-school, 2014, a-z-2014]"
110,Zorana Mitrović,"[owned, books-read-in-2015]"
111,Riku Sayuj,"[r-r-rs, shakespeare, plays]"
112,Bryan Williams,[]
113,Diabolika,"[lett-inghilterra, 1600]"
114,Brian Bess,[]
115,Lisa Vegan,"[fiction, favorites, reviewed, plays]"
116,Nicholas Armstrong,[]
117,Evan,"[world-literature-top-100-list-poll, my-faves, __in-my-collection, theater, bard, philosophy, despots]"
118,Whitney,"[theatre, i-own]"
119,Alisa,[]
120,Jackson Cyril,"[books-everyone-needs-to-read, books-i-own, classics, plays]"
121,Marie-aimée,"[english, en, theater, drama]"
122,Ashley,[]
123,Michael,"[classics, ap-english, drama]"
124,Kyle,"[re-reading, phd-studies]"
125,Cassian Russell,[]
126,Nicky Wheeler-Nicholson,[]
127,wally,[shakespeare]
128,Dominic,"[classic-literature, drama]"
129,Bam,"[i-own-it, 2014-reads, favorites]"
130,Katy,"[quedó-en-mi-corazón, shakespeare]"
131,Dmitry Yakovenko,[2015]
132,Luimar Silva,[]
133,Sam,"[war, sad-ending, classics, 2016, ee, wobble-2016, shakespeare]"
134,Lady Jane,[]
135,Goose,"[for-class, play, shakespeare]"
136,Bilal Hafeez,[]
137,Liam,[]
138,Neus Cámara gutiérrez,[]
139,Big Brother,"[common-wealth, plays, list-world-library]"
140,Rose,[shakespeare]
141,Brian Denton,[]
142,Philipp,"[play, great-britain]"
143,Nathan,[]
144,Lamis,[]
145,Mitchel Broussard,[for-college]
146,☯Emily ,[]
147,matt,"[top-shelf, theatrepieces, shattering, re-readers, shakespeare]"
148,Ruth,[]
149,Elizabeth,[]
150,Aubrey,"[5-star, reviewed, cross-my-heart-and-hope-to-die, 1-read-on-hand, r-goodreads, r-2015, r-2016]"
151,Prof. Mohamed  Shareef,[]
152,معتز,[owned]
153,Margaryta,"[classics, medicore, theatre, history, boring, death, disappointing, had-to-read-for-school, play]"
154,Juliette,"[required-reading, 2014]"
155,Jazzmin,[]
156,Jocelyn,"[classics, drama]"
157,Valerie,[]
158,Anarchic Rain,[]
159,Alan Johnson,"[literature, shakespeare]"
160,Kate  Van Rompaey,"[liked-it, classics, plays-theater, drama, poetry]"
161,Salvatore,[]
162,Huda Aweys,"[love, watched-its-play, philosophy, literature, classics]"
163,Rebekah,[]
164,Audrietapia,[]
165,PriscillaC,[]
166,Erin,"[i-own, classics]"
167,Mohammed Awad,[2016]
168,Carmel Ramos,[]
169,حنان لاشين,[]
170,Emadeddin,"[to-buy, 2013-reads, books-i-should-re-read]"
171,Briynne,[]
172,Morgan Blayney,[great-books-course]
173,Nuno Miguel,[]
174,Writer's Relief,"[five-star-reviews, adapted-to-tv-film-stage]"
175,Krystal,[2016]
176,Boris,[]
177,Dora Okeyo,[]
178,Elmira Shahan,"[داستان-خارجی, نمایشنامه]"
179,Mary E. Martin,[]
180,Sandown Public,[]
181,GiGi,"[plays, british]"
182,Dove,"[سياسة, عادات-وتقاليد, فانتازيا]"
183,Kurt,"[fiction, classics]"
184,yasmine Hefnawy,"[theatre, favourites]"
185,Omar El-Shamy,[أدب-إنجليزي]
186,Jose Gaona,[ficción]
187,Salma,[favorites]
188,Richard,"[re-reads, shakespeare, drama]"
189,Bryan,[]
190,Fernando,[]
191,Antonella,"[book-to-movie, william-shakespeare, stand-alone, kindle, read-2015, 2015-reading-challenge, coverporn, january-2015, classics, fav-authors, plays, poetry, 2-3-stars, reviews]"
192,Kimberly,[]
193,Bill  Kerwin,"[16th-17th-c-brit, stuart-drama]"
194,Nikos Tsentemeidis,[theatre]
195,Syd,[]
196,Hannah,[]
197,Kelsey S. Hock,"[owned, classics, genre-historical-fiction, type-novel, reviewed, genre-fiction-adult, 5]"
198,Liz BooksandStuff,[favourites]
199,Huda AbuKhoti,[]
200,Teri,"[owned-audiobook, owned-ebook, fiction-classics, owned-hardcover, favorites, 2012-favorites, 2012]"
201,♥Kel,[]
202,Scott A. Nicholson,[]
203,Jonah Levine,[]
204,محمد سلامة,[]
205,Mark Hoppus,[]
206,Henry Avila,[]
207,Ben Fleck,[read-in-2016]
208,Janet,[]
209,Simona Bartolotta,"[plays, ebooks]"
210,Letitia,"[favourite-fiction, audio-accompaniment, literary, classics, poetry, british-uk, emotional-punch, plays, fascinating-characters, family-drama]"
211,Audrey,"[fiction, classics, read-for-school, plays]"
212,Avery,"[yaf-fiction-genre, read-the-store-2014]"
213,Mary Kate,[my-library]
214,Matt,[]
215,JJ,[]
216,Trenton Judson,[]
217,Joe Valdez,[plays]
218,☣Lynn☣,"[adult-fiction, classics, hated-it, despised-more-than-anything, just-meh, bored-me-to-death]"
219,Kathy,"[classics, read-in-2013]"
220,M7md Alghanmi,[]
221,Gaetano,[]
222,Vane J.,"[classics, plays, shakespeare, 2015, prosegasm, badassery, all-the-feels]"
223,Jill,[]
224,Jacob,[]
225,Michelle,"[european-western-classics, plays]"
226,Diana Long,[]
227,H,[shakespeare]
228,Cricket Muse,[]
229,Jerrodm,"[plays, classics]"
230,Gideon Burton,"[favorites, classics, reread, drama, books-i-teach, shakespeare, renaissance-literature]"
231,Yovana Alamilla,[]
232,majoringinliterature,"[classics-club-challenge-list, drama, 17th-century]"
233,Allen,[]
234,Keksisbaby,"[read-2013, on-my-kindle]"
235,Graham Wilhauk,[read-in-july-2016]
236,Josh Stoll,[]
237,Melissa Rudder,[master-s-exam]
238,May H-E,[own]
239,Belle,[]
240,Patricia,[read-in-2014]
241,Madeline,[]
242,Alana White,[plays]
243,Rui,[]
244,Amanda Ball,[]
245,Belinda,[]
246,Sheppard  Hobgood,[]
247,manky,[]
248,Isabelle,[]
249,Marty :},[classics]
250,Dani,"[fiction, tragedy, plays]"
251,Dana,"[drama, classic, favorite, british-literature, taught, historical-fiction, shakespeare, medieval, britain, 1993, british-history, 2015, re-reads]"
252,Zari,"[classic, literature, play]"
253,Jason,"[fiction, classic, play]"
254,Maan Kawas,[]
255,Laura,[school-uni-books]
256,Karen,[]
257,Ensiform,[fiction]
258,Cassie,"[theatre, books-i-own]"
259,Kelsey,"[own, shakespeare]"
260,Bettie☯,"[classic, play-dramatisation, re-read, published-1606, film-only, paper-read, tragedy, re-visit-2015, autumn-2015, halloween-2015]"
261,Lars Guthrie,[]
262,Mohamed Abd El Rahman,[]
263,Huda Yahya,"[drama-opera-مسرح, william-shakespeare]"
264,Mariana,"[read-in-english, ebook, audiobook, read-in-2015]"
265,Alex Quilon,[]
266,Marija,"[classics, medieval-renaissance, favorites, drama]"
267,Mary-Jean Harris,[classics]
268,خلود بن خميس,[]
269,Madelene,"[classics, plays]"
270,Lynda,[]
271,Antonietta,"[autori-inglesi, classici, teatro]"
272,Trevor,[literature]
273,David Jacobson,[]
274,Henry Sturcke,[]
275,Luis,[]
276,Mark Bringman,[]
277,Alexandra,"[books-i-ve-read-for-school, reviewed]"
278,Mohammed Youssef,"[إستعارة, مسرح-مترجم, ورقي]"
279,Jeske,[2014]
280,The Mighty Katara,[]
281,SeRRo,[]
282,Rachel,[2-loved-it]
283,Angie,[]
284,Hayley,[poetry-drama]
285,Ryan Steele,[]
286,Nadosia Grey,[]
287,Thomas,[read-for-college]
288,Misty,[broccoli]
289,Claire Carriedo,[]
290,David Sarkies,[tragedy]
291,Draven,[]
292,Jennifer,[classics]
293,Jacqueline,"[plays, british-american]"
294,"Nathan ""N.R."" Gaddis","[pretty-old-stuff, cnp-review]"
295,Michael Jones,"[works-as-a-play, classics]"
296,Hailey (HailsHeartsNyc),"[reading-for-uni, read-in-2016]"
297,Don Heiman,[]
298,Faith,[shakespeare]
299,Sareene,[reading-for-school]
300,Ygraine,[shakespeare]
301,Jamjars,[classics]
302,Sarah Sami,[drama]
303,Bucket,"[reviewed, history, literary, classic, tragedy, life-and-death, psychology, war, play]"
304,Ahmed M. Al-Madhoob,[أدب-أنجلو-أميركي]
305,Hollis,[drama]
306,Rowland Bismark,[]
307,Jennifer (aka EM),[]
308,Sarah Gutierrez,[plays]
309,Yu Su,"[revisit, precious, singularity]"
310,Jessica Andersen,"[classics, shakespeare]"
311,Harshit Gupta,"[classics, fiction, plays, archaic]"
312,Julia,[favorites]
313,Terence,"[shakespeare-stuff, audio-books, the-plays-the-thing]"
314,Manny,"[why-not-call-it-poetry, life-is-shakespeare]"
315,Valentina Vera,[]
316,Trisha,[classics]
317,Gorfo,"[classic, plays]"
318,Tisha,[classics]
319,Ted Child,[]
320,dragonhelmuk,[]
321,Arto Marashelian,[]
322,Gláucia Renata,[]
323,Catherine Quarles,[classic]
324,Samantha,[]
325,Turkish,[]
326,Amira Mahmoud,[أدب-روايات]
327,Victoria,[]
328,Rebecca McNutt,"[classic, fiction]"
329,Josiah DeGraaf,"[future-rereading, literary-classics, best-of-2014]"
330,Malvina,[]
331,...,"[i-love-your-fucked-up-mind, i-own-your-ass]"
332,Saoirse Sterling,"[sterling, ahreet, masculine, ce17, bookshelf]"
333,Billy,[]
334,Stasia,[]
335,Fabiola Fulco Salazar,[]
336,Xime García,[reseñados]
337,John Devlin,[]
338,Liza Miller,[]
339,Namitha Varma,"[plays, classics, made-into-movie]"
340,Purvi Petal,[owned-copy]
341,Bradley,[2015]
342,Jennifer D,"[effing-awesome, stage-play, 2011-books, owned-paper]"
343,Steven,"[plays, british, seen-plays]"
344,Lyn,[]
345,Michele,"[classics, fiction]"
346,Rida Hariri,[theatre]
347,Neo,[classics]
348,Ahmed Gohary,[]
349,Marc,[]
350,Mark,[]
351,Stephanie Marie,[the-bard]
352,Ellen,"[favorites, drah-mah]"
353,Mars,[]
354,Jonathan,"[favorites, worshiped-and-adored]"
355,Jorge Macias,[]
356,Kath,[]
357,Meg,[]
358,Cerys,"[favorites, plays]"
359,Annabella,[english-literature-reading-list]
360,English Education,"[canonical, khadija]"
361,Edlira Dibrani,[]
362,Jason Gignac,[fill-in-the-gaps]
363,David,[2012]
364,Anum ,"[5-stars-favourites, drama, classics]"
365,Maud,[]
366,Alex Bergonzini,[]
367,Amy Or,[]
368,Dionysus,[plays]
369,Maria (Netherreads),[]
370,Io?,"[theater, british]"
371,M.C.,[2008-2009]
372,Dayla,[]
373,Catherine,[ta-reading]
374,Martina,"[mine-3, plays, 2014-reading-challenge, favourite]"
375,Julianna,[]
376,Simon,[]
377,Kristy,"[shakespeare, theater, favorites, magical-realism]"
378,Ela,"[classics, conspiracy, love-triangles, plays, i-m-not-sure-this-is-healthy, did-you-misplace-your-brain, wealth]"
379,Jaime Leigh,[favorites]
380,ياسمين خليفة,[]
381,Margaret Vos,[]
382,Estefanía,[]
383,Irene Velarde,[]
384,Lydia,[]
385,peiman-mir5 rezakhani,[نمایشنامه]
386,Sam Barnes,[]
387,Bernie,[]
388,Ruthie,[]
389,Sam Bradley,[]
390,Kevin Topolovec,[]
391,Julian Meynell,"[reviewed, in-depth-reviews, british, 16th-and-17th, plays]"
392,Realini,[]
393,Michael Audet,[favorites]
394,Chelsea,[for-class]
395,Keely *Keelskilo*,[meh]
396,Jeff,[]
397,Preston,[ap-english-quarter-i]
398,Amir Lewiz,[مكتبة-قصر-العيني-للاستعارة]
399,Kajah,[]
400,Two Bibliomaniacs,[]
401,Joanna,[]
402,Alison,[]
403,Jesse,[currently-re-reading]
404,Robby Bassler,[]
405,Benson Chang,[]
406,Iris,[]
407,Edward,"[own, 5-star, uk-ireland, plays]"
408,Pratiti,[]
409,Marlin Elina,"[own, uni-books, favorites]"
410,Jake,"[drama, school-reads]"
411,Whitney Thompson,[]
412,Mannora Elghandour,[]
413,Carey Combe,[]
414,Alp Turgut,"[english-literature, shakespeare-william, plays]"
415,Nicola Mansfield,[]
416,Camilla Nascimento,[my-favorites]
417,Andrea,[]
418,Alex,[read-against-my-will]
419,Kathy Stone,[]
420,Colin Cox,[]
421,Shai Sachs,[]
422,Jan-Maat,"[british-isles, plays, 17th-century]"
423,Kat Stark,"[favorited, reviewed, literature]"
424,Marts  (Thinker),[classics]
425,Charles,"[shakespeare, historical-fiction, drama, plays, classics, tragedy, stuart-drama]"
426,Jess,[shakespeare]
427,Houda Rankousi,[]
428,Cristina,[]
429,Emily,[]
