,user,tags
0,Trish,"[poetry, src-2015-16-winter]"
1,Jim,[]
2,Gia,[]
3,Kori Klinzing,"[poetry, classics]"
4,David Allen,[]
5,S.D.,[]
6,Dan,[]
7,Tom Lowe,[]
8,Well-steered,"[western-canon, social-commentary, nature-poems, love-poems, modernist-poems, stream-of-consciousness, sex-poems, 19th-century-american-poetry]"
9,Meghan Fidler,[american-literature]
10,Ariel ,[read-in-2015]
11,Bria Lafayette,[]
12,Andrew Simpson,"[classics, all-time-favorites, environment, carter-library, books-i-own, poetry, collections]"
13,Laurie,[]
14,Henry,[]
15,Felix Purat,[]
16,Jessica Loscalzo,[]
17,Noah,"[poetry, classics, fav]"
18,Heather dennis,"[plays-and-poems, gave-up-on]"
19,Lindsay Russo,[]
20,Zachary Littrell,[]
21,Jess Jak,[]
22,Kathryn,"[poetry, americana]"
23,Rupert Owen,[]
24,Melani,"[poetry, collective]"
25,Paul,[]
26,Tiffany,[]
27,EruDani,[]
28,Nadia,[]
29,Christin,[]
30,E Tanner,[]
31,Lindsay Wing,[]
32,Matthew,[]
33,Joe Sacksteder,[]
34,Shin Gaku,[all-time-best]
35,Xdyj,"[l-f-ar-af-s, q, us]"
36,Patrick Michael,[]
37,Ben Winch,"[poetry, american, anglo, 5-stars]"
38,moominspell ,[]
39,Jessica,[]
40,Bruce,[libs-678]
41,Elise R,[]
42,Sarah Elizabeth,[]
43,Charlie Durkheim,[]
44,Tamara Gantt,[]
45,Gabriel C.,"[2015, bookriot2015]"
46,Danay Perez Perez,[]
47,MischaS_,[]
48,Sally,[]
49,Katie Campbell,[]
50,Bill,[]
51,Esther Miller,[]
52,Hira,[]
53,Andrew Post,"[nonfiction, collection, poetry]"
54,Russell Johnson,[]
55,Mj,[books-i-d-keep-on-my-shelf]
56,Jeff Hrusko,[]
57,Clay,"[poetry, favorites]"
58,Marta,[]
59,عبدالله ناصر,[]
60,Mónica,[]
61,Nahed.E,[]
62,Theres,[19th-century]
63,Lauren,"[poetry, classics, 2015]"
64,Yassmeen Altaif,[]
65,S©aP,"[in-english, poesia, letteratura-americana, 1800]"
66,Atoosa,[]
67,Robert,[]
68,Nathalia Borghi,[rory-gilmore-reading-challenge]
69,Tom,[]
70,Ben Purcell,[]
71,Meenakshi,[my-book-shelf]
72,Robbie Blair,[]
73,Wiley R,[poetry]
74,Clif Hostetler,[poetry]
75,Tammy,[]
76,Marlee,"[made-me-shudder-with-perfection, classics, really-really-good-books]"
77,Tanner Knoll,"[favorite, poetry]"
78,Ben,[favorites]
79,Dominic Ciccodicola,[]
80,Christine,"[classics, poetry]"
81,Madison,[]
82,Claire,"[classics, poetry]"
83,James Violand,[own]
84,Julie Suzanne,[poetry]
85,Jean-Paul Werner Walshaw-Sauter,"[poetry, favorites]"
86,Cesar Terrazas,[]
87,Rebecca K,[]
88,Kelly Gonzales,[]
89,Benjamin Duffy,[e-books]
90,Patricia Wayne,[]
91,LaDonna,[]
92,Heather,[]
93,Sara,[didntfinish]
94,ic2013,[]
95,Philip Cartwright,[poetry]
96,Liz,[poetry]
97,Erza Hoti,[]
98,Jake Obalu,[]
99,Sondra Wolferman,[]
100,Chirs,[]
101,Jordan,[]
102,Ahmed Oraby,[]
103,Lyndsey,"[2009, poetry]"
104,Mariam,[]
105,Ale Rivero,[]
106,max,[poetry]
107,Ryan,[poetry]
108,Taymara Stephania  Jagmohan,[]
109,Ingrid,[]
110,Kelly,[]
111,Sebastián,[]
112,Joey,[]
113,Silvia Santipolo,[]
114,Philip Mastandrea,[others]
115,Bernie Gourley,[]
116,Josh O'Berski,[]
117,Tony Poerio,[]
118,Isabel,[]
119,Logan,[]
120,Candice,"[classic, fiction, poetry]"
121,Rekha,[poetry]
122,Filipa,"[english-books, library, classics, not-own, college-related, 2012-reads, poetry]"
123,Gabriel Aguilera,[]
124,Regina,[]
125,Doug Wieboldt,[]
126,Roger Burk,[]
127,Linda Watkins,[]
128,Serena,"[più-amati, poesia]"
129,Ahmed Abdelaty,[]
130,Kelsey,[]
131,♥ Ibrahim ♥ ,"[literature, thinkers-i-adore]"
132,Evan,"[world-literature-top-100-list-poll, epic, my-faves, currently-reading-slowly, __in-my-collection, poetry, gay-interest-etc, adventure-fiction, philosophy, travel, sexuality, history-americana, bohemian-rhapsodies, favorites]"
133,Jenny Beth,[pour-y-vivre]
134,Edward Zeauskas,[]
135,Paul Parsons,[]
136,Holly Foley (Procida),[adult-fiction]
137,Grace,[for-the-mind]
138,Michael,"[classics, poetry]"
139,Adam,[]
140,Miroku Nemeth,[]
141,melmarian,"[poetry, koleksiku-eng, harta-karun]"
142,Liv Meline,[]
143,Dustyloup,"[classics, just-books]"
144,Amber Littleton,[literary-exploration-challenge]
145,Liam,"[c19th, trippy, leido-en-español, poetry]"
146,Kate,[poetry]
147,Destiny,[]
148,Scott Whitney,[]
149,Antoine,[ceux-que-j-aurais-du-mal-à-prêter]
150,Joseph,"[american-classic, poetry]"
151,Tuqa Mohammad,[]
152,Wendy,[]
153,Nils Samuels,[]
154,Dean Gerszewski,[]
155,Mohamed elbeshbeeshy,[]
156,Patries,[]
157,moonletters,[]
158,Gina,[]
159,The Book,"[usa, poetry]"
160,Joe,[]
161,John Dziennik,[]
162,Dianna,[devotionals]
163,Madelyn Pérez,[tbr-pile]
164,Shauna,[]
165,Michael Sirbu,[]
166,Hannah Lockhart,"[favorites, poetry, philosophy, wanderlust, whimsical, top, 19th-century, read-in-2015, transcendental, life-lessons]"
167,Dollanganger_,[]
168,Greg Paulson,[]
169,Rambler,[poetry]
170,Eric,[]
171,David,[]
172,Liz Banks,[]
173,Jessica Merrill,[for-school]
174,Caris,"[poetry, bedtime-stories, 2014]"
175,James Biser,[]
176,Iulia Goga,[]
177,Sonia,"[poesia, favorites, vagabonding]"
178,Eduardo,[poetry]
179,J.P.,[]
180,Miriam,[]
181,Drew Vitale,[]
182,د.محمد رضا,[]
183,Alexander,"[ribofunk, the-unquiet-dead, ecognosis, liquid-measures-flow]"
184,Mack Moyer,[]
185,Clare Holman-Hobbs,"[poetry, 2016, owned, classics]"
186,Jennifer Lavoie,"[classics, poetry, college-text, long-form-american-poem]"
187,Patrick,[]
188,Carolyne,[]
189,Michelle Taylor,[]
190,R,[poetry]
191,Helene Pilibosian,[]
192,Bryan  Jones,[]
193,Benjamin Kass,[]
194,Brandon Van Buskirk,[]
195,Halley Sutton,[]
196,Teresa,"[g-poesia, n-usa, 5-estrelas]"
197,Zoey,[]
198,Marie-Claude,[]
199,Colin,[to-re-read]
200,Jaime Andrés,[]
201,Mel Walker,[]
202,Peter,[]
203,Diego,[]
204,ياسمين إمام بشير,[]
205,LOL_BOOKS,"[fiction, classic, poetry]"
206,John Sperling,[]
207,Chelsea Strabala,[]
208,Julia,"[poetry, school-reads]"
209,Zora,[]
210,Camila Restrepo,[]
211,Anneloek,[owned]
212,Syd,[poetry]
213,Caterina,"[favorites, poetry, odysseys, most-cherished]"
214,Alicia,[]
215,Liz BooksandStuff,[]
216,Hbksmile,[]
217,Emma Anderson,[]
218,Nis,[]
219,John Jimenez,[lost-interest-in]
220,Danielle Sidow,[]
221,Sanjukta Basu,[]
222,Mayor McCheese ,[]
223,Jenifer,[]
224,Nathalie,[]
225,Sean Patrick Keane,[]
226,Rich Law,[]
227,Janet,[poetry]
228,Dann Juarez,[]
229,Frankie,[]
230,Aidan,[worst-books]
231,J. Alfred,[]
232,Denae,"[make-me-nostalgic, re-read-potential]"
233,Frank Irving,[poetry]
234,Gabrielle,[]
235,Riannon,[]
236,Kai Coates,[august-2015-roundtable-challenge]
237,Barry,[poetry]
238,Greg Lehman,[]
239,Faith-Anne,"[read-but-do-not-own, 2012]"
240,Randy,[]
241,Regitze,"[4-stars, poetry, 19th-century-lit, read-2016, rory-gilmore-challenge]"
242,Stephen,"[united-states, 19th-century]"
243,Anna,[]
244,Larry Hansen,[american-lit]
245,Mohamed Yehia,[]
246,Mohamed Kamal,[poetry]
247,Natalie,[]
248,Rguillory,[]
249,Kristin,[poetry]
250,Mon,[poetry]
251,Jed Heron,[]
252,Katy,[books-i-own]
253,Michelle,"[nurses-care, diy-fyi-referee, 00-yearn-2-replace, encore-worthy, ladybug-bucket-list, donut-tread-on-me, bibliophiles-anonymous, 1st-american, author-author, classique, nightingale-tale, 19th-century]"
254,Khaled Eider,"[أدب-عالمي, شعر]"
255,Mónica Mar,[]
256,Victor Heranz,[]
257,Lori (Lara Britt) Sailiata,"[reread-annually, reread-multiple-times]"
258,"Jeanette  ""Astute Crabbist""","[finish-someday, classics, poetry, america]"
259,Po Po,[]
260,César Alcalá henares,[]
261,Kari Eggerling,[2016-reading-challenge]
262,Justin Patterson,[]
263,Josh Cutting,[]
264,Shara Massey,[favorites]
265,David Farris,[]
266,Izaiah Dawkins,[]
267,Zoe,[]
268,Pollopicu,[]
269,Steve,[]
270,Fayçal kh,"[مترجمة, شعر, تحدي_2015]"
271,Madeline,[poetry]
272,John,[]
273,Hellen,"[own, poetry]"
274,Kiwi,"[2015, poetry]"
275,Hamish,[poetry]
276,Ben Wilson,[neverfinished]
277,Khadraoui Asma,[]
278,Gary Maguire,[]
279,Benjamin,[]
280,Micah,"[trauma, poetry]"
281,janet,[]
282,Rahima Barakat,[]
283,Zari,"[poem, literature]"
284,Nicholas Whyte,"[2012, 1207, non-genre, xd, poetry]"
285,Constance,[]
286,Maggie,[]
287,Jason,[poetry]
288,Chin Jian xiong,[2013]
289,Hansen Wendlandt,[]
290,Zack Mollhagen,[books-read-in-2011]
291,Jenna,[beloved-books]
292,Laura,[]
293,Davis Aujourd'hui,[]
294,Lemar,[poetry]
295,Julia Corin,[]
296,Scribd,[friday-reads]
297,David Lentz,[]
298,Michael Henry,[]
299,Charlotte Gijzen,[]
300,Chris Black,[]
301,Lon,[]
302,Tonya,[]
303,Craig Tyler,[]
304,Carre Gardner,[]
305,Marc Royston,[]
306,Dalia,"[من-الهوامش, 2015]"
307,Myles,"[favorites, the-poetry-man]"
308,Ibrahim,"[english, america, poetry]"
309,Shaina Clingempeel,[]
310,Malak Alrashed,[poetry]
311,Cara,"[read-in-2013, poetry]"
312,Des Small,[]
313,Peter Landau,[]
314,Gatamadrizgmail.com,[]
315,منار هانى,[شعر]
316,Dane Cobain,[]
317,Bonnye Reed,[keepers]
318,Mohamed Al-Moslemany,[]
319,Lukas,[]
320,Marlow,[]
321,Ginnie Grant,[]
322,Vincent,[poetry]
323,Barbara,"[classics, catch-up-classics, daily-lit, e-book, 12-classics-for-2011, 6-nonfiction-for-2011, 2011]"
324,Britta ,"[favorites, spiritual-favorites]"
325,Mohammed Youssef,"[شعر, شعر-مترجم, ورقي, own]"
326,Leonora,"[classics, americans, poetry]"
327,Jim Johnson,[]
328,Jillian,"[history, owned-on-nook, nineteenth-century, american-civil-war]"
329,Danny Daley,[]
330,Richard Hansen,"[poetry, religion, philosophy, great-literature]"
331,Katie Crowley,[]
332,Tracie,[]
333,E. Chainey (Bookowski),[Şiir]
334,Daniela Ramos,[]
335,Mahshid Saghatchi,[]
336,Mohamed Eshawaf,"[سلسلة-ال100-كتاب, شعر]"
337,Ivy Jeanne,[]
338,Eliana Rivero,[]
339,Mark Oppenlander,"[classics, poetry]"
340,Sherry Ewy,[]
341,Tim,[]
342,Danielle,[]
343,Courtney,[]
344,Jody Grant,"[read-during-peace-corps, classics, classics-with-dad, read-more-than-once, 2008]"
345,عبدالله ,[]
346,Jacqueline,"[noch-einmal, poetry, original-gelesen, british-american]"
347,Becky,"[1001books, poetry, meh, never-in-one-sitting, who-said]"
348,Garrett Cash,"[classics, rubbish, american-literature, bizarre, poetry, man-lit]"
349,Gringoire,[]
350,Alex G,[read-and-own-as-reference]
351,Sahil Sood,[altar-book-shelf]
352,James,"[u-of-chicago, poetry]"
353,Arya,[]
354,Susanne Brillant,[]
355,Cyndi,[poetry]
356,Jocelyn,"[classics, poetry]"
357,Jason Roy,[]
358,Bucket,"[reviewed, bio-auto-bio, non-fiction, history, literary, classic, love, nature-the-outdoors, culture, life-and-death, music, american-dream, identity, time, war, poetry]"
359,Esthër,"[poetry, read-in-2014]"
360,Fan Liu,[]
361,Kitten Reads,[]
362,Manuel,[master-list]
363,Lisa (Harmonybites),"[classics, poetry, 100-significant-books, ebooks]"
364,Billy,[]
365,hayatem,[شعر]
366,Julie,[]
367,Kasper,[poetry]
368,Cody Bertram,[]
369,Manny,[why-not-call-it-poetry]
370,Bruce Macdonald,[]
371,❁ بــدريــه ❁,"[نسخ-إلكترونية, 2015]"
372,Ala'a  Muhammad ,"[audio-books, american-literature, poetry]"
373,Paul Peterson,[]
374,Sarah,[]
375,Lotz,"[religion-mysticism-theology, highly-recommended-favorites, best-words-best-order]"
376,Farahnaz Walahi,[favorites]
377,Andrew,[]
378,Tyler,[]
379,Pamela,[]
380,Jim Traylor,[]
381,María Paz Greene,[]
382,Erik Nelson,[poetry]
383,Ryan aka Madman Reads,[]
384,Samantha,[]
385,John Molina,[]
386,Victoria,"[poetry, biography, favorites]"
387,Brandy,[]
388,Collin,[gave-up-on]
389,Jodi Tooke,[]
390,Avd.Reader,"[19th-century, american, classic, poetry, century, 19th]"
391,Korri,"[poetry, american-culture-and-history]"
392,Rich Saupe,[]
393,Aurelio Couso Juy,[]
394,Phillip,"[favorites-among-favorites, poetry, nature, literature, history-united-states, psychology, religion, my-visionaries, positive-psychology]"
395,Roberto,[]
396,sologdin,[literary]
397,Blithe,[]
398,Robert  Graham,[]
399,Laura Hall,[]
400,Facundo Martin,[]
401,Rio Hayashi,[]
402,Claudia,[classics-i-should-have-read-years-b]
403,Mallory,[classically-trained]
404,Andrea Blythe,[poetry]
405,Brenda,[]
406,Nidhi Mahajan,"[poetry-or-verse, postgrad-reading-list]"
407,Cheri Bauer,[]
408,Roxane,[]
409,Steven,[]
410,Darío,[poes-a]
411,Charlene,[]
412,Michael Arnold,[]
413,Talat,[]
414,D.R. Haney,[]
415,TheLongWait,"[prose-poetry, my-library]"
416,Mari,[]
417,Mark,[]
418,Nippon,[]
419,Schuyler Peck,[]
420,jacey,[poetry]
421,Mike,[]
422,Essam Munir,[literature]
423,jeremy,[poetry]
424,Usra,[]
425,Brett,[poetry]
426,NaturaRea,[]
427,Chris,"[poetry, classics]"
428,William Handel,[favorites]
429,Keith,[]
430,Abby,[]
431,Lauren Schumacher,[]
432,Katie Regan,[]
433,Sophia Park,[university]
434,Barış Özgür,[]
435,Antonio,[]
436,Chrisanne,[classics]
437,Corey,[]
438,Luis Alberto Robledo,[]
439,Bárbara,"[in-english, poetry]"
440,Jan magdalene,[2015]
441,Iratxe,[]
442,Selby,[poetry]
443,Taylor,[]
444,Dayla,[poetry-free-verse]
445,Rob,[]
446,Jessica Walters,"[drama-epic-poetry-shortstories, american]"
447,Shelley,"[e-book, classics, poetry, 1800s, 2016]"
448,محمد,"[لم-أكملها, أدب]"
449,Simon,[poetry]
450,Aaron,"[literature, american-literature, reviewed, poetry, favorites]"
451,이찬 김,[]
452,Pavel,"[classics, poems, american]"
453,Daniel Flores,[]
454,AHMED ADEL SALAMA,[poetry]
455,Lawrence,[]
456,Patdmac7,[]
457,Jamie,[]
458,Amy,[]
459,Meg - A Bookish Affair,"[classics, 2010, poetry]"
460,Elena,[poetry]
461,Diogo,"[ethics, love, poetry]"
462,Araz Goran,"[أدب, شعر]"
463,Chelsey,[]
464,Sieara Delone,[]
465,Mahmoud Radi,[american-literature]
466,Donna Kirk,[]
467,Brandon,[]
468,Austin,[]
469,Joey Dhaumya,[]
470,Jenny,[]
471,Jeff,[harry-bloom-recommends]
472,Laurel L. Perez,[]
473,Ahmed Ibrahim,"[شعر, أدب-مترجم, ورقى, مكتبتى, 2016]"
474,Álvaro,[]
475,Christie Litchfield,[]
476,Erika,[]
477,Clara Amorim,[]
478,Ava,[]
479,Katherine Collins,[poetry]
480,Cheeseonaplate,[]
481,Michael Tabb,[]
482,Louise,[]
483,Josh,"[2011, poetry]"
484,Armatstorage,[]
485,Willsy,[]
486,Sydny Koch,[]
487,Lee Evans,[classics]
488,Nichole *BOOKWYRM BABE*,"[books-that-will-stay-with-me-always, books-that-i-own]"
489,Nate,[19th-century-american-lit]
490,Mindi Bennett,[]
491,Monica,[partially-read]
492,Filip Tufvesson,[]
493,Francisco,"[clasicos, poesia, estadounidenses]"
494,Mat,[]
495,Tasha,[]
496,Max,[12th-grade]
497,Quentin,[]
498,Samadrita,"[paused-for-now, timeless-classics, philosophy-philosophical, in-by-about-america, 1001-and-more, poetry, behemoth, environment-nature]"
499,Nicole G.,"[book-club, 2014]"
500,Andrea,[]
501,Maria,[poetry]
502,Laginestra,"[l, americana, in, versi]"
503,Conor,[]
504,Emi,[did-not-finish]
505,Elisabeth Zguta,[]
506,Brandy Treloar,[]
507,Brent McCulley,"[classics, poetry]"
508,Ronald Wise,[]
509,Ahmed Azimov,[]
510,Ida,[]
511,Scott Kauffman,[]
512,Matilda Lou,[]
513,Christopher Howard,[]
514,Charles,[]
515,Alice Gold,[]
516,Cristina,[]
517,Emily,[]
