,user,tags
0,Pink,"[classics, 20th-century, russia, nabokov]"
1,Sarah,"[literature-classic, library-books]"
2,Matt,[]
3,Vitor Martins,"[personal-library, clubinho, read-in-2016]"
4,Tanuj Solanki,"[borrowed, favorites, america, rus]"
5,Chrissie,"[usa, favorites, relationships, humorous, audible, classics]"
6,Sh3lly ✨ Bring on the Weird ✨,"[did-not-finish, nothing-happens, dark-crazy-romance, maybe-its-just-me, too-much-filler, wtf, buddy-read, annoying-characters, this-book-is-cray-cray, want-to-read-but-scared, everyone-loved-it-but-me, read-2016, im-so-bored, omg-this-book-is-so-long, i-read-it-wrong, rage-rage-rage, classics-stupid]"
7,Riku Sayuj,[multiple-reviewed]
8,Cecily,"[miscellaneous-fiction, american-canadian]"
9,Jilly,"[classics, required-reading-in-hell, 2016-machalo-reading-challenge]"
10,Yonaily ,"[2015, adult, 2015-reading-challenge, mind-fuck, classics]"
11,Piperitapitta,"[romanzo, letteratura-usa, autori-russi]"
12,Vane J.,"[classics, 2016]"
13,Valentina Quiceno,[]
14,Carmo,"[russos, favoritos, vi-o-fime, bib-p]"
15,Christopher,"[fiction, classics, 2016]"
16,Evgeny,[classic]
17,بثينة العيسى,[]
18,Luís Blue Coltrane,"[favourites, on-my-own, 1001-done, 2015, challenges-2015, le-monde-s-100-books, banned-books, russia-ussr]"
19,umberto,[fiction]
20,Brigid *Flying Kick-a-pow!*,"[5-star-books, favorites, books-of-summer-12, on-my-kindle, realistic-fiction, classics]"
21,Michael,"[modern-librarys-100-best-novels, 1001-books-to-read-before-you-die, satire, russian, literary-fiction, modern-classic, book-club-literary-exploration, post-modernism, 1950s]"
22,Bethany (endpages),[]
23,Caroline ,"[he-wrote-it, took-way-too-long-to-read, memorable-characters, literary-fiction]"
24,Mohamed Al Marzooqi,"[روايات, أدب-روسي]"
25,Kirjaneito,"[kirjallisen-sivistyksen-projekti, read-2016]"
26,The Scarlet Pervygirl,[]
27,hossein sharifi,[favorites]
28,Richard Derus,[]
29,Stepheny,"[incredibly-sad-but-great, coming-of-age, classics, pantsless-platoon, reads-with-buddies]"
30,Mateo,[]
31,Scarlet,"[off-the-beaten-track, classics, rich-prose, best-of-2013]"
32,Geoff,"[favorites, volodya]"
33,La-Lionne,"[not-for-the-weak-hearted, own, frustrating, not-an-easy-read, disturbing, reviews-say-yay-i-say-nay, buddy-read]"
34,Ginger *Protégée extraordinaire and Kool-Aid mixer*,"[1001-read, banned-books, gr-top-100]"
35,Lyn,[]
36,Sinem,[]
37,Delee,"[classics, literary-fiction, reviewed, non-crunchy-classics-group-read]"
38,Tatiana,"[classics, 1001, national-book-award, 2012]"
39,Mohit Parikh,"[lit-gems, paradigm-shifters-sacred, russian]"
40,j,"[favorites, classics, personal-collection, 2008, seen-on-film, read-while-in-a-foreign-land]"
41,Sarah (Presto agitato),"[russians, road-trippin, trust-me-im-the-narrator]"
42,s.penkevich,"[favorites, perfection, love_or_lust, ny_times_100_greatest_novels]"
43,Algernon,[2013]
44,Teresa,"[5-estrelas, n-russia, l-1001bymrbyd]"
45,Ahmad Sharabiani,"[classic, novel, fiction, literature, 20th-century]"
46,Rakhi Dalal,"[may-be-will-finish-someday, couldn-t-complete]"
47,Joseph,[]
48,Madeline,[the-list]
49,Soycd,[russian-literature]
50,Mary,"[fiction, 2012, russian-author]"
51,matt,"[fictions-of-the-big-it, satire, america-f-k-yeah, modern-library-100]"
52,Renato Magalhães Rocha,"[the-novel-100, 100-best-books-world-library, kindle-ebooks, 2014, all-stars, reviewed, 1001]"
53,mai ahmd,[روايات]
54,Joe,[]
55,Chris,[]
56,David,[]
57,Mariel,[]
58,Scribble Orca,[]
59,Amanda,"[book-club-made-me-do-it, blog]"
60,Arnie,[]
61,Jimmy,"[novel, male, year-1950s]"
62,Barry Pierce,"[20th-century, read-in-2013]"
63,Paul Bryant,[novels]
64,Kane,[writing-well]
65,Steve,"[abandoned-books, foreign, read-in-2015, rmfao-2015-genre-challenge, literature-classics]"
66,Abubakar,[]
67,Karen,[]
68,Fionnuala,"[reviewed-in-2015, nabokov]"
69,Lawyer,"[psychology, childhood, crime, death, children, sexuality, 20th-century, pedophilia, child-sexual-abuse, modern-library-s-100]"
70,Rolls,[]
71,Karly *The Vampire Ninja & Luminescent Monster*,"[classy-to-the-core, terrifying-traditionals, mind-maladies]"
72,Eli,[novels]
73,Traveller,"[modernism, 1001-books, banned-books, david-bowie-challenge]"
74,Kaya,[]
75,Caris,[2009]
76,Anushka,"[favorites, i-own, reviewed, literary-classics, books-that-must-be-on-everyone-s, me-likey, holy-cow-that-was-awesome, re-readable, authors-i-love, adapted-on-screen-or-tv, them-feels, 1001, worth-the-hype]"
77,Annie ,"[the-banned-book-reading-list, read-in-2014, groovy]"
78,Huda Yahya,"[novels_novellas, shit]"
79,A.C.,[]
80,William1,"[fiction, us, 20-ce, russia]"
81,Iris ,[own]
82,K.D. Absolutely,"[1001-core, favorites]"
83,Nick Pageant,[]
84,Lucía,[]
85,Rebecca,[]
86,Ahmed,[]
87,[Name Redacted],"[society, real-world, historical-fiction]"
88,Claire,"[classics, ba-university-reading-list, 20th-century, influential-books]"
89,Brad,[traditional-fiction]
90,Jason,"[for-kindle, reviewed, 2013, wine-club]"
91,Yani,[]
92,Arah-Lynda,[i-said]
93,isabel,[2015]
94,Chelsea (chelseadolling reads),[own]
95,Jeff,[]
96,Sushi,"[favorites, dark-classics, to-reread]"
97,Diane,"[classics, audiobooks]"
98,ايمان,[]
99,Rowena,"[to-re-read, russian-lit]"
100,Tony,[]
101,Namrirru,"[russian, e]"
102,Rohisa,"[food-for-thought, dirty-by-association, bone-chilling-creepy, no-mr-darcy-here, douchebag-hero]"
103,Cody,[immortal]
104,Richard,[mytopfive]
105,Chiara Pagliochini,"[letteratura-russa, letteratura-angloamericana]"
106,Emily May,"[classics, favourites]"
107,Gautam,[super-prose]
108,Melissa,[]
109,Ana ,"[page-turner, fallen-characters, law-abiding-citizen, brainy-psychological, sex-drugs-rocknroll, classics, next-on-screen, 1001-this-life, absolute, love-me-again, of-self]"
110,Holly,"[bbc-100-books, booktuber-recommendations, be-a-good-human-tag]"
111,"Nathan ""N.R."" Gaddis",[100-mccaffery-read]
112,Rosie,[absolute-faves]
113,Mary Ellen,[]
114,Fatima kiyan,[vladimir-nabokov]
115,Samadrita,"[semi-favorites, timeless-classics, cherished, in-by-about-america, 1001-and-more, controversial-or-social-taboos, russia]"
116,Ben Winch,"[russian, american, anglo, problematic]"
117,Kim,"[all-time-favourites, audiobook]"
118,Carol,"[classics, read-2014]"
119,Кремена Михайлова,[]
120,Szplug,[]
121,♛Tash,"[classics, heartrenders]"
122,Choko,[clasics]
123,Pavle,[takozvano-ostalo]
124,Jason Pettus,[]
125,April,[]
126,Kelly,"[fiction, owned, 20th-century-postwar-to-late, grand-opera]"
127,Henry Avila,[]
128,Pradnya K.,"[classic, 2016]"
129,Shannon (Giraffe Days),"[book-club, classics, 2008]"
130,Frankie,"[i-own, 2015, classics]"
131,مروان البلوشي,[روايات]
132,Garima,"[favorites, sui-generis, moments-of-huh, no-kidding, funny-funsome-sarcasome, my-2-cents, prude-me-not, sing-a-song]"
133,★ ,"[5-star-excellent, books-i-own, magnificent-writing, favorites]"
134,Franco  Santos,[libros-en-digital]
135,Léonard Gaya,[]
136,Manny,"[too-sexy-for-maiden-aunts, older-men-younger-women]"
137,Harajyuku,[all-timefavorites]
138,Ian Vinogradus,"[reviews, reviews-5-stars, nabokov, read-2013, re-read]"
139,JaHy☝Hold the Fairy Dust,"[this-aint-disney-world-bitch, taboo-boo-boo, made-me-cry-like-a-little-bitch]"
140,Crystal Starr Light,"[classics, audiobook, banned-books]"
141,Jason Koivu,[]
