,user,tags
0,Anushree Rastogi,[]
1,Sarah,"[2015-reading-challenge, read-in-2015]"
2,Chrissie,"[fiction, magic, caribbean, classics]"
3,Val,"[world-lit, january-reads]"
4,Celeste Corrêa,"[owned-books, colômbia, livros-lidos-2016]"
5,Nikki,[classics]
6,Zorana Mitrović,[books-read-in-2016]
7,Riku Sayuj,"[favorites, fast-tracked, lit-fic, r-r-rs, translated, nobel-winners]"
8,Cecily,"[miscellaneous-fiction, south-america]"
9,Anne,"[romance, classics, latin-american, asdfg, reviewed, literary, read-in-2015, in-translation]"
10,طَيْف,[]
11,Kathy,[]
12,Borum,[]
13,Sara Steger,[]
14,Vanessa,[books-i-should-have-read-but-havent]
15,Marvin,[]
16,Batool,[e-book]
17,Ayu Palar,[]
18,Monique,"[classics, fiction, romance, award-winners]"
19,Leonard,[literature-spanish]
20,Jennie,[important-but-craptastic]
21,Evan,"[world-literature-top-100-list-poll, epic, my-faves, 2009-reads, deliciously-nasty, __in-my-collection, yearning, oprah, age-gap, favorites]"
22,Wesam Mahmoud,[]
23,João Fernandes,[nobel]
24,Hani,[]
25,পীয়্যান নবী,[]
26,Roxanne Richardson,[]
27,Moody,[]
28,Ayman  Agour,[gabriel-garcí-a-márquez]
29,Мая,[]
30,Sara Hussein,[2015-reading-challenge]
31,Katya,[]
32,اومید,[]
33,Megha Guruprasad,[]
34,Gaby,"[the-black-list, boring-as-hell, annoying-character, a-big-no-no, mmm-no, not-for-me, read-in-2015]"
35,Mohamed Mostafa,[]
36,Ranee,[]
37,Alice,[read-in-2007]
38,sologdin,[literary]
39,Manab,"[favourites, burn-after-reading]"
40,Madeleine,"[head-in-the-clouds-nose-in-a-book, my-kingdom-for-a-desert-island, our-libeary, maybe-it-s-time-to-live, reread-and-reread-and-reread]"
41,Samantha Newman,[fiction]
42,Nastaran,"[books-i-own, classics, 2016, historical-fiction, romance]"
43,Ana,[]
44,Thomas,"[lit-outside-of-school, romance, historical-fiction]"
45,Angel,"[classic, magical-realism, romance, historical-fiction]"
46,Salma,[my-favourites]
47,رانيا محيو الخليلي,[]
48,Eslammohammed,[]
49,Seyed Mohammad,[]
50,Inés Izal,"[2015, flojos]"
51,Tempest,[]
52,Aliaa Mohamed,[]
53,Seemita,"[for_legacy, favorites, nobel-laureates, romance, translated, fiction, latin-america, me, singing_words]"
54,Perry,[]
55,miaaa,"[ophelia-s-library, fictions-others]"
56,خارج نطاق الكوكب ,[أدب-عالمي]
57,Rika,[]
58,Algernon,[2011]
59,Ahmad Sharabiani,"[historical, novel, fiction, 1001-book, spanish, latin-american, 20th-century]"
60,Rakhi Dalal,[]
61,Matthew,"[classic, least-favorite, 2015, completist-book-club]"
62,Madeline,"[the-list, ugh]"
63,Tina,[]
64,Juwairia Sama,[روايات-أجنبية-مترجمة]
65,Mare,"[historical-fiction, read-in-croatian, romance, 2013-read, hispanic]"
66,Madison Dobberstine,[clc]
67,Stela,"[postmodernism, reviews, nobel-authors]"
68,Abdullah Yacoub,[]
69,Francesca Forrest,[book-group]
70,Torrero97,[]
71,Becca Campana,[]
72,Meg,[]
73,Dana.kafri,[]
74,Elizabeth,[]
75,Steven Spangenberg,[book-club]
76,mai ahmd,[روايات]
77,Jr Bacdayan,[]
78,أسماء القناص,[]
79,Ikra Amesta,[nobel-prize-laureates]
80,Miglena Timova,[]
81,Desinka,[]
82,Ernest Genesis,"[classics, romance, 2014-reading, with-review]"
83,Sana Fatima,[]
84,Rhona,[]
85,Sonia M,"[favourite, novels]"
86,Dawayr,[]
87,Nerdish Mum,"[owned-books, the-classics-club, read-2016, buddy-reads]"
88,Dina M. Ezz,[actress-novels]
89,Olethros,[]
90,Ashraf Shipiny,[]
91,Eslam Ahmed,"[أدب-أمريكا-اللاتينية, favorites]"
92,David,"[literary, historical, romance, 1001-books-to-read-before-you-die, latin-america, owned, dude-lit, modern-classic, spanish-literature, enviable-prose]"
93,c T,"[favorites, owned]"
94,Megan Kirby,[]
95,Annie,[magical-realism]
96,Greg Z,[reviewed]
97,Maryam Shahriari,[رمان]
98,Farzaneh,[]
99,M.Samer.Helo,[]
100,Anwaar,[]
101,Taylor,"[fiction, favorites, own, given, desert-island-picks, golden-years, the-power-of-love, in-a-land-far-away, if-you-liked-the-movie, not-by-a-white-guy, translations, emotional-gut-punch]"
102,فـــــــدوى,[]
103,Holly the Infinite Book Dragon,"[ebooks, bookends-achievement-unlocked, bookends-shameful-shame, its-not-me-its-you]"
104,Allison,"[historical-fiction, abandoned, setting-1900s, skimmed, setting-latin-america, recs-from-family-friends]"
105,DC,[ebook-audiobook]
106,بسام عبد العزيز,[]
107,Leslie,"[love, historical-fiction, audiobooks, guardian-1000, south-american, nobel-winner]"
108,Laura,[]
109,Roy,[]
110,Erik,"[classics, bepretentious, top-shelf, detailed-review, crystal]"
111,Bushra,"[روايات-مترجمة, رومانسية]"
112,Lizzy,"[classics-literay-fiction, read-years-ago, favorites-of-all-times, latin-america]"
113,Odai Alsaeed,[]
114,♡Ann  Matalines♡,"[2015, tbr-challenge, tbr-challenge-2015]"
115,ياسمين ثابت,[]
116,Alan Chen,[books-i-own]
117,Христо Блажев,[]
118,Fatima Saeed ,[]
119,Velvetink,"[fiction, latin-south-american, read-2009]"
120,سارة درويش,[كُتب-أحبها]
121,Jeb,[favorites]
122,Jadranka,"[historical-fiction, classics, my-books, read-in-2014, gabriel-garcí-a-márquez, magical-realism]"
123,Muhammad Galal,"[favorites, جابرييل-جارسيا-ماركيز, foreign-literature]"
124,Lou,[]
125,محمد سيد رشوان,"[استعرتها_من_كريم_صديقى, ورقى]"
126,Chara_ MimL,[books-i-love]
127,Anushka,"[i-own, thats-too-much-romance, literary-classics, dafuq-is-this-shit, major-facepalm, clichéd, my-whole-brain-is-crying, catchy-titles]"
128,Leila Hashemi,[]
129,Meenakshi,[literature]
130,AHMED ADEL SALAMA,"[favorites, تعبث_بعقلك, ماركيز]"
131,Huda Yahya,"[novels_novellas, gabriel-garcía-márquez]"
132,Sonia,[]
133,Meghan,"[own, favorites, spanish, dmbc, book-club, tnbbc, award-winning]"
134,Emanuela,[narrativa-straniera]
135,K.D. Absolutely,"[1001-non-core, oprah, latin-american, nobel, love-story]"
136,Ruhin Joyee,[]
137,Irein,[]
138,Carmo,"[favoritos, colombia, nobel, vi-o-fime]"
139,Lydia,[]
140,Inspired Kathy,[read-in-2009]
141,Sandra,[sudamerica]
142,Abhinav,"[2013-reading-saga, the-cj-library, modern-literary-fiction, romance, i-own-an-ebook, found-in-translation, real-magicalism]"
143,Mohammed Arabey,[]
144,Marc Kozak,[]
145,Ashish,[]
146,Ahmed,[]
147,Angigames,[ma-anche-no]
148,Ema,"[favs, poetry-or-poetry-like, colombia, read-in-2012]"
149,Patrick,[]
150,Helen,[magical-realism]
151,Moujan Taghavi,[]
152,Lani,[]
153,Erica,"[historical-fiction, real-life-fiction, women-and-girls, travel, love-and-romance, funny, family-saga, audiobook, dead-friends-and-family, men-and-boys, mothers-and-their-kids, writing-letters, daddies-and-daughters]"
154,Célia Loureiro,"[favoritos-favorites, wishlist, surrealismo-surrealism, hispânicos-hispanics]"
155,Ibo Ghazi,[]
156,MichelleG,"[read-a-thon, 2016-books-read, aussie-reads-2016-bookclub, audiobooks]"
157,Samilja,[]
158,Kyriakos Sorokkou,[]
159,Jaidee,[five-stars-books]
160,Barbara,"[literary-fiction, around-the-world, audiobooks, latin-america, book-club, 2014-reads]"
161,Yani,[]
162,rahul,[]
163,Joyzi,"[classics, fiction, borrowed, disappointing-books, watched-it, adult, reviewed, didn-t-finish-skimmed, don-t-judge-me, historical-fiction, erotica, realistic-fiction, contemporary-fiction, 1001-books, contemporary-romance]"
164,Jason,[5-stars]
165,Chloe,"[fiction, classics, 1001-list]"
166,تهاني عبدالواحد,[owned-books]
167,Aya Fathy,"[روايات-ساحرة, favorites]"
168,Diane,"[gorgeous-prose, audiobooks]"
169,Dini,[fiction]
170,Siobhan,[]
171,Ivan,"[4-notables, en-2015]"
172,Ginny_1807,"[favorites, romanzi, dal-film-al-libro-e-viceversa, spagna-e-sudamerica]"
173,Roseb612,"[1001-books, romantika, lat-am-literatura]"
174,Cassandra,[]
175,Maryam Hosseini,[]
176,Nathan,[novels]
177,Book'd,[]
178,Maria Ella,"[most-loved, romance, favorites, 2014-reading-challenge, book-discussion]"
179,Vincent Li,[]
180,راضي النماصي,[]
181,Haaike,[2015]
182,Ricardo Alves,[livros-fundamentais]
183,Sara,"[library, poc, july16]"
184,Narmin Hajizadeh,[]
185,Tasneem,[own-it]
186,Roza Alani,[]
187,أميــــرة,[novels]
188,umberto,[classics]
189,Israa,[]
190,Jacqueline Escobar,"[favourites, classics, owned-books, reviewed]"
191,kaire,[]
192,Liz,[]
193,Zeren,[]
194,Erin,[library-borrowed]
195,"Nathan ""N.R."" Gaddis","[cnp-review, portospanish-latinamerican, 2016-gelesen]"
196,Becky,[]
197,Auntie Pam,"[scaffale, me, sfidadei60, 2016, sfidadeigeneri]"
198,Virginia,[]
199,Adina R,"[classics, latin]"
200,Kater Cheek,[]
201,❁ بــدريــه ❁,"[favorites, نسخ-إلكترونية, 2015]"
202,Carol,"[classics, historical-fiction, romance, read-2014]"
203,Behzad,[]
204,Ibrahim Sherif,"[روايات-أجنبية-مترجمة, read-in-2016, gabriel-garcía-márquez]"
205,Alex,[2010]
206,رباب كساب,[66]
207,Michael,"[literature, 1980s]"
208,Bastet,"[my-favourites, colombian-literature, must-read, re-reading]"
209,Cheri,"[favorites, classics, read-in-2013, love-romance]"
210,Mohikanos,[]
211,Ryan,[fiction]
212,Ahmed Abdelhafiz,[literature]
213,Reid,"[literature-classics, 2012-reads, 5-stars, review, will-read-again]"
214,April,"[book-club, 2008, 1001-books-list]"
215,Maryam,[ادبیات-جهان]
216,Kelly,"[fiction, 20th-century-postwar-to-late]"
217,Jan-Maat,"[20th-century, read-in-translation, latin-america]"
218,Henry Avila,[]
219,William1,"[fiction, translation, 20-ce, south-america, latin-america]"
220,Iblena,"[contemporary, latin-american-literature, nobel-prize]"
221,Saman Kashi,[novel]
222,Marwa,[latin-american-literature]
223,Katia,[]
224,Farshad Firuzi,[]
225,Green Singh,[]
226,Syd Markle,"[movie, classic, favorite, fiction, cultural]"
227,Garima,"[to-re-read, no-kidding, funny-funsome-sarcasome, my-2-cents, prude-me-not, taking-title, sing-a-song, wehmut]"
228,مهند,"[ادب-literature, مكتبتي-my-library]"
229,Kara,[classic]
230,Ian Vinogradus,"[reviews, reviews-4-stars, read-2014, marquez]"
231,Donna,[book-challenge-made-me-do-it]
232,أسماء حسين,"[أدب-عربى, favourite-books]"
233,Cherie,[]
234,Tippi,[]
235,AennA,"[love-love-love-it, heartbreaking]"
236,Emily,"[funky-fiction, hersday-book-club, what-i-read-in-2008]"
