,user,tags
0,Pink,"[classics, 19th-century, translations, france]"
1,notgettingenough ,[pre20th-century]
2,Paolo Gianoglio,[]
3,Regine,"[bucket-list-books, classics, owned]"
4,Kris,"[books-owned, oh-so-long]"
5,Celeste Corrêa,"[owned-books, frança, livros-lidos-2016]"
6,MJ Nicholls,[]
7,Crisadmaiora,[]
8,Jim,"[novels, lifetime-reading-plan, read-in-2012, author-european, author-french, 100-great-french-books, 19th-century, nabokov-lectures, bp-2016]"
9,Aditi,"[my-reviews, historical-fiction, contemporary-romance, penguin-books, france, family, friends, classic]"
10,Chrissie,"[france, hf, audible, love, 2014-read, classics, feminism]"
11,Yusra Gulab Jamman,[]
12,Taka,"[japan_jul07-aug11, french_lit]"
13,Sunday,[]
14,Daniel,[2009]
15,حماس,"[international-words, قراءات-ليالي-الامتحان, قراءات-2016, شائكات]"
16,Riku Sayuj,[lit]
17,Nataša,[]
18,Cecily,[classics]
19,Dagny,"[french, 19th-century]"
20,Bob Arnold,"[ebooks, 19th-century-classics]"
21,CalypK,"[classics, fiction, drama, male-pov, historical-fiction, read-in-spa, 2015, female-pov, dramaqueens-at-home]"
22,Ebrahim Refaghat,[]
23,Suvi,"[novels, _1001-before-you-die, _france, 1800s, _to-reread, _david-bowies-favorites]"
24,أَحْمَد,[]
25,Titty ,"[classics, owned-books]"
26,Selena,"[literary-fiction, 2011]"
27,Amir ,[novel]
28,Casey,"[the-serious-lit, dear-ones, all-around-the-world, 1001-books]"
29,Nadine,"[read-in-2014, ebooks-2014]"
30,Carmo,"[frança, vi-o-fime]"
31,Francisco Cambim,[]
32,Luciana Vichino,[]
33,Zari,"[classic, novel, women]"
34,Camila Romero,[]
35,Bruno Lages,[]
36,Tudor Pop,[]
37,Ange,"[books-i-own, classic, 2016]"
38,Мартин Касабов,[classics]
39,Naksed,[french-lit]
40,Mona,[]
41,Pierre E. Loignon,[litterature]
42,Ritwik,[]
43,T4ncr3d1,"[francesi, classici, sfida-classici, sfida-100wl, sfida-100dorfles, sfida-1001]"
44,Parastoo,"[classics, french-novel]"
45,Fergie,[]
46,Caroline ,"[ho-hum, he-wrote-it, literary-fiction, so-much-potential]"
47,sologdin,[literary]
48,Melika Khoshnezhad,[]
49,Sharyl,[2012-reads]
50,Pablo,[]
51,"Jeanette  ""Astute Crabbist""",[did-not-work-for-me]
52,Shahda Mahouk,[أدب-عالمي]
53,Ana,[1001-books-you-must-read]
54,Thomas,"[literary-fiction, re-read]"
55,Wickedshizuku,"[reviewed, female-lead, life-lessons, 1001-books-to-read-before-i-die, why-do-i-do-this-to-myself, 2016, 3-stars]"
56,Laleh Ashgiyeh,[ادبیات-فرانسه-french]
57,Richard Derus,[]
58,orsodimondo (a zonzo),[francia]
59,Nelson Zagalo,"[literature, literary_canon]"
60,Olga Kowalska (WielkiBuk),[]
61,Kath,[]
62,Renato Magalhães Rocha,"[the-novel-100, 100-best-books-world-library, kindle-ebooks, 2014, reviewed, 1001]"
63,Carla,[]
64,Wayne,[french-classics]
65,Abby,"[fiction, french-lit, christ-church, re-read, francine-prose, best-novels]"
66,Reckoner,"[classics, Μυθιστόρημα]"
67,Isabel Bitterblau,[classics]
68,Rachid Aigledusud,[]
69,Γιώργος,"[19th-century, read-in-2016]"
70,Tatiana,"[2009, classics, 1001]"
71,Perry,"[amados-libros, libri-classici, my-fantasy-roster]"
72,Muhammad Arqum,[]
73,Adrienne,[]
74,Marc,[]
75,"Fatema Hassan , bahrain",[]
76,Joana,[read-2012]
77,Ahmad Sharabiani,"[classic, fiction, literature, 1001-book]"
78,Mark,[]
79,Rakhi Dalal,[favorites]
80,Entre Chás e Cafés ❀Renata CR❀,[abandonados]
81,Joseph,[]
82,Siddharth,[]
83,Madeline,[the-list]
84,reihaneh saremi,[]
85,Travelling Sunny,"[1305-read, nook]"
86,Catarina Oak,"[favorites, classics, cultural, romance]"
87,loobeensky,[]
88,Garma M,[favorites]
89,Carolina,[2013]
90,Íris Santos,"[kindle-or-ebook, 2014, european-lit]"
91,matt,"[fictions-of-the-big-it, top-shelf, worldly-lit, shattering]"
92,ياسمين خليفة,[]
93,Sookie,"[romance, 2015]"
94,Apatt,[classics]
95,Bruce,[]
96,mai ahmd,[روايات]
97,Shovelmonkey1,[le-french]
98,austin.mobi,[]
99,Dawn (& Ron),"[literary-fiction, classics]"
100,Imade (Bridge Four),[favorites]
101,Palsay  ,[]
102,Caroline Gurgel,"[classics, i-own-hardcover, 1001-books, french-literature]"
103,Lavinia Zamfir,"[19th-century, classics, historical-fiction, romance, french-literature, reviewed, also-seen-the-movie, owned]"
104,Justė,"[1001, 20-16]"
105,Lina AL Ojaili,[كتب-منوعة]
106,Somya,[]
107,Hada Pulgarín,[]
108,Sheri,[male-female-power-sex-attractivenes]
109,Vuck,[]
110,aljouharah altheeyb,[]
111,Chris Gager,[]
112,Lynn,"[book-group, kindle]"
113,hope mohammed,[]
114,Emma,"[vive-le-france, translated, ace]"
115,Mamdouh Abdullah,[]
116,Lazarus P Badpenny Esq,"[stories, europa, france, pre-twentieth-century, penguin-classics, 1001-before-i-die, 2009]"
117,Priti,[]
118,Jovana Vesper,[owned-books]
119,David,[read-in-2008]
120,Krista the Krazy Kataloguer,"[read-adult-fiction, read-classics]"
121,Marieke,"[fiction, europe, e-book, classics, kindle, 2012, proustiana]"
122,Veronica ,[]
123,Gebanuzo,[]
124,Kat Kennedy,[]
125,Samanta  ,[the-bowie-book-club]
126,Greg Z,[reviewed]
127,Cendri,[]
128,Chana,"[literature-fiction, classics, french, romance, adultery]"
129,Cecilia,[books-read-in-english]
130,Peperh,[scanner]
131,Evandro,[]
132,César Lasso,[]
133,Barry Pierce,"[19th-century, read-in-2014]"
134,Clare,"[fiction, 19th-century, france]"
135,Mis Lecturas,[libros-leídos-en-2016]
136,Rob,[college]
137,Allie Riley,[]
138,Mohammadreza,[]
139,Laurie –A Court of Books–,"[classics, to-read-before-dying, read-in-french]"
140,Kate,"[1001-books-to-read-before-you-die, classics, 2016, france]"
141,Steve,[fiction]
142,Foroogh,[]
143,Iona,[]
144,Sheila,"[favorites, classic, world-lib-100-best-books, reviewed, boxalls-1001]"
145,د. حمدان,[novels]
146,Lemar,"[classic-fiction, novel, french-lit]"
147,Bushra,"[روايات-مترجمة, رومانسية]"
148,Leo Robertson,[reviewtastic]
149,Dawn,"[classics, audiobook, locale-france, read-2015]"
150,راحله عباسی نژاد,"[در-كتابخانه-ي-شخصي-موجود-است, sociology]"
151,Lavinia,"[2004-and-older, fiction, 2011]"
152,ياسمين ثابت,[]
153,Sanaa Shaltout,[]
154,Kitty-Wu,[]
155,Jeremy,[french-literature]
156,Morgan,[]
157,G.G.,[19th-century-novels]
158,Krubha,[]
159,Simay Yildiz,"[girlpower, classics, canlabirsene]"
160,Andrei Tamaş,[]
161,Lynne King,"[classics, french-writers, own-book]"
162,Maria João,[]
163,Sonya,[]
164,Jibran,"[fiction, french, 100-works-of-world-lit]"
165,S.,"[currently-re-reading, 1001-list, read-in-2011]"
166,Carlos,[]
167,María Clara,"[2015, club-de-lectura, español, on-my-shelf]"
168,Chara_ MimL,[books-i-love]
169,Tamsien West (Babbling Books),[classics]
170,Lily,[favorites]
171,[P],[bitchin]
172,Rita,"[meus, clássicos]"
173,AbeerK19,[]
174,Darwin8u,"[2013, 1001-ante-mortem]"
175,Huda Yahya,"[novels_novellas, sexuality]"
176,Arya,[]
177,Lord Beardsley,"[117bookstoread, read2013]"
178,sara,[]
179,aya,[the-best]
180,K.D. Absolutely,"[classics, 1001-core, 501, french, tragicomic, pre-1900]"
181,Kara,"[loved-the-most, favorite-authors]"
182,Amy,"[classics, classic-lit]"
183,Skyler Myers,"[classics, drama, fiction, french-literature]"
184,Jo,"[books-for-eng-499, classics, kindle, hard-copy-owned]"
185,ممدوح رزق,[]
186,shuurei,[]
187,Sandra,"[favorites, francia]"
188,Paula ★Ackerman Jaeger★,[]
189,Petar X,"[fiction, reviewed]"
190,Lauren Fidler,"[books-i-can-read-in-under-3-hours, bad-ass-protagonist-names, makes-me-wish-i-had-a-map, authority-problems, religious-overtones, pedantic, dysfunctional-family-drama, older-lady-gettin-some, what-a-bunch-of-assholes, protag-is-total-slut, reread, not-good-for-mothers-of-daughters, bad-mothers, mommy-dearest, heavyhanded, subtle-like-a-rock, farm-livin-is-the-life-for-me, creepy-sex, manure-i-hardly-know-her, i-love-you-dont-touch-me, rereading]"
191,Arwen56,"[romanzi, favorites, lett-francese, francia]"
192,Ahmed,[]
193,Ben,[french-lit]
194,Hassan Rezaei,[]
195,Nicole,"[dispo-bu-droit-lettres, re-reads, obligatory-french-shelf, banned]"
196,[Name Redacted],"[classics, society, real-world, romance]"
197,Carmen8094,[romanzi-e-saggi]
198,Afshar,[]
199,Raha,"[favorites, 20-25]"
200,Trevor,[literature]
201,Joselito Honestly and Brilliantly,[]
202,Mohammad Mahdi Fallah,[]
203,Brian Gatz,[]
204,Jimmy,"[france, novel, male, year-1850s]"
205,Yann,"[xixème, france, sexisme, fiction]"
206,Helen (Helena/Nell),[]
207,Chelsea,"[for-class, in-french]"
208,Alan,[books-read-in-original-language]
209,Luciano Losiggio,[]
210,DeLaina,[read-in-college]
211,Hugo Emanuel,[owned]
212,Rebecca,[classics]
213,Kheyzaran,[]
214,Nayra.Hassan,[]
215,Vasileios,"[read-in-greek, classics, favorites, modern-postmodern-course]"
216,Agapi Apost,[classics]
217,Chin Hwa,[classics]
218,Twig,[favourites]
219,Sarah English,[]
220,Shannon,[]
221,Jesse,[]
222,Malbadeen,[what-everyone-else-was-assigned]
223,Maryam Hosseini,[]
224,Ghita Benabbou,[read-in-2015]
225,Suzanne Moore,"[romance, 1001-2006, 1001-2008, previously-nominated]"
226,Eman Alshareef,"[borrowed, movies, fiction]"
227,Sara,"[classics, 2016]"
228,Emily May,"[classics, 2012]"
229,Christina,"[fiction, 1001-books-2006-edition, 1001-books-2008-edition, 1001-books-2010-edition, 1001-books-combined-edition, 2011, christmas-classics]"
230,Gautam,"[favorites, french-literature, super-prose, to-re-read]"
231,Andreea Obreja,"[owned, french-literature, read-in-romanian, novel]"
232,Parthiban Sekar,"[favorites, read-again, translated-texts, frenchlit]"
233,David Sarkies,[tragedy]
234,Loederkoningin,"[classics, lingers-in-the-mind, a-tragedy-unfolding, haunted-heroines, about-obsession, bittersweet-self-destruction, life-s-longings, lit]"
235,Courtney,"[own, classics]"
236,Licinius,"[favorites, 19th-century]"
237,Danial,[]
238,Stela,"[realism-naturalism, reviews, re-read, gdl]"
239,Stephen McQuiggan,[]
240,Weinz,[favorites]
241,Laura,"[really-depressing, so-bleak, mediocre, classics, fiction, french-literaure, realism, bleh, i-don-t-like-madame-bovary, i-don-t-like-gustave-flaubert]"
242,Jason Pettus,[]
243,Alessia Claire,[]
244,Emilian Kasemi,[]
245,Núria,"[mios, 2006, 5-favoritos, read-more-than-once, literatura-en-frances, decimononicos, para-la-isla-desierta]"
246,Alicia,"[books-i-own, university]"
247,El alquimista del tedio .,[]
248, Lina Al-tatar,[]
249,Gala,"[reseñados, clásicos, libros-2016, siglo-ixx]"
250,Maximiliano Sales,[]
251,Liz,"[classics, hate-the-heroine]"
252,James,"[u-of-chicago, french-lit]"
253,Lau,"[bueno-y-o-entretenido, lit-exp-2015-easy, read-in-2015]"
254,Eric Leonard,[]
255,Mayra,[what-a-letdown]
256,RandomAnthony,[]
257,Marcus,[]
258,AC,"[audible, novels-french]"
259,Inderjit Sanghera,[favorites]
260,Alex,"[2011, reading-through-history, perfect-novels, top-100, rth-lifetime, too-many-books]"
261,Bastet,"[french-literature, re-reading, classics]"
262,M,[]
263,Callie,[]
264,Nikolay Nikiforov,[]
265,Martine,"[psychological-drama, film, continental-european, nineteenth-century]"
266,Elizabeth (Alaska),"[classics, 1001-books, author-flaubert]"
267,Fabian,[favorites]
268,Nesli,[in-my-library]
269,Cass,"[100-must-read-books, books-i-own, recommended-by-friends, books-i-own-ebook, 2013]"
270,Masumeh,[half-read]
271,Kelly,"[fiction, the-continent, romantical, 19th-century, tres-francais, examined-lives, woundedsoulsandfragileflowers, grand-opera]"
272,Lisa,"[1001-books-read, c19th, france]"
273,Henry Avila,[]
274,Cassandra Kay Silva,[classics]
275,Pradnya K.,"[classic, 2016, french-literature]"
276,Ágata,[]
277,Dot,[fiction]
278,Janet,[]
279,Invisible Girl,[]
280,Ali,[]
281,Garima,"[favorites, no-kidding, my-2-cents, prude-me-not]"
282,An upbeat reader,[]
283,Amanda Lila,[]
284,Bayan Al-Halabi,[]
285,Manny,"[strongly-recommended, too-sexy-for-maiden-aunts]"
286,Alireza,"[literature, novel]"
287,Ian Vinogradus,"[frogs, reviews, reviews-5-stars, read-2014, flaubert]"
288,Sean,"[read-in-2012, 19th-century]"
289,Mel,"[owned, 2-stars, classics, read-in-2015, for-school, book-challenge-2015]"
290,Mahima,[]
291,terrycojones,[]
292,Tempo de Ler,[]
293,sweet jane,[]
294,Lindz,"[19th-century, favorites, love-the-good-and-the-bad, european-holiday, its-the-writing, translation]"
