,user,tags
0,Katie Muffett,[]
1,Corbin,[]
2,Jim,[penny-bet-books]
3,Marshall Smiland,[]
4,mwr,"[mythos, 30-31, national-epic, hindu, 1973]"
5,everyone loves a  wee sombrero,[]
6,Dan,[]
7,Matt Hahn,[]
8,John Fredrickson,[spiritual]
9,Krittika Mittal,[]
10,Susannewilliamson,[]
11,Tara,[]
12,Ridhika Khanna,[crappy-reads]
13,Erwin,[]
14,Ron Khare,[]
15,Elaine,"[classics, non-fiction]"
16,Ritesh,[]
17,Swatisingh,[]
18,Aditya Vamsi,[]
19,Vidya Devaiah,[]
20,Tat,[]
21,Danita,[]
22,Nadira,[]
23,Kathryn,"[great-books, on-my-nook]"
24,Paul,[]
25,George,[]
26,Abhishek Jain,[]
27,Gray,[]
28,Dewi,[]
29,Jayadevi,[]
30,zinzi,[]
31,Chris Bowles,[]
32,Nishant Sharma,[favorites]
33,Vijay Ramdu,[]
34,Nivas,[hinduism]
35,ExistenGuy,[]
36,E.ku,[]
37,Sbutler,[]
38,Millie Huang,[]
39,Dandy Arifiyanto,[]
40,Lynden Rodriguez,"[asian-culture, sacred-texts, religion]"
41,Aarthi,[]
42,Arup,[]
43,Susan,"[classics, poetry, mythology, favorites]"
44,Sam Fife,[]
45,Carrie Cooper,[]
46,Priyanka yadav,[]
47,Anitha Vijayakumar,[]
48,Shanti,[]
49,Amanda,[]
50,Alyssa,[]
51,Tylla Subijantoro,[]
52,Ajey Grandhem,[]
53,Jennifer,[]
54,Aimee,[]
55,Chazlida,[]
56,imladris,[]
57,Katherine Williford,[]
58,Anoop Chatterjee,[]
59,Vikram Karki,[]
60,Dmg Vault,[]
61,Robert,[]
62,Matt Willmott,[]
63,Besartirto,[]
64,Nico,[]
65,Vel,[]
66,Mousumi Bhattacharya,[mythology]
67,joshuA,[]
68,Sharmilla Ganesan,[]
69,Rizky,[literatur-sastra]
70,June,[]
71,Ehaab,[]
72,Priya,[]
73,Ben,[]
74,Ss,[]
75,Tandava Brahmachari,[spiritual-fiction]
76,Brad,[]
77,Joshua Finnell,[]
78,Jennifer James,[]
79,bungabungakecil,[]
80,Darian,[]
81,Ragini,[]
82,Handayani Handayani,[]
83,Meghana,[]
84,Diyanah,[]
85,Rick K. ,[]
86,Neema,[]
87,Alan Cordova,[]
88,Nicole,[]
89,Prash,[]
90,Sharon,[]
91,Sreekala Madhavan,[]
92,Kathleen,[]
93,Sara,[]
94,Brian,[]
95,Nora,[]
96,Damon,[]
97,Justin Evans,"[fiction, poetry-and-drama]"
98,Liz,[]
99,Marghet,[]
100,Rohan Bagde,[]
101,Versha,"[indian-authors, own-it, read-in-2014]"
102,Molly,[]
103,Alyse,[]
104,Raakhee Venugopal,[]
105,Tejus,[]
106,Birch,[]
107,Aarti,[]
108,Aalap Patel,[]
109,A,[]
110,Nathan,[]
111,Kaushik Mitra,[]
112,Joel,[]
113,Claire S,[]
114,Thu Nguyen,[college-made-me]
115,Lisa,[]
116,Hema Kushi,[]
117,Paul Reeder,[spirituality]
118,Lise,"[religion, folklore, philosophy, myths]"
119,Jyothsna Yasarapu,[re-read]
120,Aamil Syed,[]
121,Eric,[]
122,Ted Milne,[]
123,Sean,[]
124,Sriram,[]
125,Evan Dower,[]
126,Prachi Mishra,[]
127,Kris,[]
128,Nikki,[]
129,Stacy,[]
130,Jahnvi,[]
131,Aníbal Rivera Dávila,[favorites]
132,Ashish Jaituni,[]
133,Kedar K,[]
134,Amar Viswanathan,[]
135,bubblesm,[]
136,Jennie,[]
137,Abhinav Agarwal,[]
138,Brooke,[]
139,Aravind,[]
140,Grace,[]
141,Mugdha,[]
142,Pradeep,[]
143,Samiksha,[]
144,Miranda,[]
145,Michael,[]
146,Adam,[]
147,Sumona Roy,[]
148,Rad,[]
149,Sam,[]
150,Shachit Iyer,[]
151,Ram,[]
152,Divya,[]
153,Ravi,[mahabharata]
154,Gary,[]
155,Maribeth,[]
156,Komal Sharma,[]
157,Pankaj Ghanshani,[]
158,Ugie,[]
159,Christie Afriani,[]
160,Anubhav,[mythology]
161,Azaz Ahmed,[]
162,Animesh Kar,[]
163,Ankit,[]
164,Henny,[]
165,Caroline,[]
166,Jayakrishna Kothapalli,[spiritual]
167,Jeremiah Genest,[]
168,Elizabeth,[]
169,Yomi,[]
170,Deepak,[]
171,Ann Michael,[]
172,Frances Wilson,[]
173,Joe,[]
174,Richie Surana,[]
175,Brinda,[]
176,Ashutosh,[]
177,Valerie,[]
178,lizzie,[]
179,Noni,[]
180,Tanaya,[]
181,Cerena,[]
182,Artemis Girl,[]
183,Anmol,[]
184,Hemant,[]
185,Anita,[]
186,Agnes,[]
187,keong nakal,[]
188,Ed,[]
189,Sammi,[books-for-school]
190,Rachelle,[]
191,Writtenwyrdd,[]
192,Vijeta,[2013]
193,Nina Chatterjee,[]
194,Jennie Noeline,[]
195,Mansi,[]
196,Kwende,[]
197,412,[]
198,Dorothea,[]
199,Lakshmi Jagdeesh,[]
200,virgodura,"[novel-novella, 2014, indian-lit, desi-lit]"
201,Ethan,[]
202,Ruchika,[]
203,Amy,[]
204,Anne-louise,[]
205,Meghan,[]
206,Diva,[]
207,Larry,[]
208,Killthepopular,[novels]
209,Balaji Natrajan,[]
210,Suresh,[]
211,Fitria,[]
212,Anthea Carson,[]
213,Erin Mullins,[]
214,Pravin Gandhi,[]
215,Raghav Bansal,[]
216,Rebecca,[]
217,Harsha,[]
218,kaelan,[religion-mythology]
219,Peter,[]
220,Vu K,[vietnamese-version]
221,Siska,[classic]
222,Ronjoy Brahma,[]
223,Ayushi,[]
224,Ika Widiasri,[]
225,Tori,[]
226,Shelly,[]
227,Mona Desai,[]
228,Julia,[]
229,Ashwini Kumar,[]
230,Sya,[]
231,Sonden,[]
232,bronto sproximo,[]
233,Shahenshah,[]
234,Laalithya,[]
235,Winterwade,[]
236,Nuniek,[]
237,Kim,[]
238,Devina Nathania,[fiction]
239,Kumar Sanu,[]
240,Nur Iman,[]
241,Kathie,[]
242,Fransisca Adelina,[]
243,Esron Lumban Gaol,[]
244,Weni,[]
245,Ashishg,[]
246,Vanadiumo,[]
247,M,[]
248,Nagarjun  Kandukuru,[]
249,Raja Ghosh,[]
250,Bharat Anand,[]
251,Gregory,[]
252,Brian Frank,[]
253,Christopher Strohm,[]
254,Johny,[]
255,JPM,[]
256,Amit Herlekar,[]
257,Mohit Misra,[]
258,Seruni dinitri,[]
259,Colin Williams,[]
260,Vidya Murugan,[]
261,Pak  Ly,[]
262,Chitra Ramaswamy,[]
263,Haritha B,[2014]
264,Dhieta,[]
265,Matt,[]
266,Deborah Schuff,"[fiction, religion-spirituality]"
267,Tifany,[]
268,Jasmyne Emmerick,[]
269,Nita,[]
270,Mia Joelanie,[]
271,Allene,[]
272,Raingirl,[]
273,yael,[]
274,Anna,[]
275,Kathy,"[my-favorites, mythology-folklore-fairy-tales]"
276,Melyssa,[]
277,Miela,[]
278,Akshata,[]
279,James Geluso,[]
280,Eka Wuryanta,[]
281,Mira Mizania,[]
282,Michelle,[]
283,Kotesh,[]
284,Ghazaal,[]
285,Omprakash,[]
286,Richa Kapoor,[]
287,Ahmad,[]
288,Raviteja Andhavarapu,[]
289,Matthew Buell,[]
290,Amit,[]
291,Cristi,[]
292,Roniq,[]
293, Δx Δp ≥ ½ ħ ,[]
294,Welldan Bramantya,[]
295,Leslie T,[]
296,Rashmi,[]
297,Esha Vellu,[]
298,Fadillah,"[favorites, asia, religion]"
299,Slaven Vulic,[]
300,Uma,[]
301,Madeline,[]
302,John,[]
303,Rudra Kapalin,[]
304,Devin,[]
305,Valmor,[]
306,Nipun,[]
307,Terry,[]
308,Shanmukha,[]
309,Richie,[]
310,Justinlohr,[]
311,Doria,[]
312,Dinny ibadillah,[]
313,Nicholas Whyte,[]
314,rima,[]
315,Kyle Thompson,[]
316,Manoj Chandrashekar,[]
317,Sheokhanda,"[favorites, mythology]"
318,Sridevi,[]
319,Sreedevi,[]
320,Jason,[]
321,Hari,[]
322,Mahek Shah,[]
323,Tráese ,[]
324,Steve,[]
325,Karen,[]
326,Abhilash Nandamuri,[]
327,Todd,[]
328,Surya Teja,[]
329,Aathavan,[]
330,Ensiform,"[fiction, mythology, india]"
331,Tyas,[]
332,Jeremy,[]
333,Nisha,"[my-personal-collection, history]"
334,Welwyn Katz,[]
335,Lily,[]
336,Gaurav,[]
337,Kerry,[read-for-teaching]
338,Relax,[]
339,Sabio,[religion]
340,Melanie,[]
341,Beth,[]
342,Georgia,[]
343,Donald Harvill,[]
344,Veronica,[]
345,Josh,[]
346,Iridescent Speculist,[books-read-by-pops]
347,N,[]
348,Sharan Srinivasan,[]
349,Donna,[]
350,Stuart,[]
351,Dorjan,[]
352,Neil,[]
353,Vicky,[]
354,GeekChick,[spiritual]
355,Rachel,[]
356,Crys,[]
357,Hashin Jithu,[]
358,Arunan,[]
359,Dr.J.G.,[]
360,Rafi,[]
361,Sudarsan,[]
362,Tom Doyle,[]
363,Danielle,[]
364,Ira,[]
365,Becky,[]
366,Rachel Lash,[]
367,Christopher Bennett,[spirituality]
368,Sahil Sood,[]
369,Akshay Seth,[]
370,James,[]
371,Ivan Granger,[hindu-yoga]
372,Amrita,[]
373,Sasha1,[]
374,Kunjan,[]
375,Grey,[]
376,Tom Harvey,[]
377,Ademption,[]
378,Nancy,[]
379,Conessha,[]
380,Preetham,[]
381,Ajay Viswanathan,[]
382,Mellissa Rizky,[]
383,Julie,"[2010, favorites]"
384,Gavin,[]
385,Mia McInnis,[]
386,Lula,[]
387,Sowmya,[]
388,Josie Daleiden,[]
389,Sarah,[]
390,Kristjan,[]
391,Mochammad Yusni,[]
392,Irthayag,[]
393,Tita inawati,[]
394,River King,[]
395,Nzingha Stewart,[]
396,Mustika Amalia,[]
397,Ganadeep Gana,[]
398,Sujani Jagadeesh,[]
399,Steve Love,[100-best-books-in-the-history-of-li]
400,Vivek,[]
401,Julia_boechat,[]
402,Ariel,[]
403,Christopher,[]
404,Anirudh,[]
405,Alekhya,[]
406,Hermes,[]
407,Gogor Seta Dewa,[]
408,D,[]
409,Mega,[]
410,Satynan,[]
411,Phillip,[history-of-india]
412,Sunaina,[]
413,Dipta,[]
414,Ipshita Ranjana,[]
415,Ramya,[favorites]
416,Harshwardhan Satbhai,[]
417,Andrezza,[]
418,Nuning Soedibjo,[]
419,Bhavesh Mehta,[]
420,Warren,"[classics, penguins]"
421,Scott Stirling,[]
422,Mark,[]
423,Hari O'Connell,[]
424,Harish Challapalli,"[all-time-favs, indian-authors, mythology, religious, philosophy, favorite-authors, saw-this-movie, read-more-than-once, inspirational, epics]"
425,Alex,[]
426,Shirvan,[]
427,J.f. Dargon,[]
428,Carmen Luiza,[]
429,Dave,[]
430,Pradeep G ,[]
431,Varunsesh,[]
432,Chris,[]
433,Itay,[]
434,Keith,[]
435,Ravi M S,[]
436,Raunak Ramakrishnan,[]
437,Sankalp,[]
438,David,[]
439,Bob,[owned]
440,Arjun Pradhan,[]
441,Abhipreet Misra,[]
442,Satvik,"[spirituality, epics]"
443,H.R. Hegnauer,[]
444,Jess Grayson,"[books-i-own, degree-books]"
445,Leigh,[fairytales]
446,Allison,[]
447,Sneh Pradhan,[]
448,Autumn,[]
449,Molina,[]
450,Vshman,[]
451,Nadia Carriere,[]
452,Sommer,[]
453,N Mursidi,[]
454,Neha Oberoi,[]
455,Umesh Kattel,[]
456,Koushik,[]
457,Juan,[]
458,Camellia,[]
459,Piyush Behera,[]
460,Afina,[]
461,Aaron,[]
462,Urmila Chauhan,[]
463,Gopal,[]
464,Martha,[]
465,Ami,[]
466,Nuhwandah,[]
467,Norman,[]
468,Suzy,[]
469,Raghu Chilukuri,[]
470,Niratisaya Niratisaya,[myth]
471,Megan,[]
472,Amey,[]
473,Lakshmana Swamy,[]
474,Warsha,[]
475,Pujiyanto stiffy,[]
476,NS,[indian-bestsellers]
477,Ruthie,[]
478,Nanny SA,[novel]
479,Akash,[]
480,Saralyn,[]
481,Cynthia Kosasih,[]
482,J,[]
483,Vaishali,[]
484,Dan Beliveau,"[religion, put-aside-for-now]"
485,Endah setiolaksono,[]
486,Jijo Varghese,[]
487,Richard Kramer,[]
488,Jaydeep,[]
489,Diana,[]
490,Ted,[]
491,Prashant Vallury,[]
492,Eddie,[]
493,Archana,[]
494,علی,[epic]
495,Nanditha,[favorites]
496,Ursula Hartlein,[]
497,aditya,[]
498,Hector,[]
499,Edward,[]
500,Melissa,[]
501,Christy Williams,[]
502,Linda,[]
503,Shin Bernard,[]
504,Vinita,[]
505,Nate,[]
506,Ankur,[]
507,Robert Sheppard,"[spiritus-mundi, world-literature-forum, spiritus-mundi-novel-by-robert-shep, genres-in-world-literature, robert-sheppard, world-literature, world-literature-classics, archetypes-in-world-literature, myth, book-reviews-by-robert-sheppard, history-of-world-literature, archetype, classics-of-world-literature, mahabharata, indian-literature, sanskrit-literature, classics-of-indian-literature, hindu-literature]"
508,Anubhuti Sharma,[]
509,Shala,[]
510,Asheesh,[]
511,Nick Senger,[]
512,Lalitha,[]
513,Maria,"[adulthood, in-2012]"
514,Adithya Vs,"[history, culture]"
515,Steve Morrison,[]
516,Navin Wadhwani,[]
517,Mjm,[]
518,April,[]
519,jeremy,[]
520,Omar Belakal,[]
521,Sachin,[]
522,Dharwiyanti,[]
523,Lingaraj Sahoo,[]
524,Ak,[]
525,Emily,[]
