,user,tags
0,Mads,"[2007, school]"
1,Hawkgrrrl,[]
2,Val,"[history, legends, fiction, the-greeks-et-al]"
3,Paquita Maria Sanchez,"[plays-n-poems, literature]"
4,Leah,[]
5,Jim,[]
6,Rob Roy,"[action-adventure, ancient-lit, play]"
7,Jessica C,[]
8,Leo,[]
9,John Fernandez,[]
10,BiqqdaddiiexD,[]
11,Keshia,[]
12,Sakina (aforestofbooks),[2016]
13,Nynke,[]
14,Yair,[]
15,Elle,[]
16,Alexandre,[]
17,Claus Maack,"[classics, books-in-danish, library-books, plays-poetry]"
18,Trent Bushle,[]
19,Alma Segura,[]
20,Nicole Griffen,[]
21,Anna Konovalova,[]
22,Cin,[]
23,Katee Knittle,"[e-books, on-my-kindle]"
24,Nicolas Fernandez,[]
25,Rand,"[say-tire, drama]"
26,Breianne Ehigie,[]
27,Carly,[]
28,Kelly H. (Maybedog),"[what-classic, what-historical-setting, how-play]"
29,Kathryn,[]
30,Despina,"[ancient-greek, theater, 2012]"
31,Sahar,[]
32,Zara Shepherd,"[college, classics]"
33,Tan,"[poetry, total-drama-island]"
34,ken,[]
35,Yuridiana,"[books-i-own, classics, mythology]"
36,Darren,[read-plays]
37,Bailey,[]
38,Rick,[]
39,Daniel Tahmazyan,[]
40,Jane,[]
41,Jana,[]
42,Gabrielle Carolina Nash,[]
43,Jessica,[]
44,J. Alfred,[]
45,Christian R,[]
46,Kristin,[]
47,Halli Lauren,[]
48,Sally,"[the-classics, books-read-in-school, books-read-in-2014]"
49,Reem,[]
50,Pedro T,[]
51,Susan,[]
52,Charlie,"[my-actual-bookshelf, theatre]"
53,Elvin.e,[]
54,Mohammed,"[classics, plays, favorite-books, library-books]"
55,Corey Scott,[]
56,Siri Wohrne,[]
57,Rachel Parker,[2015]
58,Alyssa,[]
59,Cole,[]
60,Cynthia Caraballo,[]
61,Clara,[]
62,Jennifer,[2007-reads]
63,Nicole Cordier,[]
64,Parisa,[]
65,Aaren Myriax,[]
66,Dexter,[]
67,HeavyReader,"[plays, read-for-school]"
68,Kaethe,"[theater, format-script]"
69,Jony,[]
70,Valentina ,[classic-lit]
71,Nenad Nesic,[]
72,Adela63,[theatre]
73,Zainab Mirah,[]
74,janine,[plays]
75,Lacey,[]
76,Hebatt Allah,[]
77,Katsumi,[classics]
78,fee,"[physical-copies, 2015-challenge, university-books]"
79,Shacoria,[]
80,Kit,[to-read-classics]
81,Joaquín Jiménez,[]
82,Vivi Vocat,[classics]
83,Clif Hostetler,[play]
84,Maria Calderin,[]
85,Priya,"[favourites, got-me-emotional, deep-thinking, action-superb, dark, classic, historical, play]"
86,Sean Lockley,[]
87,Johanna,[]
88,Johanne,[]
89,Christina,[]
90,Maggie Bischoff,[]
91,Asenath,[]
92,Daphnew,[]
93,Phoebes,[]
94,Veronica Garcia,[]
95,Catalina Garcia,[]
96,Samantha Blanco,[]
97,Maitte,[]
98,Kaitlin Mcfarland,[]
99,Marc Kohlman,[]
100,Ganya Ivolgin,[]
101,Erica Diaz,[]
102,Nicole,[]
103,Angela Strotz,[]
104,Cate,[]
105,Catie,"[theater, classics, gender]"
106,Deb Oestreicher,[]
107,Virag,[]
108,Sara,[]
109,Meshay Defreece,[]
110,Cymru Roberts,[greek-drama]
111,Liz,[]
112,Erin,[read-for-school]
113,Edkrak,[]
114,Ivan Bedolla,[]
115,Ronja,"[for-uni, read-in-swedish, 2015]"
116,D-asiab,[]
117,Jordan,[3rd-year-revenge]
118,Kat,"[favorites, plays, read-in-high-school-class, read-in-college-class]"
119,Mike Jensen,[]
120,Lady Betsy,[favorites]
121,max,"[greek, textbooks, drama]"
122,Stirling,[]
123,Brittany,[]
124,Will,[]
125,Antonella Lestrange,[]
126,Kelly,[]
127,Carolina Dallos,[]
128,Alexia,[]
129,Sophia,[]
130,Caio Leonardo,[theatre]
131,Ali,"[oldies-but-goodies, 5-stars, classics, books-read-in-class]"
132,Eman Dahma,[]
133,Amy G,[]
134,pax,"[classics, favs-and-recs, plays, mythology-and-religion, gender, lit-ancient-greece-rome, seen-on-stage, 2013, boston-sent-home]"
135,Denis,[]
136,Yana Tretyakova,[ancient-literature]
137,Kris,[classics]
138,Nicki,[]
139,Rachel Friars,[]
140,Serina,"[classics, college]"
141,Xinyi Wang,[]
142,Shay Hopper,[wedes-shelf]
143,Geovannie,[]
144,Cecilia,"[classics, reviewed-books, plays, important-issue-or-message, 4-stars, badass]"
145,Stefan,"[classic, mythology]"
146,Salma Deera,"[i-loved-it, favorites, books-i-own, heartbreaking]"
147,Rashika (is tired),"[classics, read-2015, plays]"
148,Τζο,[]
149,Ansi Sev,[]
150,Arturo Reyna,[]
151,Matilda,"[read-in-2016, read-for-school-uni]"
152,Mark Heyne,[classic]
153,Kalliope,"[classical, greece, drama]"
154,Ashley,[]
155,ShakespeareandBlueRoses,[]
156,Rozele,[]
157,Michael,"[horror_classics, dramas]"
158,Dyan,"[0-linguistics-and-literature, classics, fantasy, plays]"
159,Pasquale,[]
160,Evelyn Achilles,[]
161,Manal,[]
162,Nicky Wheeler-Nicholson,[the-classics]
163,Brandon A.,[]
164,Nostalgia Reader,"[for-aa, lit-inspiring-lit, trubels-tbr, textbook-silver-fish]"
165,Eli,[]
166,India,[]
167,Gillian Cooper,[]
168,Lacy,[]
169,Kate,[classic]
170,Big Brother,"[europe, bestest, questioning-norms, plays, list-world-library]"
171,Emily Cheng,[assigned-books-to-read-i-e-school]
172,Isadora Moraes,[]
173,Wade Watts,[]
174,Valeska,[need-to-read-for-school]
175,Vivian Valvano,[]
176,Fanny,[]
177,Alp Turgut,"[greek-literature, euripides, plays]"
178,Carolina,[]
179,Gustav,[]
180,Madiha Basra,[]
181,Elizabeth,[winter-2014]
182,Spencer Miller,[]
183,Toniya Mckniqht,[]
184,William,[]
185,Nelly,[]
186,Emmy314,[school]
187,Joe,"[world_0000_ancient, theatre, Ελλάδα, library, owned, needs_bookmark]"
188,Maureen,[]
189,Annelies,"[foreign-translated, play]"
190,Peter McCambridge,[to-read-théâtre]
191,Brianna Marie,[]
192,Michael Figueroa,[]
193,Brad Miyagawa,[]
194,Thetravelingpanda,[greek-latin]
195,Renae,[]
196,Reality Figueroa,[]
197,Javielis Pagan,[]
198,Ariadna73,[great-world-literature]
199,Kayla Foley,[]
200,Anna Syromenos,[]
201,Nayeli Martinez rojas,[]
202,Reta Anna Maria,[for-school]
203,luhvBOOKS,[]
204,Eric,[]
205,Joao Vaz,[]
206,Jamie,[]
207,Yulenka,[]
208,Manny Santiago,[]
209,Mustapha Nyallay,[]
210,صان,[]
211,Jonathan R,[]
212,Silvio Curtis,[]
213,Mattia Capuano,[]
214,Sarma,[]
215,Brittany Nicole,[]
216,Yuki Shimmyo,"[mythology, plays, 2010, top100-world-lit]"
217,Raul,[]
218,Michael Morrison,[favorites]
219,Kristen,[2016]
220,Jessica Bang,[]
221,Murun,[]
222,Sylwia,[]
223,Paola,[]
224,AGamarra,[favorites]
225,Natasha,"[big-girls-do-cry-whilst-reading, tangible-copy, this-is-the-mythology-tag, i-read-plays, i-read-this-in-a-bookstore]"
226,Brittney Hunter,[]
227,Rolanda Frank,[]
228,Rebecca,[]
229,mahad,"[plays, greek-literature]"
230,Lauren Mcclusick,[school]
231,Adele,[]
232,Rianabay,[]
233,Elise,[]
234,Maria (thepagesofink),[read-in-2016]
235,Jodi,[]
236,Angela,[read-2015]
237,Ferris,[]
238,Timothi Ellim,[]
239,Selina,[play-scripts]
240,Hannah,[pmc-junior-year]
241,Vir L Humphrey,[abril-2015]
242,Kurt Douglass,[]
243,Hala,[]
244,Joffrey,[for-university]
245,**Iliana**  S,[]
246,Leslie,"[classics, plays, greek]"
247,Lynn,[]
248,Mindy,[]
249,Munsef Mansurey,[]
250,Simón,[]
251,Randy Florian,[]
252,Joseph Varona,[]
253,Giuseppe,[]
254,Abraham,"[greco-roman, plays]"
255,Patrick Copeland,[]
256,Teodora,[]
257,Vnaklicki,[]
258,Chloé,[]
259,Sofia,[]
260,Kassandra G,[october-30-2009]
261,Lucille,"[classics, battles-wars-and-killers, plays]"
262,Black Elephants,[theatre-plays]
263,chiara and ric,[both-read]
264,Ian,[]
265,Buddy,"[read-for-school, actually-pretty-good, crying-fest]"
266,Bushra Zireeni,[]
267,Kalina,[]
268,Samantha V,[]
269,Anna,"[adultery, betrayal, classic, drama, gender-roles, greek, murder, mythology, play, revenge, tragedy, translation]"
270,Tess,[libs-678]
271,Jacksonc,[]
272,Vanessa,"[plays, library-loaned, classics]"
273,Gemma,[]
274,Jp,[]
275,betsy,[]
276,Dayshon Rivera,[]
277,Ռոզա Վարդանյան,[]
278,Mimi,[reading-odyssey]
279,Andrew Lund,[]
280,monica,[]
281,Arwa,[drama]
282,Tyler Gross,[]
283,Adriana,[favorites]
284,Benjamin,[classics]
285,Desmond F.,[]
286,Ryan Gibson,[]
287,Nuri,[]
288,Riccardo,[]
289,Martha,[]
290,Thieluar,[]
291,Tyler,[]
292,Esra,[]
293,Guille,[]
294,George Krzewski,[]
295,Sepideh Tafazzoli,[]
296,Terri Jacobson,"[classics, plays]"
297,Joan Wedes,[lit-class-reading]
298,sean,[]
299,Sydney,"[classics, read-for-school, plays]"
300,Kaylene,[]
301,Joseph O,[]
302,Juli,"[top10, fiction]"
303,Lauren Fidler,"[convoluted-love-triangle, books-i-can-read-in-under-3-hours, abusive-relationships, english-translation, authority-problems, dysfunctional-family-drama, hubris]"
304,Katie Ciardullo,[]
305,Boreal Elizabeth,[]
306,Sean Chick,[]
307,➵Nerd♡,[b4-college]
308,J.M.,"[drama, greek, pessimism, borrowed]"
309,Vlasta,[]
310,Steven Shinder,[]
311,Charity Murigi,[]
312,Dusty,"[read-in-2009, graduate-school]"
313,Kirsten Elston,[]
314,Zari,"[classic, literature, play, myth]"
315,Chelle Stewart,[]
316,Nicholas Whyte,[]
317,Derrick,[reading-list-2015]
318,Ruju,[]
319,Mahdi Bigdeli,[]
320,Bronte,[]
321,Pyeong Kang,[]
322,Jason,[t100-female-leads-20k]
323,Maan Kawas,[]
324,Laura,[]
325,Maria Birri,[]
326,Carlos Ravenblood,[tbr-marzo-2016]
327,Lorena Francisca,[]
328,Kerrif,[0400-bc]
329,Whit,[]
330,Cassie,[]
331,Andrea Lopez,[lit-class]
332,Thomas Langmans,[]
333,Linnea Gelland,[]
334,Jessie,"[classics, plays]"
335,Collin,"[classics, drama]"
336,Shivam Chaturvedi,"[classics, plays-poetry, ancient-books]"
337,Hikari Taiga,[]
338,Johnnelle Walker,[]
339,Michel Poiccard,[]
340,Frida,[swedish]
341,Lily,"[classics, 2009, myths-and-fairytales]"
342,Christian.m,[]
343,Matthew Dambro,[]
344,Jud,[]
345,Javier ,[]
346,Carolina Morales,[]
347,Ronie Washington-mercado,[]
348,Caitlin,[school-reads]
349,Melanie,[]
350,Victoria Dean,[]
351,Aleksa,[]
352,Susannah Perkins,"[high-school-reading, drama]"
353,Kirsten Princess Sparkle Monster Truck,[]
354,Queenie,[]
355,Dedrick Moore,[]
356,Cristina - Athenae Noctua,[]
357,Ginnie Grant,[]
358,Yani,"[teatro, universidad]"
359,Ana,[]
360,isabelle,[]
361,Rachel,[]
362,Derek Folder,[]
363,Siobhan,[]
364,Ying,[]
365,Joanna Ptak,[]
366,Allie,[]
367,Ignacio,[]
368,Thym38,[]
369,Cat  Holmes,[stuff-i-read-in-school]
370,Edwin,[]
371,Ellie,[classics]
372,David Sarkies,[tragedy]
373,Courtney,[]
374,Draven,[]
375,Steve,"[fiction, plays, guardian-top-100-books-2002, norwegian-bc-top-100-world-lit]"
376,Laycee A,[]
377,Lela,"[english-class, my-library, 2015-reading-goals]"
378,Kadbury,[course]
379,Amelia,[]
380,Carol,[]
381,Jennifer Selva,[]
382,Lalo,"[clásicos, 2015, top100-bokklubben]"
383,Mashael,[]
384,Tanya Tabone,[]
385,aleksi,"[feminism, classics, mythology]"
386,Rosie Alaska,[]
387,Sophie Carter,[]
388,Marco Tamborrino,[]
389,Lisa (Likenbooks),[read-in-2015]
390,Keith L,[]
391,Maria Pallozzi,[]
392,Julia,[]
393,Terence,"[poetry, the-plays-the-thing]"
394,Joanne Valiukas,[]
395,Cemre,[plays]
396,Richard Ayers,[]
397,Sarah,[]
398,Hebz,[]
399,Meg ,"[western-canon, sweet-helpings-of-revenge, translated, plays, greek-and-latin-language-literature]"
400,Ebba,[]
401,Fie Sejr Ravn Jensen,[]
402,Liana,[]
403,Daniel,[]
404,Sydney Springer,"[read-for-school, classics, mythology-and-magical-creatures]"
405,Diogo Jesus,[]
406,Cynthia Wei,[]
407,Samantha,[]
408,savs,[favorites]
409,Kaitlyn F,[]
410,Christopher,[]
411,Clara Amsel,[]
412,Luís Blue Coltrane,"[favourites, on-my-own, 2015, challenges-2015, g-plays, less-than-200, greece-spain]"
413,Phillip,[drama]
414,Ksenija Popović,[]
415,Paul,"[uni-literature, vce-theatre-studies-drama]"
416,ej cullen,[]
417,Adventures in History and Culture,[]
418,Britny-star A,[]
419,Kendra,[]
420,Ari,"[favorites, re-read-in-english, school, read-in-2015]"
421,Lyn,[]
422,Kenna,"[classics, mythology, magic, school, favorites-and-recommendations, adult, read-more-than-once, summer-reads, for-the-major, 2016]"
423,Amy Drayton,[]
424,William Brooke,[]
425,M Pereira,"[ancient-greece, theatre, drama]"
426,Seth Kenlon,[]
427,Brandon,"[badass, feminism]"
428,Agumn,[drama]
429,Lametria,[]
430,Connor Stockton,[]
431,Mike,[]
432,Corey M,[]
433,P.W. James,[novels-i-ve-read-for-school]
434,Delkenya B,[]
435,Quyen Hoang,[]
436,Jonathas Soares,[]
437,Chris,[]
438,Mina Soare,"[theatre, mythology, murders, dark]"
439,Marilyn,[plays]
440,Jeanette Padilla,[]
441,Zamaris M,[oct-31-09]
442,Tetra,[]
443,David,[]
444,Kourosh,[]
445,Alejandra Rotondaro ferreira,[escuela]
446,Madison,[]
447,Ron,"[classics, plays]"
448,Jade,[]
449,Carla Pitre,[]
450,Andreea H,[]
451,Amy Layton,"[school-books, plays, really-fucked-up-books]"
452,Katie,[]
453,Rachel Terry,[drama]
454,Sylvia Valevicius,[]
455,Nicole :),[]
456,Hannah King,[]
457,Syf Dean,[]
458,Ele,[]
459,Sonya,[]
460,So Hakim,"[plays, mythology, antiquity]"
461,Jennie  Rogers,[university]
462,Alor Deng,[greek]
463,Ananya Ghosh,"[brilliant, drama, literature, mythological, greek-tragedy, tragedy]"
464,Hestia,[need-to-buy]
465,Drew Masse,[]
466,theduckthief,[]
467,Nelleke,"[classic-literature, revenge, family, spring-challenge-2016]"
468,Noah Evers,[]
469,Megan,"[drama, greek, mythology, tragedy, vengeance]"
470,Amy,[]
471,Rebecca Clyburn,"[really-old, classics]"
472,Alyanna,[2011-us-adv]
473,Daphne,[]
474,Julian Meynell,"[reviewed, ancient, greek, plays]"
475,Omar BaRass,[]
476,Des,[]
477,Realini,[]
478,Elizabeth Jacquet,[]
479,Portia Andrew,[]
480,Erika Chaidez,[]
481,Kate Zajac ,[]
482,Jenny,[]
483,Jeff,[]
484,Shahad al-ani,[]
485,Jennifer Wiget,[school-books]
486,Anne-Marie,"[classics, strictly-for-school, depressing-books, plays]"
487,Modje,[]
488,sarah louise,[fantastic-drama]
489,Ayah,[]
490,علی,"[tragedies, great-ones]"
491,Nemo,[greco-roman]
492,Elana,[]
493,Caleb Smith,"[plays, western-cannon, author-greek, antiquity]"
494,Mel Bossa,"[0012-to-buy, 0004-greek-myth-related]"
495,Deanna,[greek-latin]
496,Katie Ruwe,[]
497,Katie Pagan,"[ancient-classics, of-notable-length]"
498,Madelyn,[]
499,Jonathan,[plays]
500,Curtis,[]
501,Núria,"[mios, 5-favoritos, teatro, literatura-clasica, 2009]"
502,Fiction State Of Mind,[]
503,Shadn ,[]
504,Tracy,"[drama-plays, folklore-and-mythology, history, classics, girl-woman-feminine-tales, the-fam-connection, greek-tales, school-reading]"
505,Ross,[]
506,John Wiswell,[]
507,Maria,[must-reads]
508,Ida Aasebøstøl,[]
509,Maciek,"[fiction, english]"
510,Michael Rivera,[]
511,n.,"[my-personal-library, school-requirement, books-i-recommend-to-everyone]"
512,Sparrow,[]
513,Sita,"[own, classic, read-for-school, reviewed]"
514,Pouya Dakhili,"[fiction, drama]"
515,Jess,[]
516,Jezza,[]
517,Donna,"[books-that-sucked-on-so-many-levels, main-characters-i-hate, books-to-use-as-firewood]"
