,user,tags
0,ayur,[school-luggage]
1,Jim,[]
2,Vlada Volkova,[]
3,Betsy,[historical-fiction]
4,Wayne,"[memoirs-biography, gay-issues-homosexuality, ancient-worlds, politics]"
5,Marie Viala,[]
6,Alexandra,[]
7,Sherry,[]
8,Neil Munday,[]
9,William,[2008]
10,Evie,[]
11,Kelanth,"[classico, narrativa, romanzi-repubblica]"
12,Bassaimer,[]
13,Giuls,[favs]
14,Banu Pluie,[]
15,Joe,"[fiction, world_0000_ancient, italia_e_romae, bookquest]"
16,Aurelio del Portillo,[]
17,Chiara,"[1001-libri, favorites]"
18,Voldemort,"[20th-century, classics, till-death-do-us-part, must-read]"
19,Erwin,"[historical-fiction, classics, favourites]"
20,Eleanor,"[literary-fiction, 2015-books, book-club]"
21,Alisu',[]
22,Kåre,[litteratur]
23,Thomas,[]
24,Al Maki,[story]
25,Angeles Mejia naranjo,[]
26,Cristina Man,[]
27,Carla,"[biblioteca-pessoal, 2015]"
28,Gabriela Solis,[]
29,Paul,[historical-fiction]
30,Suzanne,[book-club]
31,Sorairo,[]
32,André,[]
33,Michael J,[]
34,Tatiana,[]
35,Dolors,"[best-ever, read-in-2014]"
36,Sarah (Presto agitato),"[favorite-books, roma-spqr, historical-fiction]"
37,Philippe Malzieu,[]
38,Matthew,[]
39,Rick,[fiction]
40,Jane,"[library, ancient-rome]"
41,Jana,[heart-and-mind]
42,Frank O'donnell,[]
43,Stephen Brody,[]
44,Federica,[]
45,Zeljka,"[classics, historical-fiction]"
46,Jessica,"[happyendings, leetle-boys, wish-i-owned, groups-of-people, love-and-other-indoor-sports]"
47,Marita,"[fiction-historical, antiquity, favourites, 2015, fiction-biographical, favourites-2015]"
48,Alan,[]
49,Georgene,[historical-fiction]
50,Olivia,"[langue-vivante, favourites, classics]"
51,Czarny Pies,[french-lit]
52,Susan,[]
53,Charlie,[]
54,Olethros,[]
55,Andres Eguiguren,[]
56,Antonio,[]
57,Stephanie,[]
58,Liza Rosas,[]
59,Patty,"[favorite, francese, romanzo-storico, una-stanza-tutta-per-sé]"
60,S©aP,"[1900, letteratura-francese]"
61,Ина Дилова,[]
62,Erik Graff,[literature]
63,Claudia Sesto,[]
64,Jennifer,[]
65,Andre,[]
66,Scherzo,[]
67,Francesco,[preferiti]
68,Bibliofolie,[]
69,John Carollo,[]
70,Victor,[]
71,Ariel,"[philosophy, fiction, read-2011, optimus-maximus]"
72,Patrick Bättig,[historische-romane]
73,Sharada,[]
74,Quefren Nogueira,[2015]
75,Antonio Fini,[]
76,Graça Barão,[]
77,Katy Snoodyk,[]
78,Olga,[]
79,Djrmel,"[historical-fiction, professional-author-rpf-ff, glbt]"
80,Phoebes,[]
81,Arwen56,"[romanzi, lett-francese, francia]"
82,Asher,"[recreational-reading, best-reads, favorites, personal-library]"
83,Bookaholic,[]
84,Peter Crofts,[]
85,Luísa,"[read-in-2014, french]"
86,Maia Losch,[]
87,L. Donovan,[historical-fiction]
88,Ginny_1807,[riletti]
89,Carla Coelho,[]
90,Jade,[]
91,Celeste Newbrough,[]
92,Andrea Van Acker,[]
93,Abi,[]
94,Sara,"[fiction, guardian-100-greatest-books]"
95,Brian,[2015_sow]
96,Rafael Pajaro - Rafa,[]
97,Vanessa (V.C.),[]
98,Kobe Bryant,[]
99,Liz,"[historical-fiction, eafit-book-club]"
100,Edgar Trevizo,[]
101,Jones Cavalcanti,[]
102,Philipp,"[french, rome]"
103,Nathan,[]
104,Mariam,[]
105,Gaetano Amato,[]
106,Truncarlos,[]
107,Luís Paz da silva,[ficção-e-romance]
108,Kelly,"[history, worlds-lost-dead-and-dying, owned, tres-francais, examined-lives, epistolary, bc-and-just-ad, grand-opera, melancholia]"
109,Lisa,"[historical-fiction, ancient-rome-fiction, literary-fiction]"
110,Cassandra Kay Silva,"[biography, classics, historical-fiction]"
111,Carlos,[]
112,Janeh227,"[1001-books, ancient-history, fiction, hadrian]"
113,Signe,[]
114,Jose ,[]
115,Garima,"[favorites, to-re-read, my-2-cents, remember-me-with-words, sing-a-song]"
116,Linnea Hartsuyker,[]
117,Denis,[]
118,Jack Laschenski,[]
119,Tarah Luke,[]
120,Deea,[best-2016]
121,Faye,"[grecoroman-literature, history, 2014-reading-challenge]"
122,Ursula,"[fiction, 1001-books, historical-fiction]"
123,Jay,[]
124,Nikki,"[classics, greek-roman, historical-fiction-alternatehistory, lgbt]"
125,Dvd (buonanotte popolo),[]
126,Warwick,"[fiction, rome, ancient-rome]"
127,Nicolas Mondragon,[]
128,Maite,"[favorites, gay]"
129,Dina Goluza,"[favorites, 1001-read, 2014]"
130,Marco,[]
131,Madalina Puiu,[]
132,Kiah,[related-to-history]
133,Hugo Pellerin,[]
134,Carmo,"[favoritos, bélgica]"
135,Mohamed Awada,[favorites]
136,Stuart Goodwin,[]
137,Luis,[]
138,Octavio Villalpando,[]
139,Carlos Manzano,[]
140,Eric Sbar,[]
141,Robert Wechsler,[french-lit]
142,Michael,"[fiction, history]"
143,Adam,[]
144,Bill Viall,[]
145,Kenny Ross,[]
146,Alessandro Roses,[]
147,virgodura,"[2010, novel-novella, classics-revisited, french-belgian-lit, necessary, lgbt]"
148,ValeforDM,"[favourites, historical]"
149,Rob Adey,[]
150,·Karen·,[mttbr-2013]
151,Big Brother,"[europe, list-thousand-and-one, bestest, sad-lonely-thinking-of-suicide, woman-authors, list-501, bio-memoir, historical, list-world-library]"
152,Eustachio,"[romanzi, francesi]"
153,Rose,"[not-completed, 1001-books, historical-fiction, read-in-2008]"
154,Eliza,[romans-historiques]
155,Bmussati,[]
156,Felene,"[read-in-french, historical]"
157,matt,"[fictions-of-the-big-it, top-shelf, worldly-lit, historical-fiction, underrated-lost-classics, ladies-night, ancients]"
158,Elizabeth,[]
159,Aubrey,"[5-star, reviewed, translated, prose-prose-prose, books-are-the-best-invention, rage-against-the-sexuality, french, reality-check, 1-read-on-hand, r-2013, 500-wm-to-post, r-goodreads, reality-translated, antidote-think-twice-read, antidote-think-twice-all]"
160,Joy,[]
161,Mechi Margalot ,[]
162,David Usharauli,"[roman-empire, jewish-rebellion, jewish-revolt, dacian-wars, parthian-war]"
163,Gorana,"[own, historical-fiction, french-literature, 2012, favorites, 20th-century, 2013, rome]"
164,T4ncr3d1,"[francesi, storico, sfida-1001]"
165,Rafa ,[]
166,Yves,[history]
167,Gloria Dauden,[]
168,Esdaile,"[i-own-it, my-library, biographies, historical-fiction, my-1-00-on-a-desert-island]"
169,Valerie,[]
170,Sphinxou,[]
171,Luis Sánchez,[]
172,knig,"[favourites, 2012]"
173,Miguel,[favorites]
174,Corinna,[]
175,Jesus,[]
176,João Horta,[]
177,g,"[favorites, greece-and-rome]"
178,Josephine,[]
179,Ed,[]
180,Anna Syromenos,[]
181,George,[]
182,macartain,[]
183,Tilda,[abandoned]
184,Eric,"[favorites, historiophantasmagoria]"
185,David Ranney,[top-100-fiction]
186,Evan Jewell,[]
187,La Stamberga dei Lettori,[daniele]
188,Miquixote,"[historical-fiction, fiction, significant-250-citations, french, top-100-world-lit, 420-430]"
189,Vale,"[french-literature, history, women]"
190,Marlén Carrillo Hernández-Ferman,[]
191,Myriam,"[classics, historical-fiction]"
192,Lucian McMahon,[]
193,Niclas,[]
194,Mary Soderstrom,[]
195,Fran,[]
196,Aric Cushing,[]
197,Sunny,[italian-literature]
198,Ivo Crnkovic-Rubsamen,[]
199,Rosalba,[]
200,Carlota,"[historia, masterpieces]"
201,Rebecca,[]
202,Marc Kozak,[]
203,Javier,[]
204,Riversue,[]
205,Martyn Fitzgerald,[]
206,Tarbuckle,[]
207,Giovanna,[francia]
208,Teresa,"[french-lit, classics, historical-fiction]"
209,Guillermo,[]
210,Richard,"[classic, historical-fiction, abandoned]"
211,GONZA,[]
212,Maijabeep,"[historical-fiction, 1001books]"
213,MAESTRO,[]
214,Douglas Dalrymple,[]
215,Abraham Tsoukalidis,[]
216,Arybo ⑯,"[arsbookchallenge2016, favorites, gliimmortali]"
217,Contando Dragones,[]
218,Hannah,"[favorites, the-french-do-it-better]"
219,Car T,[]
220,Jasmine,"[favourites, 2014, en-français, modern-classics, fiction, historical-fiction, penguin-modern-classics]"
221,Manny,"[french, history-and-biography, too-sexy-for-maiden-aunts, transcendent-experiences]"
222,William S.,[]
223,Asa,"[1001-books, female_author, reread]"
224,Stan Georgiana,[]
225,Sonia Wilde,[]
226,Simona ,[]
227,Elsa Triolet,[]
228,Thorlakur,[]
229,Lillie,[]
230,M,[]
231,Gauss74,[einaudi-tascabili]
232,Juan Bello,[]
233,Henry Avila,[]
234,Abraham,[greco-roman]
235,Janet,[]
236,Noce,[]
237,Almita,[]
238,mark monday,"[alpha-team, into-the-past]"
239,Bjorn,[france]
240,G.R. Reader,[]
241,J.S. Dunn,[]
242,Matt,[]
243,Marzia Cen,[fiction]
244,Celeste Corrêa,"[biblioteca, livros-lidos-2016, bélgica]"
245,Tara,[]
246,Cyrus,[]
247,Nora Barnacle,[]
248,Ferda Nihat Koksoy,[novel]
249,Meche Baca,[]
250,Marcello,"[2015, narrativa-straniera, 0-cartaceo]"
251,Aitziber,"[sexuality, language-spanish, 2014-challenge, flavorwire-to-make-you-better]"
252,Anna,"[historical-fiction, 5q-read, 2008]"
253,Aziz Aras,[]
254,JJ W,[]
255,Kaui,"[bookclub-girls, bookclub-other, 2016]"
256,Libby,[thesis-book-list]
257,Michelle,[]
258,Ryan Holiday,[]
259,Amie,"[1001-books, 1001-books-i-l-l]"
260,Diletta,[]
261,Jackie,[historical-fiction]
262,Odeta,[]
263,Bogdan Rat,[]
264,Matilde,[]
265,Margot,[favorites]
266,Magdalena,[international]
267,Bryn Hammond,[imagined-fiction]
268,Siria,"[20th-century, historical-fiction, queer-lit, french-fiction]"
269,Jeffrey Keeten,[roman]
270,Raysa White,[]
271,Maria Ortiz,[]
272,Mobile Library,"[fiction, historical-novel, psychological-realism, historical-realism]"
273,Rodrigo,[]
274,Jolo G,[favorite]
275,Algernon,[2015]
276,Mehmet Calika,[]
277,Patricia,"[historical-fiction, book-group-selection, read-in-2012]"
278,Gonzalo Nazareno,[]
279,Hayley B,[]
280,Katrinka,[]
281,Madeline,"[the-list, all-time-favorites, historic-fiction]"
282,John,[]
283,Kiwi,"[fiction, historical-fiction, biography, different-culture-or-language]"
284,Tim Smith,[]
285,The Idle Woman,"[fiction, historical-fiction, classical-world, italy]"
286,Nurtan Meral,[]
287,Barralalberto,[]
288,Luis Cardenas,[]
289,Mo,"[contemporarylit, historical-fiction, enfrançais, queer, mediterranean-antiquity]"
290,Ralph Britton,[fiction]
291,Donatella,[year-s-challenge]
292,Montserrat Pérez,[]
293,Amanda Moseng,[]
294,Isabella,[]
295,Guida Allès,"[narrativa, ya-històrica, biografies-i-memòries]"
296,Alasse,"[letters-and-diaries, 1001-books]"
297,Douglas Karlson,[]
298,Elyse T.,[]
299,Nicholas Whyte,"[non-genre, xx, unread, xu, b13, 2014, u, f, next3, uw, x, next10, 1409, xb13]"
300,Loretta,[]
301,61pat,[]
302,Jason,"[fiction, novel]"
303,Paul Bryant,"[to_reread, novels]"
304,Damien Travel,[]
305,Laura,[]
306,PATRICIA,[]
307,Ksenia Ada Tanyeli,[]
308,Doug,[]
309,Emilie de Saint Martin,[]
310,Maria Thomarey,[]
311,Maria Morfin,[]
312,Jeremy,[french-literature]
313,Procyon Lotor,[02-romanzi-racconti-teatro]
314,Milica,[historical]
315,Lily,"[partially-read, on-hold]"
316,Jon Boorstin,"[fiction, how-to-think-and-live]"
317,Myles,"[historish, lgbt, literary, the-list, c20th]"
318,Sisi,"[biography, classics, must-re-read, non-fiction, history, favorites, remember-to-buy-paper-back]"
319,Txolo,[]
320,Beck,[]
321,Katelis Viglas,[french-literature]
322,Stefaan Van ryssen,[]
323,Melania,[]
324,Estevo Raposo,[novela]
325,Gavin Boone,"[favorite, reviewed]"
326,Ema,"[italia, francia]"
327,Bethany,[fiction]
328,Dillon Mintoff,[]
329,Cristina - Athenae Noctua,[]
330,Ana Sofia,[]
331,Trey Meckel,[]
332,Belén,"[favorites, ficcion-historica]"
333,Vincent,[]
334,Barbara,[]
335,Francisco,"[novela, franceses]"
336,Humphrey Kostra,[]
337,Dina,"[political-science, classics, philosophy]"
338,Maite Bell,[]
339,Inês,"[favorites, classics, philosophical]"
340,Ann,[]
341,Fernando Delfim,[]
342,Lawren Hyder,[2013]
343,Andrea Alfonso ,[]
344,Angie,[favorites]
345,Adam O'leary,[]
346,Franco Oliveira,[]
347,Korri,"[historical-fiction, antiquity]"
348,Michael Alenyikov,[]
349,Tim,"[queer, fiction-pre-1967]"
350,Elisabeth,[]
351,Ana ,"[me-likey-a-lot, made-me-cry, fallen-characters, library-books, history, 1001-this-life, absolute]"
352,xebec,[]
353,Paul Taylor,[]
354,Elliott,[]
355,Cărți și călătorii,[]
356,Steve,[]
357,Valerie Guigues,[]
358,monamour,"[historical, favorites]"
359,TaraShea Nesbit,[]
360,Tomiri,[]
361,mahatma,[]
362,Londi,[]
363,Amelia,[]
364,Carol,[]
365,Marco Caetano,[]
366,Giulia Lomi,[]
367,Eadweard,"[historical-fiction, fiction-read, rome-753-bc-1453-ad, favorites-or-really-liked]"
368,Aude Seynt,[]
369,César Serradas,[]
370,Lavinia,"[fiction, 2011]"
371,Francesca,"[1001-libri, classici-da-leggere, rd2015]"
372,Gary Devore,[favorites]
373,Mitchell,"[historical-fict, sublime, philosophy]"
374,Alx_zero,[]
375,Asgar,"[favorites, five-star]"
376,Stray,"[in-portuguese, zzz-2014, always-recommended]"
377,Lulu,[]
378,John Pappas,[]
379,Ilze Folkmane,[]
380,Stefania Sorbara,"[03-narrativa-francese-ieri, 00-favourite]"
381,Odd Catrina,[reseñas-breves]
382,arcobaleno,"[letteraturastraniera, storia, biografia]"
383,Sarah,"[stopped-reading, on-a-booklist]"
384,Lotz,[novels-novellas-short-stories]
385,Josh Trapani,[2015]
386,Yve,"[female-authors, 20th-century, 1950s]"
387,Octavio Sánchez,[]
388,Colin Wilkie,[classical]
389,Hadrian,"[french, classical-antiquity, biography-memoir, historical-fiction, fiction, favorites, yourcenar]"
390,Pamelafy,[]
391,Camilo,[]
392,Lella52,[]
393,Christopher,[travel]
394,Marina,"[historical, library_hebrew, favourites, owned_book_english, ancient_rome]"
395,Neal Adolph,"[european, to-reread, 2016-reads, woman-author, translated]"
396,Philip,[historical-fiction]
397,Sapiputih,[]
398,Elizabeth Theiss,"[novel, roman]"
399,Roberta,"[2007, storico]"
400,Bloodorange,"[france, year-of-reading-women-2015, belgium]"
401,Matthew Storm,[]
402,James,[]
403,Giuseppe Grillo,[]
404,Alexandru Rauta,[]
405,Avd.Reader,"[2nd-century, classic, fiction, french, historical, published, century, memoir, to, 1951, marguerite, yourcenar, 1st, woman, elected, acadÃŒÂ-mie, letter, marcus, aurelius, emperor, hadrian, 2nd, roman, empire, acadmie]"
406,Andrea,[]
407,Michele,[]
408,Mihai Dumitru,[historical-fiction]
409,Luciana Darce,[]
410,Fox Galv,[]
411,Carlos Barradas,[]
412,Mara,"[i-capolavori, favorites, narrativa, francofona]"
413,اویس,[]
414,Marc,"[french-literature, roman-history]"
415,Alina Marcu,[]
416,Mason,[]
417,Eugeni,[francès]
418,Tina,[historical-fiction]
419,Manuel Fernandez Garcia,[]
420,Stela,"[historical-fiction, favorites, neo-modernism, reviews]"
421,Jonathan,"[queer-lit, historical-novels]"
422,Susana,"[ficção-histórica, belgas, filosofia]"
423,Tom Lee,[]
424,José-Antonio Villalobos,[]
425,Terry Calafato,"[ebook, to-buy]"
426,Joseph Raffetto,[fiction]
427,Zanna,"[history, greece, europe, 2015year-reading-women, translated]"
428,Ray LaManna,[]
429,Chris,[]
430,Sean DeLauder,"[biography, rome]"
431,Abby,"[fiction, french-lit, best-novels, women-novelists]"
432,lyell bark,[]
433,Theodore Kinni,[]
434,Bill,[]
435,David,[]
436,Dumitru Nicolae,[]
437,Bob,[classics]
438,KtotheC,[]
439,Eileen,"[historical-fiction, lgbt, france]"
440,Rob,[]
441,Valentina,[]
442,Isn9ne,[]
443,Kingfan30,[1001-books]
444,bugen,"[novels, lost-in-translation, historical-fiction]"
445,Juan,[travel-history]
446,José,[]
447,Aaron,[literature]
448,Bonnie Keyser,[]
449,Ruth,[]
450,Andrés,[]
451,Fede,"[narrativa-francese, prof-fucci-s-recomendations]"
452,Andrei Georgescu,[]
453,Alain,[]
454,Megan,"[ancient, ancient-rome, fiction, hadrian, historical-fiction, literary, rome]"
455,Amy,[]
456,Rian Durant,[others]
457,Haleth,"[preferiti, literary-fiction]"
458,Christopher Jones,[]
459,Jim Gardner,[]
460,Realini,[]
461,Ray Duncan,[]
462,Dagný,[]
463,Anastasia,"[0-2015, letteratura-francese]"
464,Duncan Mchale,"[history, french-language]"
465,Asya,[]
466,Adri Villegas,[]
467,Luana,[1001-libri-da-leggere-luana]
468,Suzanne M.,"[literature-western-classics, history, fiction-general]"
469,Tony,"[french, top-10-2013]"
470,César,[]
471,adri patamoma,[]
472,Andrea Canil,[]
473,Louise,"[fiction, biographical-fiction, rome-fiction]"
474,Anna Konovalova,[]
475,Tereneh,[]
476,lanalang,[favorites]
477,Mihai Barbat,[]
478,Mei Yue,[history]
479,Víctor Sampayo,[]
480,Jorge,[]
481,Andrew,[]
482,Stephen P,[]
483,Elalma,[]
484,the gift,"[translation, aa-europelit, aa-francelit, literature, society, pomo, xlong-over-400, womanauthor, historicity, aaa-favoritefiction, yourcenar-marguerite, zz1951-to-1952, all-five-star]"
485,Naomi,"[мозговая-власть, история]"
486,Maria,[2010]
487,Alvaro Lara Huerta,[]
488,AC,"[modernism, ancient, historical-fiction]"
489,Germano Dalcielo,[]
490,Francisca ,"[own, re-read]"
491,Darran Mclaughlin,"[roman, historical-novel, french, woman]"
492,Lola Haskins,[]
493,Morgan,"[books-i-own, classics, translated, bought-at-independent-bookshop, epistolary]"
494,Marcela,[read-in-2016]
495,Al,[odds-and-ends]
496,Cristina,[favorites]
497,Matthew Fray,[]
498,Carole B,[summer-2015]
499,Scott,[]
500,_topo_,[]
501,Xavier,[favorites]
