,user,tags
0,Faith Bradham,[ancient-classics]
1,Jayme,[]
2,Heath Workman,[]
3,Paquita Maria Sanchez,"[plays-n-poems, literature]"
4,Leah,[university-reading-list]
5,Jim,[]
6,Rob Roy,[]
7,Mark Adderley,"[classical, mythology]"
8,Taka,"[classics, japan_jul07-aug11]"
9,globulon,"[books-i-own, poetry]"
10,Catherine  Mustread,"[classics, daily-lit, mythology, ancient-history]"
11,Christopher Patton,[exam-lists]
12,Uditha Devapriya,[]
13,Evie,[]
14,Christiane,[]
15,Dan,[]
16,Pinkyivan,[]
17,Erika Schoeps,"[books-i-own, read-for-school, did-not-finish]"
18,Anna Rose,[]
19,Josiah Bancroft,[]
20,Roman Clodia,[]
21,Eleanor,[]
22,Brierly,"[winthrop, ancient-classical]"
23,Li Sian,[]
24,Sebastian,[poetry]
25,J.G. Keely,"[epic, short-story, religion, reviewed, rome, favorites]"
26,Candi,[]
27,Joshua,[]
28,Thomas,"[western-canon, poetry]"
29,David Mills,[]
30,Carla Bull,[]
31,Stephanie Ricker,"[classics, mythology, poetry, ancient]"
32,Iyabo Forrest,"[always-reading, favorites-of-all-time]"
33,Les Wilson,[]
34,Kevin,[]
35,Ashleigh Cartmill,"[fantasy, books-read-for-school]"
36,Ed Lehman,[]
37,Christin,[greeks-and-romans-too]
38,Howard,[world-literature-top-100]
39,Matimate,"[poetry, 2006-and-older]"
40,Ahmad Sharabiani,"[poetry, classic, philosophy, fantasy, literature, 1001-book, mythology, ancient, academic, roman]"
41,Matthew,[constantly-reading-intermittently]
42,James Bruce,[]
43,Jani,[]
44,Rick,[]
45,Silvana,"[classics, used-to-own]"
46,Jane,[]
47,J.T. Wilson,[]
48,awgusteen,[owned]
49,Anya Wassenberg,[]
50,Giovanna,[]
51,Old-Barbarossa,[]
52,Jessica,[favorites]
53,Bruce,[]
54,Travelling Sunny,"[1305-read, nook]"
55,Kristin,"[poetry, verse, read-in-2014, grecco-roman]"
56,Ashley Boggs,[]
57,Susan,[]
58,Magnus Olesen,[]
59,Rachel M.,[]
60,Arthur,[]
61,Jenna Houston,[]
62,Ilona Termaat,"[in-bezit, 2016]"
63,Dylan James,[mythology]
64,Jeni Enjaian,"[classics, read-in-2014]"
65,Denae Christine,[]
66,Jason Gilbert,[]
67,Jenna  Nov,[]
68,Jennifer,[]
69,Andre,[1001beforeyoudie]
70,Manuel Gugole,[]
71,Francesco,[]
72,Stephanie Bailey,[]
73,ladywallingford,"[classics, mythology]"
74,Robert,[]
75,E Wolcott,[]
76,Bbrown,[]
77,Tom,[]
78,Isaac,[]
79,Jen,[]
80,Juju,[]
81,Beth Robinson,"[rws-summer-2015, roundtable-fall-2015, 2015]"
82,Christina,[]
83,Greg Kurzawa,"[classic, collections, favorites, fantasy, 2015, ebook, mythology]"
84,Katty,"[classics-and-modern-classics, poetry, 2015, reviewed]"
85,Darran Mclaughlin,"[roman, poetry, mythology]"
86,Claire,[]
87,Richelle,[latin-and-greek]
88,Brad,[]
89,Lesliemae,[special-fields]
90,Alberto Delgado,[]
91,Tom Bevan,[classics]
92,Laura V.,"[re-lectura, vieja-escuela, prestado, i-own, beautiful-covers, con-reseña-viene-la-cosa, 2015-reading-challenge, 2015, classics, recs-de-literatura]"
93,Fiona Robson,[1001-books]
94,Marc Livingstone,[]
95,Mauberley,[]
96,Joel Mitchell,[poetry-plays]
97,Steve Gordon,[]
98,Mii,[]
99,Heather,"[for-class, classics]"
100,Stuart Macalpine,[]
101,Min,[]
102,Brian,[]
103,Iván Leija,[]
104,Gijs Grob,"[antiquity, fiction, poetry, myths-and-legends, favorites, latin]"
105,Damon,[mythology]
106,Liz,[]
107,Autumn,[]
108,Raymond,[]
109,Faith Justice,[]
110,Mary Moore,[]
111,Nancy Burns,[classics]
112,kayla**,"[own-it, mythology]"
113,Sadie Clover,[]
114,Whoof,[]
115,Aileen,[1001-books-i-ve-read]
116,Benjy,[1001-books-you-must-read-before-you]
117,max,[myth-and-religion]
118,Nicola D'Ugo,[]
119,Martin,[]
120,Nicholas During,[]
121,Lise,"[poetry, collection, ancient-classical, myths]"
122,Barbara Harrison,[]
123,Poncho,"[favorites, read-in-2015, greco-roman]"
124,Sean,[]
125,Madbutmagic,"[meg, top-10-underappreciated-poets]"
126,Callum McLean,[classic-lit]
127,Kris,"[books-owned, oh-so-long]"
128,Tracy Lowe,[]
129,Nikki,[mythology]
130,Jules,"[owned, mythology, world-literature, ancient-rome, epic, epic-poetry]"
131,Riku Sayuj,[r-r-rs]
132,Roxanne,[]
133,Jordan Lee,[]
134,Imani Gross,[]
135,Brian Willis,[]
136,Drew,[]
137,LawStudent Reader,[]
138,Darwin8u,"[aere-perennius, 2014]"
139,Evan,[]
140,Daniel Meira,[]
141,Claudia Xiberta Estevan,[]
142,Ashley,[2008]
143,Jules Poet,[]
144,Michael,[]
145,Cirtnecce,[]
146,Adam,[]
147,Pingüina Fría,[en-mi-estantería]
148,DIOGO,[]
149,Summer,"[own-physical, classics, read-for-school, mythology, drama-plays-poetry, reviewed]"
150,Ozana,"[owned, mithology, classic, 2014, time-wheel-2014]"
151,Sam,[]
152,Erik Larsen,[]
153,Daniel Abdal-Hayy Moore,[]
154,Nathan Eilers,"[poetry, translation]"
155,Sergi Montes,[]
156,Ray,[]
157,Kaitlyn Utkewicz,[]
158,Big Brother,"[europe, list-thousand-and-one, short-stories-avaliable-online, short-stories, bestest, questioning-norms, list-world-library]"
159,Rachel Smalter Hall,"[fairy-tales, shivers, fantasy, poems, fiction]"
160,Bryn,[]
161,samar salman,[favorites]
162,Jefferson,"[classics, fantasy]"
163,Derek,[]
164,Wendy,"[1001-books, audiobooks, doorstops, twisted-love, poetry, blooms-western-canon, 2014, romans, folklore-myths-sagas]"
165,Cindy Winder delong,"[audio, historical-fiction, classic]"
166,Caroline,[]
167,Alp Turgut,"[italian-latin-literature, poems, ovid]"
168,William,[]
169,Medicinefckdream,[]
170,Joe,"[fiction, poetry, world_0000_ancient, love, italia_e_romae, owned, needs_bookmark]"
171,Frederikke Mains,[]
172,Šima Krtalić,[]
173,Jon,[]
174,Valerie,"[poetry, phd-exams-reading-list, phd-school]"
175,Man Martin,[]
176,Vitaly Repin,[]
177,Ryan,"[classics, poetry]"
178,Yasminknight,[]
179,Jeremiah,[]
180,Nyna,[mythology]
181,Sama ziada,[ميثولوجيا-إغريقية]
182,SofiaSevero,"[favorites, for-college]"
183,Daniel Lomax,[]
184,Erin,"[did-not-finish, 2011]"
185,Constanza Gomez,[ancient-greece-antigua-grecia]
186,Michael Matejka,[]
187,Eric,[]
188,David Fleming,"[classy-classics, literary]"
189,Tracey,[classic-lit]
190,Levon EVHS Gevorgyan,[]
191,D.N.,"[literature, classical, mythology]"
192,Ashleigh,"[classics, 2014]"
193,Jstell725,[]
194,Robert Costic,[]
195,James Biser,[]
196,Drunkenness Books,[]
197,Rhonda Browning White,[]
198,Emily Grace,[]
199,Shane,"[epic-poetry, poetry, actual-classics, italy, reinheit]"
200,Destiney,[]
201,Xitsuka,"[myth-religion, favorites, literature-and-critique]"
202,Ralph Scriabin,[]
203,Will Albers,"[fiction, 1001-books]"
204,Anne Carlisle,[]
205,Rebecca,[classics]
206,Mr. Muse,[]
207,Mette,"[classics, 1001-books-book, fiction]"
208,Patrice,[]
209,James Farrar,[]
210,AGamarra,[]
211,tysephine,"[classics, history]"
212,Natasha,[early-classics]
213,Craig,"[favorites, 1001-books-to-read-before-you-die]"
214,David Balfour,[]
215,David Withun,[]
216,Santino Prinzi,"[university, english-literature]"
217,Colin,"[favorites, poems, classical-lit]"
218,Peter,[]
219,Andrew Wright,[owned]
220,Nathan Jerpe,"[poetry-narrative, mythology, ancient-literature, read-3x, venus]"
221,Richard,"[re-reads, classics, translations]"
222,Mike Foshay,[]
223,Anton,[]
224,Micki ,[]
225,Johannes Choo,[]
226,Kimberly,[]
227,Maia,[]
228,Amerynth,"[1001-books, fiction, greece, rome, read-2013, mythology]"
229,Jana Burlakova,[]
230,Akemi G,[read-fiction]
231,Lance,"[fantasy, poetry, greece, comedy, historical-fiction, rome, collections-and-compendiums, reviewed]"
232,Arybo ⑯,"[favorites, gliimmortali, librilettinel2015]"
233,Ke,[]
234,Hannah,"[fantasy-fairy-tale, school-stuff, classics]"
235,Markus Sakoschek,[classic]
236,Mathieu Lonbois,[]
237,Jolanda,[ancient-rome]
238,Evan Leach,"[roman-literature, 6-star-books, poetry, 0-999, religion-and-myth, epic-poetry, epic]"
239,Emily Von pfahl,"[mythology, poetry, classic]"
240,Mindy,[]
241,Kelsey van Dillen,"[read-in-2015, did-not-finish, 2015-release]"
242,D. Thompson,[]
243,Qi,[]
244,Mr. Basler,[]
245,Felipe Romero,[]
246,Chloé,[]
247,Dеnnis,[]
248,J. Alfred,[]
249,Matthew Burden,"[poetry, ancient-classics]"
250,شيرين هنائي,[]
251,Zach Vowles,[assigned-reading]
252,Seth Holler,[]
253,Matt,[]
254,Eliza Foran,[]
255,Frances Davidson,"[favorites, classics, spiritual, wilderness]"
256,K.P. Ambroziak,[]
257,Art Koenig,[]
258,Black&white,[]
259,Jacob,[]
260,Alex Robertson,[]
261,Taylor Burke,[]
262,Anouk,[favorites]
263,Tracey Alley,[]
264,Tyler Gross,[]
265,Francine,[classical-books]
266,M. Milner,"[fiction-i-d-recommend, cool-poetry, ancient-fictions]"
267,Linsey,[]
268,Zoha Khan,[]
269,J.,[]
270,Denisa,"[fiction, historical, supernatural, poems, 1-the-best-books, classics, demons]"
271,Julian Munds,"[fantasy, classics, philosophy, poetry, mythology]"
272,Troy Martin,[dusty-and-good]
273,Katrinka,[]
274,Debbie,"[classics, mythology, 1001-to-read-before-you-die]"
275,John,[]
276,Aksi Kukalev,[]
277,Sean Garrett,[finished]
278,Villon,[]
279,Devyn Maugel,[]
280,Rusia666,[]
281,Taylewd,[]
282,Terry,"[translation, myth]"
283,Anicius,[]
284,David Bates,[]
285,David Silva,[]
286,Johannes Bertus,[]
287,Lindsey,[]
288,Jack Alexander,[]
289,Cymru Roberts,[other-ancients]
290,Jason,"[reviewed, poetry]"
291,Carolyn,[world-library-100-best]
292,Tiredstars,[]
293,Laura,[]
294,Karen,[booksihavetaught]
295,Cyndi,[]
296,Marisa Rachel,[]
297,David Lentz,[]
298,Ahmed ElHawary,[]
299,Turkish,[]
300,Nabil,[classical]
301,Zachary Taylor,[classics]
302,John Staley,[]
303,Kalu Sakura,[]
304,Lily,[]
305,librarian4Him02,"[classic-literature, 1001-books-you-must-read-before-you]"
306,Jaap,"[thelist, fiction]"
307,Dr. Carl Ludwig Dorsch,[verse]
308,Amanda,[my-collection]
309,Jeffrey Bumiller,[]
310,Garrett Dunnington,"[poetry, classic, 2013]"
311,Totoptero Bastidas,[]
312,Peter Landau,[]
313,CB,"[history, classics]"
314,Phil,[]
315,Marksplatter,[]
316,Trevor,[literature]
317,Douglas,[books-i-own]
318,StrangeBedfellows,[]
319,Insania,[]
320,Belén,"[favorites, lecturas-romanas]"
321,Yann,"[antiquité, contes, italie, épopée, religion]"
322,Barbara,"[classics, audio, own, catch-up-classics, coursera, 6-nonfiction-for-2014, 6-classics-for-2014, 2014, 2015, 6-classics-for-2015, 6-nonfiction-for-2015]"
323,Michel,[]
324,Carol Hardesty,"[required-school-reading, best-fantasies]"
325,Jillian,[]
326,Ann,[]
327,Winston,[5-reviewed]
328,Paul Gaya Ochieng Simeon Juma,[]
329,Lauren,[penguin-classics]
330,Shannon,[]
331,Jim Coughenour,"[latin-literature, mythology]"
332,Quirkyreader,[]
333,Kecia,"[classics, 1001-books]"
334,Indigo Wayworth,"[books-i-own, bought, classics, school-books]"
335,Tim,[]
336,Rochelle,[]
337,David Sarkies,[poetry]
338,Leka,[classici]
339,Rosegirl2001,[2016-read]
340,Alan Wright,[]
341,Keri  ケリ,"[ownership, academic-super-bowl, the-empty-shelf-2015]"
342,Sean Higgins,"[kindle, poetry, omnibus, print]"
343,Ethar Mahmoud,[]
344,Arden Jaeger,[2016-books]
345,Adam K.,[]
346,Zainab Jasim,[]
347,Eadweard,"[rome-753-bc-1453-ad, classics, poetry, favorites-or-really-liked, roman-poetry, favorite-poetry]"
348,Hadeel Hossam El-Din Moustafa,[]
349,Greg,[]
350,Nancy,[ancient-greek-stories]
351,Quincess Za,[zaza]
352,Mitchell,[]
353,Kristen,"[z-list-1001-books-to-read, library]"
354,Rena,"[own, short_stories_and_novellas, poetry_and_prose]"
355,Evelyn,"[fantasy, historical, poetry, 2013-14-winter]"
356,Julie,[myths-folklore]
357,Pierre,[]
358,Ryan Mahuron,[]
359,Bruce Macdonald,[]
360,Ian Vinogradus,"[reviews, reviews-5-stars, ovid, read-2014]"
361,RandomAnthony,[ancient-greece-rome]
362,Omar,[]
363,Sarah,[]
364,Tyler,[]
365,Adrian Colesberry,[]
366,Hussein al hamadany ,[pdf-نسخ-الكترونية]
367,BHodges,[]
368,Xander,[]
369,jeff,[]
370,Margaret,"[2014-challenge, poetry]"
371,Stephen Winchell,[]
372,Janneke,"[klassieker, vertaling, bibliotheek, niet-erg-boeiend, gelezen-in-2013]"
373,James,"[u-of-chicago, classics, poetry, sunday-morning, mythology]"
374,Dave Taylor,[]
375,sologdin,"[ancient, literary]"
376,Emilia,[]
377,Fabiola Fulco Salazar,[]
378,Tara Ozella,[]
379,Mallory,[school-reads]
380,Federico Trejos,[]
381,Brenda,[]
382,T.P. Williams,[]
383,Scotty,[]
384,julieta,"[europa, poetry-is-like-music]"
385,Dylan Moeller,[]
386,Darío,"[favorites, curso-2015-2016]"
387,Michael Arnold,[]
388,Nem,[]
389,Brandon,[]
390,Siobhan Hawthorne,[bookshelved-books]
391,Andy,"[fiction, classics, translations-into-english, poetry, epics, mythology]"
392,Praj,[ovid-lust-love]
393,Gnome Books,[]
394,Mike,[]
395,Mariella,[favorites]
396,Mika,[the-trashy]
397,Jimbob,[poetry]
398,Itai,[]
399,Sissi Zeiser,[]
400,Kayla,[]
401,Celeste Porter,[]
402,Chris,[]
403,James Campbell,[]
404,Keith,[partial-read]
405,Abby,"[poetry, ancients]"
406,Marla,[]
407,Rdt,[]
408,Ella Lorraine,[summer-books]
409,Sophia Park,[university]
410,Barış Özgür,[]
411,David,[]
412,Thomas Tait,"[initiated, poems]"
413,Mills College Library,[]
414,Elspeth,[]
415,Raúl,"[literatura-fantástica, mitología, referencia, cuento-y-relato, ficción, poesía, literatura]"
416,Steve Giordano,[mythology]
417,Courtney Causey,[]
418,Bob,[classics]
419,Stacey,[classics]
420,Johnny,[literature]
421,Melanti,"[classics, 2012, mythic, 1001-books]"
422,Rob,[]
423,Jeroen Berndsen,[]
424,Jamie Murphy,[]
425,Blanche,[greek-lit]
426,Andrea Bambi,[]
427,Cameron,[]
428,Agus Siswoyo,[]
429,Shelley,"[e-book, classics, pre-1500s, translated, 2016, 5-star]"
430,Ben Doeh,[]
431,Katie,[classics]
432,Alexandra Paula,[favorites]
433,Lina Giudetti,[]
434,Justin Covey,[]
435,Aaron,[]
436,Maryann,[1001]
437,Aaron Crofut,"[classics, fiction, did-not-finish]"
438,Charlotte Mercille,[]
439,Bettie☯,"[classic, poetry, published-8]"
440,Shawn,[]
441,Megan,[]
442,Amy,[books-we-own-or-used-to-own]
443,Nikoline,"[novellas, ancient, roman, male-author, university]"
444,Lydia,"[classical-literature, 2014]"
445,Robin Hobb,[books-from-my-past]
446,Daphne,[]
447,treva,[]
448,Antonia,[]
449,Mark,[]
450,Jenny,[]
451,Jeff,[]
452,Kajah,"[literary-classic, italian, narrative-poetry, textbooks, antiquity]"
453,Bob Hartley,[]
454,Joseph,[]
455,Parnell,[]
456,Tony,[]
457,Jediraven,[]
458,Celeste,"[faves, own]"
459,Jesse,[]
460,Deanne,"[classicliterature, 1001bookstoreadbeforeyoudie]"
461,Mary Kathryn,[]
462,Josh,"[read-2012, longish-reviews]"
463,Carson,[]
464,Yasmine,[]
465,Josh B.,[favorites]
466,Kaila,"[classics, alternate-history, gods, 2015, for-class, mythology]"
467,Francisco,"[literature-top100, literature]"
468,Peter Kolesnikov,[]
469,Joe Figaratto,[]
470,Mary,"[2016, 1001-books, librivox]"
471,Sonky,"[grecoroman, philosophy, sword-and-sorcery, poetry, history]"
472,Eugenio Negro,[]
473,Andrea,[]
474,John Wiswell,[]
475,Alex,"[2009, reading-through-history, top-100, rth-lifetime]"
476,Charles M.,[]
477,Fernando,[]
478,Jake Cohen,[]
479,Karin,[]
480,Jan-Maat,"[italy, classical-and-late-antiquity, poetry, 1st-century]"
481,Scott Hastie,[]
482,JJ Jose,[]
483,Angela Pattrick,"[ancient-greece, mythology, ancient-rome]"
484,Katy Dickinson,"[religion, general]"
485,Scott,[]
486,John Ortega,[]
487,Emily,[on-my-shelf]
488,Cristina,[]
489,Eman,"[old-is-gold, arabic]"
