,user,tags
0,Sandra Heinzman,"[classics, book-club, favorites, literary-fiction, fiction]"
1,Jim,[]
2,Margaret Pinard,"[on-love, england, telling-history, library]"
3,Sherry,[]
4,Alana,"[classics, boxall-s-1001-books]"
5,Robert Irish,[]
6,Mattia Ravasi,[absolute-best-in-human-fiction]
7,Sara Steger,"[serious-fiction, classics, bingo-2016]"
8,Kristi Mangan,[]
9,Zahra Dashti,"[رمان-خارجی, کلاسیک, آنچه-داریم]"
10,Casey,"[the-serious-lit, dear-ones, curmudgeon-canon, books-that-can-double-as-weapons, 1001-books]"
11,Shirley,[read-in-2014]
12,Dax,[]
13,Leah,[dnf]
14,Ariel ,"[bien-aimés, personal-collection-wishlist]"
15,Мартин Касабов,"[classics, personal-library, novels, 19th-century]"
16,Tyjn,"[classics, fiction]"
17,Angus,"[read-novels, blogged, novel-125, 2015]"
18,Kressel Housman,"[fiction, historical-fiction, classics, victorian, george-eliot]"
19,Angela Meyer,"[classics, 19th-century, love-and-desire, class-issues-or-rich-and-poor, big-fat-tomes]"
20,Dolores,[]
21,Laurie,[]
22,Joshua,[favorites]
23,Charlotte,[]
24,Quinn Briggs,[]
25,Joanne Hill,[]
26,Bonnie,"[classics, mla-s-books-every-adult-should-read, bbc-big-reads, 1001-books-to-read-before-you-die, newsweek-top-100]"
27,minnie,"[classics, favourites, library]"
28,Kathryn,[classics]
29,Rafa Sánchez,[]
30,Fiona,"[classic-fiction, british-literature, audio, 104-book-challenge-for-2014, fiction, female-writers]"
31,Paul,[classic]
32,Suzanne,[]
33,Maia B.,"[too-long, boring, historical, vile-characters]"
34,Thing Two,"[favorite-fiction, 1001-books-you-must-read-before-you, country-england-uk, continent-europe-northern]"
35,Lobstergirl,"[own, fiction]"
36,Claude,"[read-again, classic-lit, fiction, a, literature, uk]"
37,Inder,"[19th-century, 1001-books, to-reread, alltimefaves, favorites]"
38,Ahmad Sharabiani,"[classic, fiction, literature, 1001-book, victorian, british]"
39,Rick,[fiction]
40,Feisty Harriet,"[classics, 19th-century-english-literature]"
41,Helen Stanton,[]
42,Jana,[]
43,Robb,"[boring-books, book-to-movie, i-must-get-an-award-for-finishing, le-sigh, books-to-use-as-weapons]"
44,Stephen Brody,[]
45,Zeljka,[]
46,Janet,[]
47,Bruce,[]
48,Alan,[]
49,Roman Clodia,[]
50,Mei-Lu,[]
51,Ramona Wray,[classics]
52,Margo Connolly,"[book-club, 2016, 2016-d-j-challange]"
53,Jenny Friedes,[]
54,Emma,"[classics, want-to-finish-sometime]"
55,Daisy,[classics]
56,Kitty (I solemnly swear that I am up to no good),"[romance-is-not-dead, classics, sink-or-swim-in-the-beautiful-prose]"
57,Marti,[fiction]
58,Jaylia3,[]
59,David,[]
60,Stephanie,"[favorites, greatfnwriting]"
61,MMG,"[boxall-1001-books, 19th-cent-fiction, guardian-1000, womens-century-2016, five-star-favorite-fiction]"
62,Vilja,[abandoned]
63,Cordelia Becker,[]
64,Cynthia,[trudging]
65,Ginger,[]
66,Jennifer,[]
67,Sam Pendlebury,[]
68,Aimee,"[classics, fiction]"
69,cindy,"[org-europian, abtlvng-little-house]"
70,keatssycamore,"[literary, women-writers, british-lit, favorites]"
71,Colleen,[]
72,Rachel Hartman,[favorites]
73,Robert,[fiction]
74,Karmen,"[sheer-enjoyment, life-changing]"
75,Tom Johnson,[]
76,Tom,[]
77,Heidi'sbooks,[]
78,Jen,[]
79,Dale,[]
80,Lena,[favorites]
81,Paul Frandano,"[fiction-literary, literature, absolutely-favorite-novels]"
82,Steve Mayer,[]
83,angela,"[favorites, owned, 2015]"
84,Clif Hostetler,[novel]
85,Everyman,[]
86,Misfit,"[read-and-keep-for-a-reread, 19c-lit]"
87,Christina,"[fiction, 1001-books-2006-edition, 2009, 1001-books-2008-edition, 1001-books-2010-edition, 1001-books-combined-edition, library]"
88,Becky Ford,[]
89,Ben,[c19-novels]
90,Danelle,"[fiction, 19th-century, mine, favorites]"
91,Lorelei,[fiction]
92,Eve,[]
93,Claire,"[classics, awesome-female-protagonist]"
94,Restless Books,[]
95,Brad,[fiction]
96,Bev,"[fiction, classic-lit, victorian]"
97,Cphe,"[angst, classic]"
98,Adrian Ma,[dnf]
99,Dan Maguire,[]
100,Jenn,[]
101,Tiffani,"[classics, fiction-general, read-in-2014, lit-explorer-2014]"
102,"Kirsten *Dogs Welcome - People Tolerated""","[my-kindle, 1001-books-challenge, collecting-dust-2015, classics-2015]"
103,Nicole,[]
104,Gopal Vijayaraghavan,[]
105,Bill Kupersmith,"[classics, five-stars-in-2015]"
106,Heather,[literary-canon]
107,Cate,[]
108,Kathleen,"[favorites, 2016-challenges, classic-bingo, women-writers]"
109,Sara,[]
110,Brian,[read-in-2014]
111,Eliza A.,"[_fiction, favorites]"
112,Bruno,"[classici, favourites, uk]"
113,Lucynell ,[]
114,Liz,"[favorites, 5-star, classics, own]"
115,Jason Pettus,"[classic, victorian, character-heavy]"
116,Rosie,[classics-lit]
117,Pat Herndon,[]
118,Tenli,[read-more-than-once]
119,Clayton,[]
120,Deanna McFadden,[]
121,Gail,[]
122,Kay,[]
123,Don,[]
124,Phil Williams,[]
125,Marian,[classics]
126,Furqan,"[classics, george-eliot, victorian-literature, british-literature]"
127,Meade,"[1001-books, lifetime-reading-plan]"
128,Lizara,[favorites]
129,Kelly,"[fiction, brit-lit, victorian, owned, 19th-century, grande-dames, mawwiageiswhatbringsustogethertoday]"
130,Lisa,"[classsics, historical-fiction, audio-book]"
131,Amy Hughes,"[classics, british-lit]"
132,Cherith,"[audiobook, canonical, nineteenth-century, multiple-reads]"
133,Aaron Wheeler,[]
134,Blake Nelson,[]
135,Eric Palmer,[]
136,Leslie,"[classics, british, guardian-1000]"
137,Sean,[fiction]
138,Irena,[]
139,ShaLisa,[]
140,Tanya (aka ListObsessedReader),"[1001, owned-read, audiobook, coralie-bickford-smith-covers]"
141,Deea,[best-2016]
142,Molly Ringle,[]
143,João Carlos,"[m500pag, l2016, classicsread]"
144,Diana Long,[]
145,James F,"[literature, century, english, 19th]"
146,Lisa Faye,[]
147,Jan,[]
148,Terris,[]
149,Skylar Burris,[classics]
150,Jared Mink,[]
151,Elizabeth A,"[audio, 2016]"
152,Bob Schnell,"[general-fiction, read-in-2014]"
153,Lizzie,"[2011, heard-of-it, existential-romance, long-book-is-long, 1001-books, own, 500-gbbw, public-domain-or-creative-commons]"
154,Drew,[bookclub]
155,Tamsin Barlow,[]
156,Whitney,[]
157,Andreea Ursu-Listeveanu,[doorstoppers]
158,Sally Howes,"[read-historical-romance, reviewed, read-classics-pre-1900, owned-read]"
159,Kalliope,"[classics, fiction-english, britain, 2015]"
160,Ashley,[]
161,Grace Tjan,"[classics, british-literature, doorstoppers, 5-star-reads, 2009, bbc-big-reads, victorian-lit, eliot]"
162,Elizabeth (Miss Eliza),"[classics, lauren_willig, bbc_the_big_read, that_summer]"
163,Miranda,[]
164,Michael,[]
165,Gayathri,[favorites]
166,Cat,[read-in-2013]
167,Adam,[]
168,John Frankham,[fiction-pre-1900]
169,Dominic,"[classic-literature, favorites]"
170,Megan Larson,[late-renaissance-to-early-modern]
171,Melody Warnick,[]
172,Heart Explosion!,[]
173,Casandria,[]
174,Alannah Clarke,"[reviewed, all-about-books-group-reads, 2014-challenge]"
175,Gary,[]
176,Kate,[]
177,Clarice Stasz,[]
178,eb,[]
179,Amle,"[classics, read-in-english]"
180,Jayne Bowers,[]
181,Wendy,[2009-reads]
182,Marya,[adult-lit]
183,Ross,[favorites]
184,DramaQueen,"[classics, owned-books]"
185,Susie,[]
186,Apatt,[classics]
187,Aubrey,"[5-star, reviewed, ever-on, reality-check, 1-read-on-hand, r-2013, 500-wm, r-goodreads, antidote-think-twice-read, school, antidote-think-twice-all, r-2016]"
188,Jee Koh,[]
189,Andy Madajski,[]
190,Jon,"[schoolreads, fictions, mad-women-in-the-attic]"
191,Dianna,[classic-literature]
192,Brinda,[]
193,Powder River Rose,"[overdrive, historical-fiction, female-narrator, cuoc-bom]"
194,Nina,"[i-expected-more, bbc-book-challenge, uk-and-ireland, victoriana, chunksters]"
195,Paul Fulcher,[2016]
196,Mala,[]
197,El,"[19th-centurylit-late, 1001-books-list, big-effing-books]"
198,Rebekah,[]
199,Wendy Evans,[]
200,Susan O'brien,[]
201,Erin,[2015]
202,Kelly-Rae,[book-list]
203,Erik,[]
204,Miss ℰlaine ℭarringtion,[]
205,Lisa Hall,[]
206,Fenia,[favorite-classics]
207,Eric,[]
208,Lex Burnell,[]
209,Neena,"[classic, epics]"
210,rachel,[]
211,Traveller,"[classics, victorian]"
212,Eldin Milak,[]
213,Lydia Presley,"[fiction, historic-fiction, classics, 2010]"
214,Robyn Blaber,[british-literature]
215,cris,"[favorites, my-bookshelf]"
216,Arya,"[literature, classics, 2015, 2015-challenge]"
217,Charmaine Anderson,[]
218,Miriam,[]
219,Ronald Morton,"[half-of-1001-books, by-women, read-in-2016]"
220,Tom Carter,[middlemarch]
221,Marialyce,"[classics, victorian-novels, may-2012]"
222,Mehrdad Kermani,[]
223,Rebecca,"[favorites, classics, read-in-2015, summer-2015-reads, victorian-novels, 19th-century-british]"
224,Windy2go,[]
225,Paola,"[2012, classics]"
226,Karen McKeown,[]
227,Christie,[]
228,Paolo D'Amelio,[romanzi-stranieri]
229,R,[george-eliot]
230,Humphrey,[]
231,Malia,[]
232,Marinho Lopes,[]
233,Catherine Blass,"[fave-fiction, brit-lit]"
234,Carmilla Voiez,[]
235,Salma,"[classic-lit, favorites]"
236,Data,"[at-the-library-red, everything_but]"
237,Schuyler,[]
238,Chad Young,[]
239,Karolyn Sherwood,"[audiobooks, fiction, modern-classics]"
240,Tassia,[]
241,Elisa,[classics]
242,Deb (Readerbuzz) Nance,[]
243,Margot Vandersmissen,[]
244,Jodi,[]
245,Anton,[best-ever]
246,DC,"[ebook-audiobook, five-star, lifetime-reading-plan]"
247,Angela,[]
248,Janeb7,[]
249,Jody,"[on-my-e-shelf, bbc-100, bbc-big-read, penguin-classic-100, aty-2016, 1001-before-you-die, guardian-1000, telegraph-top-100]"
250,Holly,"[read-2013, owned, 19th-century, classic]"
251,Cheryl,"[fiction, literature, classics, library, british, library-book-sale]"
252,Sadie,[]
253,Hannah,"[adult, classics, classics-book-club]"
254,Albert,[]
255,Duane,"[rated-books, favorite-books, reviewed-books, english-calssics, 5-star-books, guardian-1000]"
256,Bibliophile,[]
257,Kim,[]
258,Amro,[]
259,Tea Jovanović,[read-for-pleasure]
260,Martine,"[psychological-drama, historical-fiction, film, british, favourites, nineteenth-century]"
261,Ish,[favorites]
262,Jenifer,[]
263,Heidi,[classic]
264,Nadine Keels,[all-time-favorites]
265,Faouzia,[2015-chunky-books]
266,Jessica,[]
267,Tyler ,[19th-century]
268,Nikki Stafford,[]
269,Roseb612,"[1001-books, favorites, romantika, klasika-19-stoleti, spolecensky-roman, uk-literatura]"
270,Chel,"[audio-books, read-in-2016]"
271,Jason Koivu,[]
272,Juliet,"[clasically-bad, reviewed]"
273,Sarah,[classics]
274,Matt,[]
275,Tara,[fiction]
276,Faith-Anne,"[classical-literature, my-favorites, george-eliot]"
277,Leni Iversen,"[classics-bingo-2016, 1001books]"
278,Lise Petrauskas,"[read-at-least-twice, novels, favorite-books, bloom-western-canon, britain, 19th-century, 2014, 500-women]"
279,Stephen,[]
280,Anne,[]
281,Bri Fidelity,"[semi-autobiographical, read-in-2014-overall, read-in-2014-female]"
282,Anna,[]
283,Kathy,[]
284,Alexis Hall,[srs-fiction]
285,J. Mulrooney,[]
286,R.A.,[]
287,"Captain Sir Roddy, R.N. (Ret.)","[british-literature, victorian-literature, favorites, historical-fiction, author-george-eliot, my-western-canon, read-in-2011, british-authors-translators, everymans-library-editions]"
288,Libby,[year-without-a-theme]
289,David B,[]
290,Christian Schwoerke,[]
291,Doreen,[]
292,Laura,[]
293,Larry Davidson,[]
294,Colleen Stone,"[classics, feminist]"
295,Riccardo,[]
296,Jesse Kraai,"[the-best, 1870s]"
297,RitaSkeeter,"[classics-english, 2014, own-dead_tree]"
298,И~N,[]
299,Denise,[re-reads]
300,Becky Dartnall,[]
301,Laurel Hicks,"[books-read-in-2008, audible, 0-kindle, books-read-in-2010, books-read-in-2014]"
302,Desertorum,"[my-own-bookshelf, classic-bingo-2016]"
303,Barksdale Penick,[]
304,Adrienne,[]
305,Terri Jacobson,"[favorites, classics, novels-of-the-19th-century]"
306,kellyjane,[]
307,Diane,[]
308,Camelia Rose,"[classic-fiction, british, audio]"
309,Madeline,"[love-story, westernish-canon, funny, family, women, marriage-lets-you-down, the-victorians, houses, existentialism, orderly-women, novels, social-agenda, lord-help-the-mister, 2014, fate-slash-italy, books-philosophers-love]"
310,Scott Smithson,[]
311,John,[favorites]
312,Petra,"[floor-joists, favorites]"
313,Scarlett,[19th-century]
314,Mary-Ann Monteton,[]
315,janet,[office-or-house-collections]
316,Cristine Braddy,[]
317,Phoebe,[]
318,Steve,"[fiction, favorites, e-books]"
319,Ben Babcock,"[own, favourites, historical-fiction, romance, 2009-read, victorian-fiction, british-historical, 19th-century, 2009-best10]"
320,Lawyer,"[english-literature, love, marriage, wisdom, family, duty, youth, judgment, classic, community, friendship, 2016, george-eliot, life, 1001-books-to-read-before-you-die, loyalty, soul-mates, hypocrisy, provincial-life, gossip, happiness, women-in-victorian-society, wealth, materialism]"
321,Dawn,[blech]
322,Aman Mittal,[]
323,Shadazz,"[2010, letras, read-because-of-a-movie]"
324,Jamie Collins,"[classics, kindle, victorian]"
325,☽ Moon Rose ☯ ,"[favorite-books-of-all-time, favorite-writers, vintage-classics, characters-i-love, masterpieces, fiction]"
326,Lily,[]
327,Jess Swann,[]
328,Frances Coles,[]
329,Gregg,"[victorian-lit, rereading]"
330,Amanda,[]
331,Deana David Lissenberg,[]
332,Catherine Woodman,[]
333,Sasha,[]
334,Melanie,[]
335,Emma Deplores Goodreads Censorship,"[historical-fiction, 4-stars, literary-fiction, england, classics]"
336,Beth,[classics]
337,Yasmine,[favorites]
338,Lynda,"[classics, fiction]"
339,Helen,[]
340,Trevor,[literature]
341,Bethany,[]
342,Meister90,[]
343,Mary Ronan Drew,[]
344,Alisa,"[re-reads, classics]"
345,Barbara,[]
346,Ebookwormy,"[fiction, world-europe, history-nineteenth-century]"
347,Hugo Emanuel,"[favorites, owned]"
348,Ann,"[five-star-reads, 2016]"
349,Rachel,"[meh, classics]"
350,Saraelizabeth,[]
351,Paul Gaya Ochieng Simeon Juma,"[favorites, religion, philosophy, classic, literature, romance, fiction, family-saga, cultural, catholic, psychology, difficult-read, very-long, book-i-would-buy-for-you, books-i-will-forever-remeber, british, drama]"
352,Siobhan,[]
353,Laurel,[book-club]
354,Maeve Maddox,"[favorites, english-lit]"
355,Mimi Wolske,[]
356,Skye,[i-like-big-books-and-i-cannot-lie]
357,Cynthia Egbert,[audio]
358,Tim,"[classics, stanford]"
359,Courtney,[]
360,Bat-Cat,"[favorites, 2016-bingo-challenge, 2016-old-new-challenge]"
361,Jacqueline,[]
362,Hannah  Messler,[]
363,La pointe de la sauce,[]
364,Robin Bo,[literature]
365,Amelia,"[female-author, classics, historical-fiction, favorite-female-authored-works, 2015-reading-list, read-in-2015]"
366,Elizabeth Hunter,[classic]
367,Marcus,[fiction]
368,Seth,[]
369,Greg,[literature]
370,Kirsti (Melbourne on my mind),"[classics, classics-club, 2015, own-it-hard-copy, setting-uk]"
371,Lisa (Harmonybites),"[classics, romance, literary-fiction, 100-significant-books, favorites, fiction, novels, 2013-around-the-world, ebooks, before-i-die]"
372,No Name,"[made-me-lol, wretched-old-men, big-ass-books, victorian, bbc-100-greatest-british-novels, reluctant-anglophile]"
373,Kristen,[2010]
374,Jennifer (aka EM),"[2013-gr-challenge, the-monthlies]"
375,Julie,[]
376,Manny,"[older-men-younger-women, the-goodreads-experience]"
377,Trisha,[favorites]
378,Molly Ison,[book-club]
379,Pink,"[19th-century, england, society, women-pre-20th-century]"
380,helen the bookowl,[]
381,Charlaralotte,[read-in-the-1980s]
382,Andrew,[]
383,Sunday,[]
384,Daniel,"[classic, audiobook]"
385,Missy,[]
386,Hadrian,"[british, historical-fiction, fiction]"
387,Philippa,[read-2016]
388,Zach,[]
389,Georganne,"[historical-fiction, fiction, best-of-the-best, 2014]"
390,Paul Baribeau,[]
391,Jordan,[]
392,Ana Carvalheira,[]
393,Margaret,[]
394,Christopher,[book-club]
395,Sohini Sarker,[]
396,Jeff Bottrell,[]
397,Louise Greenwood,[]
398,Fae,"[2015, hard-copy]"
399,Roberta,"[classici, uk, 2015]"
400,James,[]
401,Saoirse Sterling,"[own, sterling, ahreet, feminine, ce19, 2016, bookshelf]"
402,Dia,[]
403,Cathleen,[british-lit]
404,Carol Storm,[]
405,Madeleine,"[head-in-the-clouds-nose-in-a-book, peer-pressure, 2012, our-libeary, maybe-it-s-time-to-live]"
406,Vincent Chunhao,[]
407,Rikke,"[psychological-realism, favorites, owned-books]"
408,Kenny,[books-i-own]
409,julieta,[favorites]
410,Leslie Ann,[fiction]
411,Steven,"[favorites, british, women]"
412,Maria Yohn,"[all-time-favorites, favorite-classics, great-love-stories]"
413,S.,"[500-plus-pages, 5-stars, 1001-list, women-writers]"
414,Sue,[]
415,Arwen Spicer,[classic-literature]
416,Devyn Duffy,[]
417,Helga,[]
418,Kylene Soto,[]
419,Sandy *The world could end while I was reading and I would never notice*,"[3-star, audio]"
420,Mark,"[audiobooks, group-read]"
421,Linda I,"[classic-literature, george-eliot, british-literature, favorites]"
422,Peters100,[]
423,Ellen,"[adult-fiction, classics]"
424,Tina,[]
425,Richard Stopford,[]
426,Stela,"[realism-naturalism, reviews]"
427,Betina,[]
428,Mike,[]
429,Chad Post,[listened-to-audiobook]
430,Kelly-Louise,[audiobook]
431,Stephen Durrant,[]
432,Terry ,"[audio-books, this-may-take-awhile]"
433,Eduarda Sampaio,"[classic, england-xix-century]"
434,Akemi,[school]
435,Gerrit,"[read-in-2008, favorites, read-in-college, read-in-2005]"
436,Malky,[fiction]
437,Helle,"[classics, victorian, 1001-books, english-lit, books-i-own, telegraph-top-100-books, guardian-1000-must-read]"
438,William Clay,[]
439,James Ferrett,[favorites]
440,Catherine,"[classics, 2016-books]"
441,Just A. Bean,"[historical-fiction, british]"
442,Dorothy,[english-classics]
443,Jeffrey Rasley,[]
444,thestorygirl,"[literature, gospel, love-stories]"
445,Peter Goodman,[classics]
446,Ali Nazifpour,[favorites]
447,Avneesh Kumar,[]
448,[P],[bitchin]
449,Alexa,[]
450,Megan,[]
451,Amy,[own]
452,Dennis McCort,[]
453,Lydia,[]
454,Lesley-Anne,[]
455,Ryandake,[]
456,Sherwood Smith,"[fiction, history-19th-c, historical-novel, classics]"
457,Courtney Stirrat,"[oneofthosebooksyoujusthavetoread, classiclit, women-writers, own]"
458,Martha Smith,[classic-literature]
459,Shinjini Dey,[victorian-lit]
460,Dee,[favorites]
461,Caroline  ,"[novel, prose, kindle]"
462,Sam Sohn,[]
463,Jeff,[]
464,Diana,[classics]
465,Danica Henry,[]
466,Sandhya,[]
467,Carol Apple,[]
468,Kristina,"[fiction, classics, dusty-bookshelf-2013]"
469,V.r. Christensen,[]
470,Jenna,[fiction]
471,Alison,[]
472,Jesse,"[brit-lit, women-writers, nineteenth-century, read-in-2014, a-few-of-my-favorite-things]"
473,Jose,[]
474,Robert Delikat,"[could-not-finish, classics-or-related, eng-lit]"
475,Kirsti,[]
476,Jency,"[historical-fiction, audiobook]"
477,Ryan Rebel,[reviewed]
478,Amanda Stoddard Rowan,[]
479,Victoria Roe,[bbc-100-books-to-read]
480,Tanya  Jeleva,"[английска-литература, favorites, световна-класика, own, 2013]"
481,Melissa,[]
482,McKenzie,[]
483,Jamie Bradway,[]
484,Marit,"[historical-fiction, classics]"
485,Samadrita,"[timeless-classics, cherished, romance, human-drama, european-literature, 1001-and-more, britain, adoration, my-god-is-better-than-yours, by-women-who-matter, behemoth, christianity, pg-woes, 500gbbw]"
486,Rayroy,[]
487,Andrea,"[book-club, top-10-favorite-novels, romance]"
488,John Wiswell,[]
489,Maria,[international-book-club]
490,Alex,"[read-in-2015, ebook]"
491,Cindi,[]
492,Stacie,"[abandoned, 1001books]"
493,Darran Mclaughlin,"[british, victorian, woman]"
494,Nicole Gervasio,[nineteenth-century-fiction]
495,Nihi,[]
496,Cindy,[fiction-classics]
497,Sera,"[favorites, classics, kindle, own, 2012-victorians-challenge, 1001-books]"
498,Jan-Maat,"[19th-century, novel, british-isles]"
499,Marcela,[read-in-2016]
500,Elizabeth,[]
501,Ron Nie,[]
502,Paulina Salazar,[]
503,Rebecca Jessup,[]
504,Emma Flanagan,[classics-challenge-2016]
505,Donna,[audiobooks]
