,user,tags
0,Michelle Johnson,"[assigned, favorites]"
1,Val,[bookers]
2,Jeff Keehr,[]
3,Brad,[]
4,Omar Ali,[]
5,Courtney H.,[bookers]
6,Lara,[]
7,Wayne,[]
8,Cecily,"[magical-realism, miscellaneous-fiction, indian-pakistani-heritage, historical-20th-cent, god-religion-faith]"
9,Mattia Ravasi,[]
10,Sergio García,[]
11,Lisette Walker,[magical]
12,Shirley,"[2009, largo]"
13,Dave Holmes,[nominate]
14,Ritwik,"[booker, indian, favorites, magic-realism]"
15,Jerry Hilts,[contemporary-lit]
16,Mircalla64 (free Liu Xiaobo),[]
17,Erwin,"[indian-authors, man-booker-prize, favourites, magical-realism]"
18,P,[]
19,Laurie,"[2013, 20th-century-classics]"
20,dely,"[0-india, library-loan, z-indian-readers-challenge-2015]"
21,Charlotte,[]
22,Jessica Keltz,[]
23,Elliott Bignell,[]
24,Dan Verdin,[]
25,Wren,[]
26,Sps,"[historical-fiction, fantasy]"
27,Mikela,"[1001-list-read, books-read-in-2012, booker-winners, 1900s, indian-literature, favorites-2012]"
28,Shriya,"[favourites, books-i-own]"
29,Vikram Choudhari,[indian-writing]
30,Huma,[]
31,Con Bé Ki,[2015]
32,Dolors,"[best-ever, read-in-2015]"
33,Jake Leech,[]
34,Deb (Readerbuzz) Nance,"[must-read, adventure, quest, poverty, relationships, problems-ideas, work, spirituality, death]"
35,Jana,"[east-and-aussie, fiction]"
36,Kit Perriman,[]
37,Sairam Krishnan,[]
38,Lenega,[]
39,Bruce,[]
40,Nilesh,[good-fiction]
41,Arunraj Ms,[]
42,Alan,[novels]
43,Jasmine Putnam,[]
44,Anna,[]
45,Pragya,[]
46,Đông Huynh,"[masterpieces, novels]"
47,Emma,[]
48,Charlie,[]
49,Burcu Can,[]
50,Sumire,[]
51,Naveengampala,[]
52,Tsung Wei,[]
53,John Velo,[readwithaudiobook]
54,Patty,[didn-t-read]
55,Anwaar,"[hi-hello-please-read-this, it-won-something]"
56,Dean,[]
57,Elizabeth Davis,[]
58,Rado Baťo,"[classics, fantasy, favorites]"
59,Jennifer,[forsaken-books]
60,Kylie Purdie,[2015-reads]
61,Christine Palau,[]
62,Chelsea Mcgill,[]
63,Mohd Antar,"[favorites, ادب-اوروبي]"
64,Dusty Myers,[]
65,Kate LaClair,[]
66,Robert,[]
67,Afnan,"[a-book-extraordinaire, burst-of-epiphanies, the-psychedelic-library, wickedly-wonderful-delight]"
68,Jarrod Scarbrough,"[audio, read-in-2014, digital-2014]"
69,Pratibha Suku,[]
70,Dilesh Bansal,"[history, indian-fiction, booker]"
71,Jen,"[other-realms, twisted, fiction, british, colonialism, india]"
72,Katherine (Dixiebells09),[]
73,Ebru Çökmez,[]
74,August,"[booker-prize, own]"
75,Gregory Rothbard,[]
76,Shayantani Das,[cringe-worthy]
77,K.D. Absolutely,"[1001-core, booker, india]"
78,Chris Blocker,[]
79,Rachel,[man-booker-prize-challenge]
80,Cory,[]
81,Lamski Kikita,[]
82,Vaisakhi,[]
83,Ben,[]
84,Christine,"[new-loves, fiction]"
85,Aurindam Mukherjee,[fiction]
86,Cynthia Yuliani Putri,[]
87,Agatha Venters,[]
88,Claire,[]
89,Taylor,"[fiction, favorites, own, signed, golden-years, ramble-on, in-a-time-long-ago, in-a-land-far-away, its-a-family-affair, surreality, not-by-a-white-guy, awards-and-accolades, city-rat]"
90,Hajarath Prasad Abburu,[green]
91,Mike ,[]
92,Kevin Ansbro,"[magical-realism, spiteful-humour, favourites, human-imagery]"
93,Vanesa Ayala,[]
94,Pratik Dhruve,[]
95,Beth Bondar,[couldn-t-finish]
96,Sagheer Afzal,[]
97,Elyse,[]
98,Nicola,"[1001-books, magical-realism]"
99,Susan Ritz,[]
100,Nicole,"[do-you-believe-in-magic, pure-win]"
101,Roser Bosch,"[magic-realism, master-pieces]"
102,Sara,"[books-acquired-2009, fictionunread, audio, amongotherswalton, pearl, chunkster, poc, readharder2016]"
103,Khushboo Havelia,[]
104,Amin Delshad,[literary]
105,Nikos79,[]
106,Lori,"[fiction, signed-by-author]"
107,رغد قاسم,"[روايات-عالمية, نثر, روايات, pdf, سرد, أدب-غير-العرب]"
108,Maida,"[paranormal, modern-library-s-100-best-board-s, historical-fiction, classics, time-magazine-top-100-novels, 2013-reading-list, books-set-in-india, 20th-century-literature, amazon-100-books-to-read, maida-s-modern-library-challenge, man-booker-prize-winners-nominees, radcliffe-rival-top-100-novels-list]"
109,Marian Swain,[]
110,Liz,"[4-star, own, class-novel-at-the-end-of-the-empir, magical-realism, adult-fiction]"
111,Glen Engel-Cox,[first-impressions]
112,Jason Pettus,[]
113,Rosie,"[university-books, read-2015]"
114,Koen Crolla,[fiction]
115,mustapha  elsaid samir,[]
116,Amita,"[reviewed, book-club]"
117,Kelly Moriarity,[]
118,Tracy Sherman,[re-read]
119,Deema,"[interesting-recommendations, best, 2014, 2015, poc-fiction]"
120,Natalie,[]
121,Nathan,[]
122,L.,[]
123,Poornima,[]
124,da-wildchildz,[favorites]
125,Matt Thurston,[]
126,Pixelina,"[classics, z2013-lit-exp-challenge, magical-realism, z2013-read]"
127,Claire S,"[g_india-and, pol-paradigm-shift-pssbl, global, on-writing, historical, novel, form_complexia, fictionalized-history, pol-historical, id-constructs-race-gender, synthesis, award_booker, f_interpretations, fict_beyond, a-we-ll-see]"
128,Becky,[booker-winners]
129,Ahmad,[]
130,Sai Kishore Kanagiri,[]
131,Lisa,"[reread, arnsdorf-book-club]"
132,Jessica Webster,[man-booker-prize]
133,Seemoli Ganatra,[]
134,Gazelle,[]
135,Garima,"[bharat, booker-prize, its-not-you-its-meta-or-gfhrytyt, testing-patience-1-2-3, sui-generis, no-kidding, funny-funsome-sarcasome, my-2-cents, miles-to-go-before-i, prude-me-not, taking-title, remember-me-with-words, wehmut]"
136,Inderjit Sanghera,[]
137,Sashinka,[1001-books]
138,Leslie,[]
139,Mariano Hortal,"[indian-literature, genre-contemporary]"
140,Hock Tjoa,[]
141,Joey Lee,[]
142,Irene,[]
143,Deea,[man-booker-prize]
144,Hassan,"[subcontinent-culture, decolonization, post-colonialism, magical-realism, historic-fiction]"
145,Faye,"[modern, asian-literature, magical-realism]"
146,Reanna Nicholsen,[]
147,indri,"[sastra-dunia, asia-land]"
148,Regine,"[bucket-list-books, magical-realism, owned, favourites, india]"
149,Saimah,[]
150,Jenny (Reading Envy),"[booker-winners-and-listed, read08, location-india, modern-library-100-best-novels]"
151,Riku Sayuj,"[favorites, indian-fiction, myth-religion, lit-fic, booker-winners, lit, contemporary-fiction]"
152,Teagan,[abandoned]
153,Chy,[]
154,Lianne Ramsden,[]
155,Ananthu,"[favorites, indian-authors, to-reread]"
156,Lisa Vegan,"[fiction, bookclub, reviewed, speculative-fiction, historical-fiction, novel, 1-also-at-lt]"
157,উৎসব রায়,[bestreads]
158,Moving,[2015-reading-list]
159,Helen,[]
160,Motasem,[]
161,Parinitie upadhyay,[]
162,Girdhar Joshi,[]
163,Ashley,[fiction]
164,Bobby,[reviewed]
165,Fatima Alammar,[novels]
166,Salam Katma,[]
167,Michael,[]
168,Kyle,"[favorites, time-best-100-novels, india, magic-realism]"
169,TheGirlBytheSeaofCortez,"[classics, booker-nominees-and-winners, books-to-read-more-than-once, indian-novels, contemporary-authors, literary-fiction, contemporary-classics, post-colonial-literature]"
170,Adam,[audiobooks]
171,Manal,[]
172,wally,"[favorites, rushdie]"
173,Maya Panika,[]
174,Christopher Roberts,"[fantasy, 20th-century]"
175,Mike Clinton,[]
176,Michelle Mcwilliams,[]
177,Mila,[backburner]
178,Neil White,[]
179,Kingfan30,"[1001-books, bbc-big-read, telegraph-novels, times, books-of-the-century]"
180,miaaa,"[favourites, ophelia-s-library]"
181,Anubhav,[man-booker]
182,عبد الحميد بوحسين,[]
183,Debra,[sai-king-recommends]
184,Thành Trung,"[historical-fiction, classics, just-terrible, fantasy-sci-fi, overrated, philosophy, magical-realism]"
185,Wendy,"[owned, of, prize, fiction, favorite, magical, realism, historical, salman, rushdie, india, winner, booker, bookers, postcolonial]"
186,Caroline,[]
187,Arun Singh,"[fiction, history, india]"
188,Jos,"[english-language, english-lit]"
189,Elizabeth,[]
190,mai ahmd,[روايات]
191,Ikra Amesta,"[times-100-best-novels, booker-prize-winners]"
192,Annie Knox,[]
193,Vera,[]
194,M a y a,"[india, historical-fiction, literary-fiction, fiction, favorites]"
195,T4ncr3d1,"[indiani, sfida-1001]"
196,Miss Ravi,[رمان]
197,Phát Lạc,[]
198,Aapo,[]
199,Esther,[11th-grade-reading]
200,Alexis,[literary-fiction]
201, Sophia B,"[asia, india-pakis-bangla, favorites, classics-oldiesandgoodies, home-is-where-the-heart-is]"
202,حسين عبدعلي,[]
203,Patrick Harrison,[]
204,Anita,[]
205,Anshuman Lenka,[]
206,El,"[20th-centurylit-late, modern-library-list-top-100-fiction, 1001-books-list, india]"
207,Anka Räubertochter,"[uni, did-not-finish]"
208,A.J. Howard,"[finished-in-2010, 1001-books, time-100, modern-library-100-novels, bookshelf-fiction, six-stars]"
209,Erin,[]
210,Digvi Shah,[]
211,Sharyl,[2015-reads]
212,Shweta Tyagi,[]
213,Fahad,"[fiction, favorites]"
214,Ryan,[]
215,Viridian5,"[fantasy, historical-fiction]"
216,Presha B,[i-hate-you-i-love-you]
217,Lama,[]
218,Alshaatha Sultan,[]
219,David Ranney,[top-100-fiction]
220,La Stamberga dei Lettori,[tancredi]
221,Sundeep Supertramp,"[literature, indian-contemporary, historical-fiction, fantasy, magical-realism, asian, abandoned]"
222,Amul,"[beautifully-depressing, favourites, epics]"
223,Deborah Sowery-Quinn,[]
224,Shane,[]
225,Lisa (Harmonybites),"[fantasy, literary-fiction, historical-fiction, humor-and-comedy, contemporary, favorites, fiction, novels, 2012-around-the-world, ebooks, before-i-die]"
226,Tracey Ellis,[]
227,Yuki Shimmyo,"[historical-fiction, man-booker, favorites, magical-realism, 1001-books-read, literary-fiction, booker-books, 2011, doorway-language, doorway-character, doorway-setting, ysd-collection, postcolonial-lit-upenn, top100-world-lit, my-must-list]"
228,Rebecca,[]
229,Munif,[]
230,Ahmed,[]
231,Shubhi Agarwal,[]
232,Judy Decaigny,[]
233,Turhan Sarwar,[]
234,Teresa,[]
235,Himanshu Modi,[]
236,kaelan,[]
237,Rafaella Litvin,[]
238,russell barnes,"[india, 20th-century, university, award-winning]"
239,Zoe Xiuha,"[asian-diasporas, amazing-authors-of-color-summer-13]"
240,Debbie,[]
241,Alun,[]
242,Louise Colclough,[favorites]
243,Rob,"[been-putting-off, time-all-time-100, short-list]"
244,Clint,[2011]
245,Tarun Kumar,[]
246,Kimberly,[]
247,Jody,"[on-my-shelf, on-my-e-shelf, bbc-100, bbc-big-read, amazon-100, time-top-100, modern-library-top-100, aty-2016, guardian-1000, telegraph-top-100]"
248,Lucie Novak,[]
249,Elliot Schnapp,[]
250,Alicia,"[read-in-2013, bookclub-monza, india, asia]"
251,Kathe Dimeo Coleman,[]
252,Mahdi,"[محبوب-ها, عجایب-نگاری-ها, داستان-خارجی]"
253,Aldo Marchioni,[]
254,Kim,[ditched-it]
255,Matthew Quann,[]
256,Michael Preston,[classic]
257,Gorab Jain,[]
258,Megha,"[take-me-home-country-roads, reviews, kickass]"
259,Lucy,[2002-2005]
260,Jelena,"[love-beyond-words, real-beautiful-wooden-shelf]"
261,Rich Law,[]
262,Luís Macedo,[]
263,Frankie,[]
264,Zee,"[1001challenge, contemporary, booksread2011, eastern]"
265,Scott Cox,"[fiction, indian-literature, man-booker-prize, literature, booker]"
266,Sanyam Bagaria,[]
267,Missy J,"[2016-books, india-related]"
268,carl  theaker,[modern-library-100]
269,Denae,"[favorites, re-read-potential]"
270,Anushree Rastogi,[]
271,Sarah,[]
272,Ian,[literature]
273,Vishi,[]
274,Dhwani Swadia,"[favorites, i-own, read-in-2014]"
275,Lubna ALajarmah,"[موجود-في-مكتبتي, booker, صالون_الجمعة]"
276,Lise Petrauskas,"[novels, bloom-western-canon, india]"
277,Stephen,[]
278,Amanda Paulger-foran,[]
279,Regan,[audiobook]
280,Sumirti Singaravel,"[page-stickers, readings-worth-a-lifetime, india, fiction, literature, amazing-work, favorite-authors, to-be-read-before-i-bid-adieu, favorites, whacky-brains, abracadabra, winged-words, magical-realism]"
281,Andrea Schweiger Bregman,[]
282,Kathy,[]
283,Abhyudaya Shrivastava,[literary-fiction]
284,Hosam Diab,[]
285,Renjit Varghese,[]
286,Jacob,[]
287,عمر فارس,[]
288,Antonomasia,"[booker, modern-british-fiction, 1993-97, divine-comedy-booklovers, decade-1980s, 1001-books, 2014, indian-subcontinent]"
289,Susan Bennett,[]
290,Jeremy Allan,[modern-and-contemporary-fiction]
291,Francine,[]
292,Ravi Gangwani,[]
293,Anna Weber,"[booker-prize, read-in-2015]"
294,Ningtoutao,[]
295,Jenny Ackland,[]
296,Siria,"[20th-century, historical-fiction, british-fiction, indian-fiction, magical-realism, by-poc]"
297,Vijesh Chandera,[]
298,Rola Toufiq,[english-lit]
299,Housewife Bubuchu,[]
300,Mara Call,[]
301,Seana,[]
302,Algernon,"[2012, favorites]"
303,Greta Fisher,[]
304,Ankit Sethi,[]
305,Vit Babenco,[]
306,Ana Ruiz,"[historical, not-finished, 2012, contemporary, 2013]"
307,Madeline,[the-list]
308,John,[fiction]
309,Pooja Kale,[]
310,Rowena,"[favorites, asia, indian-lit]"
311,LemonLinda,[]
312,Shivali Sharma,[]
313,Andy Irwin,[]
314,Riley Dawson,[]
315,شادي  عبد العزيز,[]
316,Ian Lewis,[]
317,Matej Vidaković,[]
318,Annie,[]
319,Jason Ernst,[]
320,Zan,[]
321,Kostas,[]
322,Kate Savage,[]
323,Jason,[read-2008]
324,Paul Bryant,"[novels, india]"
325,Sabita Mehra,[]
326,David Bird,[citoyens-book-group]
327,Steve,[]
328,Karen,[]
329,Ben Babcock,"[own, favourites, historical-fiction, literary-pretentious, 2009-read, indian-fiction, 2009-best10, postcolonial]"
330,Nathalie De Spiegeleire,[]
331,Stephanie Sun,"[dead-tree, size-matters, debuts, thatcher]"
332,Harsha Gurnani,"[favorites, 2016]"
333,Mollie,[]
334,Tieu uyen,[]
335,Brendan Monroe,"[bookers, international, classics, british]"
336,Garry,[]
337,David Martino,[]
338,kihan,[]
339,Sophi Link,[]
340,Lily,"[historical-fiction, 2013]"
341,Paul O'Leary,[]
342,Kerry,[]
343,Amanda,[]
344,Caitlin,[]
345,Liz ,"[classics, reviewed, read-for-school, better-than-expected, man-booker-prize, prose-envy, global-reading-challenge]"
346,Christopher,[]
347,Indrani Sen,[india]
348,Beth,"[1001-books, man-booker-prize, audiobooks, around-world-13, alphabonkers]"
349,Kumar,[]
350,Ariya,"[5-stars, read-in-2015]"
351,Glenna Barlow,[]
352,Trevor,[1981]
353,Bethany,"[fiction, book-club]"
354,Donna,[i-really-tried]
355,Pechi,[]
356,Alexandra,[]
357,Bahadir Arslan,[]
358,mohammad,[]
359,Mish,[]
360,kuhu13,[]
361,Angie,[]
362,Manuela,[]
363,Vi MacDonald,"[favourites, 2016-reads, 20th-century, diversity, 5s]"
364,Shannon,[mfa]
365,Akshat Solanki,[]
366,Shingeling,[]
367,Daniella,[]
368,Ellie,"[fiction, magic-magicrealism, 2013groupchallenge]"
369,Whitney Moore,[]
370,Jacinta,[]
371,Viola,[favorites]
372,Akarsh Jain,[]
373,Souvik Jana,[favorites]
374,Laura,[]
375,Belal,[]
376,Zayn Gregory,[fiction]
377,Jared Della Rocca,"[student-recommendations, family-dynamics, history, classics, long, slow, 2015]"
378,Vinayak,[on-hold]
379,Prashant,[]
380,Phyllis,[]
381,Balaganesh Narayanan,[]
382,Sarah Shahid,"[read-in-2012, historical-fiction, literature, novels, fantasy, culture, classics, magical-realism]"
383,Cheryl,[india]
384,Bucket,"[reviewed, 1001-read-all-editions, magical-realism, history, literary, diversity, world-lit, religion, politics, bildungsroman, good-v-evil, friendship, culture, generational-epic, child-narrator, identity, favorites]"
385,L,[]
386,Elli (The Bibliophile),"[university, 2014-bought, 2014, own]"
387,Shaghayegh,[]
388,Bett Correa-Bollhoefer,[]
389,Abdo Hamdy,[]
390,Cat,[]
391,Carmen,[]
392,Kristel,"[postmodern-modernist, literary-fiction, magical-realism, read-2012, man-booker]"
393,Kristen,[]
394,Julia,[]
395,Kara,[]
396,Iniya,"[classics, buddy-reads]"
397,Mike Lundgren,[]
398,Piyush Agarwal,[]
399,Ashwini Nocaste,[recommended]
400,Pete,[]
401,Becca & Erica: fangirlscity,[]
402,Mahima,[]
403,Rabiaa Kochbati,[]
404,Sarahjoy Maddeaux,[]
405,Tyler,[books-i-started-but-never-finished]
406,Suhasini Srihari,[]
407,Poria Da,[]
408,Whitaker,"[modern-canon, india, 2009-read]"
409,Hadrian,"[fiction, south-asia, india]"
410,Jafar,[]
411,Samantha,[]
412,Nada R,[]
413,Victoria,"[favorites, 1001-books-before-you-die]"
414,Srividya,"[indian-authors, 2015_reading_challenge, world-lit, books-to-movies, india_2015, indian-reads, classics, tower-teams-iv, mt-tbr, owned, fantasy, historical-fiction, magic-realism]"
415,Rebecca McNutt,"[fantasy, adventure, fiction, india]"
416,يزن الحاج,[يا-إله-الجمال]
417,Simay Yildiz,"[fantasy-scifi-magic, canlabirsene, kitaplik-kedisi-reading-challenge, aroundtheworld]"
418,Sarah Anne,"[magical-realism, author-male, man-booker-prize]"
419,Laxman,[]
420,Tuck,"[western-rural-with-tractors-horse, pre-wwi, wwii, knopf, cambodia-and-environs]"
421,James,[]
422,Synthia Parveen Mallick,[]
423,Thom,[]
424,Betty,[]
425,Dominika,[]
426,Nooilforpacifists,"[asia, india]"
427,Shari,[award-winner]
428,Kita,[]
429,Carrie,[]
430,Liza,[]
431,Imas,"[award-winner, manbookerprize]"
432,Shoshi ♥~,[روايات-مترجمة]
433,Undrakh Ganzorig,[i-own]
434,Rida Hariri,"[favorites, novels]"
435,Chetan Bhatia,[]
436,Sheida,[]
437,Wael Mahmoud,"[fiction, original-language]"
438,Weaam,[]
439,Mark,[fiction]
440,سوسن الجبري,[]
441,Deborah J.,[]
442,Tnahsin Garg,[]
443,Maren,[favorites]
444,Ali Alawi ,[]
445,Frank,"[booker-winners, contemporary-british]"
446,sweet jane,[]
447,Praxedes,[man-booker]
448,Zanna,"[magical-realism, poco-or-is-it, india]"
449,Clay Crook,[]
450,Gehna,"[my-reviews, a-movie-was-made, finished-brunch-book-challenge-2015, knowing-india, i-lurve-the-cover]"
451,Chris,[fiction]
452,Roshan John,[]
453,Jade Heslin,[]
454,Matthew McCarthy,[favorites]
455,Álvaro,[]
456,Mr. Neumann,"[historical-fiction, favorites]"
457,Jacob Andra,[]
458,Anuradha,[]
459,Bill,[]
460,David,[big-white-square]
461,Marieke,[]
462,Elsa Meza Rochin,[]
463,Ari,[]
464,Bob,[literary-fiction]
465,David Hill,[]
466,Amber,"[rfpreads, librarybooks]"
467,James Ferrett,[favorites]
468,Madison,"[books-to-movies, adult-fiction, reviewed, fantasy, book-club, read-in-2016]"
469,Quân Khuê,[masterpieces]
470,K.H. Leigh,[]
471,Leigh,"[classics-modern-and-otherwise, international-fiction, historical]"
472,Melanti,"[audiobook, 2011, magical-realism, historical, 1001-books]"
473,Sneh Pradhan,[]
474,Catherine,[]
475,Tuệ Trần,[fucking-awesome]
476,Matthew Catania,[]
477,أبو يوسف ,[abandon]
478,Deepak Joshi,[]
479,Katie,[]
480,محمد,[]
481,Andreea,[]
482,Ruth,[dof-didnotfinish]
483,[P],[]
484,Preeti,"[india, fiction]"
485,Ami,"[magical-realism, historical-fiction, fiction, war-era, amazing-incredible, favorites, philosophical]"
486,Marc,"[india, pakistan]"
487,Megan,[]
488,Amy,[]
489,Austin Gaghadar,[]
490,Sabrina,[]
491,Chris Stanley,"[disappointing, literature, aw80d]"
492,Biswajit Chakraborty,[]
493,Rajendra Dave,[british-library-book-club]
494,Mohammad Murtaza Ali,[]
495,Dada,[]
496,Kerralee Orr,[]
497,Tracy Barcus,[]
498,Todd Allison,[]
499,Flo,"[fantasy, on-my-kindle]"
500,David Hudson,[]
501,Celeste Ng,[]
502,Vikas Lather,[favorites]
503,Erika B. (SOS BOOKS),"[inspire-me, mind-blown, adult-read, intense, supernatural, language]"
504,Elizabeth Lister,[]
505,Chandar,[]
506,Luana,[]
507,Murray,[]
508,Enina Ayu,[]
509,Sandhya,[]
510,Charity,[1001books]
511,Diana  A. Stoica,[]
512,Tz,[]
513,Meta Morfillah,[novel-kupunya]
514,Josh,[]
515,Anna Fennell,[]
516,Ricky,[]
517,Erica Mangin,[patient-bookcase-dwellers-2015]
518,Qelender Memmedli,[]
519,Linda,[]
520,Weinz,[favorites]
521,Lada,[]
522,Jasmeet,[magical-realism]
523,Samadrita,"[cherished, man-booker-prize, india, humour-of-the-dignified-kind, bygones-are-never-bygones, human-drama, asian-literature, magical-realism-surrealism, 1001-and-more, adoration, my-god-is-better-than-yours, metafiction, behemoth, po-mo, don-t-melt-my-melting-pot, the-empire-writes-back]"
524,Alexander Dunkelberger,[5-star-books]
525,Katia Nosenko,[]
526,Andrea,"[magical-realism, india, booker-prize-winners, literary-fiction]"
527,Кремена Михайлова,[]
528,Laila,"[genre-contemporary-lit, genre-historical, 2014, audiobook]"
529,Zaynab,[]
530,Solveig Oskarsdottir,[]
531,Darran Mclaughlin,"[post-modern, british, india, fantasy]"
532,Vishnu  Teja,[]
533,Ena Rusnjak,[studied]
534,else fine,"[lit, read2012, bollywoodbroughtme, bestof2012]"
535,Jonfaith,[]
536,Lisa James,[1001-books-list]
537,Andrew ,"[fiction, fantasy, contemporary]"
538,Marlan,[]
539,Emma Flanagan,[]
540,Uday,[]
541,Jess,[year-of-virtuous-reading]
542,Thurston Hunger,[]
543,Paul Haston,[]
544,Emily,[]
