,user,tags
0,Leah,[]
1,Jim,[]
2,Taka,"[japan_jul07-aug11, american_lit]"
3,Feisty Harriet,"[my-kind-of-nerdiness, classics, fiction]"
4,Vasilis Manias,[]
5,Casey,"[the-serious-lit, 1001-books]"
6,Izetta Autumn,"[adoration-of-author, whosecanonisitanyway, favorites]"
7,Mita,[da-rileggere]
8,Laurie,"[pre-20th-century-classics, 2016]"
9,Ldygray,"[book-club, 2015]"
10,J.G. Keely,"[novel, reviewed, sea-story, america]"
11,Bookworm Sean,"[classics, 1-star-reads]"
12,Joshua,[2014-reading-list]
13,Mamdouh Abdullah,[favorites]
14,David Mills,[]
15,Nelson Zagalo,"[literature, literary_canon]"
16,Liz Farrington,[fbc-16]
17,Michael Mclaughlin,[classics]
18,Fiona,"[kindle-books, highbrow-literachoor, read-in-2016]"
19,Kevin,[]
20,Ahmad Sharabiani,"[classic, fiction, literature, 1001-book, 19th-century]"
21,Fran Becker,[]
22,Silvana,"[classics, used-to-own, donated, deep-blue-sea]"
23,Nikol();,"[рпи, finished-classics]"
24,Abailart,[fiction]
25,Jessica,"[favourites, audiobooks]"
26,Bruce,[]
27,Travelling Sunny,"[1305-read, nook]"
28,Gary Inbinder,[american-literature-19th-century-l]
29,Cecilia Marini,[]
30,Jocelyn ,"[keely-s-favorite-so-it-must-be-good, alex-likes-this-hmmm, epic, american]"
31,Susan,"[top-five-no-order, la-biblioteca-de-cinco-estrellas]"
32,Demetrius Rogers,[fiction]
33,Tobias Langhoff,"[classics, stairway-to-fandoms, frank-muller, six-stars, 4 Kindle Notes & Highlights]"
34,Safa Rawashdeh,[]
35,Omar  Baraka ,"[2016, english, with-friends, pdf]"
36,Amanda,"[everyone-should-read, all-time-favorites, reread-and-to-reread]"
37,D.A.,[]
38,Ed Smiley,[]
39,Coni,[]
40,Paddythemic,[]
41,Forrest,[]
42,Victor,[]
43,Velvetink,"[fiction, film, film-dvd-saw-it, z-1960-s, marine]"
44,Nick,[]
45,Miquel Reina,"[classics, travel-and-adventure, adventure, survival]"
46,S.,[]
47,Hajar Alobaid,[favorites]
48,Isaac,[]
49,Jake Cole,[owned]
50,Jen,[]
51,Bryan Murdock,[]
52,Fraser Kinnear,"[theism, philosophy, literature, history]"
53,Peter Tieryas,[]
54,K.D. Absolutely,"[classics, 1001-core, 501, adventure]"
55,Everyman,[]
56,Doubledf99.99,"[favorites, historical-fiction, classics, spirituality]"
57,Ben,[favorites]
58,Afshar,[]
59,Darran Mclaughlin,[]
60,Arwen56,"[romanzi, lett-americana, usa]"
61,Colie!,[]
62,Brad,[]
63,Stewart Mitchell,[favorites]
64,Bram,[2009]
65,Esteban del Mal,"[novel, fiction, americana, my-books-can-beat-up-your-books]"
66,Fraser,[]
67,Meg,[classics]
68,Benjamin Duffy,[e-books]
69,Nicole,"[favorites, re-reads]"
70,Sara,[]
71,Glenn Sumi,"[favorites, before-1900, classics, guardian-1000]"
72,Nora,"[books-i-really-dislike, classics, did-not-finish, male-pov, male-author, bored-me-to-tears, depressing, reviewed]"
73,Kobe Bryant,[]
74,midnightfaerie,[classics]
75,Cristián Morales Marroquín,[]
76,Yogi Travelling,[]
77,Duffy Pratt,[classic]
78,L.,[]
79,Joel,[]
80,Esther,[]
81,Marius van Blerck,[]
82,Cassandra Kay Silva,[classics]
83,Barbara Morgan,"[all-time-favorites, classics, high-school-reads]"
84,Maxwell,"[i-own-it, classics]"
85,Robert Luke,[classics]
86,Jenny (adultishbooks),[dnf]
87,Katya,[]
88,Jenny (Reading Envy),"[read07, ebooks, mighty-tomes, reading-envy-podcast]"
89,Lizzie,"[2011, embarrassing-subway-laughter, used-book, heard-of-it, unpopular-opinions, 1001-books, own, public-domain-or-creative-commons]"
90,Evan,[]
91,Michael Galdamez,"[school-reading, junior-year-highschool-reading, classics, american-literature, overrated, 2016]"
92,Sub_zero,[reto-2015]
93,Michael,"[murder-weapons, yokozunas, bedrock, where-have-you-been]"
94,Thomas,[]
95,Adam,"[favorites, top-100-norwegian-book-club]"
96,Beth,[abandoned]
97,Caidyn,"[dnf, classics, 2016-classics-challenge]"
98,Christy,"[classics, 19th-century-american-lit, watery]"
99,Sam,[novels]
100,Adrianne Mathiowetz,[actually-i-didn-t-finish-this]
101,George King,[]
102,Kati,[2011]
103,Caris,[2009]
104,Markus Molina,[favorites]
105,Agnieszka,"[own, reviewed, 2015]"
106,Sandra Nyamu,[classic]
107,Ahmad  Ebaid,"[أدب, فلسفة]"
108,Caroline,"[19th-c-america, philip-ward-500-books]"
109,☯Emily ,"[classics, nyu-course-read, read-in-2010]"
110,Laura Leaney,[re-reading]
111,DiAn,[]
112,matt,"[fictions-of-the-big-it, top-shelf, america-f-k-yeah, shattering, shaggy-monsters]"
113,Susie,"[i-commented, 1001-books-list]"
114,Apatt,[classics]
115,Aubrey,"[5-star, reviewed, prose-prose-prose, 1-read-on-hand, r-2013, r-goodreads]"
116,Joy,[around-the-year-2016]
117,J.,"[19th-century-genre, classics, horrible, pretentious-literature, novels, american-literature]"
118,Daniel,"[montrose-book-guy, 2010]"
119,Joe,[classics]
120,Dale Jr.,"[favorites, literature, fiction, 5-star]"
121,Judy,"[classics, fiction, 1001-books, chunksters, 2012-reads]"
122,W,[]
123,Glenn Trust,[]
124,Sian Lile-Pastore,"[fiction, classics]"
125,Ed,[]
126,Ken-ichi,"[escape, snoot, american-literature]"
127,Erik,[]
128,Manuela Barradas,[]
129,Poncho,"[favorites, read-in-2015, english]"
130,Eric,"[reviewed, writing-inspiration, 2016-reading-list, epic, historical-fiction]"
131,Maria João,[]
132,Barksdale Penick,[]
133,Hally,[]
134,cris,"[my-bookshelf, uni-reads]"
135,Andre Odysseus,"[favorite-books-of-all-time, classics, american-literature]"
136,Shane,"[great-books-of-the-western-world, america]"
137,Rebecca,[]
138,Marc Kozak,[]
139,Alexander,[]
140,Ahmed,[]
141,Justin,[]
142,Meredith,[]
143,Patrick,[]
144,11,[woldview]
145,Jason,[classics]
146,Chloe,"[fiction, not-owned, classics, 1001-list]"
147,Salma,[]
148,L7xm,"[مما-أعجبني, المفضلة]"
149,kaelan,[]
150,Peter,[]
151,Cody,[immortal]
152,sam,"[stand-alone-book, didn-t-like, academic, to-be-review, classics, on-bookshelf]"
153,Chiara Pagliochini,[letteratura-angloamericana]
154,Emily May,"[classics, 2013]"
155,DC,"[ebook-audiobook, lifetime-reading-plan]"
156,Angela,"[leatherbound, classics, favorites]"
157,Joanie,"[own, classics, 1001-before-you-die, re-read-potential, 2016]"
158,Allyson,[to-be-buried-with]
159,Mignon King,[re-reading-now]
160,Fariba,[]
161,Michael Gerald,[]
162,Duane,"[rated-books, reviewed-books, american-classics, guardian-1000]"
163,Kim,[audiobook]
164,Szplug,[]
165,Daniel Villines,[]
166,James,[]
167,Frederick,"[fiction, melville, epic]"
168,Mai Muhammad,[]
169,Mykle,[]
170,Janet,[]
171,Nataliya,"[my-childhood-bookshelves, 2013-reads, books-from-childhood-revisited]"
172,Emilian Kasemi,"[favorites, heavyweights, read-and-reread, inspiring, ne-plus-ultra]"
173,Bjorn,[usa]
174,Deniz Balcı,[]
175,M Griffin,[]
176,Jason Koivu,[fiction]
177,Florencia,[]
178,Sarah,"[favourites, i-own-a-physical-copy-of-this-book, read-in-2014]"
179,Matt,[]
180,Harry Rutherford,"[around-the-world, north-america]"
181,Celeste Corrêa,"[owned-books, livros-lidos-2016]"
182,Martin McClellan,[]
183,Javie Cruz,[favorites]
184,Stephen,[]
185,Anna,[novels]
186,Aprile,[]
187,Vane J.,"[classics, boring, 2015]"
188,Jacob,"[fiction-and-literature, i-own, irving-james-melville, 2012]"
189,Michelle,"[not-so-classic-books, big-lipped-alligator, can-t-speak-ill-of-the-dead, bland-protagonist, fire-your-editor, glad-i-read-it-anyway]"
190,Roger Brunyate,"[top-reviews, religion, before-1900]"
191,Aloke,"[favorites, xmas-13, owned, fiction]"
192,Ivonne Rovira,[]
193,David Gillette,[]
194,Magdalena,[]
195,Grahm Eberhardt,"[literature, favorites]"
196,Anna Kļaviņa,"[historical-fiction, classic, glbt, 1001books, made-into-a-film, north-america, read-in-2015]"
197,Geoff,"[favorites, infinite-books]"
198,Werner,[classics]
199,Laurel Hicks,"[audible, 0-kindle, books-read-in-2014, books-read-in-2015, 2015-10]"
200,David S. T.,"[read-in-2010, fiction]"
201,Ugina,[]
202,Vippi,[]
203,Patricia,"[literature, american-literature]"
204,Jed L,[]
205,John,[]
206,Jonathan Turnick,[]
207,أحمد,[]
208,Carlos Clorth,"[2015, xix]"
209,Patric Parii,[favorites]
210,Annie,[]
211,Dana,[]
212,Maggie,"[audiobooks, read-2016]"
213,Barry Pierce,"[19th-century, read-in-2014]"
214,Paul Bryant,"[really-big-timeconsumers, novels]"
215,Laura,"[1001-books-you-must-read-before-you, e-books, audio-books, fiction-19th-century, kindle, american-fiction, read-2013, mtbr-challenge-2013, animals]"
216,Fionnuala,[treasured-reading-experience]
217,Lemar,"[fiction, classic-fiction, novel]"
218,Leo Robertson,"[favorites, cozza-gr]"
219,Ensiform,[fiction]
220,Amina - أمينَة.,[]
221,Manish,"[fiction, classics, 2016]"
222,CD ,"[american-literature, all-time-favorite, 1001-1800-s, e-read]"
223,Squire,"[favorite-books, easton-press, classic-challenge-2016]"
224,karen,[littry-fiction]
225,Melanie,[classics]
226,Sandra,"[usa, letteratura-straniera, classicissimi]"
227,Rebecca McNutt,"[animal-stories, classic, fiction]"
228,aPriL does feral sometimes,"[favorites, literary, metafiction]"
229,Peter Landau,[]
230,José Nebreda,[]
231,Lourdes,"[favorites, novelas, leídos-en-inglés, papyre, plumas-increíbles, clásicos]"
232,Francisco,[]
233,Stuart Taylor,[]
234,Rachel,[fiction]
235,Walker (A Shropshire Girl),"[hollywood-book-club, tbr-2016-challenge]"
236,Tad Richards,[]
237,Diane Challenor,"[our-audiobook-library, classic, our-amazon-library, 1001-books, my-list-of-betterment-fiction, books-owned-and-not-read-yet]"
238,Hayley,"[american-book-odyssey, favorites]"
239,Daniella,"[classics, boring, american-lit, 2011]"
240,Sesana,"[classics, audiobook, capital-r-romantic]"
241,♥iDevourBooks♥ ☆Sonic~Obsessed☆,"[classics, fiction, books-i-own, my-reviews]"
242,Andrew Breslin,[]
243,Bat-Cat,[2016-bingo-challenge]
244,"Nathan ""N.R."" Gaddis","[encyclopedic, nineteen-centuries, cnp-review]"
245,Becky,"[classics, librivox-gutenberg-for-free, 1001books, physical-library-read]"
246,Hannah  Messler,[favorites]
247,V.,[read-reviewed-2013]
248,Kerrie,"[classics, audiobook, oneclickdigital]"
249,GoldGato,"[literature, year-round]"
250,Anja Kefala,[]
251,Carol,[favorite-novels]
252,Rabbit {Paint me like one of your 19th century gothic heroines!},"[epicly-awesome, dark, fiction, information-heavy, satire, cultural-satire, classics, five-stars]"
253,Kyle,"[19th-century, features-lots-of-boats]"
254,Reid,"[literature-classics, fiction, 5-stars, review, will-read-again, t2s-bearable-length-of-being, 2014-reads, favorites]"
255,Greg,[fiction]
256,Masumeh,[half-read]
257,Lisa (Harmonybites),"[classics, literary-fiction, short-stories, reference, 100-significant-books, fiction, novels, ebooks, before-i-die]"
258,Spissmorkel,[]
259,Lizzie Jones,[]
260,Wampus,[]
261,Wayne McCoy,[classics]
262,Sanne,[]
263,Pink,"[19th-century, america, catching-up-classics-2016-bingo]"
264,Lotz,"[americana, highly-recommended-favorites]"
265,Brian Robbins,[]
266,Jamie Collins,"[classics, kindle, victorian, age-of-sail]"
267,Vanessa Wu,[]
268,Megs ♥,[e-books]
269,Jeremy,"[review, literary, canon, where-have-you-been-all-my-life, five-and-a-half-stars]"
270,Gláucia Renata,[]
271,Michael Crummey,[]
272,Zach,[]
273,verbava,[text-as-challenge]
274,Yair Ben-Zvi,[]
275,T.D. Whittle,[reviews]
276,Christopher,"[classics, novels]"
277,Luís Blue Coltrane,"[2013, on-my-own, more-than-500, usa-canada]"
278,Phillip,"[favorites, weird-books, favorites-among-favorites, nature, literature, my-visionaries]"
279,Lisa Burgess,[abandoned]
280,amy,[]
281,Matt B.,[classics]
282,Madeleine,"[head-in-the-clouds-nose-in-a-book, peer-pressure, books-with-buttons, 2012, our-libeary, maybe-it-s-time-to-live, there-s-no-i-in-group-read, blogophilia]"
283,Sentimental Surrealist,"[collection, best-ever-ever]"
284,julieta,[young-americans]
285,Scarlet,[put-me-to-sleep]
286,Troy,[]
287,Rachel Louise,[favorites]
288,Lyn,[]
289,Sue,"[classics, fiction, kindle, seafaring, previously-read-2-star, read-in-2012]"
290,Gus Sanchez,[favorites-you-should-read]
291,Mark,[classics]
292,Tweety,"[classics, rivers-ships-and-seas, reviewed, sweet-and-clean-g-to-pg, nearly-died-of-it]"
293,Jonathan,"[favorites, worshiped-and-adored, 2016-the19thc]"
294,Susana,[]
295,Tnahsin Garg,[]
296,Jennifer D,"[effing-awesome, 2011-books, disability-in-literature, owned-paper]"
297,Palma,[]
298,Chris Gager,[]
299,David,[made-in-the-usa]
300,Stratos,[]
301,Greg Bates,"[2013, the-eleven]"
302,Jim Hale,"[fiction, audiobooks]"
303,Jimmy,"[novel, male, year-1850s]"
304,Sam Quixote,[]
305,Rob,"[fiction, american, philosophy, kindle]"
306,Lisa ,"[classics, adventure, american-classics, b-n-50, guardian-1000, bbc-100, norwegian-book-club]"
307,Falina,"[truly-awesome-books, 50-books-to-read-before-you-die]"
308,Andrei Tamaş,[]
309,Book Riot Community,"[literary-fiction, favorites]"
310,jenn,"[1001, 2015]"
311,Kristi,[favorites]
312,Martha,"[my-favorites, classics, own-books, favs-to-re-read]"
313,[P],[bitchin]
314,Jamie,[]
315,Amy,"[audiobooks, sea-tales, survival, five-star-grown-up-books, classics, literary-fiction, reviewed]"
316,Nikoline,"[own, classics, american, fiction, animals, 1800s, maritime, novel, male-author]"
317,Emma Jane,[school]
318,Evripidis Gous.,[]
319,Davide Nole,[]
320,J,[]
321,John Doe,[reviewed]
322,Anastasia,"[books-for-english-class, classics-i-ve-read, american-studies]"
323,Guido,"[favorites, mare, stati-uniti, artifici-e-illusioni, perdere-l-orientamento]"
324,Chelsea,"[classics, boring, reviewed]"
325,Owlseyes,[us-lit]
326,Jeff,[classics]
327,Helena,[essentials]
328,Mario Espinosa,[]
329,Alison,[]
330,Aslı Can,[]
331,Douglas Wilson,[fiction]
332,Mel Bossa,[0008-fiction]
333,Edward,"[own, north-america, fiction, 5-star]"
334,Melissa,[]
335,Gülayzer,[]
336,Weinz,[favorites]
337,Azzageddi,"[american, 19th-century, melvilleana, favorites]"
338,Jake,"[religion, fiction]"
339,Carey Combe,[abandoned-for-now]
340,Stephen P,[favorites]
341,Mario,[favorites]
342,Stephen M,"[obras-maestras, 3-cheers-4-complex-characters, ocean-of-noise, the-megha-novel]"
343,capobanda,[]
344,Dustin,"[historical, classics]"
345,Jacques le fataliste et son maître,"[narrativa, letteratura-statunitense]"
346,Alex,"[2011, favorite-reviews, reading-through-history, great-american-novels, top-100, rth-lifetime, early-american-lit]"
347,Pavle,[takozvano-ostalo]
348,Jalal Khawaldh,[]
349,Fernando,[favorites]
350,Jonfaith,[samizdat]
351,Pradnya K.,"[2015, classic]"
352,Elizabeth,[]
353,Ron Nie,[ace]
354,Eng.R.books,[]
355,Wilja van Book,[abgebrochen]
356,Mark Rayner,[]
357,Vigdis,[]
358,Emily,"[classics, 2016]"
