,user,tags
0,Faith Bradham,"[british-literature, modern]"
1,Jim,[]
2,salloomeh,[]
3,Johnny Mosley,[]
4,Wayne,[]
5,Brad Blondes,[]
6,Gib,[]
7,Bahar Ranjbar,[]
8,Annette,[]
9,Charlie,[]
10,Louisiana,[]
11,Bren Strong,[]
12,Brigitte,[]
13,Sarah Knox,[]
14,Christiane,[]
15,S.D.,[]
16,Dan,[]
17,E.H.,[]
18,Double C,[]
19,monireh rahmati,[]
20,Huw Thornton,[]
21,Gary McDowell,[]
22,Don Hackett,[]
23,Eleanor,[]
24,Xio,[]
25,Joshua,[]
26,Mishka,[]
27,joel,[]
28,michael,[]
29,omid johari,[]
30,Luc Meier,[]
31,Shiva amiri,[]
32,Christoph Girard,[]
33,Matt Morris,[]
34,Kevin,[]
35,Tbangers,[]
36,Joana,[]
37,Darren,[]
38,Matthew,[]
39,Rich,[]
40,Eric Phetteplace,[prose]
41,Jessica,[]
42,Sergio Serrano,[]
43,Alan,"[novels, read-at-college-75-79]"
44,Maryanne,[]
45,joels,[]
46,Tengal,[]
47,Jason Jackson,[]
48,lee,[]
49,Mike Katz,[]
50,Krissa,[]
51,Marta,[]
52,Russ,"[fiction, 20thcentury]"
53,Amanda,[]
54,Clare,[english-major-reading-list]
55,Jennifer,[]
56,Vincent Martini,[]
57,Andre,"[classics, existentialist-books, literary-fiction]"
58,Aimee,[]
59,cindy,[]
60,Colleen,[]
61,Paddythemic,[]
62,Forrest,[]
63,Yasaman,[]
64,Clifton Henning,[]
65,Adam Cherson,[]
66,Nadyne,"[novel, literary-fiction, philosophical, fiction, psychology, read-in-2011, 1900-s, irish]"
67,Robert,[]
68,Nick,[]
69,Alberto,[]
70,Max Nemtsov,[]
71,Jen,[]
72,Aidin,[]
73,Mike Gallaher,[]
74,K.D. Absolutely,"[nobel, collection, english]"
75,Melissa Weisman,[]
76,Lanea,[]
77,B. Michael,[]
78,Kelsey Cowger,[]
79,Lin,[owned]
80,riraa,[]
81,Christina,[]
82,Ben,[]
83,Bill Yarrow,[]
84,Patrdr,[irish]
85,Stephen Fife-adams,[]
86,Gui,[audiobook]
87,Darran Mclaughlin,"[favourites, french, modernist, humour, existential, irish]"
88,Brad,[books-i-own-and-have-read]
89,James Violand,[own]
90,Chethan,[]
91,vagabonde,[]
92,O'Malley,[]
93,Albion,[]
94,Hal Shanis,[shelfari-favorites]
95,John Bodley,[]
96,Ryan MacDonald,[]
97,Heidi Charboneau,[]
98,Joshua Furst,[]
99,Rupert Neethling,[]
100,Lia,[]
101,Carina,[]
102,Richard Smyth,[literature]
103,Patrick Keilty,[]
104,Sara,[]
105,Brian,[]
106,Nora,[]
107,Meridith,[]
108,Cymru Roberts,[20th-century-elsewhere]
109,Jason Martin,[]
110,Molly,[]
111,Donald Borenstein,[favorites]
112,Jack,[]
113,Kat,[]
114,Cynthia Nguyen,[]
115,Natalie,[]
116,Nathan,[]
117,Lucas,[]
118,Ryan,[]
119,Claire S,"[psyche-of, fiction, novel, form_complexia, language, philosophy, g_cmfrm_eire, a-5-evertimeless-interest]"
120,Lizard,[]
121,Kelly,[]
122,Scott J.,[]
123,Ali,[]
124,Mehdi Navid,[]
125,Daniel Klawitter,[]
126,Logan,[important-authors]
127,Leslie,[]
128,Sean,[]
129,Christiaan,[]
130,scott,[]
131,Gina Ruiz,[]
132,Walid,[]
133,Crito,[]
134,Nichole,[]
135,Greta,[]
136,Lizzie,[gave-away-or-left-behind]
137,stephen,[]
138,Vincent Konrad,[]
139,Lorraine,[]
140,Gail,[]
141,Michael,[]
142,Payam,[]
143,Vassilis,[]
144,Shannon Chapel,[]
145,Katy,[]
146,Rae,[]
147,Sam,[]
148,Jennifer Creador,[]
149,Eric Holmgren,[]
150,Srikanth,[]
151,Tom Dolan,[]
152,R L Swihart,[]
153,nein,[favorites]
154,Rakhi Dalal,"[favorites, beckett, absurdism]"
155,Joseph,[]
156,Philip Lane,[]
157,Elichka,[]
158,Elizabeth,[]
159,robert,[]
160,Medicinefckdream,[]
161,Joe,[]
162,banjogrrrl,[]
163,Jon,[]
164,Satam Choudhury,[]
165,أحمد الحقيل,[م-ت-ل]
166,Meakin Armstrong,[]
167,Ariadna73,"[literature, difficult-books]"
168,Wavegenerator,[]
169,Sam Moss,"[2014, european, innovative, dark]"
170,hamed,[]
171,Chad,[]
172,Howard Rodman,[]
173,Ed,[]
174,Mark Folse,[]
175,Christopherseelie,[]
176,joel leimer,[]
177,Erin,[]
178,Erik,[]
179,Triple,[]
180,Carter Tomassi,[]
181,Eric,[]
182,Olivian,[]
183,Mike Torres,[]
184,Mary Jo Zilveti,[]
185,Nicolai,[]
186,Dylan Suher,[]
187,Justin Kern,[]
188,Mehdi,[]
189,Nooshin,[]
190,Meghan,[]
191,Lida,[]
192,Larry,[]
193,Janeh227,"[1001-books, irish]"
194,Marc Kozak,[]
195,bahman shahravan,[]
196,Javier,[prose]
197,Justin,[]
198,Brendan,[]
199,Tcunniff,[]
200,Michael Alexander,[]
201,Melynda Yesenia,[]
202,Vic,[]
203,Adaś,[]
204,Jozef Ibarr,[]
205,Pinky,[]
206,Matt McCullough,[]
207,r,[]
208,Josh Kight,[plays-and-other-theatre]
209,Debbie,[100-most-influential]
210,and,[]
211,Diego,[]
212,Pat,[abandoned]
213,Clint,[]
214,Richard,[]
215,Kevin Holden,[]
216,Nicolas Mertens,[]
217,David Mcshane,[pre-2000]
218,Malcolm Mcgugan,[]
219,Kamyar,[]
220,Saul Hudacin,[]
221,Kim,[]
222,Devin Mcnulty,[]
223,Szplug,[]
224,Tish,[]
225,Dan Kauppi,[]
226,Lawrence A,"[fiction, book-club-selection]"
227,Nima Hosseini,[]
228,Fidel Rillo,[]
229,Allison,[]
230,Gregory,[]
231,Conrad,[]
232,Sofia Duarte Silva,[]
233,Ludo,[]
234,Martin McGovern,[]
235,Erica Satifka,[]
236,Gabrielle,[]
237,Pete,[]
238,Matt,[]
239,Ian,[]
240,Edie Maas,[4-and-5-star-books]
241,Anny,[]
242,Keith Betton,[]
243,JP,[]
244,Shima,[]
245,Genevieve,[]
246,Randy,[]
247,Annk,[]
248,Anne,[]
249,Anna,[]
250,Melting Uncle,"[wwmesd, finished2014]"
251,dead letter office,[]
252,Taylor Napolsky,[]
253,David M,[]
254,Jacob,[]
255,ahe Butterfield,[]
256,Libby,[year-of-the-difficult-novel]
257,Catie-Megan,[]
258,Scott Lucy,[]
259,SurferRosa,[europea]
260,H,[fiction-lateral]
261,Brittany,[]
262,hay man,[]
263,Distress Strauss,[]
264,Stuart Kenny,[]
265,kkurtz,[]
266,Henrik Schmidt,[]
267,Ana Maria,[]
268,h,[]
269,Eming,[]
270,Ce Ce,[]
271,Geoff,[infinite-books]
272,Kris Poorbaugh,[]
273,Yifot,[]
274,Brent,[]
275,BlackTar,[]
276,Tait,"[french, literature, irish]"
277,John McDonald,[]
278,Vit Babenco,[]
279,Erik Evenson,[]
280,Paulg,[]
281,Laura J. W.,[]
282,John,[]
283,Charles Keatts,[highly-recommended]
284,Louis F. Tyler Jr,[]
285,C,[]
286,Sang,[]
287,S,[]
288,Jibril,[]
289,Zan,[]
290,Sarah Giovanniello,[]
291,Laura,[]
292,Todd,[]
293,Brandon Byrne,[]
294,Milly Warren,[]
295,Jeremy,[]
296,Dylan Shearer,[]
297,Adam Floridia,[]
298,Nosherwan Yasin,[]
299,Tora,[]
300,Jeremy Sierra,[]
301,Ben Kearvell,[]
302,Jaap,"[thelist, fiction, french]"
303,Cary,[]
304,rishi,[]
305,sara,[]
306,Jodi Lu,[]
307,Laura Wetsel,[]
308,Erfun,[]
309,Beth,[]
310,Cait,[]
311,Hibou,[]
312,Jure Godler,[]
313,Anthony Graves,[]
314,Luke Finsaas,[]
315,whitney,[]
316,Thomas Johnson,[]
317,Lex Hogan,[]
318,Christian Munthe,[]
319,will,[]
320,Chris Dahl  ,[]
321,Angie,[shelved-unfinished]
322,Elizabeth Rogers,[]
323,John Keats,[]
324,Balbir,[]
325,Alex Obrigewitsch,[]
326,Tim,[]
327,Ellie,"[fiction, irish, experimental]"
328,marco,[]
329,Danielle,[]
330,Tariqshah,[]
331,Steve,[]
332,Jeffrey,[]
333,Travis,[]
334,diabolical Dr. Z,[]
335,Luke,[]
336,MJ Nicholls,"[novels, pogue-mahone, worshipped]"
337,James,[]
338,Tonks,[]
339,Mischa Temaul,[]
340,Marcus,[literature]
341,raymond,[]
342,Dana Jerman,[]
343,Seth,[]
344,Ba Jin,"[fiction, favorites]"
345,Leo Robertson,"[favorites, owned]"
346,Kristen,[literature]
347,Chris Keyser,[]
348,Joan,[bread-loaf]
349,Pierre,[]
350,Dennis,[]
351,Adam,[]
352,Sarah,[]
353,Goya Champuru,[]
354,Maya Lang,[]
355,Liz D,[never-finished]
356,Zach,[]
357,Steve Love,[]
358,Roy Kesey,[]
359,Mdove,[]
360,Leonard,"[literature-french, favorite]"
361,Bk,[]
362,Margaret,[]
363,Nathan Bollig,[]
364,Philip,[]
365,Roberta,[]
366,A.Jay Wagner,[]
367,Phillip,"[fiction, 50-favorite-books, existentialism]"
368,Joshua Rogin,[]
369,Paul,[]
370,Farzan,[]
371,dannymac,[]
372,sepideh,[]
373,Kenny,[classics_novels]
374,"tENTATIVELY, cONVENIENCE",[literature]
375,Pat Martin,[]
376,Sentimental Surrealist,"[literature, classics, existentialism, samuel-beckett, philosophy, metaphysical-mindbenders, fun-with-metafiction, someone-here-is-lying, everything-i-wanted, 1953, 1950s, novels, read-2013, high-rating, insanely-high-rating, best-ever-ever]"
377,Arzu Derman,[]
378,Steven,[]
379,Cuồng Say,[]
380,Gerbik,[]
381,Mark Bennett,[love-of-language-search-for-self]
382,Mike Benveniste,[]
383,Mandy,[]
384,Joost Poort,[]
385,Brandon,[]
386,Katey Parker,[]
387,kasia,[]
388,Sasluu,[]
389,Ruth Sager,[]
390,Erin Geismar,[]
391,Jonathan,[]
392,Mary,[]
393,Mike,[]
394,Lee,[]
395,Ben Hundley,[]
396,Brett,[]
397,Josh Cohen,[]
398,lisa brown,[]
399,Christina knox,[]
400,Dave,[]
401,Grainne,[]
402,wendy,[]
403,Chris,[]
404,Adrian H,[]
405,Vaughn,[]
406,Kave,[]
407,Dave Cheng,[]
408,reza,[]
409,David,[]
410,Chester,[]
411,Bob,[]
412,Taylor,[]
413,Scott Olejnicak,[]
414,justin,[]
415,Leigh,[]
416,Catherine,[]
417,Aarti,[]
418,Betsy Phillips,[]
419,محمد,[favorites]
420,Vivien,[]
421,Steven Logan,[]
422,Sally,[]
423,Keith Miller,[]
424,Okoskodo,[]
425,Jarrodtrainque,[]
426,Martino,[]
427,Conceitedreader,[]
428,Marc,[]
429,Kitty,[]
430,Megan,[]
431,Amy,[barthelme-syllabus]
432,Ipsith,[literature-gothic]
433,Stephen Dierks,[]
434,Micah champagne,[]
435,Alper Bahadir,[]
436,yasekabood,[]
437,nastaran,[]
438,Tej,[]
439,Jeff,[]
440,Bennett,[]
441,Ted,[]
442,Monica O'Brien,[]
443,Jenna,[]
444,Alison,[]
445,Ellen,[]
446,علی,[novels]
447,Josh,[]
448,Augie,[]
449,babak b,[]
450,Monica,[]
451,Jake,[]
452,shahram hosseini,[]
453,Tasha,[]
454,Hazel,[]
455,Andrew,[]
456,Stephen P,[]
457,the gift,"[translation, art, aa-englandlit, aa-europelit, aa-francelit, literature, aa-irelandlit, xlong-over-400, experimental, nobellit, beckett-samuel, modernlit, zz1957-to-1958, multivolume-lit]"
458,Alex,[]
459,Steve Morrison,[]
460,Perrystroika,"[favorites, metafiction]"
461,Judith Rodenbeck,[]
462,AK,"[im-in-love, college, world-and-mind-changers, i-heart-irish-lit, hell-of-nerdy-yo]"
463,Johann Palme,[]
464,Cathy,[]
465,Brian Bowen,[]
466,Charles,[]
467,Scott,[]
468,adam,[]
469,Siouxsie,[]
470,Emily,[]
