,user,tags
0,Laurène Poret,[]
1,Paquita Maria Sanchez,[literature]
2,Stephen Durrant,[]
3,Jim,"[novels, lifetime-reading-plan, author-european, bp-2014, 20th-century, read-in-2014, xx]"
4,Noor,[classics]
5, Milica Pavlović,[classics]
6,aaron,[]
7,João Fernandes,[]
8,Meriam Kharbat,[]
9,Elisa.,[]
10,Мартин Касабов,"[20th-21st-century, classics, personal-library, novels]"
11,Bree,[own]
12,Declan,[london]
13,Eleanor,"[bloomsbury, favorite]"
14,Belinda G,"[books-i-hated, i-own-this, stuff-i-read-for-school, university, 2014]"
15,Candi,"[classics-shelf, book-i-own, winter-mini-challenge-2015-2016]"
16,Melissa Rudder,[master-s-exam]
17,Noah,"[3-0, read-in-2015, modernism]"
18,Nelson Zagalo,"[literature, literary_canon]"
19,Candace Hinkle,[]
20,Carla,"[biblioteca-pessoal, 2015]"
21,Paul,[bloomsbury]
22,Suzanne,[]
23,J.D.,"[1900s, books-read-in-2016]"
24,Joana,"[classics, read-in-2012, read-in-portuguese]"
25,Ahmad Sharabiani,"[classic, fiction, literature, 1001-book, modern, british, 20th-century]"
26,Matthew,[]
27,Hannah Courtright,"[fiction-i-ve-read, classics, e-books, indiereadergirl0329-reviews-2014, edingus-again-2014, 2014-reads]"
28,Sorento62,[]
29,Bert,[favorites]
30,Jessica,[]
31,mcgonagallerys,"[physically-owned, in-english, fiction, british-lit, rereading-favourites]"
32,Quo,[]
33,Peyton,[3-stars]
34,Lazarus P Badpenny Esq,"[stories, england, penguin-modern-classics, twentieth-century, death, littlekrakowton-litchat-chit-chat, a-walk-in-the-metafictional-woods, 2009, favorites, u_grad_set_text, enl117_modernism_to_the_present]"
35,Amber Tucker,"[as-a-matter-of-courses, summer-2011, modernist]"
36,Amanda,[favorites]
37,Ed Smiley,[]
38,S©aP,"[1900, letteratura-inglese]"
39,Marco Sousa,"[favorites, owned]"
40,Jennifer,[2016-reads]
41,Sumallya Mukhopadhyay,[]
42,Kate LaClair,[]
43,Miquel Reina,"[classics, top-books, mustread, pearl]"
44,S.,"[read-in-2011, women-writers, didn-t-see-it-coming]"
45,Veda,"[books-read-in-2015, appreciatory]"
46,Emily  O,"[classics, women-authors, group-read, british-lit, recommended-by-friends, classics-club]"
47,Maria Ch,[favourites]
48,Rita,[]
49,Lena,[]
50,Cora,[]
51,K.D. Absolutely,[1001-core]
52,Clif Hostetler,[novel]
53,Jo Ann ,"[abandoned-kick-it-to-the-curb, fiction, literary, audio, classics, tough-books-to-conquer, 2015]"
54,Isaac Cooper,[abandoned]
55,Ben,[favorites]
56,Ami Nicholson,[]
57,Danelle,"[fiction, 20th-century, mine, favorites]"
58,Bea,[]
59,Ajeya,[]
60,Sanaa,"[2014-read, read-need-to-purchase]"
61,Bram,[2009]
62,Rachi,[]
63,Jenn,"[favorites, aha-library]"
64,Nicole,"[1001-list-books, england, 2016]"
65,Joana Margarida,[]
66,Stephane,[]
67,umberto,[fiction]
68,Liz,"[favorites, 5-star, classics, own, class-novel-at-the-end-of-the-empir]"
69,Jason Pettus,[]
70,Tristan,[classic]
71,Salha,[]
72,Guy Portman,[fiction]
73,Amira,[]
74,Robin,"[literature, 2015, novella]"
75,Moses Kilolo,[]
76,Natalie,[]
77,Gisoo,[]
78,Katie Chambers,[]
79,Will,[]
80,Mariam Okasha,[]
81,Frank Terry,[]
82,Kelly,"[favorites, fiction, brit-lit, 20th-century-early-to-mid, examined-lives, vita-virginia-violet-and-kindred, grande-dames, mawwiageiswhatbringsustogethertoday, londonreadinglist]"
83,Sophie,[]
84,Cinthia,"[rory-gilmore-book-challenge, 1001-books-to-read-before-you-die]"
85,Jim Fonseca,[]
86,Ali,[]
87,Alayne,[reviews]
88,Ivani Torales,[]
89,Jenny (adultishbooks),[classics2015]
90,astried,"[2013, communal-reading, that-thing-people-called-love, 2015]"
91,Filipa,"[own, english-books, classics, 1001-books, 2013-reads]"
92,Jaclyn Michelle,[]
93,Stefania T.,[]
94,Julie Decker,[]
95,Inge,"[what-is-this-i-dont-even, school, meh, classics]"
96,João Carlos,"[l2016, classicsread]"
97,Nikki,[modernism]
98,Johan Haneveld,[]
99,Bridget,"[classics, favorites, college, 20c-fiction, books-that-make-me-wanna-write]"
100,Loreal Bolden,[]
101,Kelsey,[]
102,Ana Pardal,[]
103,Naomi V,"[fiction, classics, audible, 2013]"
104,Drew,[woolf2015]
105,Darwin8u,"[1001-ante-mortem, 2014]"
106,Carmo,"[inglaterra, bib-p]"
107,Grace,"[classics, reviewed, adult, prose-is-on-point]"
108,Kalliope,"[fiction-english, literary-classics, britain]"
109,Colton,"[did-not-enjoy, reviewed, college, 2014, classics]"
110,Michael,[favorites]
111,TheGirlBytheSeaofCortez,"[classics, stream-of-consciousness, literary-fiction, contemporary-classics, modernist-novels]"
112,Dominic,[classic-literature]
113,Adarsh Chauhan,[]
114,Keryn,[classics]
115,qtasha,"[literary-fiction, classics, modern-classics, 20th-century-lit, brit-lit, euro-lit, modernism, books-for-writers, psychology]"
116,Manifest  Terror,[]
117,Liam,[]
118,Kate,[classics]
119,Lotte,"[classics, rory-gilmore-challenge, penguin-modern-classics, read-in-2016, fuck-yeah-feminism]"
120,Willy Schuyesmans,[]
121,Rakhi Dalal,"[favorites, to-re-read, woolf, bloomsbury]"
122,Joseph,"[british, bloomsbury]"
123,Wendy,"[fiction, classic, audiobook, 2016]"
124,reihaneh saremi,[]
125,Nathan,"[radcliffe-100, time-100, four-and-a-half-stars, deserves-a-re-read, under-200-pages, lgbt]"
126,matt,"[fictions-of-the-big-it, re-readers, ladies-night]"
127,Elizabeth,"[audio-books, pre-war-post-war-and-wartime-books, borrowed-from-library]"
128,Aubrey,"[5-star, reviewed, prose-prose-prose, reality-check, life-after-life, 1-read-on-hand, feminista, shorty-short, pure-power-of-gr, r-2013, 500-wm-added, r-goodreads, r-2015, antidote-think-twice-read, antidote-think-twice-all]"
129,Noelia,[leído-en-2016]
130,Rafa ,[]
131,Nivedita (thebooklovingnerd),"[favourite-author, best-women-characters, adult-fiction, 2016, classics]"
132,knig,"[classics, 2012]"
133,Nina,[]
134,Judy,"[literary-fiction, classics, world-war-1-fiction, women-s-fiction]"
135,Maude,[]
136,✘✘ Sarah ✘✘ (former Nefarious Breeder of Murderous Crustaceans),"[bookcrossing, 1001, classics, fiction, feminism-is-not-dead]"
137,El,"[20th-centurylit-early, 1001-books-list]"
138,Holly the Infinite Book Dragon,[]
139,Jenn(ifer),"[read-in-2012, summer-of-women-2012, xx]"
140,Erik,[]
141,Fahad,[fiction]
142,Fenia,[favorite-classics]
143,Eric,"[favorites, ficciones, dandies]"
144,Cheska,[favorites]
145,Leahlady,[]
146,Traveller,"[modernism, 1001-books, gilmore]"
147,Writer's Relief,[]
148,Nara,[]
149,Kacie,[]
150,Amy,[2009]
151,Jeremiah,[fiction]
152,Dionisia,"[1001-booklist, lit-flix, library-books, stream-of-consciousness, europe]"
153,Vale,"[english-literature, favorite, woolf, women]"
154,Ronald Morton,"[half-of-1001-books, pre-gr-archival]"
155,Evelina,[]
156,Selena,"[1001-books-to-read-before-death, 2010, literary-fiction]"
157,Miles,[owned]
158,tysephine,"[classics, fiction]"
159,Rebecca,"[classics, read-in-2014]"
160,Aaron Arnold,"[fiction, read-in-2015]"
161,Elisa,[]
162,أمل,"[favorites, feminist-literature]"
163,Richard,[]
164,Nate D,"[britain, interwar-maladies, read-in-2015]"
165,Bokeshi,"[lit-fiction, owned-books]"
166,Chiara Pagliochini,[letteratura-inglese]
167,Angela,[]
168,Katherine Tallent,"[favorites, the-european-novel]"
169,Ana Campanha,[]
170,Vladimir Janjic,[]
171,Holly,"[fiction, classics]"
172,Torrance,[]
173,Stephanie Tessier,[mylibrary]
174,Christian,"[favorites, owned]"
175,Jauncheeto,[]
176,Alicia,"[books-i-own, university]"
177,Duane,"[rated-books, reviewed-books, english-calssics, guardian-1000]"
178,Sara Williams,"[borrowed, lost-interest, read-in-portuguese, movie-or-tv, 1001, read-in-2015]"
179,Szplug,[]
180,Giovanna,[]
181,Lauren  Addicott,[]
182,Jenifer,[]
183,Ophelia.Desdemona,[]
184,Faouzia,[to-read-as-soon-as-possible]
185,Pardis Parto,[]
186,Wafa,"[to-be-reviewed, انجلترا]"
187,Danyellemastro,"[1001, like-fine-wine]"
188,Lua Limaverde,"[novel, british, mulheres-modernistas, forum-epv, 100melhorestime, livrosescritospormulheres, cosac]"
189,David Pimenta,"[3-stars, clube-do-autor]"
190,Jason Koivu,[]
191,Florencia,[]
192,Chrissie,"[philo-psychol, great-britain, hf, relationships, england, audible, ww1, love, 2014-read, classics]"
193,Mowey,[]
194,Celeste Corrêa,"[owned-books, inglaterra, livros-lidos-2015]"
195,Mairéad (is roaming the Undying Lands),"[classics, ebooks]"
196,Faith-Anne,"[modern-literature, my-favorites, virginia-woolf, 2008, 2010]"
197,Anna C,"[lgbtq-fiction, feminism]"
198,Stephen,[]
199,Anne,[kellers12]
200,Mira ,"[favourites, british-literature, own-it, 2011, 20th-century, classics]"
201,Marts  (Thinker),"[classics, 1001-books-you-must-read, books-i-own]"
202,Marc Manley,[]
203,BrokenTune,[reviewed]
204,Antonomasia,"[london, lgbtq, divine-comedy-booklovers, 2013, british, 1001-books, decade-1920s]"
205,Megan Baxter,[]
206,Jackie,[contemplative]
207,Ahmad,[english-classics]
208,Charlotte Coldwell,"[already-own, 3rd-year]"
209,Janice,"[classics, 20th-century]"
210,Margot,[favorites]
211,Clarissa,[kindle]
212,Christina Lawley,[]
213,Jeffrey Keeten,[]
214,Geoff,[favorites]
215,Joca,"[waiting-on-my-shelf, did-not-finish]"
216,Laurel Hicks,"[audible, books-read-in-2011, books-read-in-2012]"
217,Fleur,"[2015, rory-gilmore-challenge]"
218,Madeline,[the-list]
219,John,[fiction]
220,Joseph Fountain,"[20th-century, british-literature, 3-stars, stream-of-consciousness, virginia-woolf, bloomsbury-group]"
221,Blair,"[read-on-kindle, classics, c20th-pre-80s-release]"
222,Steph // bookplaits,[read-in-2016]
223,Ammie,[]
224,Anicius,[]
225,Zari,"[novel, women]"
226,Annie,[favorites]
227,Nema Al-Araby,[]
228,☮Karen,"[nook, classics]"
229,Jason,[modernism]
230,Paul Bryant,[novels]
231,Anahí,[read-in-english]
232,Susan Kelley,[]
233,Hoda Marmar,"[overrated, didn-t-finish, borrowed-from-library, hate-list]"
234,Steve,[]
235,Karen,[1001]
236,Ben Babcock,"[own, literary-pretentious, 2011-read, caitlyn-mcmillan-collection]"
237,Fionnuala,"[woolf-and-related, woolf-novels]"
238,Dawn,[]
239,Alessandra,[]
240,Allison Hiltz,"[fiction, 1001-books, 2013]"
241,Nidhi Singh,[want-to-reread]
242,Pearl,"[1001-books-to-read-before-you-die, miscellaneous, historical, life-story]"
243,Undrakh Ganzorig,[i-own]
244,Macoco G.M.,[]
245,Rahat  Asif,[bingo-challenge-2015]
246,Lily,"[classics, 2014]"
247,C.,"[to-be-re-read, classics, conceptual, may-i-say-blah]"
248,John Velo,"[listenedto, dnf]"
249,Maria Beltrami,"[grandi-classici, narrativa-inglese, biblioteca]"
250,Beth,"[library, slow-progress, classic, subjects-i-know-nothing-about, wish-i-hadn-t-read, october-2011, a-specific-taste, stupid-me, beth-is-all-grown-up, something-different]"
251,Ema,[]
252,Lynda,"[recommend, ylto, bucket-list-books, a-bookclub-made-me, ebook, library]"
253,Donna,[historical-fiction]
254,Arely,[cl-sicos]
255,Barbara,[]
256,Yani,[universidad]
257,Мая,[]
258,Ana,[]
259,Sia7ash,[]
260,Tejas Janet,[]
261,Angie,[]
262,Shannon,[]
263,Laura,[]
264,"Nathan ""N.R."" Gaddis",[the-xyz-ulysses]
265,grant,[]
266,Sovotchka,"[reviewstatus-reviewed, type-kindle, read-kindle]"
267,Nguyễn Hoàng Vũ,[]
268,Andrea (Catsos Person) is a Compulsive eBook Hoarder ,"[classic-literature, z2015-reads]"
269,Cheryl,"[classic-lit, discover-europe, fiction, library-books, woolf]"
270,Ygraine,[]
271,hope mohammed,[روايات-احببتها-جدا]
272,Bucket,"[reviewed, 1001-read-all-editions, literary, classic, life-and-death, women, language, war]"
273,Soup,[]
274,Fabian,[]
275,Lavinia,"[2004-and-older, fiction]"
276,Tracey,[books-i-am-passionate-about]
277,Mohbobeh,[]
278,Lisa (Harmonybites),"[classics, literary-fiction, fiction, novels, ebooks, before-i-die]"
279,Jennifer (aka EM),[novellas]
280,Anna | mybookishdream,[classics]
281,Julie,"[classic, british-isles-theme-setting, war-conflict, book-club-selection, read-2016, best-of-2016]"
282,Alireza,[]
283,Ian Vinogradus,"[reviews, reviews-5-stars, read-2013, woolf]"
284,RandomAnthony,[favorites]
285,Cemre,[]
286,arcobaleno,[letteraturastraniera]
287,Sarah,"[favorites, essential-reading]"
288,Marcia,"[classics, books-to-never-read-again]"
289,Tõnu Laanemäe,[]
290,Francisca,[read-for-uni]
291,Daniel,[favorites]
292,Stephen P,[favorites]
293,Gláucia Renata,[]
294,Hadrian,"[british, fiction]"
295,RebeccaS,"[classics-i-actually-want-to-read, audio-books]"
296,Ayse Kelce,[2016]
297,Victoria,[favorites]
298,Christopher,"[classics, fiction, modern-classics, british, 20th-century]"
299,Lisa Lap,"[classics, fiction, 2012-books-read]"
300,Candice Walsh,[]
301,Kelly Deriemaeker,[]
302,Kim,"[all-time-favourites, audiobook]"
303,Darcy,"[audio-book, listened-to-at-work, historical-fiction, 2015]"
304,James,"[modernism, favorites]"
305,"Debbie ""DJ""",[]
306,sologdin,[literary]
307,Andrea Carolina,"[ingleses, biblioteca-mia, mas-alla-de-mis-espectativas, 2011, 2012]"
308,bookyeti,"[reviewed, give-it-a-miss]"
309,Anne Birdsong,[]
310,Madeleine,"[head-in-the-clouds-nose-in-a-book, my-kingdom-for-a-desert-island, our-libeary, maybe-it-s-time-to-live, 2013, blogophilia]"
311,Facundo Martin,[]
312,Maureen M,[]
313,Karishma,[]
314,Vipassana,"[owned-books, female-perspectives, europe, intimate, gender-and-sexuality, fiction]"
315,Masanobu,"[1001-books, own, read-in-2013]"
316,LiveFreeReadHard,[]
317,yoli,"[2007, school-thesis]"
318,Aya Abo3ghreb ,"[philosophy, novels, classic]"
319,Samet ,[]
320,Ellen,"[favorites, novels]"
321,Stela,"[modernism, reviews, bloomsbury-group]"
322,Jonathan,"[classic-literature, own, university, 1001-books-to-read-before-you-die, quirky, classic-challenge-2, popularity-contest-2, favourites]"
323,Mary,"[fiction, 2012]"
324,Jess Shelley,"[all-time-favorites, 2016, dissertation-tbr]"
325,N W James,[ughmakeitstop]
326,Zanna,"[feminism, england, inter-war]"
327,Dave,"[tbr-challenge-2013, tbr-challenge-2015, tbr-challenge-2016]"
328,Connie,"[classic, europe, 1001-books, literary-fiction, england, spring-2014]"
329,Kim Stallwood,[]
330,David,"[audiobook, female-protagonist, feminist, 1001-books-to-read-before-you-die, british-literature, female-author, rich-people, funky-writing-style, 1920s, england, bad-marriages, character-studies]"
331,Ashley Lynn,"[favorites, recommended, classics, challenging-reads, stream-of-conciousness, strong-female-leads-and-characters]"
332,Helle,"[classics, 1001-books, english-lit, books-i-own, guardian-1000-must-read, virginia-woolf]"
333,Greg Bates,[thrift-store-find]
334,Eileen,[]
335,Williesun,"[reading-classics, lgbtq, 2015, classics, queer-main-characters, books-by-women, on-my-kindle, on-my-physical-shelves]"
336,Jimmy,"[united-kingdom, female, novel, walking, year-1920s, all-in-a-day]"
337,Martine,"[psychological-drama, modern-fiction, film, british, modernism, early-twentieth-century]"
338,Catherine,[]
339,Weltschmerz,[favorites]
340,Jess Wisloski,[]
341,Katie,[i-own]
342,Nika,[favorites]
343,Romain X.,[blog]
344,Lealdo,[favorites]
345,Lynne King,[classics]
346,Tobias,[]
347,Pavel,[favorites]
348,Leah (Books Speak Volumes),"[2013, favorites]"
349,Iris ,"[favorites, own, reviewed]"
350,Jamie,"[favorites, 1001-books, read-in-2011]"
351,Alain,"[clasicos, drama, reto-mujeres-2016]"
352,Megan,[]
353,NocturnalBlaze,"[classici, letture-in-inglese]"
354,Lydia,[2015]
355,Katharine,[2014]
356,Ali Heidari,"[favorites, my-bookshelf]"
357,Nagm Alkamali,[روايات]
358,Tommy,[]
359,Anastasia,[0-2012]
360,Taha,[]
361,rahul,[]
362,Rikke Simonsen,"[owned-books, classics, university, reviewed]"
363,Alex ,"[fiction, 20th-century, 2013-targets, feminism]"
364,Helena,"[own, foreign-authors, 5-stars, favorites, classic, 2016]"
365,Danielle Bahr Barbosa,[]
366,Carol Apple,[]
367,Mari Yeung,[classics]
368,Jesse,"[my-virginia-woolf-obsession, literary-modernism, brit-lit, bloomsbury, formative]"
369,Diana ,"[1001-libros, virginia-woolf]"
370,Diana Garzón,[]
371,Josh,[2016]
372,Edward,"[own, fiction, 5-star, uk-ireland]"
373,Parthiban Sekar,"[favorites, read-again, modern-classics]"
374,Melissa,[]
375,Ellen ,[favorieten]
376,Individualfrog,[writing-qua-writing]
377,Larry Bassett,[fiction]
378,Marlin Elina,"[own, uni-books, favorites]"
379,Maya,[]
380,Samadrita,"[timeless-classics, cherished, romance, slice-of-life, human-drama, european-literature, 1001-and-more, re-readable, britain, adoration, amazing-characterization, by-women-who-matter, po-mo]"
381,Andrés Laverde Ortiz,[fibra-emocional]
382,Martina Mezzadri,[]
383,Andrea,[my-collection]
384,Maria,[]
385,s.penkevich,"[death, europe, war, the_perfect_sentence, woolf]"
386,AC,[novels-english-written-in]
387,Fernanda,[]
388,Alex,"[top-100, 2014, rth-lifetime]"
389,Sherry Cooper,[]
390,Cathy,[classics]
391,Luxor,"[casa, xx, primera, lit-uk]"
392,Elizabeth (Alaska),"[library, classics, 1001-books]"
393,Apatt,"[failed-to-finish, classics]"
394,Greg Giannakis,[favorites]
395,Jay Moran,[favorites]
396,Hend,"[books-i-detest, novels, british-literature]"
397,Sophie (The Uneducated Reader) Aylmore,"[favorites, classics]"
398,Emily,"[classics, english-major-stuff]"
