,user,tags
0,Rinda Rinda,[]
1,Corbin,[]
2,Jim,[]
3,Matt,[]
4,Tim Weakley,[before-2009]
5,Julie P,[]
6,Ian,[]
7,Zechy,[]
8,Susinok,"[classics-ancient, classics-european, scandinavian]"
9,Teresa Camacho Nasr,[]
10,Vince,[]
11,Mitu,[]
12,Haotian Xu,[epic-saga]
13,Auttajahai,[]
14,Marctar,[]
15,Breanna ,[]
16,James Rodriguez,[]
17,Dave Russell,[]
18,Aza,[]
19,Faft,[]
20,Lyle,[]
21,Eleanor,[]
22,oeniadaeowl,[]
23,Laurie,[]
24,jack,[history]
25,Maduinn,[]
26,Saulissimo,[]
27,laura,[]
28,Thomas,[]
29,Gwen,[]
30,Hlöðver Sigurðsson,[]
31,Kathryn,[2012]
32,Amanda BeReckonedwith,[]
33,Carla,[]
34,Volsung,[old-norse-lit]
35,Phivan Wright,[]
36,Paul,[]
37,Suzanne,[]
38,Kevin,[]
39,Kim Kimselius,[]
40,Ellis L.,[history]
41,Matthew,[medieval-scandinavia]
42,diabolo,[]
43,Anouk Jouanne,[]
44,Michael SaharaFrog,[]
45,Jessica,[]
46,Bruce,[]
47,Marie Østvold,"[1001-books-you-must-read, pre-17th-century, european-litterature]"
48,Czarny Pies,[scandinavian-lit]
49,Lisa Boucher,[]
50,Kersplebedeb,[sagas]
51,Susan,[]
52,Laura Haspel,[]
53,Jww,[]
54,Krista the Krazy Kataloguer,[]
55,Stephanie,[]
56,Spencer,[]
57,Thorunn,[2016]
58,Dean,[]
59,Leonora,[]
60,Chris Rhodes,[mythology]
61,Jennifer,[]
62,Aimee,[]
63,Dan,[]
64,Devin,[]
65,Robert,[]
66,Farah,[]
67,Unnur,[]
68,Kelsi,[]
69,Tom,[]
70,Jen,[]
71,Bob,[]
72,June,[]
73,Clif Hostetler,[epic]
74,Brian Delaney,[]
75,Robin Edman,[]
76,Grétar,[]
77,Thorhildur,[]
78,Christina,[]
79,Ben,[]
80,Kadri,[]
81,Lorelei,[]
82,JayDeeReading,[]
83,Eve,[]
84,Bee,[]
85,Ishan Jayawardene,[bad-assery]
86,Roger,[]
87,Brad,[]
88,James Violand,[own]
89,Delascabezas,[]
90,Andrew Dobbs,[]
91,Edelweiss,[]
92,Chris Loy,[]
93,nina,[]
94,MMG,[]
95,Alessia,[]
96,Nicole,[]
97,Anne Thessen,[]
98,Duncan Wilson,[]
99,Heather,[]
100,Kathleen,[]
101,Abi,"[classical-and-medieval, favourites, iceland]"
102,Sara,[]
103,Brian Esser,[]
104,Lis,[]
105,ryn,[]
106,David Melik,"[mythology, for-teens-and-adults]"
107,Katrín Rós,[]
108,Annathelle26,[classics]
109,Stacy,[]
110,Tamra,[]
111,Felicity,[]
112,Jordan,[]
113,Jack,[]
114,Urd,[]
115,Emily Held,[]
116,Alice Handley,[]
117,Ryan,[]
118,Will,[]
119,Linda Mays,[did-not-finish]
120,Madmanden2,[]
121,Kelly,[shelf-of-awesomeness]
122,Lisa,[]
123,Johan,[]
124,Turaaa,"[history, classics, war]"
125,Thryn G,[]
126,Ted Milne,[]
127,Sean,[]
128,Joseph Michael Owens,[]
129,Nani,[]
130,Nikki,"[classics, for-class, medieval-literature, myth-legend-saga-etc]"
131,Banyon Norton,[]
132,Benjamin,[]
133,Nichole,[]
134,Hannah Notess,[translated]
135,Greta,[]
136,Lizzie,[]
137,Tynan,[]
138,Whitney,[]
139,Simmie,[]
140,Grace,[]
141,Joel Erland,[]
142,Ashley,[]
143,Sarah L,[]
144,Michael,[]
145,Rhiannon Boyle,[]
146,Hearthstone,[]
147,Stashu,[]
148,Adam,[]
149,Chet Taranowski,[]
150,Marguerite,[]
151,Sam,[]
152,Zepp,[]
153,Snik,[]
154,Irina,[]
155,Jerry Hyson,[]
156,WheelchairNinja,[]
157,Tawrin,[]
158,Robby,[]
159,Kate,[]
160,baxter,[]
161,Carol Jean,[]
162,Linda Lund,[]
163,Debra,[]
164,Keith Miller,[]
165,Zeshan Sheikh,[favourites-novels]
166,Joseph,[]
167,Kristian Olesen,[]
168,Caroline,[]
169,Carolina,[]
170,Evergreen,[]
171,Elizabeth,[]
172,Ravenna De,[]
173,William,[]
174,Joe,[]
175,Maureen,[]
176,Peveril,[]
177,Joel,[]
178,Jon,[]
179,dogukan,[books]
180,Valerie,[iceland]
181,Tomdestefano,[]
182,Fridrik,[]
183,Rebekah,[]
184,Chad,[]
185,Kate Lansky,[]
186,Alisha Chico,[]
187,Erin,[]
188,Eric,[]
189,Graeme,[]
190,Dos,"[ebook, historic]"
191,Gilbert,[]
192,Svana Hildolfsdottir,[]
193,Boris,[]
194,Amy,[]
195,Briana,"[classics, medieval]"
196,Shane,"[norse, early-literature]"
197,David Hunt,[]
198,Miriam,[]
199,Rebecca,[]
200,Chris Feldman,[]
201,Justin,[]
202,Ke,[]
203,Marina,[]
204,Patrick,[]
205,abcdefg,[]
206,L. (Climbing Mt. TBR one page at a time),[]
207,Stuart Massie,[]
208,LillaSusanne,[]
209,A. Hotzler,[]
210,Padraig MacIain,[]
211,Matthew Walden,[]
212,Marlitharn,[]
213,Craig,[]
214,Jandy,[]
215,Adela,[]
216,Alejandro,[]
217,Colin,"[scholarly-works, great-literature, norse-stuff, rpgs]"
218,Kasia,[]
219,Hubert,[]
220,Robin Smith,[]
221,Peter,[]
222,Joe Sacksteder,[]
223,Jaime,[]
224,James Boone,[]
225,Matthew Jones,[]
226,Shelly,[]
227,Kimberly,[]
228,Austin Spence,[]
229,Jody,[]
230,Holly,[]
231,Douglas Dalrymple,[]
232,Katie Bliss,[]
233,Rocky,[]
234,Cheryl,[]
235,Michael Saddoris,[]
236,Mikhael,[]
237,Dieda Vorkosigan,[]
238,Kit,[recentlyread]
239,Asa,[]
240,Kim,[]
241,Thom Dunn,[]
242,M,"[read-for-a-college-class, history]"
243,Jonathan Ford,[]
244,Duntay,[]
245,Eduardo Santiago,[]
246,Geoffery,[]
247,Sofia,[lit-world]
248,Mark Dickson,[]
249,Inga Ingvarsdóttir,[]
250,Poe,[]
251,Ian Wolfe,[]
252,Sarah,[]
253,Cwn_annwn_13,[on-my-shelf-home-library]
254,Ahimsa,[]
255,Buddy,[]
256,Genevieve,[]
257,Jon-Erik,[]
258,Stephen,[]
259,Bruce Macbain,[]
260,louisa,[war]
261,Miela,[]
262,Vanessa,[]
263,Peter Macinnis,[]
264,Jp,[]
265,Tycho,[]
266,Traczie,[]
267,Mel Reusché,[]
268,Brant,[]
269,Rhod,[]
270,Maggie Ferguson,[]
271,Brad N,[]
272,Jesslyn,[]
273,Brittany,[]
274,Matthew Buell,[]
275,Allegra,[]
276,Carley,[]
277,Mark Kaplan,[]
278,Louis Bouchard,[]
279,Geoff,[]
280,Martin Cochran,[]
281,Brent,[]
282,Shawn Sturgeon,[]
283,Jeremiah Gould,[]
284,Lishesque,[]
285,John,[]
286,Paula,[]
287,Joanne,[]
288,Kristina  UK,[]
289,Anders Petersen,[]
290,Leonard Pierce,[classics]
291,Eirikur,[]
292,Jennybeast,[]
293,Jessup,[]
294,Rudyard,"[historical-fiction, medieval]"
295,Nicholas Whyte,[]
296,Lindsey,[non-fiction]
297,Komadori,[hiatus]
298,Dane,[]
299,Jess Pardue,[]
300,Jason,[]
301,Adam Gutschenritter,"[favorites, norse]"
302,Margrét,"[read-in-2009, read-in-icelandic, for-school, icelandic-books, classics, sagas, historical-fiction]"
303,Steve,[]
304,jessica hui,[]
305,Oscar,[]
306,Katarzyna,[]
307,Timothy,[]
308,glasses like clark kent,[]
309,Ewian,[]
310,Ryan Sarver,[]
311,Riley,[]
312,Greg Tolle,[]
313,Richard,[]
314,Troy Soos,[]
315,MBybee,[]
316,Kenny Shovel,[]
317,Caitlin,[]
318,Hillary,[]
319,Carl,[]
320,Yes & Not Yes,[]
321,Cait,[]
322,Phil,[]
323,Trevor,[]
324,Christopher Thompson,[]
325,Alexandra,[]
326,Britta ,[]
327,Michel,[]
328,David Vazquez,[]
329,Raymond Sauvage,[]
330,Gretchyn,[]
331,Lex Hogan,[]
332,Rachel,[]
333,Lars Noodén,[]
334,Kristi Thompson,[]
335,Hubdiggity,[]
336,Edward,[]
337,Laurel,[]
338,Lauren,[]
339,Shannon,[]
340,Julian Cribb,[]
341,Tom Doyle,[]
342,Nall,[]
343,Tim,[]
344,Martha munters,[]
345,Laura,[]
346,Jeffrey,[]
347,Esther,[rating]
348,Maite,"[epic-poetry, 2015-reading-challenge, book-jar-challenge]"
349,Leith,[]
350,Tpiac,[]
351,ester,[]
352,Tonks,[icelandic-books]
353,Todd,[]
354,Peter Leonard,[]
355,Reid,[]
356,Greg,[]
357,Christian,[]
358,Mitchell,[]
359,Houston,[]
360,David Agraz,[]
361,Janni,[favorites]
362,Julie,[]
363,Julia,[]
364,Maan Salha,[]
365,Pete,[bookclub]
366,Tyler,[]
367,John Barclay,[]
368,Fay,[]
369,sanguis,[]
370,Steve Love,[]
371,Will Kent,[]
372,Viky S. Deneault,"[owned, classic, icelandic, middle-ages, 13th-century, history]"
373,Christopher,[]
374,Stout,[]
375,Larou,[]
376,Mark,[]
377,Gaby,[]
378,Kasey,[]
379,Gabriel,[]
380,Tsukiko YAMAMURA,[]
381,Morgan Mussell,[myth-and-folklore]
382,Margery,[]
383,Sarah Fisher,[]
384,Charles Stanford,[]
385,Carrie,[]
386,Nick,[]
387,Troy,[]
388,Esarah,[]
389,Margot Early,[]
390,Sue,[]
391,Andi,[]
392,Naomi Mullman,[]
393,Mari,[]
394,Jemma,[]
395,Geoffrey,[]
396,Jonathan,[]
397,Terese,[]
398,Hanna,[]
399,Susann,[]
400,McKenzie Cottrell,[]
401,Mixofsunandcloud,[]
402,The Antiquary,[]
403,Connie,[]
404,Chris,[]
405,Gary,[]
406,David,[]
407,Leila,[]
408,Laurie Chipman,[]
409,Nblinks,[]
410,Igor,[]
411,Mia C.,[fiction]
412,John McKewen,[]
413,Argall Pellegrino,[]
414,VeganMedusa,"[own-copy, iceland]"
415,Desclian,"[medieval-literature, norse]"
416,Cameron,[]
417,Julianne,[]
418,Larissa Nash,[]
419,Grumbeld The Dwarf,[]
420,Aaron,[]
421,Max Kaehn,[]
422,Kristi,[]
423,Sigurður,[]
424,Chris Doran,[]
425,Megan,[]
426,Joseph Jupille,[]
427,Lydia,[]
428,Quianna,[]
429,Kitty with Curls,[]
430,Bryan,[]
431,Steven Abbott,[]
432,Stevie,[]
433,J,[]
434,Tommy,[]
435,Dagný,[fiction]
436,Rikkert Kuijper,[]
437,Brandon,[]
438,Chelsea,[]
439,Aboydgilman,[]
440,Kristal Armendariz,[]
441,Brandon Pearce,[epic]
442,Jenny,[]
443,Diana,[]
444,Helena,[]
445,Kenny,[]
446,Erika,[]
447,Tony,[]
448,Enrique,[]
449,Jesse,[]
450,Neil McCrea,[]
451,John Snow,[]
452,Bettina,[]
453,Gene Mayes,[favorites]
454,Josh,[]
455,Abigail,[]
456,Fellows,"[favorites, imagination-fuel]"
457,Emely,[]
458,Melissa,[]
459,Surgat,[]
460,Nate,[euro-lit]
461,Max,[]
462,Paraph,[]
463,Andrew,[]
464,Marco,[]
465,Maria,[]
466,Alex,[]
467,Vladimir,[]
468,Barbrobjørkmo,[]
469,Keith Davis,[]
470,Ielle Palmer,[]
471,Morgan,[]
472,Jan-Maat,"[read-in-translation, iceland, medieval-history]"
473,Alec,[]
474,Júlía,[]
475,Charlotte R.,[]
476,Scott,[]
477,Ibrw52,[]
478,Mikael Lind,"[fiction, history]"
479,Emily,[]
