,user,tags
0,Val,[byt-by-year]
1,Jim,[]
2,Mounir,[]
3,Chris von Rueden,[]
4,Betsy,[]
5,globulon,"[books-i-own, fiction]"
6,Wayne,[]
7,Bayard,[]
8,Brigitte,[]
9,William,[]
10,Randtat,[]
11,Heath Workman,[]
12,Dan,[]
13,Mightymelmoth,[]
14,Delphine,[]
15,Adelle,"[fiction, mgroup, classics]"
16,Kevin Tole,"[classics, latin-american, politics]"
17,Osvaldo Ortega,[]
18,Megan Youngling,[]
19,Charles Dee Mitchell,[modern-fiction]
20,Kåre,[litteratur]
21,Joshua,[]
22,Christopher Wang,[]
23,Mark Fabiano,[novels]
24,Mineola Library,[]
25,Adam Clark,[]
26,Fiona,[]
27,Lysergius,[fiction]
28,Claudia Costin,[]
29,Kevin,[]
30,Ellis L.,[]
31,Feliks,[classic-brit]
32,Matthew,[]
33,Creighton Brown,[]
34,Shinoy Xavier,[]
35,Jimmy Mchugh,[]
36,Dr. M,[]
37,Jeni,[]
38,Janet,[fiction]
39,Bruce,[]
40,Tania Le,[]
41,Kristie,[]
42,Czarny Pies,[english-lit]
43,Dalleer,[]
44,Jeffrey Miller,[]
45,Susan,[]
46,Maximillian,[]
47,Charlie,[]
48,Rat Boy Hedonist,[]
49,Maggy,[]
50,Clay,[]
51,Arun,[]
52,Sónia,[owned]
53,Stephanie,"[classic-1900s, 2015]"
54,James Millen,[]
55,Paul Harris,[]
56,Stephen Kozeniewski,[modern-library-top-100-pre-2013]
57,Robert Hill,[]
58,Jennifer,"[kindle, 1001-bymr]"
59,Travis,[]
60,Hobbeldehoy,[]
61,Adam Cherson,[]
62,Bbrown,[]
63,Nick,[]
64,Mikee,"[conrad, european-literature]"
65,Book,[]
66,Jen,[]
67,Lacey,"[classics, graduate-school]"
68,Dale,"[fiction, adventure, latin-america]"
69,Stephen Brooke,[]
70,Robert Woody,[]
71,Kit,[]
72,Cori,[]
73,Stan,[]
74,Josh Clapp,[]
75,Patrick\,[novels]
76,Michael Monroe,[]
77,Ben,[]
78,Gail Goodrick,[]
79,Alex Abella,[]
80,Darran Mclaughlin,"[modernist, existential, latin-american, polish, classic]"
81,Brad,[]
82,ward,[]
83,vagabonde,[]
84,Chris Holmes,[]
85,Pietro Coen,[joseph-conrad]
86,Steele,[]
87,nina,[]
88,Erin,"[fiction-lit, british-lit, modern-library]"
89,Peter Gulliver,[]
90,Carina,[]
91,Sara,"[fiction, guardian-100-greatest-books, guardian-100-greatest-novels]"
92,Michael Conroy,[]
93,Elham,[]
94,Brian,[classic]
95,umberto,"[fiction, latin-america]"
96,Justin Evans,[fiction]
97,Ivana,[]
98,Nancy Burns,[]
99,Gardner,[literature]
100,Jordan,[]
101,Jack,[]
102,Emily Held,[]
103,Jim Leckband,[]
104,Nathan,[]
105,Lucas,[]
106,Tero Vainio,[]
107,Ryan,[]
108,Brittany,[]
109,Will,[]
110,Duncan Greer,[]
111,Meade,"[classics, literature]"
112,Martin,[]
113,Lisa,[]
114,Sophie,"[fiction, 2011, daily-lit]"
115,Ev,[]
116,Maxwell,[]
117,David Hutchins,[]
118,Benjamin Thomas Sutpen,[]
119,Leslie,[]
120,Sean,[]
121,Willy,[english-literature]
122,Kris,[]
123,Jan,[kindle]
124,Seattle Al,[]
125,Pedro,[]
126,Becky Chown,[]
127,Benjamin,[]
128,Gerald Camp,[]
129,Dada Jyotirupananda,[]
130,brook,[could-not-finish]
131,Darwin8u,"[2011, aere-perennius, 100-modern-library]"
132,Evan,[]
133,Bookfrogglin,[classics]
134,Sini,[]
135,Grace,[]
136,Ashley,[]
137,Dan Jardine,[]
138,Shavaugn,[]
139,Michael,[]
140,Kyle,[]
141,Patrick Sprunger,"[fiction, read-in-2012]"
142,Mateus Pereira,[favorites]
143,Sam,[]
144,Steve Grant,[]
145,Aaron,[]
146,Wei Lin,[]
147,Gary,[]
148,Eliot,[]
149,Kate,[]
150,Jonas Jenal,[]
151,Mts Chimirri,[]
152,Debra,"[sai-king-recommends, historical-fiction]"
153,Joseph,[]
154,Lonely Shikari,[]
155,Philip Lane,[]
156,Caroline,[]
157,Shawna,[]
158,matt,[]
159,Elizabeth,[]
160,Chris Heaney,[]
161,Gina,[]
162,Theresa,[]
163,Juliette,[]
164,Joe,[]
165,arg/machine,[]
166,Jon,[]
167,Persephone Abbott,[]
168,Nina,[]
169,Corinne,[]
170,Miguel,[]
171,Salvatore,[]
172,Tsolomon,[]
173,Meakin Armstrong,[]
174,Matthew Woolf,[]
175,The Docta,"[3rd-world, british-literature, fiction, joseph-conrad, uncomprehending-classes-of-civiliza, undeveloped-nations, revolution, latin-america]"
176,Vic,[]
177,Ugh,[]
178,Chad,[]
179,Phlebas,[]
180,David Hutson,[]
181,Kaycie,[1001_read]
182,Cylonmoon,[]
183,Gabriel Prieto,[]
184,Brent,[]
185,Brendan Hamilton,[]
186,Abhinav Mishra,[]
187,Eric,[]
188,Even,[]
189,Nathan Mahlberg,[]
190,Laura,[]
191,Cyril,[]
192,Ingrid,[]
193,Kevin J. Rogers,[]
194,Vasilis,"[fiction, 2012]"
195,Peter Milligan,[]
196,Jason Pryde,[]
197,Derek Bridge,[]
198,Miriam,[]
199,Meredith Bailey,[20th-century]
200,Larry,[]
201,Tara Calaby,"[adult-fiction, 100-books, own]"
202,Bart Thanhauser,[]
203,Manav,[]
204,Joshua Canaan,[]
205,Calypso,[]
206,Lindsey Duncan,[adult-classics]
207,Wes,[]
208,Patrick,[]
209,Caracalla,[]
210,Karl Schissel,[]
211,Craig,"[favorites, 1001-books-to-read-before-you-die]"
212,Rui Pelejão,[]
213,Lisa Houlihan,"[novel, male, audio]"
214,David Mcintyre,[]
215,Aaron Arnold,"[fiction, read-in-2013]"
216,Peter,[]
217,Rita O'Connell,[]
218,Alun,[]
219,Fred R,[]
220,DC,[ebook-audiobook]
221,Douglas,[]
222,Arukiyomi,[1001-books]
223,Andrew Bertaina,[]
224,Sue Herbert,[]
225,Bill  Kerwin,[]
226,Ph,[]
227,Lance,[]
228,Christian Haines,[]
229,Syd,[]
230,Miriam Green,[audio-book]
231,Albert,[]
232,Phillip Ozdemir,[]
233,Gmlegal,[]
234,Kim,[modern-classics]
235,Karl Lehtinen,[]
236,Tom Lichtenberg,[nineteenth-century-literature]
237,Randal,[]
238,Frederick,[]
239,Lucy,[]
240,Ivan,[]
241,Lindsay,"[bookcrossing, fiction, 1001, z2010]"
242,Florin Pitea,[]
243,Dana B.,[]
244,Sid Stone,[]
245,Missy Reed,[]
246,Janel C.,[]
247,Matt,[]
248,Andra Nicoara,[]
249,Pete Cochran,[]
250,Katherine Vaughan,[]
251,Anne,[]
252,Theeggthefish/wood,[]
253,Anna,[]
254,John Carella,[]
255,Asyoulikeit,[this-year-s-highlights-2012]
256,Jonathan Ward,[]
257,Klaas,[]
258,Jill,[classics]
259,Elise Alexander,[]
260,Ana-Catrina,[]
261,Roger Brunyate,[]
262,Raj Skeptic,[]
263,Mark Ciesluk,[]
264,Jackie,[]
265,Timothy Callahan,[]
266,Marcus Devin,[healy-collection]
267,Cristiana Ferreira,[]
268,Tyler,[]
269,Rodrigo,[brit-lit]
270,Jeffery,[]
271,Jerome,[]
272,Grant,"[audiobook, book-group]"
273,Tait,"[literature, east-european, school]"
274,Burneyfan,[]
275,Katrinka,[]
276,Jed L,[100-best-books-list]
277,Debbie,[100-most-influential]
278,Dara Salley,[]
279,Peter Russell,[]
280,Kaveri,[]
281,John,[]
282,Joseph Fountain,"[british-literature, 4-stars, realism, 19th-century, joseph-conrad, latin-american-literature]"
283,Tlu201,[]
284,Tiffany France,[]
285,Merna,[]
286,Terry,[]
287,Kristina,[]
288,Micah,[fiction-poetry]
289,Julia Michell,[]
290,S,[]
291,Veronica,[]
292,Kate Savage,[]
293,Jason,[]
294,Chip,[]
295,Cecil,[]
296,Steve,"[fiction, favorites]"
297,Karen,[classic]
298,Doug,[]
299,Graham,"[gave-up, free-kindle]"
300,Alex Sarll,[]
301,Timothy,[]
302,Jeremy,[]
303,Robert Anderson,[]
304,Ally Shand,[]
305,Procyon Lotor,[03-avventura]
306,Gareth Wiles,[]
307,Lou,[]
308,Loscrittorucolo,[]
309,Happy Miehle,[]
310,Martin Sowery,[]
311,KennyO,[]
312,Erik Wyse,[20th-century-classics]
313,Steven Dawson,[]
314,Phil,[]
315,Dena,[]
316,Henrique,[]
317,Kenneth,[]
318,Jeske,[]
319,Hugo Emanuel,[owned]
320,Ann,[didn-t-finish]
321,Rachel,[]
322,Kelly Paprocki,[]
323,John Harris,[]
324,Kelly Nielsen,[]
325,ilnyb,[]
326,Brandon Kessler,[]
327,Tim,[]
328,Heulwen,[]
329,Danielle,[]
330,Courtney,[]
331,Stephen Hayes,[]
332,Patrick Hennessy,[]
333,Lisbeth Solberg,[book-group]
334,"Nathan ""N.R."" Gaddis",[]
335,Jacob Michael,[]
336,John Pedersen,[fiction]
337,Carol Harrison,[]
338,Michael McFarland,[]
339,grant,[]
340,Luke,"[british, south-american]"
341,Don Heiman,[]
342,Licamara Riátub,"[libros-preferidos, fase-1]"
343,Phillip,[]
344,Alexander Patino,[]
345,jennifer medina,[]
346,Memphis Reed,[]
347,Danny,[]
348,Greg,[]
349,Mike Eggett,[]
350,Lord Humungus,[]
351,Kylon,[]
352,Ross Perlin,[]
353,Gavin,[]
354,Jennifer Bannan,[]
355,Peter Waller,[5-star-books]
356,Goya Champuru,[]
357,PinkieBrown,[classics-collection]
358,Tanuj Solanki,"[owned, latin-america, britain, dictator-novel]"
359,Ricardo,[]
360,Shannan,[book-club]
361,Daniel,[]
362,Ankursuri,[]
363,Nicholas,[fiction]
364,Tristan Gleason,[]
365,Peter Mathews,[]
366,Seth McGaw,[]
367,Steve Love,[]
368,Vivek,[]
369,Christopher,[]
370,sam Eccleston,[]
371,BiPolar Bear,[]
372,Elisa,[]
373,James,[]
374,Monideepa,[]
375,Gabe,[]
376,Susan Thomas,[]
377,Bricoleur  (David) Soul,[]
378,Alethea,[]
379,James Morgan,[]
380,Esceilenn,[]
381,Augustus,[classic]
382,Kevin Varney,"[1719-1913, late-victorian-gloom]"
383,Scarlet,[]
384,Ivana Split,[]
385,Judith Hannan,[]
386,Lyn,[]
387,Enid,[]
388,Marc,[english-literature]
389,Mark,[]
390,Geoffrey,[]
391,David Axelrod,[favorites]
392,Mike,[]
393,Solcofn,[]
394,Nicolas Carrillo,[]
395,Chris,[]
396,Keith,[]
397,Christen Mamenko,[classics]
398,Arild,[]
399,Norbert,[]
400,Bill,[]
401,David,[]
402,Carey Evans,[]
403,Corey,[]
404,Julia,[]
405,Bob,[]
406,Eli Suddarth,[]
407,Leigh,[]
408,Rob,[binned]
409,Catherine,[bookcrossing]
410,K. Smith,[]
411,Melissa Mahle,[100-classics-to-read]
412,Long Williams,[]
413,Barb,[]
414,Dorothy,[english-classics]
415,Skizelo,[]
416,Ben Doeh,[]
417,Katie,[]
418,K.c.,[]
419,Simon,[]
420,Kevin McAllister,[]
421,Juan,[]
422,Steven Logan,[]
423,Joaquin,[]
424,Keith Miller,[]
425,Nikolai Klein,[]
426,Harold,[]
427,Shawn,[]
428,Lisalvold,[top-100-of-the-20th-century]
429,Sigvard,[]
430,Anthony,[]
431,Pastor Ben,[]
432,Desiree,[]
433,Michael Kroft,[]
434,Realini,[]
435,Adrian,[]
436,Brandon,[]
437,Margaret Langstaff,"[classics, tops]"
438,Jeff,[]
439,Diana,[]
440,Joanne,[]
441,Brian Slattery,[]
442,Tony,[fiction-mainstream]
443,Andy,[]
444,Bria,[]
445,Jesse,[]
446,علی,[novels]
447,Rich Martin,[]
448,Eldan Goldenberg,[]
449,Linda,[]
450,Jukka,[no-girlz-allowed]
451,Nate,[]
452,Peter Jakobsen,[]
453,Jake,[]
454,Nick Dablin,[]
455,Colin Wolfe,[]
456,the mad hatter,[]
457,Andrew,[]
458,Squid Varilekova,[]
459,Kendra,[]
460,adam,[]
461,S.B. Stokes,[]
462,Alex,[]
463,Cairnraiser,"[fiction, classic, 1001-books]"
464,carl  theaker,[modern-library-100]
465,Cindy,[]
466,Jan-Maat,"[novel, 20th-century, non-native-author, latin-america]"
467,Steve Shilstone,[]
468,Matthew Murphy,[]
469,Rachel Murphy,[]
470,Bettina,[]
471,Scott,[]
472,Stacey Oh,[]
473,sabi ardalan,[]
474,Emily,[]
