,user,tags
0,Shelby,[]
1,Don Josele,[]
2,Amir Mells,[]
3,Emily Nguyen,[]
4,Aminah Rasheed,[]
5,Nahibya,[]
6,Carlos Peña,[]
7,Yana Masri,[]
8,Sophie Beckerman,[]
9,Bookworm Sean,"[classics, plays, 5-star-reads, ancient-greece]"
10,Maria Ana,"[teatro, greco-latinos]"
11,Julia Tell,[]
12,Γιώργος,"[ancient, read-in-2016, τραγῳδίαι, Σοφοκλῆς-Σοφίλλου-ἐκ-Κολωνοῦ]"
13,Kyle van Oosterum,[]
14,Rachel,[classic]
15,Jack Blashchishen,[]
16,Ahmad Sharabiani,"[classic, drama, literature, mythology, plays, ancient, greece, 05th-century-bc]"
17,Kit Kat,"[classics, historical-fiction]"
18,Jalissa N.,[]
19,Kaion,"[play, essential]"
20,Sylvia,"[e-books-kindle-book, great-books-of-the-western-world, mythology, literature, university-class, classics, challenge-2016, sagas-myth-and-legends, coursera, greek-tragedy]"
21,Krystl Louwagie,[]
22,Cassey Zagala,[]
23,Tricia,[]
24,Janet,[]
25,Bruce,[]
26,Isidora Subotic,[]
27,Carole Rae,[]
28,Jalendhari Tabeeb,[10-seconds-tom]
29,Agus Cuello,[]
30,Audrephilia,[]
31,Emma,"[books-i-own, classics, winter-spring-2014, 3-stars]"
32,Viji Sarath (Bookish endeavors),"[close-to-heart, classics, plays, sophocles]"
33,Karl H.,[]
34,Amanda,[]
35,Mónica,[]
36,Malak Alrashed,[]
37,Caroline Beatle,"[escuela, 2013, grecia]"
38,Timothy Boyd,[]
39,Vittorio Ducoli,[]
40,Jennifer,[]
41,Stephanie Porfirio,[]
42,Ciara,"[arts-one, for-school]"
43,OngoingRain,[]
44,Xing,[]
45,Harvey,[]
46,Elizabeth Dahl,[]
47,Daniela,[]
48,Ifeoma Nwaobi,[]
49,Mina Soare,"[theatre, mythology, dark]"
50,Erick M.,[]
51,Daniel Safsel,[]
52,Brittany Starks,[]
53,Hugo Robinson,[]
54,Andrea Rigdon,[]
55,Olivia Constantino,[]
56,Amena Khan,[]
57,Celena,[]
58,M.C.,[2007-2008]
59,Lani,[]
60,Keelin Ferguson,[mr-schleifer-s-class]
61,Seamus,[10th-grade]
62,Booky Mary,[]
63,Sheila,[re-read]
64,Diego Montanaro,[]
65,Billierosie Billierosie,[]
66,Brett Glass,[]
67,Darrin Lund,[]
68,Nik Smith,[my-bookshelf]
69,Ben Brewski,[]
70,David Sarkies,[tragedy]
71,Bookaholic (reads every mortal thing),"[confusing, classic, 2014-read, adult]"
72,Kathleen,[]
73,Sara,[]
74,Jerbear,[]
75,Sheila ,"[classics, greece, plays]"
76,Cassidy Blagman,[]
77,Viena,[]
78,Sam Pryce,[]
79,I.F. Adams,[]
80,Nicole Fowler,"[classics, class-and-club]"
81,Miranda,[]
82,Duffy Pratt,"[classic, play]"
83,Nathan,[]
84,Martin Rose,[]
85,max,"[greek, drama]"
86,Vic Carstairs,[]
87,Artemis,"[classics, gritty, plays, greek-mythology]"
88,Brittany,"[classic-books, school-books, plays, historical-epic, fiction]"
89,Will,[]
90,Allen G.,[]
91,Kelly,"[classics, greek-mythology, adult]"
92,Briana,[]
93,Abdullah Basaran,[]
94,Jasmeen Santos,[]
95,Soleen Balata,[]
96,Candice,"[classic, plays, fiction]"
97,Filipa,[university]
98,Fania J,[]
99,Julie Decker,[]
100,Amir Atef,[]
101,Kris,[classics]
102,Sama,[]
103,Eliabeth Hawthorne,"[classics, plays]"
104,Annelise,[]
105,Trinity,[]
106,Cecilia,[]
107,Spencer Cloyd,[]
108,Kelsey,[]
109,Abdul Tabel,[]
110,Τζο,[]
111,Luis,[]
112,Grace,"[fiction, plays]"
113,Kalliope,"[classics, re-reads, classical, drama]"
114,Carrrru,[2014]
115,  LunaBel ,[myths]
116,Rozele,[]
117,Beatriz Canas Mendes,[]
118,Michael,[]
119,Melissa Rudder,[]
120,Samantha,[]
121,Victoria Edwards,[]
122,Dulce Zamarron,[world-lit]
123,Nicky Wheeler-Nicholson,[]
124,Bam,"[classics, plays, 2016-reading-challenge]"
125,Jasmine Washington,[]
126,Çağdaş,"[hasan-ali-yucel, mythology, theatre, library]"
127,Megan Post,[]
128,Kylie,[]
129,Felicia Nelson,[]
130,Mont'ster,[classics]
131,Nathan Mcduffee,[]
132,Kate,[]
133,Big Brother,"[europe, bestest, questioning-norms, sad-lonely-thinking-of-suicide, myth-religion, plays, list-world-library]"
134,Faduma Mohamud,[]
135,Cynthia .,"[sophocles, less-than-100, greek]"
136,Ricardo Santos,[]
137,Brittney,[stuff-i-had-to-read-for-school]
138,Erin O'leary,[]
139,Kiara Waithe,[]
140,Alan Smith,[]
141,Carolina,[]
142,David Plunkett,[]
143,Karim Abdel-Khalek‎,"[كتبي-المفضلة, مسرحيات, سوفوكليس]"
144,Heather-Jane,[]
145,Camille ,[]
146,Michael Dober,[]
147,Leoramalho,[]
148,Corinne,"[favorites, plays]"
149,Kate  Van Rompaey,"[did-not-like-it, fantasy, classics, plays-theater, drama, mythology]"
150,Claire S,"[explored-skimmed, studious-teenager-related, unplsnt-b-good, global, classics, historical, psyche-of, fiction, form_complexia, war-mltry-conflt-occ, magc-real-ism, language, philosophy, thtr-art-film-music-etc]"
151,Nina Higson-Sweeney,"[2014-read, classic, fiction, mythology, playscript]"
152,Owen,[classics]
153,Dayana Huerta,[]
154,Zariah,[]
155,Martin Kurniadi,"[poetry, philosophy, greek]"
156,Pavlova Kaiser,[]
157,Chelsea Campbell,[]
158,K.,"[this-shelf-is-divine, european-lit, plays, own, fantasy-sci-fi-dys, goosebumps, major-head-fck, identity-and-psychology, society-culture-and-politics, 17th-cent-and-beyond]"
159,Jasmin,[]
160,Maria L. Lucio,[]
161,Meghan,[]
162,Eduardo,[]
163,Rebecca,[uni]
164,Rory Cecchet,[]
165,Svetlana,[]
166,Paola,[]
167,Eliza Brittni,[]
168,Abeer,"[plays, favorites, reflectionofownfuck, greek]"
169,Hannah Scott,[]
170,Kelly Schumacher,[]
171,John Henry Kleinberger,[]
172,Sandra Strange,[classics]
173,Jason Grullon,[]
174,Jorge Gómez,[]
175,Caroline Gurgel,[]
176,Elise,[school]
177,Lana Scutt,[]
178,Francesca Riffo,[]
179,Madelyn Dunbar,[]
180,Holly,[]
181,Cheryl,[]
182,Adeline,[]
183,Alicia,[personal-classic]
184,Mahdi,[نمایشنامه-فیلمنامه]
185,Kim,[classics]
186,Giorgo Orfanoudakis,[]
187,Bartholomew,[]
188,Timothy Ferguson,[]
189,Lynn,[]
190,Robbie,[]
191,Ana,[amazing]
192,Ellé,[]
193,Alyxsa Ortiz,[semester-1-2012-2013]
194,Dradae,[]
195,Abraham,"[greco-roman, plays]"
196,Jensen Reckhow,[]
197,CatalinaÖ,[favorites]
198,Lindsay,[classics]
199,Fanda Kutubuku,[own-shelf]
200,Bobi,"[read-books-in-2016, bc-books]"
201,Rajesh Natamsha,[]
202,Alana Pettus,[]
203,Adleymyles,[]
204,Emilian Kasemi,[favorites]
205,Passi,[]
206,Bagher (BFZ),[plays]
207,Deniz Balcı,[]
208,Eric Harrington,[]
209,Scott Allen,[]
210,Elvia Martinez,[]
211,Xenophon Hendrix,[]
212,Yasmeen,[read-in-class]
213,Anne,[]
214,Anna,[]
215,Rosemarie,[]
216,Eldenoa,[school]
217,J.T.,[classic-literature]
218,Vanessa,[]
219,Mimi,[]
220,Alex Robertson,[]
221,Lawrencia,[]
222,Qutaiba Ara,[]
223,Amber Flynt,[]
224,Rachna,[]
225,Laura,[read-in-2016]
226,Simon Yu,[advisory-2012-2013]
227,Stella,[]
228,Kaung Myat Han,"[plays, fiction, poetry, fantasy]"
229,Corinne Baum,[]
230,Po Po,[]
231,Nury,[]
232,Renato Magalhães Rocha,"[100-best-books-world-library, all-stars, quickies, reviewed, 2015, plays, the-drama-100]"
233,J.,"[favorites, plays, classics]"
234,Seba Nicolas,[]
235,Jessi,[]
236,Andrea E,[]
237,Bérénice,[]
238,John,"[theater, bce, 2011, egypt, the_greeks]"
239,Umi,[]
240,Oya Özgün,[]
241,Kozmosevren,[]
242,Ariana,[]
243,Jen B,[2013]
244,Senaida Nunez,[]
245,Justin Biggs,[]
246,Lizzie Zunich,[]
247,anarki,[]
248,Marty :},[classics]
249,Nicholas Whyte,[]
250,Annie,[read-in-2015]
251,MiMi,[school-required]
252,Joseph Nelson,[]
253,Jaykumar Buddhdev,[read-many-times]
254,Maan Kawas,[]
255,anik soemarni,[finish]
256,caractere,[]
257,Karen,[2012-2013-advisory]
258,Juli Rahel,[plays]
259,Fernando Phillips,[]
260,Alyssa Wong,[]
261,Ariana Woodson,[]
262,Wadeemah Rahmdel,[]
263,S. Policar,[]
264,Nattida,[]
265,Elmursard,"[classics, tragedy, greek, ancient]"
266,Natalia Rox,[]
267,mara,[]
268,Suhasni Kaul,[]
269,Juan Carlos Santillán,"[reseñas, 3-estrellas, teatro]"
270,Catherine Woodman,[]
271,Estela,"[read-bc-school, 2015, literatura-universal, teatro]"
272,Ghufran Oth,[]
273,Beth,"[2011-reads, reading-for-school, classic, september-2011, october-2011]"
274,Tabytha,[]
275,Cristal Guerrero,[]
276,Bethany,"[young-adult, adult, classic, myths-and-legends, drama, brilliantly-written, rated-pg-13, reviewed]"
277,Mehmet Bozkurt,[]
278,Francisco Henriquez,[]
279,Yann,"[antiquité, théatre, grece, fiction, belleslettres]"
280,Yani,"[teatro, universidad]"
281,Sereleaf,[]
282,Literary Ames {Against GR Censorship},"[classics, male-authors, audiobooks, mythology, free-read, 1st-in-series, psychology, read-in-2014, audiobooksync, plays]"
283,A.L. Butcher,"[fantasy, historical, classics, dark, mythology, historical-fiction, rome, ancient-history, european-history, course-book, mythic, heroic-fantasy, sci-fi-and-fantasy-2015, sf-f-2015-reading-challenge, 2015, ancient-gods-religion, ancient-gods, 2015-bingo-challenge-all-about-bo]"
284,Gulcin Gulcin,[]
285,Dylan Grant,"[favourite, drama, greek, fiction]"
286,Virat Panicker,[]
287,Siobhan,[school]
288,Brittannia,[]
289,Lauren,"[old-books, academic-reasons]"
290,Shannon,"[read-for-school, easy-read]"
291,Beatriz Palacio,[literatura]
292,Chris Schaefer,[]
293,Edwin,[]
294,Carolina Sofia,[e-book]
295,Brianna,[]
296,Jack Cork,[]
297,Danielle,[]
298,Akira C.,[]
299,Jan-Willem,[studies]
300,Djamel Bouchenaki,"[greek-tragedy, sophocles]"
301,Steve,[]
302,Gabriel Aguilera,[]
303,Thalia,"[e-ufh, lmyccelc, daync-fana-crat]"
304,Carol,[]
305,Sarah Sabri,[]
306,Laura Leaney,[]
307,Justin Hills,[]
308,Kirjavaras,"[classics, adult, plays]"
309,Jenny,[]
310,Sammy Colgan,[]
311,IB,"[books-i-own, for-school, young-adult, classics, adult, greek-tragedy, plays]"
312,Carmen,"[plays, education]"
313,Julie,"[fiction, 2010, plays, classical-studies]"
314,Julia,"[classics, ebooks, a-z-challenge, university]"
315,Evelyn Achilles,[]
316,Robyn Leatherwood,[]
317,Kristina Pompilio,[]
318,Sarah,[]
319,Carmyn,"[re-reads, read-in-2009, plays]"
320,María Paz Greene,[]
321,melmarian,"[classics, the-classics-club, plays]"
322,Kutşın Sancaklı,[]
323,Eduard,"[classics, plays, drama, 2014]"
324,María José Pérez,[]
325,James,"[poetry, plays]"
326,Saoirse Sterling,"[champion, past-has-passed, greek, masculine, bookshelf]"
327,Miles Robertson,[]
328,John Devlin,[]
329,Mallory,[school-reads]
330,Swankivy,[]
331,Brenda,"[classics, to-own]"
332,Steven,"[favorites, plays, ancient]"
333,Mya,[]
334,Lyn,[]
335,Sanum,[]
336,angel  castillo,[]
337,Wael Mahmoud,"[fiction, translated]"
338,jennifer,[]
339,Kierra,[]
340,Mia Vazquez,[]
341,Anna Magliano,[]
342,Mike,[books-owned]
343,Lauren Elyse,"[for-university, 2012]"
344,Korey Keiser,[]
345,Allison Dransfield,[required-reading]
346,Paza,"[desde-la-universidad, quieroquieroquiero]"
347,Carla D.,"[read-in-2011, owned, college, in-portuguese, read-in-2015]"
348,Nana Fredua-Agyeman,"[on-my-book-shelf, non-african-books, translation, play]"
349,Aziza,[]
350,Bob,[]
351,Sarah Marie,"[books-i-own, some-people-die, standalones, short-story, mental-illness, male-pov, on-my-kindle, meh, greek-mythology, audiobook, i-would-buy-a-copy-because-i-need-t]"
352,Madison,[]
353,Taylor,"[history, books-i-should-re-read, wishlist, plays, 4-stars-enjoyable]"
354,Johnny,[]
355,Jade,[]
356,Gala,"[reseñados, clásicos, sagas-series-trilogías, teatro, libros-2015]"
357,Li Seagull,"[reviewed, classics, dystopia, wtf, own-hardcopy, play]"
358,Shelley,[]
359,Tim Reilly,[]
360,Brenna,"[classics, plays]"
361,Jason Coleman,[]
362,Leticia,[]
363,Courtney O'beirne,[]
364,Ahmad  Ebaid,[أدب]
365,Francisca Urriola,[]
366,Harold,[]
367,Paige,[]
368,David Gallagher,[]
369,Hana,[]
370,Megan,[]
371,Katharine,[humanities]
372,Topf,[read-in-german]
373,L. C,[]
374,Momina Masood,"[plays-drama, greek-literature]"
375,Josefa Ruz,"[2015, grade-10, read-for-school]"
376,Julian Meynell,"[reviewed, ancient, greek, plays]"
377,Realini,[]
378,Andrea Mitchell,[lit]
379,Franklin,[]
380,Mark,[]
381,Iva,[]
382,Alex Engle,[]
383,Jorge medina,[]
384,Erika,[]
385,Jesse,[]
386,علی,"[tragedies, great-ones]"
387,Helen To,"[reread, thriller, classics, i-freakin-loved-it, tragedy, i-reviewed-it, crime-and-murder, translated-fiction, uni-texts]"
388,Jaro,[favorites-in-my-teens-and-early-20s]
389,Christina,"[list-ap-literature, plays, 2008-reads, textbook, classics, list-college-readers]"
390,Winnie Lim,[]
391,Monica,"[amazing, against-all-expectations-collection, classics, classic, summer-reading, enjoyable, better-than-expected, greek]"
392,Bayan,[]
393,May,[literature-ancient]
394,Andrew,[literature]
395,Brianna da Silva,[]
396,Asia ,[]
397,John Wiswell,[]
398,Neda,[]
399,Nathalia Conti,"[2013, classics]"
400,Josh Piper,[]
401,Olivia Childs,[]
402,Marcele,"[classics, family-copy, about-families, read-in-2014, plays]"
403,Fernando Pereira,[]
404,Aaron Edwards,[]
405,Hend,"[plays, sophocles, greek-literature]"
406,Samara,[]
407,Rutuja Gurav,[]
408,Emily,[]
