,user,tags
0,helen the bookowl,[]
1,Alicia,[]
2,Celeste Corrêa,"[owned-books, colômbia, livros-lidos-2015]"
3,Jim,"[novels, lifetime-reading-plan, nobel-literature, author-south-american, bp-2013, read-in-2013, 20th-century]"
4,Özlem,[]
5,Britany,[classics]
6,Riku Sayuj,"[favorites, r-r-rs, translated, nobel-winners]"
7,Cecily,"[magical-realism, miscellaneous-fiction, south-america]"
8,Heba,[]
9,Sumirti Singaravel,"[readings-worth-a-lifetime, fiction, literature, amazing-work, favorite-authors, to-be-read-before-i-bid-adieu, dangerous-books, favorites, lights-on-my-coast, 6-stars, whacky-brains, abracadabra, winged-words, magic-illusions-wild-imaginations, super-favorites, magical-realism, latin-america-colombia, gabriel-marquez-garcia]"
10,Duane,"[rated-books, reviewed-books, spanish-language, guardian-1000]"
11,Mohamed Saad,[]
12,أَحْمَد,[]
13,Vane J.,"[classics, latin-american, 2015, magical-realism]"
14,Vanessa,"[classics, 2015-tbr]"
15,Marvin,[favorites]
16,Hussein Dehghani,[رمان]
17,Mahmoud Homsi,[]
18,B.Kitanov,"[books-i-own, nobelovci]"
19,Fotooh Jarkas,"[2013, novels, owned-books, intellectual]"
20,Amirabbas Baharfar,[]
21,Reza ghavami,[]
22,Evan,"[world-literature-top-100-list-poll, epic, 2009-reads, none-too-good, oprah, parody-review, __8000-meter-peaks-of-literature]"
23,Fatemeh sherafati,[]
24,Mohammed Yusuf,[]
25,João Fernandes,[nobel]
26,Bassam Ahmed,[]
27,Marmor Owais,"[own-it, 2012-reads]"
28,Philip,"[classics, favorites]"
29,Giuls,[]
30,Ayman  Agour,[]
31,Luís Blue Coltrane,"[favourites, on-my-own, 1001-done, 2015, challenges-2015, le-monde-s-100-books, latin-america]"
32,Nikki,[classics]
33,Glenn Curry,[2016-reading-list]
34,SurferRosa,[latinoamericana]
35,عاصم النبيه,[]
36,Mashael Alamri,"[latin-literature, books-in-2010, favorites]"
37,Ritwik,"[favorites, magic-realism]"
38,Kressel Housman,"[fiction, classics, world-culture, fantasy]"
39,Alice,"[classics, favorites, war, owned, 20th-century]"
40,Chas Smash,[2016-reading-challenge]
41,Eleanor,[]
42,Skorofido Skorofido,[]
43,John,[]
44,Adam,[]
45,Agustina,"[2016, owned]"
46,Radwa,[]
47,Madeleine,"[head-in-the-clouds-nose-in-a-book, 2012, our-libeary, maybe-it-s-time-to-live, blogophilia]"
48,Yair Ben-Zvi,[]
49,Natasha P.,[]
50,Adelina Gabriela,"[fiction, classics, books-everyone-should-read, historical]"
51,Ana,"[2015, favorites, classics]"
52,Sandra,"[favorites, sudamerica, saghe-familiari]"
53,Abdulrahman,"[novels, owned-books]"
54,Afnan Abdullah,[]
55,Beril,[]
56,أحمد أبازيد Ahmad Abazed,[]
57,Urangoo,[]
58,Çağdaş,"[can-yayinlari, library]"
59,Parastoo Ashtian,[]
60,Joanna Marie,"[lit-classics, all-time-faves, own-physical-copies, 2014-boty, latin-america]"
61,Mateo,[]
62,Simona Bartolotta,[1900]
63,Kenghis Khan,[]
64,Geoff,[]
65,Daniel,[]
66,Sahar,[]
67,Jukang Liwayway,"[book-bucket-list, highly-recommended, book-geeks-ph-selection, favorite, nobel-laureates]"
68,Nick Iuppa,[]
69,Miquel Reina,"[classics, mustread, magic-realism, spanish, pearl]"
70,Lyn,[]
71,Suzanne,[]
72,Nandakishore Varma,"[literature, favourites]"
73,Kevin,"[own-books, favorites]"
74,Nicolás,[2016]
75,Jacey,"[fantasy, fiction]"
76,Učitaj se!,[finished]
77,Luis,[]
78,خارج نطاق الكوكب ,[]
79,Lalarme23,[must-read]
80,Ahmad Ashkaibi,[not-finished]
81,Shahr Baran,[]
82,Martin Saucedo,[]
83,Joana,[]
84,Ahmad Sharabiani,"[historical, classic, novel, fiction, literature, 1001-book, spanish, latin-american]"
85,Kimberly Carrington-Fox,[otros-géneros-literarios]
86,Shira,[]
87,Vit Babenco,[]
88,Obaydah Amer,[]
89,Madeline,[the-list]
90,أحمد رشيد,[]
91,Thanaa Khawaja,[]
92,Alex,[favorites]
93,Mister Jones,[crap-that-actually-got-published]
94,Jonathan,"[classic-literature, own, 1001-books-to-read-before-you-die, historical, classics-challenge-3, 1001-books-challenge-2014]"
95,Ben Winch,"[colombian, latin-american]"
96,eman,"[غير-مكتمل, روايات]"
97,Íris Santos,"[favorites, paperback-hardcover, 2014, this-book-begs-to-be-re-read, 5-stars]"
98,Lea,[favorites]
99,Meg,[]
100,Marta Conejo,[]
101,Saman Kashi,[novel]
102,Aubrey,"[4-star, reviewed, nobel-prize-people, translated, spanish, 1-read-on-hand, person-of-everything, r-2014, r-goodreads, person-of-translated, antidote-think-twice-read, antidote-think-twice-all]"
103,Scarlet,"[off-the-beaten-track, classics, want-this-place-to-exist, funny, favorites, authors-i-love, magic-realism, best-of-2013, for-my-future-library]"
104,mai ahmd,[روايات]
105,A.J. Howard,"[read-more-than-once, 1001-books, bookshelf-fiction, finished-in-2011, nobel]"
106,رانيا محيو الخليلي,[]
107,Aya Hassan,[روايات]
108,[P],[]
109,رؤیا (Roya),[رمان]
110,Lavinia Zamfir,"[favorites, 20th-century, classics, reviewed, owned, magical-realism, colombian-literature]"
111,Dave Allen,[]
112,T4ncr3d1,"[abbandonati, colombiani, sudamericani, sfida-1001]"
113,هديل خلوف,[rereading]
114,Chris,[fantasy]
115,Sean Leas,[classics]
116,A7mad Atef,[]
117,Sonia M,"[favourite, novels]"
118,Quo,[]
119,DeeDee 3kk,[]
120,Ahmed Ali,[]
121,Henry Martin,[permanent-collection]
122,aia ali,[]
123,Marita Mazanishvili,[]
124,Somayye,[رمان-خارجی]
125,Ashita Thakur,"[inherently-intelligent, magical-realism]"
126,Nahed.E,[كتب-لم-تكتمل]
127,Tony,[abandoned]
128,Miguel,[favorites]
129,Jun Nguyễn,"[classics, novels, tragedy]"
130,Huda Aweys,"[historical-fiction, classics, fantasy, cultural]"
131,Sheyda Heydari Shovir,[]
132,Tufi,[]
133,Otis Chandler,[fiction]
134,Fahime,[]
135,Beejay,[]
136,Mala,"[all-time-favourites, classic-ever-enduring-appeal, dream-fantasy-horror, nobel-prize-winner, brain-pain-group-read]"
137,El,"[20th-centurylit-late, 1001-books-list, anarchism-revolutions, re-read-mania, biddles]"
138,E7san,[]
139,Jason,"[reviewed, wine-club, abandonment-issues]"
140,Paul Bryant,"[modern-classic, novels]"
141,Ron,[general-fiction]
142,Cwpper David,[]
143,Elyse,[]
144,Ayu Palar,[gifts-from-beloved-people]
145,Rod,"[in-translation, nobel-prize-winners]"
146,Titta Magnoli,[]
147,~Abdulمجيد~,"[literature, re-read]"
148,Laura,[]
149, Imene,[ادب-لاتيني]
150,Mohammed Alsaleh,[]
151,Yuki Black,[awesome]
152,Sharyl,[]
153,Fahad,"[fiction, favorites]"
154,يحيى استانبولي Yahia Istanbuli,[أدب-روايات]
155,Ali Faisal,[novels]
156,Ahmed Mahmoud Gamal,[]
157,Odai Alsaeed,[]
158,Lei,[]
159,Katie,"[favorites, fantasy, fiction]"
160,ياسمين ثابت,[]
161,أحمد دعدوش,[]
162,Faezeh,[]
163,Emadeddin,"[so-boring, it-felt-like-umm-i-don-t-know, big-disappointment, couldnt-finish, 2015-reads, ramadan-reads-2015]"
164,Hamid Kazemzadeh,[]
165,Sura  ✿,[novels-روايات]
166,پگاه,[]
167,سارة درويش,[]
168,Lynne King,[my-father-s-books]
169,Mustafa Şahin,"[world-literature, favorites, classics]"
170,Mandy  Sanchez,"[sweet-childhood, wtf-endings, still-loved-something-on-it, love-triangle, the-author-wasn-t-lazy, mom-recommended-it, i-own-it-on-physic, relectures, incest-challenge-2015, 2015-reading-challenge]"
171,Muhammad Galal,"[favorites, جابرييل-جارسيا-ماركيز, foreign-literature]"
172,Jibran,"[fiction, nobel, top-favs, hispanic]"
173,Leonard,"[literature-spanish, favorite]"
174,Macoco G.M.,[]
175,محمد سيد رشوان,"[استعرتها_من_كريم_صديقى, ورقى]"
176,Saddam Bouchaib,[]
177,Khaoula  Dahia,"[paper-book, classic, historical-fiction, fiction, romans, borrowed, more-than-400, read-in-2016, gabriel-garcí-a-márquez, تراجم-صالح-علماني]"
178,Vani !,[]
179,Kirsti (Melbourne on my mind),"[classics, would-not-read-again, classics-club, literature, library, poc-narrator, 2016, diverse-author, translated, magical-realism, setting-south-america]"
180,Gaurav,"[favorites, magic-realism-gabo, postmodern]"
181,أحمد صــــلاح,[]
182,Huda Yahya,"[novels_novellas, gabriel-garcía-márquez, ترجمات-صالح-علماني, magical-realism]"
183,Rodrigo Ferrao,[]
184,C.,"[to-be-re-read, own-or-access, french, south-american, may-i-say-blah]"
185,Mariana,[2015]
186,Emanuele,[]
187,Shayantani Das,[cherished-forever]
188,Louise,"[fiction, nobel-prize-winning-author, south-america-fic-lit, zre-read]"
189,Shaimaa Ali,[]
190,K.D. Absolutely,"[1001-core, 501, favorites]"
191,Ben Loory,[]
192,Esraa Abd-Elrehim,"[في-مكتبتي, novels, read-in-2013]"
193,Joy H.,"[read-partially, fiction, selection-of-library-bk-group, author-nobel-prize-winner, magical-realism]"
194,peiman-mir5 rezakhani,[داستان-و-رمان]
195,Andrea Poulain,[favs]
196,Mohammed Arabey,[]
197,Mohamed El-Attar,"[favorites, in-my-library, novels]"
198,Paula ★Ackerman Jaeger★,[]
199,Elena Druță,[favorites]
200,Açelya,[]
201,Marcela M.,[]
202,Ahmed,[]
203,Chiara Pagliochini,[letteratura-colombiana]
204,Stela,"[magic-realism, reviews, re-read, gdl, nobel-authors]"
205,صوتٌ أبيض,[]
206,Markus,"[2014, historical-fiction, classics]"
207,Negar,"[fantasy, classic, translated, historical-fiction]"
208,Afshar,[]
209,Ahmed Abd Rb El Naby,[]
210,Arwen56,"[romanzi, favorites, nobel-per-la-letteratura, lett-colombiana, colombia]"
211,Scarlet Cameo,[rc-15]
212,Zorena,"[favorites, classics, magical-realism, 1001, latin-america, latin-american-literature]"
213,Marjan,[library]
214,Brad,"[sci-fi, fantasy, traditional-fiction]"
215,Afrah,[]
216,Yani,[]
217,Mohammed Youssef,"[إستعارة, أدب-مترجم, ورقي, روايات]"
218,E.L. James,[]
219,مرجان محمدی,[]
220,Kevin Ansbro,"[magical-realism, human-imagery, escapism, years-ahead-of-its-time]"
221,Jenny,[]
222,Erika B. (SOS BOOKS),"[spicy, mind-blown, adult-read, supernatural]"
223,Tim,[clampantsclassics]
224,Shaima,[]
225,Ahmed Ibrahim,"[gabriel-garcía-márquez, أدب-مترجم, favorites, ورقى, 2015, مكتبتى, نثر, روايات, ملاحم, روايات-أجيال]"
226,Teresa,"[favorites, n-colombia, 5-estrelas, l-1001bymrbyd]"
227,Nina Rapsodia,"[favoritos, mejores-2010]"
228,Ipek,[]
229,Faisal,[]
230,Joseph,[]
231,Kirstine,"[classics, magical-realism, reviewed, fiction, translated, 1-men, r-2016]"
232,mohamadadali abtahi,[]
233,brian   ,[]
234,Jonathan Ashleigh,[]
235,Ivy,"[checked-out-from-library, published-in-2006, world-lit-challenge, classics]"
236,Jesse,"[book-club, read-in-2010]"
237,Lucy Ibn al-Rashid ,"[fantasy, romance, i-need-a-better-cover, heroes-that-left-me-conflicted, heroines-that-left-me-conflicted, train-wreck-romance, beautiful-titles, total-mindfuck, standalone, adult]"
238,Amr الجندي,[]
239,محمد حسين,[]
240,Heather,[]
241,lanalang,[favorites]
242,Asami M,[my-favorites]
243,Maria ,[]
244,Петър Стойков,[]
245,Christina White,[classics]
246,Emily May,"[classics, magical-realism, 2015]"
247,سلمى اليانقي,[]
248,Tasneem,"[own-it, frndz-gifts, 2010]"
249,Gautam,"[favorites, magic-realism]"
250,عبدالعزيز المحيني,[]
251,Brian,[]
252,Facebrooker,[]
253,Parthiban Sekar,"[favorites, read-again, spanish-trans, translated-texts]"
254,Melissa,[]
255,Ana ,"[made-me-cry, page-turner, fallen-characters, library-books, creatures-spirits, of-family, of-life-and-death, absolute]"
256,سوسن الجبري,[]
257,Jennifer,[bbc-100-books-to-read-before-u-die]
258,ريم الصالح,[]
259,kaśyap,"[favorites, classics, postmodern]"
260,Henry Manampiring,[]
261,Dubravka,"[very-best, ibero-american]"
262,Cheryl,"[war-stories, international-intrigue, mesmerizing, classic-lit, latin-america, pulitzers-nominees, the-magical, nobels]"
263,"Nathan ""N.R."" Gaddis","[dons-syllabus, cnp-review, portospanish-latinamerican]"
264,kaire,[]
265,Oscar O,[]
266,Neal Adolph,"[south-american, nobel-prize, favourites, to-reread, 2016-reads, translated]"
267,Farshad Firuzi,[]
268,Léonard Gaya,[favorites]
269,Atiye Dehghani,[داستان]
270,Andalusian Flower,[favorate-books]
271,سید مرتضی میر,[]
272,Marija Andreeva,"[favorites, classics, bestsellers]"
273,Donald,[]
274,Ken Moten,[20th-century-modernist-stuff]
275,غَــدِيــرٌ,[]
276,Jonyleo,[]
277,Мая,[]
278,Stephen M,"[metafictive-madness, ocean-of-noise, thinking-of-a-dream-i-had]"
279,Larissa Tollstadius,[]
280,Asal Gorouhi,[]
281,aPriL does feral sometimes,"[favorites, awesomely-silly-but-i-loved-it, literary, soap-opera, illuminating, magical-drama]"
282,♛Tash,"[favorites, heartrenders]"
283,Matthew Quann,[]
284,Collin,[]
285,Saoirse Sterling,"[bloody-cack, masculine, ce20, 2016, bookshelf, colombian]"
286,Ibrahim Sherif,"[روايات-أجنبية-مترجمة, read-in-2016, gabriel-garcía-márquez, favorites]"
287,Mohammad,[]
288,شبگیر,"[رمان-و-داستان-خارجی, s-th]"
289,إسراء البنا,"[pdf, novels]"
290,Megha,[]
291,Nat,[]
292,Sara Sbaraglia,"[1950-1999, sf_xx-secolo, sf_alph_challenge, colombia, nobel, sf_giramondo, sf_1001libri]"
293,L.,[]
294,Yara Eisa,"[2012, favorites]"
295,احمد الزكى,[]
296,Fernando,[favorites]
297,Amena,[]
298,Martine,"[modern-fiction, historical-fiction, magic-realism, family-drama, did-not-finish, south-american, disappointing]"
299,Susan Abulhawa,[]
300,Rosie,[]
301,Henry Avila,[]
302,Ravi Gangwani,[]
303,Amr Tawwab,[novel]
304,E. Chainey (Bookowski),[tarihi-kurgu]
305,Mahnaz,[]
306,William Thomas,[dont-believe-the-hype]
307,Lostinanovel,[]
308,Poncho,"[read-in-2015, hispanic]"
309,Amber Foxx,[]
310,Auntie Pam,"[scaffale, 2014, centolibri]"
311,Ali Almatrood,"[reviewed, 2015]"
312,Graciela  Garcia Moreno,[]
313,Noor Al.huda Sawalha,[]
314,Víctor Galán,[]
315,Maria João Fernandes,"[own, favorites]"
316,Elmira,[]
317,Margitte,"[historical-fiction, relationships, 2014-read, golden-oldies-classics]"
318,Faeze Taheri,[]
319,❁ بــدريــه ❁,"[نسخ-إلكترونية, 2015]"
320,Heba El Saeid Mohammed,"[favorites, owned-books, novels]"
321,Irena,[favorites]
322,Silvana,"[lovey-dovey, dark-and-depressing, used-to-own]"
323,arcobaleno,[letteraturastraniera]
