,user,tags
0,An Vanderstraeten,[]
1,Lara,[]
2,Lauren Lee,"[classic, drama, tragedy, plays]"
3,Gizzee,[]
4,Наталия Янева,[]
5,Jipson Lawrance,[]
6,Zanna,"[drama, racism]"
7,Dan,[]
8,Casey,[]
9,Esteban Tomás,[]
10,Shirley,[]
11,Grace Touch,"[reviewed, school-read]"
12,Mark Valentine,[]
13,LaVenna,[shakespeare]
14,Ea Solinas,[]
15,Laurie,"[classics, own, plays, roundtable]"
16,Obsidian,[favorites]
17,Katie Patchell,[]
18,Paul Dinger,[]
19,Melissa Rudder,[]
20,Ezequiel,[libros-unicos]
21,Delilah Jackson,[]
22,Maurinejt,[]
23,Dominique S,[]
24,Sahar,[]
25,Mai Abd Elnaby,[]
26,Miranda Starmz,"[classic, romance, drama, assigned-school-reading, play, tragedy]"
27,Whitney Atkinson,[]
28,Ahmad Sharabiani,"[classic, fiction, literature, plays, british, 17th-century]"
29,Matthew,[]
30,Arax Miltiadous,[]
31,Meche Baca,[]
32,Lexi,[]
33,Robb,[]
34,Natasha GJ Nanny Nakia,"[reseñados-en-nanny-books, 2016]"
35,Hoda,[]
36,Peter Derk,[]
37,Alan,[]
38,"David ""proud Gleeman in Branwen's adventuring party""",[drama]
39,Eman Ismael,[]
40,Emma,[school-church-books]
41,Susan,"[fiction, classic, plays]"
42,Marta,[]
43,Alecia,[]
44,Lauren,[]
45,Clare,"[favourites, epic-stories, good-themes, had-to-read-for-school-and-loved, favourite-antagonists, sympathetic-dark-characters, very-interesting]"
46,Erik Graff,[drama]
47,Jennifer,[classics]
48,Quill,[classics]
49,Mohadeseh Mzn,[]
50,Naomi,[]
51,Arman,"[british-literature, worth-to-be-read-again, plays]"
52,Nynke,[university]
53,Diego Sánchez Pérez,[]
54,Come Musica,[]
55,Laura Pérez,[]
56,Amy Becerra,[]
57,Cora,[play]
58,Marquise,"[classics, plays, shakespeare-after-all, drama]"
59,Kogiopsis,"[the-onerous-halls-of-learning, reviewed]"
60,Katherine,[english-418]
61,Jen ,[]
62,اندروماخي,[]
63,Christina,[topics-in-literature]
64,Ben,[classics]
65,Christine,[]
66,Mark Roche,[school]
67,Calyb Burton,[]
68,Afshar,[]
69,A.J.,[shakespeare]
70,Marius Paulsen (The Norwegian Book dude),[]
71,Wesley Hendrickson,[]
72,Saša Romić,"[classics, drama]"
73,Tessa,[]
74,Amanda Patterson,[]
75,Isabella Perello,[]
76,Federica Frarfi,[]
77,Heather,[]
78,Abi,[4-5]
79,Sara,"[for-the-children, classics, plays, read-in-2016]"
80,Brian,[]
81,Kate McDevitt,[]
82,Goldilocks Reviews,[classics]
83,Liz,[]
84,Natalie Monroe,"[pleasantly-surprised, classics, my-teacher-made-me-read-it, girl-squad]"
85,Molly,[]
86,Joshua Parkinson,[]
87,Kat,"[plays, books-i-ve-taught]"
88,Milad Soor,[نمایشنامه]
89,Merna ,[classics]
90,Jacqueline,"[plays, movies, british-american]"
91,Fernando Ferreira,[]
92,Sofasulki,[]
93,Nicola D'Ugo,[]
94,Neil Coulter,"[fiction, shakespeare]"
95,Daisy,"[fiction, read-in-2014, 4-star, also-a-movie, reviewed, male-main-character, classics, shakespeare-stuff, girl-power, shakespeare-course-2014, plays, read-in-2016, read-more-than-once]"
96,Kelly,[]
97,Benja,[]
98,Begoña,[]
99,Jasmeen Santos,[]
100,Maxwell,"[i-own-it, shakespeare, drama, 2014]"
101,Siham Roby,[]
102,Leslie,[plays]
103,Sean,[theatre]
104,Starbubbles,"[classics, brit-lit]"
105,Simona Bartolotta,"[plays, ebooks]"
106,Eman Ghanem,[plays]
107,Emma Iadanza,"[libertti-and-plays, poetry, read-for-school]"
108,Nikki,"[classics, plays]"
109,Inaara,[]
110,Simon,[]
111,Riku Sayuj,"[favorites, r-r-rs, shakespeare]"
112,Dan Downing,[]
113,الناز ی,[]
114,Alaide Mo,"[classics, university-books]"
115,Hussein Dehghani,[نمايشنامه]
116,Tanya Bilham,[]
117,Ian Brydon,[]
118,Misheel Munkhtsetseg,[]
119,Kalliope,"[classics, fiction-english]"
120,Ashley,[]
121,Seamaiden,[]
122,Leonevans,[]
123,Abdalah Abodief,[]
124,Adam,"[school, literary-classics, read-in-2009]"
125,Dominic,"[classic-literature, drama]"
126,Robin,[]
127,Dmitry Yakovenko,[2015]
128,Michaela,[books-for-uni]
129,Gary,[]
130,Liam,[]
131,Kate,"[classics, plays, college-course]"
132,Lotte,"[classics, assigned-reading, read-in-2016, plays]"
133,Kahveci,"[plays, kindle]"
134,Brian Denton,[]
135,Lalo,"[clásicos, 2016, top100-bokklubben]"
136,Brenna Smith,[read-in-grade-12]
137,Anne-Floor,"[school, books-i-own]"
138,Roger Charles,[]
139,☯Emily ,"[classics, drama, read-in-2015]"
140,Carolina,"[school-reading, classics, renaissance, plays]"
141,Elizabeth,"[action-packed, high-steam-alert, forbidden-love, high-angst-alert]"
142,Aubrey,"[4-star, reviewed, 1-read-on-hand, r-goodreads, school, r-2016]"
143,Marisa Bustamante,[]
144,hayden,"[2013-favorites, ap-lit-year-of-classics-and-fun]"
145,Waffle  Writer,[read-in-2016]
146,Abigail H. Leskey,"[english-british, classics]"
147,Esdaile,"[renaissance-drama, my-library]"
148, Danielle The Book Huntress (Self-Proclaimed Book Ninja),"[classic, required-reading, play]"
149,Fluvia,"[european-classics, plays]"
150,Aathira ***Wandering in Jellicoe Road***,[classics]
151,Audrietapia,[]
152,Edwin Peng,[]
153,Sammi,[books-for-school]
154,Pooya Kiani,"[play, classics-classisim]"
155,Craig Shields,[]
156,Elizabeth Robinson,[]
157,Kaleb,"[own, 2016-reads]"
158,Emadeddin,"[favorites, remarkable, watched-its-movie, i-need-six-stars-for-this, books-i-should-re-read, 2014-reads, best-of-2014]"
159,Katharina Hornung,[a230-reading-and-studying-literatur]
160,Addy,[play]
161,Jazmin Tejada,[]
162,Dolors,"[best-ever, read-in-2015, getting-to-know-shakespeare]"
163,Lisa,[]
164,Jelinas,[]
165,Jamieson,"[read-in-2016, classics, drama, read-for-school, tragedy, western-canon]"
166,Terri Jacobson,"[classics, plays, audiobook]"
167,Raoofa Ibrahim,[dead-authors]
168,Miriam,[theater]
169,mohab samir,[أدب-عالمى]
170,Sinead,[]
171,Anubha,[classics]
172,Rebecca,[the-classics]
173,Saeed,[plays]
174,Bine,[]
175,Usagi Tsukino,"[2016, tragedy]"
176,Abeer,"[plays, goddamnshakespearwow]"
177,LeAnn,[]
178,Natasha,"[classics, fiction, romance, angst, racial, interracial, plays, covergasm]"
179,11,[truth-wrapped-in-fiction]
180,Bogdan Liviu,[]
181,Neil,[]
182,Teresa,"[n-inglaterra, 5-estrelas, g-teatro]"
183,Richard Nelson,[]
184,Eneas,[]
185,Rowena,"[plays, shakespeare]"
186,Wealhtheow,[]
187,Julie,[]
188,Nandini Goel,[]
189,Cassandra,[]
190,Roxanne Yang,[]
191,Brittnie,[]
192,Marcos,[]
193,Emily May,"[classics, plays, favourites]"
194,Emilie Andersen,[books-for-school]
195,Somerandom,[]
196,Bill  Kerwin,[16th-17th-c-brit]
197,Holly,"[shakespeare, play, owned, 17th-century-or-before, classic, read-2015]"
198,Maddie (Heart Full Of Books),[]
199,Danielle Balsamo,[]
200,Markus Sakoschek,[classic]
201,Liz BooksandStuff,[favourites]
202,Seizure Romero,"[classics-lit, college]"
203,Kim,[]
204,mohamed mostafa,[reviews]
205,Khouloud Rekik,[]
206,Sofia T. (♥ Dimitri Belikov),[]
207,Guguk,[martabak-telor]
208,Allison,[]
209,Martina,"[mine-3, classics, plays, for-the-school, 2014-reading-challenge]"
210,Halima ,"[classics, absolute-favourites]"
211,Paige,[english-major-books]
212,Wael Shaltoot,[ويليام-شكسبير]
213,Julia Milius,[]
214,Bruce,[]
215,G.R. Reader,[]
216,Matt,[college]
217,Clement Yeboah,[]
218,Beyza Yüksel,[beyza]
219,Libin,[]
220,Joe Valdez,[plays]
221,Berenice Aldecoa,[]
222,Vane J.,"[classics, 2012, plays, shakespeare, prosegasm]"
223,Gemma,[favorites]
224,Christopher Rush,[]
225,Bianca,[theatre]
226,Jacob,[]
227,Mashael Alamri,"[translated, european-literature]"
228,Luke Reynolds,"[disappointment, romance, tried-message, for-school, classics, plays, my-2016-least-favorites]"
229,Zsa,"[romance, tragedy, drama, 1-star, laaaaaaawd, required-reading-for-school]"
230,"Jeanette  ""Astute Crabbist""","[classics, plays, all-fiction]"
231,Jenny,[]
232,Leisa Michelle,[]
233,Moriah Writes-a-lot,"[50-a-year-challange-2011, for-school, plays]"
234,Peter Holford,[set-texts]
235,Renato Magalhães Rocha,"[100-best-books-world-library, kindle-ebooks, 2014, all-stars, quickies, shakespeare, reviewed, plays, the-drama-100]"
236,Laurel Hicks,"[audible, books-read-in-2014, shakespeare2014, books-read-in-2016, 2016-7]"
237,Book Concierge,"[concierge, library, tragedy, psychology, italy, shakespeare, drama, cyprus]"
238,Elyse Hdez,[]
239,Belle,[]
240,Megan Sanks,[]
241,Bella,[school-stuff]
242,Madeline,[shakespeare]
243,Sydney,"[classics, read-for-school, plays]"
244,John,[read-drama-poetry]
245,Kiwi,"[classics, plays]"
246,Zzckent,[]
247,Guillermo Maxi,[]
248,John Spillane,[plays-read]
249,Pamster,[]
250,Conrado,[]
251,Mary Overton,[]
252,Işıl,[favorites]
253,Veronica,[]
254,Jason,"[for-kindle, reviewed, 2014]"
255,Paul Bryant,[true-crime]
256,Laura,"[classics, audio-books, drama, read-2012]"
257,Karen,[]
258,Lawyer,[]
259,Graham,"[classics, plays]"
260,Alaa Nahlawi,[]
261,Mohamed,[]
262,Adam Floridia,[]
263,Yelania Nightwalker,"[top-10, to-review, historical-fiction, rereading, fiction, classics, violence, love-hate, awful, society, self-improvement, women, contemporary, horror, healthier-sexual-relationship, couples, dating-violence, historical, dysfunctional-family, must-be-read, psychology, mental-illness, mental-health, political-issues, wtf, p-discutir-en-clase, de-pesadilla, drama, crime, 2013, megustaleermexico, sad, asesinatos, locura, problemas-de-comunicacion, filosofico, 2014, celos]"
264,Elena Von ,[]
265,Nicholas Armstrong,[]
266,Kady ~,[أدب]
267,Amanda ,"[shakespeare, drama]"
268,Meera,"[shakespeare, summer-2k14, plays]"
269,Michella Prasilo,[]
270,Henry,[for-school]
271,Beth,[]
272,Deny,"[old-gold, poetry, historical]"
273,Carolyn James,[plays]
274,Lea Zekis,"[for-school, 2015]"
275,Sammy Mcclout,[]
276,Darsie,[classics]
277,Nancy Nguyen,[]
278,Ck,[fiction]
279,SeRRo,[]
280,Rachel,[]
281,Jules Goud,"[back-in-time, from-page-to-screen, school-reads, zee-classics]"
282,Emily L. Moir-Genther,[]
283,Katinthetophat,[]
284,Harrison,"[classics, shakespeare]"
285,Cole,[]
286,Shannon,[]
287,Jorge Jaramillo Villarruel,[]
288,Ambsg,[read-2014]
289,Carrington,[read-harder-challenge-2016]
290,Brianna,[]
291,David Sarkies,[tragedy]
292,Edward Lorn,"[audio-books, 52-in-52-2015]"
293,Draven,[]
294,Rob Trainor,[]
295,Poonam,[historical]
296,"Nathan ""N.R."" Gaddis",[]
297,Becky,[]
298,Amandine,"[théâtre-et-opéra, letto-in-italiano-lu-en-italien]"
299,Taryn,[]
300,Hailey (HailsHeartsNyc),"[owned, reading-for-uni, classics, read-in-2016]"
301,Ken Moten,"[shakespeare-stuff, plays]"
302,Hossein,[]
303,Angie Yousry,[]
304,Akemi G,"[read-fiction, dramas]"
305,Kimberley,[]
306,Naele,[]
307,Sarah Shahid,"[poetry, literature, plays, classics, drama, read-in-2014]"
308,Brad McKenna,[classics]
309,Greg,[drama]
310,Rowland Bismark,[]
311,Mitchell,[]
312,Kristen,"[own, fiction, plays]"
313,Fariza,[novel-grafik-komik]
314,Ayne Ray,[]
315,Epizeuxis,"[political, fiction, disliked-hated, contemporary, historical, poetry, plays]"
316,Jessica Andersen,"[classics, shakespeare]"
317,Julia,"[read-in-2016, favorites]"
318,Manny,"[why-not-call-it-poetry, older-men-younger-women, life-is-shakespeare]"
319,Gorfo,"[classic, my-favorite-character-died, plays]"
320,Sarah,[]
321,DistrictFourGal,[with-school]
322,Russell,[]
323,KC McCauley,[literature]
324,Stacy Saunders,[]
325,Jordan Verhulst,[]
326,Aman,[]
327,zeinab,[شكسبير]
328,Victoria,"[classics, book-club-fretz-park, tower-teams-iv-novel-book-challenge, audiobooks]"
329,Shei Belikov,[classics]
330,Rebecca McNutt,"[romance, classic, death, prejudice, fiction, war]"
331,Sarah Anne,"[classics, 2016-apr, author-male]"
332,Elizabeth Theiss,[]
333,Kasey,[]
334,Billy,[]
335,Sam Hausman,[]
336,Yasmine Carlson,"[yasmine-s-favorite-books, favorites]"
337,Masoud Niazi,[]
338,Ari,"[read-in-2011, must-read-for-school]"
339,Lyn,[]
340,C.B. Cook,"[classics, plays]"
341,Rika,"[klasika-a-povinné-čítanie, to-najlepšie, 5-hviezdičiek]"
342,Kareem brakat,[]
343,Shahram Keivani,[]
344,Mark,[27-shakespeare-ii]
345,Sydney Sutherland,[]
346,Jonathan,"[want, classic-literature, plays]"
347,Mary,[favorites]
348,Robbie,[shakespeare]
349,Caroline Burke,[]
350,Cerys,"[classics, plays]"
351,Robert Morgan,[]
352,Kilburn Adam,[]
353,Kat!e Larson,[]
354,English Education,"[canonical, high-school, shaniqua]"
355,Elilith,[lijmathon-2015]
356,Chris,[books-i-teach-or-have-taught]
357,Jade Heslin,[]
358,Jenessa,"[home-library, read-in-2016]"
359,Edlira Dibrani,[]
360,Mike Vick,[]
361,Makenzie,[]
362,David,"[favorites, plays, british, shakespurrrr]"
363,Rabeea,[]
364,Dionysus,"[classics, plays]"
365,M.Samer.Helo,[روايات-عالمية]
366,Samaneh Khanlari,[]
367,Katherine Olivia,[]
368,Cangül Yurtdaş,[]
369,Bev Spicer,[]
370,Ryan Ligman,[]
371,Katia,"[2014, classics, oh-my-drama]"
372,Arelis,[]
373,Katie,[]
374,Angelica,"[movie, classic]"
375,Pedro,[]
376,Perssis Namour,[]
377,Jeneé,"[don-t-waste-your-time, classics, books-turned-into-movies]"
378,Ruth,[]
379,Adi,[audiobook]
380,Fede,[favorite-books]
381,Hestia,[plays]
382,Selin Alpdoğan,[]
383,NocturnalBlaze,"[classici, letture-in-inglese]"
384,Lydia,[]
385,Alyanna,[2010]
386,Daphne,[school]
387,Nazmus sakib,[]
388,Ryan O'grady,[]
389,Josefa Ruz,"[read-for-school, 2016, grade-11]"
390,Stevie,"[secular, great-books]"
391,Realini,[]
392,Kay Pelham,[with-james]
393,Anastasia,"[0-2012, teatro, shakespeare]"
394,Taha,[]
395,Austin,[]
396,Mohamed Nida نيده,[2014]
397,Afifah Widya,[]
398,Kirsty Leishman,"[plays, tutoring]"
399,Cassidy Washburn,"[shakespeare, i-own, college-books]"
400,Alex ,[]
401,Jeff,[]
402,Florence,[]
403,Jenna,[]
404,Alison,[]
405,Jesse,[]
406,Robby Bassler,[]
407,Myr Iam,[]
408,Kate ,"[the-stacks, shakespeare-and-friends, drama, 17th-century-classics, b]"
409,Kendra Marie,[]
410,Edward,"[library, plays]"
411,Melissa,[]
412,Eve Eve,[]
413,Kristina ,"[classics, read-in-2014]"
414,Monica,[]
415,Thalia Papadakis,[]
416,Arzu Guven,[]
417,Max,[]
418,Tracy,[]
419,Marie,[]
420,Alex,[]
421,Cathi,[]
422,Allison Evans,[]
423,Fernando Pereira,[]
424,Kat Stark,"[favorited, reviewed, literature]"
425,Alec,[]
426,Shannon (Giraffe Days),"[classics, plays, 2014]"
427,Charles,"[shakespeare, drama, plays, romance, classics, tragedy]"
428,Jess,[read-in-2016]
429,Susy,[]
430,جابر طاحون,[مسرح]
431,Emily,[classics]
