,user,tags
0,Oscar Calva,[favorites]
1,sash.,[spanish-spanish-american-lit]
2,Fatima,[book-club]
3,Andreas,[literatur-am-vormittag-vhs-tölz]
4,Perla,[]
5,Walaa,[]
6,Jim,"[novels, author-north-american, bp-2013, read-in-2013, first-novels, 20th-century]"
7,Taka,"[iu-fall-2011, spanish-latin-american-lit]"
8,Carolina Morales,[]
9,Marsha,[]
10,dejamo,[]
11,Juan Flores,[]
12,Edgar Ornelas,"[latinamerican, six-star]"
13,Ahmed Al-Hulaily,[]
14,Jacob Basque,[]
15,Annalisa,"[classics, magical-realism, horror, unreliable-narrator]"
16,Nawesa,"[novels, mexico, favoritos]"
17,Karenina,[latinoamericana]
18,Wafaa Darwish,[salon-aljouma-a]
19,Zadignose,[20th-century]
20,Mateo R.,"[sobrenatural, siglo-xx, religión, mov-realismo-mágico, literatura-mexicana, crimen, experimental, 1950-1959, novela-corta, t-abuso-de-poder, violación-o-intento-de-violación, locura, leídos-a-los-26-años, miseria, incesto, drama-familiar, infancia, ev-revolución-mexicana, indios, religión-cristianismo, ff-fantasmas, ambiente-campo, religión-crist-catolicismo, ambiente-pueblo, cultura-mexicana, ev-guerra-cristera, accidente-de-tránsito-o-de-caballos, t-memoria, fr-sacerdotes, ambiente-pampa-llano-o-llanura, lugar-f-comala, narrador-muerto, promesa-en-lecho-de-muerte, tiempo-fragmentario, fr-terrateniente, fr-sacerdote-alzado-en-armas, fr-padre-sobrevive-a-hijo, velorio, enf-tisis, enf-chincual, amor-de-infancia, fr-borracho-asesino, t-violencia, fr-padre-ausente]"
21,Appu Shaji,[]
22,Matt Longman,[]
23,ahmed Eid,[]
24,Cansu,[]
25,Ana,[c-mexico]
26,Nelson Zagalo,"[literature, literary_canon]"
27,Lubna ALajarmah,"[قرأته-pdf, صالون_الجمعة, صالح-علماني]"
28,Grace,[]
29,Fatma Abd ElSalam,[pdf]
30,هالةْ أمين,[]
31,سُعود,[صالون-الجمعة]
32,M.,"[favoriler, marjin-edebiyat, kutuphanemdekiler]"
33,La.Silbia,[narrativa-sudamericana]
34,Ahmad Sharabiani,"[classic, literature, latin-american, european, magical-realism, 20th-century]"
35,Georg,[english]
36,Matthew,[]
37,Amitha,[unfinished]
38,Jana,[]
39,Ben Winch,"[mexican, latin-american, 5-stars]"
40,Bert,[orgasmic]
41,Yonatan Rivera,[]
42,Cal Smyth,[]
43,Rachel Aucoin,[]
44,Γκέλλυ,"[fiction, reread, everloving, magic-realism, wtf]"
45,Jaime Ancer Fortea,[]
46,Estephany Rojas,[]
47,Mohammed,[]
48,Quiet,[spooky-ghosts]
49,Kevin Tole,"[contemporary-novels, classics, latin-american]"
50,Amanda Senglaub,[]
51,Elissa,[lifetime-favorite-reads]
52,Omar  Baraka ,"[2016, owned]"
53,عبدالله ناصر,[]
54,Stephanie,[]
55,Nahed.E,[]
56,Roy Perez,[]
57,Pardis,[]
58,محمود حسني,[]
59,Baxevanidou Faye,[]
60,k,[]
61,Mohamed Shady,[]
62,Jeraviz,"[classics, magical-realism]"
63,Michelle Hirschfeld,[]
64,Jennpetes,[]
65,Dan,[]
66,Victor,[]
67,Dani Schechtel,[]
68,Nacho.gb,[]
69,Nick,[]
70,Tom,[]
71,Daniela,[]
72,Rita,[]
73,Katsumi,[hispano-american]
74,Heba Al-salti,[]
75,Nayef,[الأدب-اللاتيني]
76,Julio Cesar,[]
77,Pablo Miguel,[]
78,Papa,[school-reads]
79,K.D. Absolutely,"[1001-core, latin-american]"
80,Kathleen,[]
81,Obaid Alsaadi,[]
82,Cory,[]
83,abanob,[]
84,Christina,[]
85,Kahena Joubert,[]
86,Ben,[]
87,Christine,[]
88,Olga,[]
89,Darran Mclaughlin,"[fiction, fantasy, latin-american, gothic]"
90,Lavina,"[fiction, translation, 2008, central_south_america]"
91,Marisol Schulz,[]
92,Lee Tackett,[]
93,Gerardo,"[favoritos, magic, latinoamericana]"
94,Ernesto I. Ramirez,[lit-latinoamericana]
95,Rachi,[2012-reads]
96,Irakli Bakuridze,[]
97,Francesca Wilson,[]
98,Marifer Aldrete,[]
99,زهراء الموسوي,[]
100,Carlos Gomez,[]
101,Rubio,[]
102,John David,[literary-fiction]
103,Andrada,[modern-classics]
104,طاهر الزهراني,[]
105,Rob,"[castellano, magical-realism, latin-america, novella, 2014]"
106,Nicole,[do-you-believe-in-magic]
107,Jaime Triana,[]
108,Heather,[]
109,Sarai Neilan,[]
110,Eman Alshareef,"[to-read-again, pdf, fiction]"
111,Sara,[favs]
112,Brian,[]
113,عبدالعزيز مال الله,[]
114,Lis,[escuela]
115,Walter,[]
116,Charlotte J.,[university]
117,Khaled Eider,[أدب-عالمي]
118,Artur Lins,[]
119,Nahia,[clase-2014-2015]
120,Frances,[]
121,Levan Dzneladze,[]
122,Ahmed Oraby,[]
123,Behzad,[]
124,Yair Vera,[]
125,Alison Love,[]
126,Lucas,[]
127,Natalia,[priceless]
128,L.,[]
129,Maha,[]
130,Ryan,[latin-american]
131,Muhammad Rabi,[]
132,Cosimo,[]
133,Horax,[]
134,Jigar Brahmbhatt,"[favorites, novella]"
135,Lahierbaroja,[]
136,Ümit Nar,[]
137,Axel Ainglish,[favorites]
138,johannaevida,[2015]
139,Prathyush Parasuraman,[]
140,Poncho,"[favorites, read-in-2014, hispanic]"
141,Fabio Bertino,[]
142,Saleh Alasfour,[]
143,Garima,"[to-re-read, sui-generis, short-wonders, moments-of-huh, my-2-cents, wehmut]"
144,Víctor Galán,[]
145,Blue,[read-in-spanish]
146,Cha,[]
147,Marta Badia,[]
148,Oscar Gonzalez,[]
149,Salinas.Elianagmail.Com,[]
150,Mohamed Karaly,[]
151,Hoda Elsayed,"[أدب-مترجم, قراءات-عام-2016]"
152,Arafat Dardasawi,[]
153,Seham,[روايات-عالمية]
154,Katherine Yepes,[favorites]
155,طَيْف,[]
156,Benjamin,[]
157,Tomas,[]
158,Marco,"[classics, 4-or-more-stars, for-college, 2016-reads]"
159,David Gan,[]
160,Ananthu,"[favorites, to-reread]"
161,Tom Lichtenberg,[]
162,Riham.,[]
163,Drew,[]
164,Infada Spain,[]
165,Jenny Beth,[pour-y-vivre]
166,Brittany Wienke,[]
167,Arzu,[roman]
168,Miloš Kostić,[]
169,Kat,[classics]
170,Rome,[]
171,Bahar,[]
172,George Hilton,[lacs-256]
173,Plucino,[literature-spanish]
174,Castela,[favorites]
175,Katy,[]
176,Maria Crespo,[]
177,Norma,"[favorites, to-re-read]"
178,Candace Bethea,[]
179,Bumin Varlı,[]
180,رانيا محيو الخليلي,[]
181,Glire,"[la-biblioteca-de-mi-abuelo, latinoamerica, you-are-my-downfall-you-are-my-muse, own, leyendo-el-mundo]"
182,Ahmad amar ,[]
183,Guilie,"[literary, musts, mexico]"
184,"Fatema Hassan , bahrain",[]
185,عبد الحميد بوحسين,[favorites]
186,Bushra,"[روايات-مترجمة, جنون, فيلم]"
187,Daniel Rodríguez,[]
188,Amal 88,[]
189,محمد الهاجري,[]
190,Natalie,"[fiction, cultural, literary-fiction]"
191,Eugenia,[24-novelas]
192,Oscar Mariscal,[español]
193,matt,"[fictions-of-the-big-it, miniature, top-shelf, worldly-lit, existentialism, shattering]"
194,إبراهيم   عادل ,[]
195,mai ahmd,[روايات]
196,Andrés,[]
197,Monica G,[]
198,Antonio Rocha,[favorites]
199,Joe,"[best-books-ever, 2016]"
200,Fer Juárez,[]
201,Mike Puma,"[2011, mexican-author]"
202,Isabel Jazmín,[]
203,Jude,[emergency-books]
204,Zazu,"[favorites, fantasy, foreign-language, own]"
205,Maritza Buendia,[]
206,حسين عبدعلي,[]
207,Mala,"[all-time-favourites, dream-fantasy-horror]"
208,Laura Martinez,[]
209,Carlo Arriola,[]
210,Mcruz,[]
211,George,[20th-century]
212,Pooya Kiani,"[favourites, novel, stream-of-consciousness, رئالیسم-جادویی]"
213,Damian Reyes,[favorites]
214,Fahad,"[fiction, favorites]"
215,Alex Boehling,[]
216,Abadeer Raafat,"[متفرد, عبث]"
217,David Ranney,[]
218,Gilla,"[5-stars, latin-american]"
219,Kyrillus Saman,[]
220,Kerem Aslan,[]
221,Chanti,"[magical-realism, latin-america]"
222,Mia♫,"[own, school, 2014]"
223,tJacksonrichards,[favorites]
224,محمد سيد رشوان,[]
225,Lydia Flores,[]
226,Mehdi,[]
227,Matthew Balliro,[2010]
228,Charlie Hardy,[]
229,Luis González,[]
230,د.محمد رضا,[]
231,Rebecca,[]
232,Munif,[]
233,Calypso,[]
234,Nickolas the Kid,"[masterpieces, important, magic-realism, wild-west]"
235,Víctor,[]
236,Mariya Alsadiq,[]
237,Tariq Engineer,[]
238,Natasha,[]
239,Sophie v,[]
240,Rinda Elwakil ,[pdf_ebub_tablet]
241,Jamesbeethree,[]
242,Javier Pozo,[]
243,Jozef Ibarr,[]
244,Jorge Gómez,[]
245,Andyg.,[]
246,ايمان,[]
247,احمد سعيد,[]
248,Andrea Siso,[]
249,Mohammad Hasan,[]
250,Behzad behroozan,[]
251,Elise,[]
252,Kevin Cortez,[]
253,Reham Mohssen,[novels]
254,Mario Ordonez,[]
255,Radha,[around-the-year-in-52-books]
256,Nate D,"[mexico, read-in-2014]"
257,Aseel.S,[]
258,Ashok Unny,"[pleasure, of, the, text, latin, american]"
259,Erika Maria,[]
260,Tasneem,[]
261,Rania Chokor,[]
262,Mariana P. Vallejo,"[favorites, books-i-own, 2013]"
263,Sumayah.t,[]
264,Zeren,[]
265,Jasmine,[]
266,تركي الجَندبي,[]
267,Adina R,"[short, latin]"
268,Kim,[]
269,زهرة منصور,[]
270,Ibrahim Sherif,"[روايات-أجنبية-مترجمة, read-in-2016]"
271,Noel Arnold,[]
272,Sejjad K.,[]
273,sunblh,[]
274,Sara Vega,[]
275,خلود,[]
276,Luce,"[physical-books, 2016]"
277,William1,"[fiction, translation, 20-ce, mexico, latin-america]"
278,Lindsay,[favorites]
279,Antifan,[]
280,michelle,"[en-espanol-tambien, there-is-no-such-thing-as-happy, magical-realism-they-say, favorites]"
281,Daniel Mendoza,[]
282,Danny Smith,[]
283,Daniel Fernandes,[]
284,Beau Prince,[]
285,Dina Nabil,[best_ever]
286,Héctor,"[fiction, classics]"
287,Sarah,"[wanna-buy, 2015, pdf]"
288,Eliana Castillo,[]
289,Javier Rivera,[]
290,Karla,[literatura-latinoamericana]
291,وليد الشايجي,[]
292,Branden,[]
293,Jale,[]
294,Stephen,[]
295,Anne,[]
296,Malcolmaffleck,[]
297,Kathy,[]
298,Hager Mahmoud AbdAllah (هاجر محمود عبدالله),[]
299,Ellison Johnstone,[]
300,Michael Brockley,[]
301,Alex Flynn,[]
302,Mohamed Abdelsttar,[]
303,Hna'a Ali,[]
304,Michelle,[]
305,SurferRosa,[latinoamericana]
306,Farith,"[worst-books-ever, expected-more, not-for-me, worst-endings, wtf, 2016, nope, read-in-spanish, ebooks]"
307,Chas Smash,[2016-reading-challenge]
308,Yumi Kaioh,"[favorites, owned-books]"
309,Akshay Bhardwaj,"[absurdist-fiction, drama, classics]"
310,Angel,[]
311,Mimozë,[]
312,Pedro Varanda,[]
313,Öykü,[latin]
314,Carlos Redondo,[latinoamérica]
315,Brent,[underappreciated-greats]
316,Elyse Hdez,[]
317,Teresa,"[5-estrelas, n-mexico]"
318,Mary Skolnik,[]
319,Patricia,[]
320,Fayçal kh,"[مترجمة, تحدي_2015]"
321,Cris Mtz,[favorites]
322,Vit Babenco,[]
323,Jed L,[100-best-books-list]
324,Mónica López,[]
325,Allisonperkel,"[fiction, magical-realism]"
326,Terri,[]
327,Peggy,[latin-america]
328,Dallisonam,[]
329,Miguel Jiménez,"[experimental, realismo-magico]"
330,رانيـــــا .. Rania,[]
331,Lukasz Pruski,[]
332,Isabella,[read-for-school]
333,Dusty,"[graduate-school, read-in-2010]"
334,Erika,[]
335,Lindsey,[]
336,Belen,[]
337,モハメド・サイード,[مكتبتى]
338,glezaran,[]
339,Cel Red,[favorites]
340,Bassel Damra,"[novels-and-plays, read-in-2015]"
341,Chris Campanioni,[]
342,Laura,[]
343,Octavio Pontes,[favorites]
344,Hamad Al-Failakawi,[]
345,Leo Robertson,[spanish]
346,Lina Okar,[]
347,Peter Evans,[]
348,Ishraq,[أدب-لاتيني]
349,Jeremy,"[latin-american-fiction, spanish-language-fiction]"
350,Ahsan,"[translations, latinamerican-mexican, novellas, debuts, 2016]"
351,Eslammohammed,"[favorites, history, super-stars, novels, pdf, my-best-friends, memories, novellas, magical-realism, epub-mobi-fb2-or-other-extensions, desert]"
352,Sue Davis,"[latinoamérica, mexico]"
353,إصلاح الهزاني,[]
354,Mariana,[]
355,Bah Becerra,[]
356,Cain Garcia,[]
357,Kadircan,[2016]
358,Sandra,[sudamerica]
359,Simon Hollway,"[latin-america, 2015]"
360,Ema,"[magical-and-surreal, mexico, bookish-gems, read-in-spanish, classics, read-in-2013]"
361,hanan al-herbish al-herbish,[]
362,Francisco,[]
363,Mohammed Youssef,"[أدب, ورقي, own, روايات]"
364,Mahmoud Ageez,[]
365,Michael Bender,[]
366,SpookySoto,[bookclub]
367,Khol0d Atif,[]
368,Jillian,[]
369,Arturo Moreno,[]
370,Dahiana,[book-club]
371,Mohamed Eshawaf,"[أدب-مترجم, my-favorite-reviews, سلسلة-ال100-كتاب]"
372,Miss,[]
373,Erica Rewey,[]
374,Shannon,[mfa]
375,Araceli Rotaeche,[]
376,Mary Elizabeth,[]
377,Paul A.,[]
378,Hburke727,[favorites]
379,Eliana Rivero,[reading-challenge-41]
380,kaire,[]
381,راضي النماصي,[تم-الشراء]
382,Danielle,[]
383,Nathaniel ,[]
384,Jihane,[]
385,Baharan,[]
386,عبدالله ,[]
387,Dawn Breeze,[]
388,Belal,[]
389,Niloo Beygi,[رمان]
390,Gabriel,[]
391,LonewolfMX Luna,[]
392,Justo,[favorites]
393,Almu,[abandonado]
394,Fabian,[]
395,Carme Arrufat-Dalmau,[]
396,Timoteo Ponce,[]
397,Brian Grover,[]
398,Odd Catrina,[amor-tiempo-y-sombras]
399,Dennis,[]
400,Karl,[my-all-time-favourite-books]
401,Eryn,[]
402,Κατερίνα Μαλακατέ,[]
403,El alquimista del tedio .,[]
404,Eman Abdelhamid Kamal,[]
405,Ricardo,[]
406,Daniel,[]
407,Pamela,[]
408,Stephen P,"[re-read, favorites, latin-american]"
409,Mohamad Khawaldeh,[]
410,Nicholas,[]
411,Miquel Codony,[]
412,María Paz Greene,[]
413,Sergio Muñoz,[favorites]
414,Alberto Jacobo Baruqui,"[bia, mexico-latinoamerica, sal-y-pimienta, por-el-gusto, escritores-favoritos, cuentos, obligados]"
415,Zach,[literature]
416,Jafar,[]
417,Ahmad Badghaish,[]
418,Camila,[]
419,Aisley,[]
420,Seda,[]
421,Jocelyn Cassada,[]
422,Álvaro Martín Rodríguez,[]
423,Abu Hasan,[]
424,Emmanuel Hernández Páez,[]
425,Oliver Twist & Shout,[america-latina]
426,Vania,[project25-2014]
427,Rebecca Blackson,[]
428,Nelson,[]
429,shaihanah,[]
430,Brad Harder,[]
431,Sanrima,[]
432,Frances Sawaya,[in-our-library]
433,Kenny,"[classics, spenky-says-so]"
434,Donato,[]
435,Ashutosh Dash,[]
436,julieta,[mexico]
437,abdou aly,[favorites]
438,Neil MacDonald,[]
439,Ari,[fiction]
440,Readdonkey,[]
441,Dustin,[]
442,Claire Higginbotham,[]
443,Antonio Gomez M,[]
444,Saraí,[]
445,Brandon,[]
446,Maru,"[novela, ficción, drama]"
447,Lino Paul,[]
448,Tina,[]
449,Marijose Sole A,[]
450,Víctor Cázares,[]
451,David Ceballos Correa,"[latinoamericano, poesía, novela-ficción]"
452,Dhanaraj Rajan,"[literature, south-american-lit]"
453,jeremy,"[translation, fiction]"
454,André Balaio,[]
455,Chris,[]
456,Diane Gihring,[latin-american-lit]
457,Steven,"[spanish, latin-american, literature]"
458,Huda Yahya,"[novels_novellas, ترجمات-صالح-علماني, magical-realism]"
459,David,[]
460,Andrius Ledas,[]
461,Zoe Brooks,[magic-realism]
462,Paco,[]
463,Melissa Veras,[]
464,Renato,"[romances, 2012, sul-americanos]"
465,Aral,[favorites]
466,Esteban Vera,[]
467,Mohamed Safwat,[]
468,John steppling,[]
469,Kate,[i-give-up]
470,Mostafa,[کشورهای-لاتین]
471,Andrea Poulain,"[favs, mexican-authors, read-in-2015]"
472,Ms. Jones,[]
473,Gerardo Rondón Restaino,[]
474,Lacolz,[]
475,Helena Prata,"[favorites, magical-realism]"
476,Hakan,[favorites]
477,Smatarese,[]
478,BrianaR,[]
479,Mahdi Kaffash,[]
480,Karem Gutierrez,[]
481,Inés,[kindle]
482,Rute,[]
483,Avneesh Kumar,[]
484,[P],[bitchin]
485,Ahmad MehreZ,[]
486,Hani,[]
487,Juan,[]
488,Jamie,[]
489,Amr,"[pdf, روايات-مترجمة]"
490,jana,[read_2012]
491,Nagm Alkamali,"[روايات, أدب-لاتيني]"
492,Mark Picketts,[]
493,Vanda,[]
494,Marloz Ponce,[read2015]
495,Realini,[]
496,Joselito Honestly and Brilliantly,[]
497,Mario Trejo A.,[]
498,Edgar Pérez,[]
499,Mark,[]
500,rahul,[]
501,Misael,[recomendado]
502,Emma B,[]
503,Ahmed Mansour,"[أدب-روايات, in-my-library]"
504,Fatima Alammar,[novels]
505,Jeff,"[fiction-literary, books-in-translation]"
506,Johan Garcia,[]
507,Ebtihal Abuali,[]
508,Helena,[]
509,Kirstine,"[magical-realism, reviewed, for-uni, translated, 1-men, r-2016]"
510,Tony,"[in-translation, ultrasupermodernistic]"
511,Namrirru,"[latin-america, hell]"
512,Ayah,[]
513,Claudio Saavedra,[favorites]
514,Diana Garzón,[]
515,Sajal M Shrestha,[]
516,Samuel Sánchez Díaz,[]
517,سوسن الجبري,[]
518,Gray Side,[favorites]
519,Sandy or Eva,[]
520,Mar,[]
521,Jorge,[]
522,Andrew,[spanish-language-fiction]
523,Elina,[]
524,Alewasiwasi,[]
525,Fátima,[owned]
526,Emilio Hernández Martín,[]
527,Andrea,[]
528,Sheila rood,[]
529,Larissa,"[in-translation, spanish, found-shelving-browsing, 2013]"
530,Maria,[]
531,s.penkevich,"[death_and_decay, mike_puma_made_me_do_it, mexico]"
532,عبد الزيود,[]
533,Hunt,[]
534,Cindy,[]
535,Jonfaith,[]
536,Original Thabit,[]
537,Stewart,[mexico]
538,Timb,[]
539,Vigdis,[ny-bokhylle]
540,Mogrd Helm,[]
541,Javier Aviña,[]
542,Victoria Varia,[]
543,Hriday,[]
544,João Moura,[]
545,Cristina,[]
