,user,tags
0,Jayme,[]
1,Claus Maack,"[books-in-danish, modern-classics, short-stories-novellas, library-books, childrens-literature, scandinavian-literature]"
2,Jim,[childrens-lit]
3,Settare,[]
4,laura,[]
5,Gabrielle Carolina Nash,[]
6,Correen,[]
7,Collette,[fantasy]
8,Ella,[]
9,M.B. Vigo,[]
10,Christiana,[]
11,D.M. Dutcher ,"[children-s, chapter-book, classic]"
12,Elle,[]
13,Glass,[children]
14,Maureen,[children]
15,Morag Gray,[read-to-grandsons]
16,gina,"[children-s-books, library, movie-tv]"
17,Morgan Hobday,[rereads]
18,Laurie,[]
19,Charlotte,[]
20,Jinky,[read-in-2011]
21,Bonnie,"[reviewed-books, recommended, children-s-books, fiction, novel]"
22,Kathryn,[childrens-books]
23,Lesa,[]
24,Matthew Hunter,"[humor, children-juvenile]"
25,Suzanne,"[audio, children, wobble]"
26,Lily Koh,[]
27,Ahmad Sharabiani,"[fiction, childrens-young-readers, 20th-century]"
28,Anna [Floanne],"[childrens, _scandinavia]"
29,Jane,[]
30,Jana,[children]
31,Claire Bassingthwaighte,[]
32,Jessica,"[fiction, family-read-alouds]"
33,Jenna Jakubowski,[]
34,Rachel Pieters,"[fiction, middle-grade, classic]"
35,Kristin,[children-s-books]
36,Olivia,"[fantasy, owned-by-me]"
37,Trinicandy,[]
38,Czarny Pies,[scandinavian-lit]
39,Susan,[]
40,K,[]
41,Prather Ann,[favorite-children-s-books]
42,Krissy,"[childrens, my-kids-favorites, own]"
43,Maddy Muscat,[books-i-love]
44,Marta,[children]
45,beauregard,[fiction]
46,Amanda,[audiobooks]
47,Judi Ferrari,[]
48,Estevo Raposo,[novela]
49,Sarah Allison,[childrens-books]
50,Margaret von Fizzlewick,[formative-years]
51,Moushumi Ghosh,[]
52,Jennifer,[]
53,Ciara,"[kids-books, especially-great-novels, read-in-2008, read-in-2006, feminist-y-books, read-in-2007, read-in-2009]"
54,cometstrike,[]
55,Mohammad Sameni,[]
56,Monique,[]
57,Sarina,[]
58,Jen,[ya-youth]
59,Ronyell,"[manners, goodreads-group-reads, read-in-1998, astrid-lindgren, swedish-books, 1001-books-you-must-read-before-you, my-blog-reviews, children-s-book, 1001-children-s-books]"
60,Lena,[children]
61,Kori,"[need-to-read-to-asa, kids-books]"
62,Meinar,[]
63,K.D. Absolutely,"[1001-core, childrens]"
64,Maria ,"[read-them-as-a-child, tv, classics]"
65,Lindsay Wallace,[classics]
66,Jaclyn,[]
67,Johanna,[]
68,Kathryn Dikkers,[grades-3-7]
69,Alethia,[]
70,Christina,"[children-read-aloud, did-not-finish]"
71,Kevin Hull,[]
72,Elida,"[1001-books, europe, for-kids, read-2015]"
73,Chiara  ♪*CheesecakeLover*♪,[picture-books]
74,Tawn,[read-aloud-s]
75,Scarlet Cameo,[rc-15]
76,Brad,"[own, library, humor-serious, fiction, used, thrift-store]"
77,Eric Hinkle,[]
78,Gaijinmama,[]
79,Alena,"[read-don-t-have, children-ya]"
80,Rebecca Collins,"[list-of-betterment, novels, ks1, ks2, friendship, humour, family, hopes-and-dreams, bereavememt, journey, good-vs-evil, growing-up, emotions, courage, loss, bravery, lauren-child, lifestyle, crime, belonging, society, heroes, astrid-lindgren]"
81,Talia,[j-fiction]
82,April Knapp,"[classic-fiction, children-s-chapter]"
83,Jenn,"[eced221, modern-fantasy-and-science-fiction]"
84,Ashley M ,[1001-books-to-read-before-you-die]
85,Nicole,"[2009-books, ultimate-favorites, favorite-ya-books]"
86,Sharon,"[childhood, 4-10-times]"
87,Heather,[]
88,Kathleen,[]
89,Sara,[]
90,Irene Susetyo,[astrid-lindgren]
91,Dayna,"[childrensbooks, own-it, early-chapter-books-4-5-6]"
92,Nastassja Riemermann,"[audible, owned, kids-books]"
93,Phoebe Eckstein,[]
94,Gail,[read-aloud-to-the-kiddos]
95,Gretchen,[youngadult]
96,Renee,"[kid-lit, life-is-too-short]"
97,Natalie,"[library, kid-books]"
98,Starry,"[juvenile, fiction, aloud-to-kids]"
99,Alexis,[modern-fantasy-science-fiction]
100,Jennifer Daniel,[read-for-homeschool]
101,Kelly,[]
102,Lisa,[]
103,Sophia,[]
104,Sarah Clark,[]
105,Ali,[]
106,Leslie,"[in-my-library, children-picture, classics, funny-books]"
107,Batsbast,[]
108,Filipa,[]
109,Dicki,[]
110,Ariane Brosseau,[]
111,Michele Lee,"[2010, childrens-middlegrade, reviewed, favorites]"
112,Zoe Lampman,[fantasy-science-fiction]
113,Riku Sayuj,[r-r-rs]
114,Mell,[for-kids]
115,lucy by the sea,[kids-fiction]
116,Maeve,"[children-s-literature, 1001-book]"
117,Suzan,"[young-adult, favorites]"
118,Abbie,[]
119,Serena,[]
120,Greta,[]
121,Emily Larson,[1st-grade-read-alouds]
122,Magnus,[]
123,Lisa Vegan,"[fiction, orphaned-and-quasi-orphaned-kids, reviewed, childrens, novel]"
124,Whitney,[for-the-tykes]
125,Helen,[]
126,Steve Hemmeke,[]
127,Karol,[read-in-2009]
128,AlohaLoved,[]
129,Amy  Adelseck,[family-reads]
130,Jane Irish Nelson,"[childen-s, contemporary, fantasy]"
131,Vivienne,[]
132,Robin,[chapterbooks]
133,Thomasin,"[child-and-young-adult, fiction, classic-must-reads, read-aloud]"
134,zabarj,[international-literature]
135,Erin ☕ *Proud Book Hoarder*,"[children, childhood-nostalgia, 5-star, reviewed]"
136,Tamara,[]
137,Kate,[sophie]
138,Eliza,[]
139,Alessia Starace,[]
140,ABC,[older-kids]
141,KatinaD,[]
142,Wendy,[charlotte]
143,Caroline,[]
144,Kelsey Yates,[]
145,Elizabeth,"[audiobook, 2010, children]"
146,Kimberley doruyter,[]
147,Manybooks,"[childrens-literature, translations, family-stories, astrid-lindgren, book-reviews]"
148,Joy,[]
149,Gina,[]
150,Noémi Balási,"[books-for-the-soul, on-shelf, eternal-childhood, laugh-out-loud-books, cook-and-book-club, nordic-literature, six-stars, feel-good, charmingly-humane, quirky-books, reads-of-2015, zingers-and-quips, for-my-children]"
151,Juliette,[]
152,Adiee,[]
153,Janessa,[]
154,Joan Parker,[children-s-books]
155,Marina Yagüe,[]
156,Milly Smith,"[2015, read-summer-2015]"
157,Valerie,[]
158,Camille Tesch,"[children-s-books, read-aloud-q]"
159,Corinne,"[read-outloud-to-my-kids, 2008, childrens-literature, sheely, xavier, quirky-main-character, sweden]"
160,Judy,[childrens-books]
161,(NS) Becca,[fantasy-sci-fict]
162,Melody,[children-s-ya]
163,Julie Mestdagh,[]
164,Rodriqueze,[]
165,Simone,[children]
166,Cèlia Bertran,[]
167,Neri.,[favorites]
168,Sheri Struk,[]
169,Karly *The Vampire Ninja & Luminescent Monster*,"[child-at-heart, gilmore-girls-said-so, a-to-z-challenge]"
170,Kalen,[]
171,Mrs Bond,[middle-grade]
172,Trina Dubya,[2016-books]
173,Ira Bespalova,"[favorites, love-it-with-all-my-heart, books-of-my-childhood]"
174,Meghan,"[own, childrens, classics, modern-classics, movie, swedish]"
175,Destinee,[]
176,CLM,"[childrensbooks, series]"
177,Kally,[anton]
178,Malinda,[]
179,Delta,[2016]
180,Jernine Bradshaw-Murray,[]
181,Gail Longton Harper,"[cds, 2015]"
182,Natasha,[]
183,Victoria Hansen,[2015]
184,Pinky,[read-in-16]
185,Dana Salman,"[boring-books, classics-and-legends, movies, library-books, read-2010]"
186,Elise,[jonah-read-aloud]
187,Արթուր Միրզոյան,[]
188,Jamie Gilbert,"[26books, books-with-the-kids]"
189,Pam,[mommy-s-shelf]
190,Deborah Markus,[give-me-cake]
191,Woodge,"[kids, reading-aloud]"
192,Theo,[]
193,mia,"[childhood, favorites]"
194,Alicia,[favorite-read-alouds]
195,Mahdi,"[کودک-و-نوجوان, فانتزی, طنز, داستان-خارجی, انگلیسی]"
196,Wayward Child,[]
197,Michyla,[]
198,Lucy,[]
199,Allison,"[read-with-esme, 2009]"
200,Ashley Lahr,[fantansy-books]
201,Heidi,"[children-0-12, series, fiction, 2011-book-challenge, juv-6-12]"
202,Joselito Honestly and Brilliantly,[]
203,Slayermel,"[fiction, classics, own, series, made-into-film, childrens, 1001-books, female-authors, 2009, 20th-century, swedish, 501-must-read-books]"
204,Lindsay,[2015]
205,LadyCalico,[]
206,Revista Fábulas,[]
207,William Wright,[]
208,Lilly,[]
209,Tahleen,[childrens-books]
210,Anna,"[children-s-fiction, classic]"
211,Mirrordance,"[audiobook, archivi, english, digital, infanzia]"
212,Jill,[youth-fiction]
213,Libby,[kids-books]
214,Anna McMaster,[]
215,Nomes,"[i-own, you-make-me-smile, 2011, want-to-hang-out-with-the-gang, favourites]"
216,Michelle,[kidsandteenbooks]
217,Doreen,[children-books-not-written-by-tomie]
218,Jackie,"[children-fiction, humor, classics, strong-female-character, orphans, animals-horses, animals-monkeys, self-expression, 5012]"
219,Soraia,[middle-grade]
220,Stella Star,[children]
221,Trice,"[childrens-ya, audio, library, 2015]"
222,Jenny,[]
223,Eileen Seeley,[]
224,Nura,"[kinderjaren, reading-challenge-2015]"
225,Mackenzie,[]
226,Tomigirl44,[]
227,James Perkins,[]
228,Patricia,[]
229,John,[daughter-time]
230,Priscila Lima,[]
231,Christian McKay,[children-s-books]
232,Lesa Loves Books,"[juvenile-middlegrade, favorites, humor, tall-tales-folk-tales, 2016]"
233,Astrid Notarangelo,[]
234,Alissa Patrick,[books-for-amelia-sydney]
235,Isaiah,[]
236,Donatella,"[novels, humor, children, literature-fiction, teenagers, adventure]"
237,AvidReader47,[]
238,Isabella,[great-reads-by-oprah]
239,krym,[children-s]
240,Zari,"[novellate, childhood, fantasy]"
241,June Geiger,[books-i-ll-never-outgrow]
242,Lindsey,[2015]
243,Phoebe,[middlegradefiction]
244,Sarah Ann,[books-reviewed]
245,Temperamente,[ragazzi]
246,Rach,"[book-becomes-movie, challenge-09-fall, 2009, scandinavian, in-translation]"
247,Maggie,[children-s-literature]
248,Maggie V,"[juvenile-childrens, girl-books, multicultural, funny, animals]"
249,Elise Boarder,[]
250,S,[]
251,Laura,[]
252,Karen,"[jacob, ellie, mom, dad]"
253,Zaz,"[0-250p, standalone, children-books, urban-fantasy, read-women-2016]"
254,Francesca Armour-Chelu,[]
255,Chriss,"[my-library, young-adult]"
256,Kelsey,[childrens-chapter-books]
257,Lenoir,"[2013, bedtimestory, 1001, childrens]"
258,sweet pea,[young-adult]
259,Kerry,[]
260,Amanda ,[young-adult]
261,Erika Conley,"[chapter, realistic-fiction, friendship, individuality, self-appearance, peer-pressure, imagination]"
262,Sasha,[]
263,Sandra,"[2-star, unhaul, 2016, english, infantil]"
264,Beth,"[youth, fiction]"
265,Amara,[]
266,Denz,[]
267,Penélope ,"[classics, childrens]"
268,meliss,[bedtime-chapter]
269,Maja,"[favourite-books, classics]"
270,Chana Billet,[]
271,Bethany,"[fiction, children, chapter-book, audiobook]"
272,16abby,[]
273,Barbara,"[international-lit, digital-texts]"
274,Indah W,[]
275,Sonja Faust,[]
276,Lauren,[]
277,Shannon,[swedish-kids-books]
278,Susan Baranoff,[books-read-in-childhood]
279,Natalie (weneedhunny),[]
280,Skye,[]
281,Danielle,"[books-i-loved-as-a-child, classic-literature, fantastic-childrens-books]"
282,Steve,"[fiction, guardian-top-100-books-2002, norwegian-bc-top-100-world-lit]"
283,Becky,[]
284,Maddalena,"[children, university, swedish, letteratura-per-l-infanzia]"
285,Naomi Sarah,[childrens-books]
286,Carol,"[childrens, classics, read-with-a]"
287,Dilyana Georgieva ,[]
288,Demetria,"[borrowed, geography-challenge, juvenile]"
289,Jocelyn,"[astrid-lindgren, childhood-favorite, children, childrens-classics, children-s-fiction, children-s-literature, fantasy, friendship, funny, horse, juvenile, monkey, pippi-longstocking, pirates]"
290,Nancy,"[2011, ya]"
291,Gloria,[young-adult]
292,Fatemeh,[]
293,Julie,[kids]
294,Manny,"[swedish-norwegian-and-danish, children, well-i-think-its-funny]"
295,Kara,"[kids-books, read-aloud]"
296,Kari,"[juvenile-fiction, audio-book]"
297,Sarah,[childhood-reads]
298,Nia,"[hasil-bbm, book-child]"
299,Olesya,[]
300,Razvan Zamfirescu,[copii]
301,Zack,[read-in-2009]
302,Harriet Copeland,[]
303,Dacia,[]
304,Victoria,[books-i-ve-read]
305,Brandy,"[2008reads, childrens, friendship]"
306,Sarah Sammis,[released]
307,Ignas,[novel]
308,Ellen Stenzler,[]
309,Heather L,"[childrens-books, 2015]"
310,Celly,[kiddie-lit]
311,Angela Stegeman ,"[librarybooks, paper-books, 4-stars, childrenbooks, 2016]"
312,Phillip,[]
313,Namratha,"[classics, kiddie-brigade, children-s]"
314,Melly Mail,[]
315,Jennifer Margulis,[]
316,Carrie,[]
317,Amy Vasquez,[]
318,Brenda,[fantasy]
319,Alissa,[kids-books]
320,Izabella,"[fantasy, series-of-books, superpowers, school-high-school-university, humour, childrens-middle-grade, adapted, classics, z_cover-colour-purple, literature-scandinavian, reviewed, adventure, 2015, literature-european, illustrations-photos]"
321,Yael,[]
322,Sue,"[books-on-tape, young-adult, classics]"
323,Mari,[]
324,Tina,"[kid-lit, classics, 2008, read-aloud]"
325,Mary,[]
326,Karissa Butikofer,[fantasy-books]
327,Krystle,[]
328,PurplyCookie,"[childrens-books, book-series, 1st-in-a-series]"
329,Amalie ,"[translations, low-fantasy-in-real-worlds, middle-grade]"
330,Kayla,"[middle-grade, owned, classics]"
331,Kimberlie,[]
332,Chris,[]
333,Sheri,[read-aloud]
334,Kirsten,[children-s]
335,Abby,"[children-s-picture-books, favorites]"
336,Teri,[young-adult-classics]
337,David,"[audiobooks, 2016]"
338,Stas,[]
339,Taylor,[]
340,Melanie ,"[classics, read-in-2016, books-i-own]"
341,Dorothy,[mother-daughter-book-club]
342,Katie,"[children, 20th-century, women-writers, swedish]"
343,Juniper Shore,"[short-stories, children, family]"
344,Ruth,[]
345,Megan,"[childrens, classics]"
346,Jeanne O'Hara,[children-s-lit-project]
347,Amy,[]
348,Kate S,"[1001-books-to-read, 2016, read-with-e]"
349,Hans,[]
350,Renee Armitage,[]
351,Casey Anderson,[]
352,Corinne Carr,[]
353,Ch_jank-caporale,[fantasy-fi-sci]
354,Realini,[]
355,Nafiza,"[2012, books-i-own]"
356,Melusine Parry,"[owned, childrens-literature, classic, favorite, astrid-lindgren, pippi-longstocking]"
357,Linnae,"[juvenile, clean-reads, classic-kids-books]"
358,Caryn,"[pre-2010, children-s]"
359,Q_Barb,[rll520-fantasy-sci-fit]
360,Diana,"[not-correct-edition, b4-age-15]"
361,Jessi,"[re-read-often, childhood]"
362,Jenni,[]
363,Esmy,[]
364,Anne-Marie,"[humor, redhead]"
365,Alison,[children-s]
366,Sarah Martin,[]
367,Abigail,[middle-grade]
368,Melissa,[]
369,Linda,[]
370,Brandee Shafer,[read-with-the-kids]
371,Christine,"[childrens, classics]"
372,Mary JL,[young-adult-children]
373,A.,[unfinished]
374,Mad,[]
375,Tracy,[for-fun]
376,Maria,[youngreader-5-13]
377,Marianne Mullen,[kids-young-adult]
378,pietastic,[]
379,Maureen Lubitz,[]
380,Carolyn Roys,[]
381,Vanessa Pebley,[]
382,Puja Patel,"[confidence, emotions, dreams]"
383,Charles,[]
384,Claire,[]
385,Demi,[]
386,Bon Vivant,[]
387,Cristina,[]
388,Jami,[children-s-lit]
389,Emily,[favorites]
