,user,tags
0,Tatyana Naumova,[holocaust]
1,Mathias,[]
2,Jim,[]
3,m.bryan.welton,[]
4,Dan,[]
5,Plato,"[poetry, german, mmb-library]"
6,Ronald,[]
7,Les ,"[holocaust, personal-library, poetry]"
8,Bet,[]
9,Tara Betts,[]
10,Gary McDowell,[to_read_next]
11,Cph23,[]
12,Harperac,"[poetry, german]"
13,Nothing,[]
14,Laurie,[]
15,Joshua,[]
16,Will Owen,"[2015, poetry]"
17,Noah,[]
18,Saut Situmorang,[]
19,Collier,[]
20,Suzanne,[]
21,Lysergius,[german-literature]
22,maggie,[]
23,Christine Neacole,[]
24,Rebeka,[]
25,Arielle,[]
26,M.,"[poetry, 2014]"
27,Darren,[]
28,Rick,[]
29,Rich,[]
30,Jane,[]
31,Janet,[poetry]
32,Ryan MacDonald,[]
33,Janey,"[poetry, translated, read-2012]"
34,Alan,[]
35,Olivia,[]
36,David J.,[]
37,Cooper Renner,[]
38,Charlie,[]
39,Wendy Trevino,[]
40,Irras,[]
41,Matt Knife,[]
42,Stephanie,[]
43,Spencer,[poetry]
44,Jill Chan,[]
45,Jennifer,[]
46,Travis,[]
47,cindy,[]
48,Jared,[]
49,BC Batcheshire,[]
50,Robert,[]
51,Nick,[]
52,Jibran,[verse]
53,S.,"[poetry, 5-stars, german-ic-y]"
54,Hajar Alobaid,[poems]
55,Isaac,[]
56,Jen,[]
57,metaphor,"[poetry, paul-celan]"
58,angela,[]
59,Katherine,[]
60,Angela Becerra Vidergar,[]
61,Ryan Gato,[]
62,Zachary,[]
63,Erica,[]
64,Jacob,[]
65,Brad,[]
66,Creighton,[]
67,Dimitri,[]
68,SP,[]
69,Tarfia,[]
70,Michaelclearwater Clearwater,[]
71,Jenn,[]
72,Wade,[]
73,Nicola,[]
74,Nicole,[]
75,Sharon,[]
76,Heather,[]
77,Sara,[]
78,Brian,[]
79,Mr.,[]
80,PEN Center USA,[pen-center-usa-award-winners]
81,Liz,[]
82,Walter,[]
83,W.B.,[]
84,Beth Marzoni,[]
85,Tina Smalcelj,[]
86,Jordan,[]
87,Matthewsherling,[]
88,LP,[]
89,Gretchen,[]
90,Clarissa Olivarez,[]
91,Aaryn D.,[]
92,Dylan,"[german, poetry]"
93,Nathan,[]
94,Ryan,[]
95,Kelly,[]
96,Lisa,[]
97,tanvi,[]
98,Heidi Nemo,[]
99,mao,[]
100,Ali,[]
101,Nate Slawson,[]
102,Mingus,[]
103,Stevenj,[]
104,lindsay,[]
105,Regina,[]
106,Aslı Can,[e-kitap]
107,Jac,[]
108,James Chafin,[]
109,Greta,[]
110,Evan,[]
111,Garriguscarraig,[]
112,Yigru Zeltil,[]
113,Michael,[]
114,Josh Kellar,[]
115,Adam,[]
116,Sam,[]
117,Elizabeth Metzger,[]
118,Matt Giles,[]
119,Gary,[]
120,Elizabethheisner,[]
121,R L Swihart,[]
122,Shad,[]
123,Sun Yung,[]
124,Rose,[]
125,Ada,[]
126,Evelyn Lauer,[]
127,Joseph,[]
128,todd,[]
129,Kory Martin-Damon,[]
130,matt,[]
131,Elizabeth,[]
132,Kristen Schaffenberger,[]
133,Ron,[]
134,Brian Pounders,[]
135,Ward,[]
136,Marrie,[]
137,Estella,[]
138,Cerena,[]
139,Andrea Rexilius,[]
140,Joanna Neykova ,[]
141,Ammon,[]
142,Chad,[]
143,david,[]
144,Erin,[]
145,Simone,[]
146,Erik,[]
147,Laura Stam,[]
148,Eric,[]
149,Daniele Pantano,[]
150,Mary Louise ,[]
151,Catherine Meng,[]
152,Jake Adam,[]
153,Blake Suedekum,[]
154,Jeff Jackson,[poetry]
155,Rabeah,[]
156,Amick,[]
157,Sven,[]
158,Larry,[]
159,Jeb Haley,[]
160,Rebecca,[]
161,Liz W.,[]
162,Alexander,[]
163,Justin,[]
164,Meredith,[]
165,Patrick,[]
166,A.E. Stueve,[]
167,Jeff Laughlin,[]
168,Miles,[]
169,carol vaz,[]
170,Beverly,[]
171,John Woodington,[poetry]
172,Craig,[]
173,Teresa,[my-favorite-books]
174,Lester,[]
175,Rohan,[]
176,Lisbeth,[]
177,Sheena,[]
178,Elise,[]
179,Peter,[]
180,Oliver,[]
181,DJ,[]
182,Chungsoo Lee,[]
183,Kevin Holden,[]
184,Douglas,[]
185,Ty,[]
186,Julia,[]
187,Shaun,[]
188,Nada,[]
189,Alicia,[poetry]
190,Dusie Press  ,[]
191,Kim,[]
192,Ash,[]
193,Lynn,[]
194,Christine  Walton,[]
195,Frederick,[]
196,Jake Maguire,[]
197,Maryam,[]
198,Nathalie,[]
199,Emilio PÆsano,[]
200,Conrad,[]
201,Farren,[]
202,Aidan,[]
203,Eamonn Barrett,[]
204,Russel,[]
205,Gabrielle,[]
206,Juliet,[]
207,Matt,[]
208,Barry,[]
209,Xio,[]
210,Stephen,[]
211,Anne,[]
212,Jean d'Arp,[]
213,Tess,[]
214,Vanessa,[]
215,Natalie,[]
216,Fred,[]
217,Dirk,[]
218,Mimo,[]
219,Louis,[]
220,Jeremy Allan,[]
221,Crystal,[]
222,Adriana,[poetry]
223,Kristina Darling,[]
224,Rodney,[poetry]
225,J.,[]
226,Rik,[]
227,Derek H,[]
228,Mary Lynn,[]
229,Yifot,[]
230,Brent,[]
231,Zohra Star,[]
232,Adrienne,[]
233,Peycho Kanev,[poetry]
234,Gary Sullivan,[]
235,Patricia,[]
236,John,[]
237,Paula,[]
238,Tootle Darling,[]
239,Hannes,[]
240,Hamish,[poetry]
241,Ariana,[]
242,litherland,[]
243,Jenni,[]
244,phenakistoscope,[]
245,C,[]
246,Anamika,[annotations]
247,Laura Hartmark,[]
248,S,[]
249,B November,[]
250,Kim Lohse,[]
251,Maggie,[]
252,Jason,[]
253,Carolyn,[poetry]
254,Sang,[]
255,orelia,[]
256,Steve,[]
257,jelle,[]
258,Karen,[]
259,Shanley Jacobs,[]
260,هند سعد,[]
261,olli,[]
262,Timothy,[]
263,Susan Rich,[]
264,Trina,[]
265,Ching-In,[]
266,C.,[]
267,sara,[]
268,Amari,[]
269,ebru pessoa,[]
270,Cara,[]
271,Polly,[]
272,Phil,[]
273,Dorothy Wang,[]
274,William Rauscher,[]
275,Chandra,[]
276,Bops,[]
277,Stuart,[]
278,Alexandra,[]
279,Vicky,"[poetry, favorites, to-be-retitled-shelf]"
280,Barbara,[]
281,Ola,[]
282,Helena Corder,[]
283,Ann,[]
284,Sienna,"[library, 2013, poetry]"
285,Lindsay Young,[]
286,Brigette,[]
287,Michael Stewart,[]
288,Ryan Dobran,[]
289,Tim,"[poetry, in, translation, german, literature, jewish, holocaust, compression, neologisms]"
290,Ellie,[]
291,Danielle,[]
292,Nathaniel,[]
293,Laura,[]
294,Esther,[]
295,Matthew M.,[]
296,Luke,[]
297,Wlwarner,"[verse, 2012-favorites]"
298,Nate,[]
299,Stan Murai,[]
300,Open Loop Press,[]
301,Caterina Fake,[]
302,Chris Michel,[]
303,Eadweard,[poetry]
304,Janaka,[]
305,Greg,[poetry]
306,Jeremy Reff,[]
307,Jeffrey Richards,[]
308,Whit,[]
309,Gavin,[]
310,Lula,[]
311,SunnyD,[]
312,Kari,[]
313,Maureen E,[]
314,Sarah,[]
315,poingu,"[male-identified-authors, read-in-translation]"
316,Tanuj Solanki,"[e-book, holocaust, german, jewish]"
317,kali,[]
318,Daniel,[]
319,Pamela,[]
320,nadjadenada,[]
321,maría,[]
322,Amanda Moon,[]
323,Steve Love,[100-best-books-in-the-history-of-li]
324,Cynthia Cruz,[]
325,Christopher,[]
326,Mordechai Shinefield,[]
327,Bethan,[poetry]
328,Freya,[]
329,James,[]
330,T,[]
331,Emilia,[]
332,Gwern,[]
333,rebecca,[]
334,Michael Taeckens,[]
335,Penelope,[]
336,Liza,[]
337,Maria,[]
338,Little,[]
339,Mara,[]
340,Adam Fitzgerald,[]
341,Marc,[]
342,Anne Heide,[]
343,HM,"[poetry, favorites]"
344,Stela,"[poetry, existentialism-and-absurd, surrealism, reviews]"
345,Jonathan,[]
346,Mary,[]
347,Mike,[]
348,jeremy,"[poetry, translation]"
349,Conor,[]
350,James Grinwis,[]
351,Chris,[]
352,Sheri,[]
353,Kirsten,[]
354,Bill,[]
355,bj,[]
356,David,[]
357,Mills College Library,[]
358,Bob,[]
359,Amber,[]
360,Leigh,"[genre-poetry, rating-five-stars, _german-lit, 1925-1949, 1950-1974]"
361,Rob,[]
362,Catherine,[]
363,Autumn,[]
364,Cameron,[]
365,Travis Fortney,[]
366,Katie,[]
367,Morgan,[]
368,Katy Clove,[]
369,Steven Logan,[]
370,Jeannecamos,[]
371,Aaron,[]
372,Ely,[]
373,Storm,[]
374,Zöe Yu,[holocaust-thema]
375,Sara Leone,[]
376,Natty,[]
377,Dearwassily,[]
378,Norman,[]
379,Shawn,[]
380,Anthony,[]
381,peiman-mir5 rezakhani,[شعر-و-شاعری]
382,ardavisura,[]
383,Steel,[]
384,Realini,[]
385,Mark,[]
386,brendan dougherty,[]
387,Jenny,[]
388,Jeff,[]
389,Diana,[]
390,Walt,[]
391,Jessi,[]
392,Joanna,[]
393,Erika,[]
394,Jenna,[]
395,Louise,[]
396,Lázsló Alcarey,[]
397,Patrick Duggan,[]
398,Mars,[]
399,Josh,[]
400,Melissa,[]
401,Gene  Epstein,[]
402,heather,[]
403,Ramona,[]
404,Andrew,[]
405,Yvonne,[]
406,Tracy,[]
407,Dustin,[]
408,Bunnyhoopla,[]
409,Alex,[]
410,Steve Morrison,[]
411,Hanna,[]
412,Jfiorini,[]
413,T.,[poetry]
414,evan,[]
415,Cindy,[]
416,Hung,[]
417,A_,[]
418,Tony Frazer,[]
419,Blas,[]
420,Charles,[]
421,David Leftwich,[]
422,Drew Holladay,[]
423,Meriaten Long,[]
