,user,tags
0,Jim,"[3classics, 2fiction, historical, 1audio]"
1,Settare,"[favorites, literature, to-re-read, favorite-characters, classics]"
2,André Caniato,"[2016-reading-challenge, 2016-reading-challenge-lh]"
3,☾Hayley,[]
4,Lady Jaye,"[favorites, loved-it, awesome-heroes, awesome-heroines, keeper, romance-historical, stars-5, read-in-2012, owned-kindle-freebie]"
5,Luke Taylor,"[i-own-a-copy-tbr, more-than-just-a-book-club, i-own-a-copy, special-hardcover]"
6,Casey,"[2016, favorites, 5-star-books]"
7,Annalisa,"[book-club, classics, movies, romance, voice, favorites]"
8,Zadignose,[goldfinch]
9,Wanda,"[female-authors, 1001-books, 100-to-well-read, brit-lit, 1000-guardian, read-in-2013]"
10,Christian Clarke,[]
11,Dante,"[classics, imaginative-lit, novel, fiction, prose]"
12,Obsidian,[favorites]
13,Chelsea ❤Peril Please❤ (of BADGER and Snake),"[maybes, unforgettable-male-leads, being-made-into-movie, my-true-loves-gave-to-meeee]"
14,Thomas,"[own-physical, lit-outside-of-school, own-electronic, romance]"
15,Anushka,"[favorites, i-own, literary-classics, awesome-heroines, books-that-must-be-on-everyone-s, me-likey, re-readable, authors-i-love, adapted-on-screen-or-tv, stupendous-fantabulously-fantastic, 1001, worth-the-hype, catchy-titles]"
16,Amy (Foxy),"[2013-books-i-ve-read, summer-2013-5-stars, july-2013, headphones, 5-stars-2013]"
17,Nelson Zagalo,"[bloom_list, literary_canon]"
18,Mateo,[]
19,Yamini,"[in-print, classics]"
20,Kris - My Novelesque Life,[mynovelesquelife]
21,Suzanne,[]
22,Nuhaila Mkerref,[]
23,Rex,[classics]
24,Ash Reads,[home-library-read]
25,Gela & Pineapplez ♡,"[febuary, 2015]"
26,Silvia,"[books-i-own, classics, 2016, sent-for-review, 2016-favorites]"
27,Hedi [ The Dutch Reader ] ,[]
28,Matthew,"[classic, library, audio, 2016, hoopla]"
29,Janet,"[classic-fiction, favorites]"
30,Bruce,[]
31,Fiona,"[kindle-books, highbrow-literachoor]"
32,Hira,"[favorites, seen-the-movie]"
33,Mo,[]
34,Ana Fernández,"[favorites, 2015, u-will-be-my-boyfriend]"
35,Evan Edinger,[]
36,Amanda,[]
37,Lauren,"[favorites, great-romance, classics, 5-star-books]"
38,Clara,[favorite]
39,Jennifer,[]
40,Vanessa,[classics]
41,Britt (Britt Reads),[read-in-2016]
42,Maud,[]
43,ياسمين ثابت,[]
44,♥ Innocent Lamb ~ Forever Reading ♥ - AKA Smarties,[]
45,Ariel,[]
46,Reem Ghabbany,[]
47,Greg Dundulis,[]
48,Elevetha ,"[fully-awesome, classic, favorites, quite-good, regency, gorgeous-covers, review-to-come, 2012, shippy-otp-ship, regency-romance, own, of-course-i-ya]"
49,Muhammad Galal,[foreign-literature]
50,Gisele,"[favorites, owned]"
51,Rita,"[meus, clássicos]"
52,Nika (Off to Neverland),"[love-story, amazing-characters, great-hero, classics, favorites]"
53,Shayantani Das,"[favorite-protagonist, cherished-forever]"
54,Marquise,"[classics, 5-stars, historical-setting-1800s, buddy-reads, regency-britain, amazing-declarations-of-love, exceptional-characters, most-lovable-heroine]"
55,K.D. Absolutely,"[classics, 1001-core, 501]"
56,Bethan Watson,"[favourites, classics, romance]"
57,Books Ring Mah Bell,[poop]
58,Natnicha Nealy,[]
59,Brad,"[faves, classic, played-a-part, meta-review, pb-and-j-dipped-in-hot-chocolate, one-of-the-greats]"
60,Butterfly Mentions,"[favourites, atw-in-1001-books, reviewed]"
61,Nicole,[dnf]
62,Sharon,[reviewed-2015]
63,Cath,[]
64,Tatiana Khaykina,[]
65,Rosianna,"[favourite-books, books-with-strong-female-characters]"
66,Elham,"[women-s-writings, england, favorites, classics]"
67,Lu,[]
68,midnightfaerie,[classics]
69,Rosie,[absolute-faves]
70,Molly,[popsugar-reading-challenge]
71,Hope,"[reviewed, classics, heroes-i-love, movie-was-better, jane-austen, british]"
72,~~Poulomi Sylphrena Tonk$~~,"[women-fiction, romance, classics, marriage, family, owned-books, ravenclaw-mmp, books-to-movies-rr]"
73,Martina Gjomemo,[]
74,Natalie,[romantic-drama]
75,Gisoo,[]
76,Natalia,"[favorites, bookshelf]"
77,Esmeralda Verdú,[]
78,Sophie,"[favourites, jane-austen-related, favourite-favourites]"
79,Merve  Özcan,[classic]
80,Sophia,[]
81,Zuzana,"[love-in-the-time-of-the-real-world, 0-read-in-czech, long-long-time-ago, 1-a-mhuirnín-ó, 1-hero-is-mine-so-hands-off, 1-heroine-my-next-best-friend, 0-published-in-czech, this-is-the-life]"
82,Sean,"[read-in-2012, victorian, 19th-century]"
83,Regine,"[bucket-list-books, classics, owned, favourites]"
84,Inge,"[didnt-finish, put-a-sock-in-it, meh, classics]"
85,Nikki,"[classics, romance]"
86,Aerykah,"[favorites, re-reads, e-book, books-i-own, reviewed, singles-challenge-2016, library-challenge-2016, 2016, audiobook]"
87,Britany,"[classics, own, books-to-film]"
88,Katrina Passick Lumsden,[]
89,Hayat,"[5-star-reads, repeat-read, humour-galore, historical-romance, dominant-ladies, freak-out-all-time-faves, freebies-and-bargain-books, hero-i-adore, heroine-i-adore, best-wittiest-banter-dialogue, best-side-characters, sweet-and-tender-hero, family-relationships, funny-witty-dialog]"
90,Inês Beato,"[2014, clássicos, owned-paper, romance-histórico]"
91,Helen,[classics]
92,Ladywolf.,[]
93,Caz,"[favourites, audiobook, audiogals]"
94,Ashley,"[favorites, addictive, fiction, classics, satire, 1700s-1800s, anglophilia, audiobooks, masters-exams, five-stars-isn-t-enough, swoon-me-dahling]"
95,Kat (Lost in Neverland),"[boring-as-shit, historical-fiction, classics, le-sigh]"
96,Caroline ,"[how-did-this-get-published, for-my-worst-enemy, helps-you-fall-asleep]"
97,Cathy DuPont,[]
98,Liza Miller,[favorites]
99,Rosemary Reilly,[]
100,Steph Sinclair,"[i-own-it, classics]"
101,Λίνα Θωμάρεη,[readathon-2016]
102,Khalid,[already-read]
103,Erin ☕ *Proud Book Hoarder*,"[s-king-recommends, reviewed]"
104,Lubna,[]
105,Sammy Loves Books,"[favorites, he-owns-my-heart, virgins-like-sex-too, classics, books-i-own, historical-romance, best-books-ever, ebooks-i-own, library-audio]"
106,Glire,"[daily-telegraph-s-100-novels, book-to-movie, classics, rory-gilmore-reading-challenge, quotable, releido, you-changed-me]"
107,Nancy Jasso,[]
108,C.W.,[audiobook]
109,Joseph,"[british, should-have-read-long-ago, fiction]"
110,Carolina,"[mi-biblioteca, 2015, 155-impresindibles]"
111,Apatt,"[classics, fave-classics]"
112,Aubrey,"[5-star, reviewed, reality-check, virago, r-2012, 500-wm-added, r-goodreads, antidote-think-twice-read, school, antidote-think-twice-all, r-2016]"
113,Leah Fischer-Toerpe,[]
114,William,"[fiction, favorites, 2015]"
115,Maureen,[novels]
116,Gaïdic,[lus-en-2016]
117,Valeria,[prestados]
118,cissy,"[favorites, historical-fiction, classics]"
119,María Angélica,[]
120,Myrthe,[]
121,Wendy El Blog de Wendy,[]
122,Estelle,"[gave-up-on, kindle]"
123,Mariel,[]
124,Inés Izal,"[2014, favoritos]"
125,Liz,"[favorites, 5-star, classics, own, class-page-stage-and-screen, jane-in-june-and-austen-in-august]"
126,Drew Cernava,"[favorites, romance, classics]"
127,Vina,"[favorites, classics, favorites-heroes]"
128,Ken-ichi,"[classics, high-school, favorites]"
129,Bushra,"[روايات-انجلش-ومترجم-للانجلش, رومانسية, المفضلة, فيلم]"
130,Fenia,"[favorites, favorite-classics, my-current-book-obsessions, forever-re-reading, fluffiness, my-horcruxes-in-books]"
131,Rana Abed,[]
132,Emadeddin,"[remarkable, watched-its-movie, for-my-future-hypothetical-wife, 2015-reads, best-of-2015]"
133,Delos,[1001librosqueleerantesdemorir]
134,IzamaRi H. Fabela,[]
135,twelvejan [Alexandria],"[classics, favourites, literature, adult, kindled, free-reads, reread-worthy]"
136,Shellie (Layers of Thought),"[read-abandoned, genre-general-fiction-literature, genre-classics, challenge-fill-in-the-gaps-read, genre-womens-chic-lit-romance, country-uk-ireland, read-in-2010]"
137,Zahra Rhm,"[classic, romance]"
138,Jasmin,"[romance, historical-romance, classic, 1001-books, fiction, historical-fiction, four-stars, reviewed-by-me, aar-top-100-list, bbc-top-100]"
139,Anita Vela,"[lecturas-2015, favoritos-2015]"
140,Fran,[]
141,♡Tinja♡ ,"[favorites, book-boyfriends, historical-fiction, favorite-couples, love-the-hero, romance, love-love-love-it, love-the-heroine, 5-stars, love-the-sidecharacters, characters-i-wanna-slap, strong-stubborn-heroine, school-reads, made-me-smile, classics]"
142,Raoofa Ibrahim,"[historical-fiction, top-5, favorites, dead-authors]"
143,Miriam,[favorite]
144,Francesco Scarlata,[]
145,Lydia,"[favourites, 2015]"
146,Norah Una Sumner,"[all-time-favs, great-male-characters, great-female-characters, history, classics, family-theme, romance, adult, humor, shipshipship, 5-star-read, read-in-serbian]"
147,Reddish,"[perfecciones, owned, 5-estrellas, clásicos-y-antiguos]"
148,Leajk,"[female-author, 1800s]"
149,Humera gull,[]
150,Célia Loureiro,"[meus-books-i-own, classicos-classics]"
151,Malia,"[favorites, best-of-2011]"
152,Natalie Vellacott,[classics]
153,Ilse,[]
154,Teresa,"[n-inglaterra, l-1001bymrbyd]"
155,Shannon (leaninglights),[]
156,Angela,"[did-not-finish, boring, disappointing, slow]"
157,Junta,"[british, 5-star]"
158,Bill  Kerwin,[]
159,Sue K H,"[unread-kindle, 2016-08-august-to-read, to-read-audible]"
160,Carlos.,[2016]
161,Jo ★The Book Sloth★,"[favorites, historical-romance, my-precious]"
162,Peter Meredith,[]
163,Alicia,[]
164,Liz BooksandStuff,[favourites]
165,Lucia,[]
166,Mahdi,"[فیلمش-رو-دیدم, داستان-خارجی, انگلیسی]"
167,Lucinda,[]
168,Niloofar Haydari,"[must-to-read-authors, favorites]"
169,Trina (Between Chapters),"[5-stars, best-of-swoon, romance, 2015, 2015-favorites, year-30, adult, standalones]"
170,Henry Avila,[]
171,Jessica,"[favorites, chicklits]"
172,E.V. Fairfall,"[favorite, satisfying-and-addictive, 100-star]"
173,Eleonora,"[1_0-classic, 1_180-romance, favorites, bookclub, lett-england, _2016, c-alfabeto-2016, c-60libri-2016, c-cover-colour-2016]"
174,Jason Koivu,"[favorites, fiction, vagina-soliloquies]"
175, Cookiemo Simon  ^-^,[just-classic]
176,Florencia,"[favorites, history-and-fiction-combo]"
177,Vitor Martins,"[favorites, personal-library, clubinho, read-in-2016]"
178,Lotz,"[highly-recommended-favorites, novels-novellas-short-stories]"
179,Celeste Corrêa,"[owned-books, inglaterra, livros-lidos-2015]"
180,Zoë,[favorites]
181,Yusra Gulab Jamman,[]
182,Rola,[favorites]
183,Stephen,"[classics, 6-star-books, all-time-favorites, easton-press, audiobook, 1800s, romantical, literature, love-those-words, classics-european]"
184,Anne,"[favorites, i-want-to-buy, chystané-recenze, top-2015]"
185,Gaetano,"[favorites, 1001-libri]"
186,Megan Ryan,[favorites]
187,Abigail Amor,"[favorites, you-must-read, fun, ebooks-i-own, 5-stars, romance-i-like, books-i-love]"
188,Michelle,"[favorites, classics, fav-female-characters]"
189,bookczuk,"[a-favorite-author, read-eons-ago]"
190,KatieMc,"[bookclub-2016, book-challenge-2016]"
191,Kirjaneito,"[owned-books, favorite-classic, love-it, read-2016, re-read-2016]"
192,VictoriaNickers,"[2016, classic]"
193,Feyza,"[favorites, books-i-own, classics]"
194,Werner,"[classics, books-i-own]"
195,Joca,"[favorites, wishlist]"
196,Kainat Ijaz 《UNPOPULAR OPINION ALERT》,[]
197,Stacey (prettybooks),"[read-after-university, classics, read-in-my-twenties, adult-fiction]"
198,Melissa Martin,[own]
199,Algernon,[2012]
200,Madeline,"[the-list, assigned-reading]"
201,Arybo ⑯,"[favorites, gliimmortali, librilettinel2014]"
202,Paula,"[book-club, favorite-books, favorite-authors, best-prose, classic, re-read, literary-fiction]"
203,Betza,"[2009, 2015]"
204,Gabriela Silva,[classics]
205,Juli,[2016]
206,EMi,[i-own]
207,Zeek,"[favorites-all-time, hist-rom, classics, literary, fiction, favorite-author-all-time, favorite-author, romance, the-jane, favorite-heroine, favorite-hero, kindle]"
208,Sam,[]
209,Laurie –A Court of Books–,"[favorites, classics, to-read-before-dying, read-in-french]"
210,Federica Vantaggio,[in-my-heart]
211,Otis Chandler,"[favorites, fiction, classics]"
212,Shurrn,"[genre-fiction-and-literature, z-free-ebook, romance-historical, genre-academia, z-own-for-ipad, z-own-paperback, c-favorite-females]"
213,Maggie,[crushworthy-guys]
214,Barry Pierce,"[19th-century, read-in-2013]"
215,Paul Bryant,[novels]
216,Steve,[]
217,Camille Stein,[]
218,Karen,[]
219,Lyndi Borthwick,[]
220,Shobhit Sharad,[jane-austen]
221,Maria Thomarey,[]
222,Vashti,[]
223,Priscilla,[]
224,Evelyn (devours and digests words),"[characters-i-would-like-to-kick, romance-fail, not-my-cuppa, underwhelming, the-big-screens, overrated-tbh, contemporary, classy-as-hell]"
225,Eldarwen,"[read-in-2016, un-challenge-trojan-horse]"
226,karen,"[littry-fiction, my-summer-of-classix]"
227,Eslammohammed,"[favorites, psychology, sociology, movies, romance, my-best-friends]"
228,Maria Rita - The EM's Library,[]
229,Serkan,"[classics, novel, received-from-witch]"
230,Raquel Silva,"[on-my-bookshelf, read-2016, classics]"
231,MacK,"[favorites, classics, brit-lit]"
232,J.E. Remy,"[paperbackswap-it, classics]"
233,Mariana,"[in-portuguese, mine]"
234,Stephanie,"[finished-2015, well-read-women-challenge, own-paper, own-kindle, favorites]"
235,ᴄᴀᴍ,"[2015, on-my-shelf]"
236,Melanie,"[adult, i-could-eat-this, historical-fiction, favourites, books-i-own, romance, audio, swoony-guys, classics]"
237,Roya,"[awful, didn-t-finish, dull, not-for-me]"
238,Marija,"[favorites, read-in-croatian, borrowed-from-library, classics, read-in-2015]"
239,Cara,"[to-re-read, classics, books-made-into-movies]"
240,Mack,[]
241,Marcela M.,[]
242,Sarah MacLean,[historical]
243,Negar,"[classic, translated]"
244,Vicki,[ebook-historical-romance]
245,Maja,[]
246,Anastasia ｼ,[2012-reads]
247,Rachael,[amazon-100-books2read-in-a-lifetime]
248,Kyriakos Sorokkou,[]
249,Jason,"[thrill-me-chill-me-fulfill-me, for-kindle, reviewed, 2014]"
250,Ana {The Good Gif Fairy},"[books-i-could-read-over-and-over, favorite-contemporary-and-ya, classics]"
251,Dina,"[historical-romance, audiobook]"
252,Francisco Vogt,[]
253,Nandakishore Varma,[classic]
254,~♥~ happinesslife,[]
255,✔Jasmine✔,"[thought-provoking, all-time-favorites, highly-recommend, beautiful-stories, will-reread, classics, realism, movie-based, strong-emotions, happy-ending, historical, preciously-owned]"
256,Laurel,"[austen-nonfiction, regency-era-fiction, austen-novel, favorites]"
257,Angie,[]
258,Branwen Sedai *of the White Ajah*,"[favorites, romance, readathon-day-2015, badass-women-authors-that-i-adore]"
259,Briggs,[]
260,Anu Harchu,[]
261,Giovana Milanezi,[]
262,Laura,[book-swap-sweeter-reads]
263,Lela,"[favorites, favourite-heroines, classics, book-to-movie]"
264,Luke,"[classic-novels, favourites]"
265,Kerrie,[classics]
266,Kiki,[]
267,Dilara,[did-not-finish]
268,Carol,"[classics, saw-the-movie, read-2014, 2014-super-favorites]"
269,Amelie,[]
270,Cait • A Page With A View,[]
271,Alex ☣ Deranged KittyCat ☣,"[all-time-favorites, romance, historical-fiction, classics, audiobooks]"
272, ~Geektastic~,"[owned, e-book, classics, pre-20th-century, favorites, reviewed, austen-acolyte, multi-editions]"
273,Jasi,"[lovestory, best-author, classic, reread, filmadaption, thank-god-you-were-written, favourite-book-charakters, omg-the-romance-is-awesome, mentioned-in-a-book, fangirling]"
274,Michael,"[classics, 1001-books-to-read-before-you-die, satire, romance, classics-club, reread, litexp13, uni, victorian, 19th-century]"
275,Lauriie,"[lauriie, favorite-books, classics]"
276,Merve Akıncı,[]
277,Kirsti (Melbourne on my mind),"[classics, things-i-can-read-a-million-times, 2012, 5-star, squee-worthy, 2015, own-it-hard-copy, i-ship-it, setting-uk]"
278,Carmen,"[fiction, classics, favorites, traditionally-published]"
279,Kristen,"[5-star, favorite-books, favorite-heroine, aar-top-100, historical-fiction]"
280,Gavin,[classic]
281,Rolls,[]
282,Hannah,"[read-in-2016, standalones]"
283,Manny,[]
284,Kara,[]
285,Alice Poon,[]
286,Jacqueline (Fall In Love With The Sound of Words),[favorites]
287,Sarah,"[classics, austen]"
288,helen the bookowl,[]
289,Adelina,"[favorites, romance, classics, historical]"
290,katnissbraid.,"[rory-gilmore-reading-challenge, favourites]"
291,Daniel,[2010]
292,Heba,[favorites]
293,Whitaker,[canon]
294,Ferdy,"[likeable-protagonists, fun-side-characters, loved-the-heroine, loved-the-romance, loved-the-hero, loved-it, great-characters, romancey, funny, favourites]"
295,Oscar,"[míos, 5-estrellas, mainstream, romance, clásicos, favorites]"
296,Victoria,[read-2015]
297,Anirudh,[classics]
298,Robert,[general-fiction]
299,Nick Black,"[read-multiple-times, all-the-ladies-are-reading-it]"
300,Madeleine,"[classics, jane-austen, 5-stars, romance, re-read, owned-books, maturita]"
301,Erifili,[]
302,Richard Derus,[]
303,Raquel Flockhart,[on-my-shelf]
304,Gary Butler,[romance]
305,Troy,[]
306,SueBee★bring me an alpha!★,"[g-historicals, paperback, kindle, kindle-freebie, childhood]"
307,Mari,[]
308,Mason,"[favorites, audiobooks, favorite-of-2016]"
309,Mistery,"[on-my-shelf, favorites, readings-for-the-summer, everyone-should-read, plano-nacional-de-leitura, classics, jane-austen, best-endings]"
310,Μαρία Γεωργιάδου,[]
311,Siv30,[]
312,Jonathan,"[personal-favourites, classic-literature, own, 1001-books-to-read-before-you-die]"
313,Mary,"[favorites, for-fun, romance-reading-challenge, historical-reading-challenge, reading-romance-challenge, 2013-favorites]"
314,Mel,"[owned, 4-stars, classics, for-school, read-in-2016, around-the-world-in-52-books]"
315,Jisela,"[classic, five-stars, favorites, i-own, read-in-2016, best-readings-of-all-time]"
316,Lavinia Zamfir,"[19th-century, classics, english-literature, historical-fiction, romance, reviewed, also-seen-the-movie]"
317,Gary  the Bookworm,[]
318,Marga ,"[classics, book-boyfriends, 2014-favorites]"
319,Keith,[]
320,Stacee,"[all-of-the-stars, all-of-the-swoons, will-forever-reread, read-in-2016]"
321,David,"[classic, historical, audiobook, romance, female-protagonist, 1001-books-to-read-before-you-die, british-literature, female-author, rich-people, regency, 19th-century, england]"
322,Imane,"[ادب-انجليزي, تمت-قراءته-اكثر-من-مرة]"
323,Helle,"[favorites, classics, 1001-books, english-lit, jane-austen, books-i-own, telegraph-top-100-books, guardian-1000-must-read]"
324,F.R.,[]
325,Bárbara,"[clásicos, favoritos, leídos-2016]"
326,Taylor,"[fiction, own, the-power-of-love, just-like-a-woman, women-writers, in-a-time-long-ago, in-a-land-far-away, its-a-family-affair, if-you-liked-the-movie, not-by-a-white-guy, make-em-laugh]"
327,Meredith (Austenesque Reviews),"[jane-austen, pride-and-prejudice]"
328,April,"[favourites, 2016, 2016-book-bucket-list-challenge, around-the-year-in-52-books, classics]"
329,Yakup,[]
330,C P  Cabaniss,[favorites]
331,Kirstie,[]
332,Jocelyn Jazmen,[]
333,Violante,"[amazing-protagonist, película-serie, recomendados, muy-bueno, final-perfecto, all-reviews-say-yes]"
334,Sura  ✿,"[favorites-المفضلة, novels-روايات]"
335,Andrei Tamaş,[]
336,Atrapada Enunashojasdepapel,[]
337,Shae,"[overrated, assigned-reading, awesome-film-adaption, annoying-characters, totally-sucked, i-have-reviewed-it, classics]"
338,Martha,"[classics, own-books]"
339,Cabezabajo,"[better-than-expectations, classics, 2015]"
340,Carolyn  Storer,"[favourites, book-list-2015, audiobooks-read, classics]"
341,Amy,"[lit, favorite-books]"
342,Cookie,"[favourites, standalone, for-school, to-re-read-again, kindle-or-ebooks, holy-woah, not-so-american, historical, so-much-cuteness, wow, adult]"
343,Isa Lavinia,"[humour, historical, favorites, romance, owned, love-hate, cozy, classics, worth-re-reading]"
344,Elena,[favorites]
345,Sabrina,"[classics, audio-book, books-by-women, read-for-school, read-in-2016]"
346,Sherwood Smith,[fiction]
347,Lou KR,[]
348,Gabrielle. ,"[books-that-i-own, favorites, romance, classics, drama, favorite-authors, fell-in-love-with-the-characters, favorite-male-main-character, i-love-you, pure-love, school, read-in-2015]"
349,Hilary,"[fiction, chick-lit, 2015]"
350,Désirée,"[favourites, books-i-own, in-english, classics, ch-16-to-read-in-2016, 2016-reads]"
351,Shannon (Giraffe Days),"[book-club, classics, 2007, re-read]"
352,Anastasia,[0-2011]
353,Ecmel Soylu,[]
354,Nikki D,"[classics, book-club, historical-fiction, fiction, austen]"
355,Eris Vianney,[]
356,Alex ,"[classics, favorites, reviewed]"
357,Kathe L,"[fav-female-characters, bad-boy-i-love-you, romance-or-ya-book, 5-stars, read-2015]"
358,Brooklyn Tayla,"[favourites, classics, rory-gilmore-book-list, july-reads-2016]"
359,Oana,"[that-man-makes-me-melt, beautiful-writing, classics, needs-re-read, victorian, favourite-love-stories]"
360,Ivy,"[checked-out-from-library, classics, 2016-challenges, published-in-2002, read-in-march-for-groups]"
361,Douglas Wilson,[]
362,Linda,"[literary-fiction, decent-female-lead, escapist-recommendations, silver-fork]"
363,Aisyah (≧◡≦) ♡,"[romance, gorgeous-cover, exist-in-movies-tv-anime]"
364,Jodi Meadows,[]
365,biblionatic! (Tiffany Liu),[]
366,Afshar,[]
367,Alex,[loomis]
368,Hanna,"[classics, adult]"
369,Madeeha,"[cupids-attack, favorites, bbcs-big-read, ruined-me-for-other-books, the-good-old-days, the-early-19th-century]"
370,Kenchiin,[]
371,Karin,[]
372,Jan-Maat,"[19th-century, novel, british-isles]"
373,Elizabeth,"[book-to-screen, classics]"
374,Zorena,"[favorites, classics, romance, literature, 1001]"
375,Susi,[]
376,Michelle (True Book Addict),"[owned, read-in-2011]"
377,Henz,"[romance, classic, favorites, cute-couple]"
