,user,tags
0,Perla,[]
1,Leah,[masters-reading-list]
2,Jim,[]
3,Rob Roy,"[classics, 1000-bucket-list]"
4,Matt,[]
5,Maha Saed,[]
6,Sabina,[]
7,Ronald,[]
8,Emmi,"[classics, literature]"
9,ana.,"[favorites, classics]"
10,Деница,"[read-in-bulgarian, read-as-an-ebook, read-in-2016]"
11,Mark Valentine,[19th-century]
12,LDB,[]
13,Marshall Ramsey,[]
14,Laurie,[read-in-2004]
15,Anna Rebrii,[]
16,Jackson Cyril,[]
17,Ananya,[]
18,KOMET,"[honore-de-balzac, french-literature, zz-out-of-residence]"
19,Mamdouh Abdullah,[]
20,نرگس,[]
21,Lewis Weinstein,[fiction-general]
22,Brianna Marie,[re-read]
23,T Ramon,[]
24,Hazem Mustafa,[]
25,Murat,[]
26,Steve Bowes-phipps,[]
27,Paul,[]
28,Esteban,[]
29,Peyman,[]
30,Gergana,[favorites]
31,Ahmad Sharabiani,"[classic, novel, fiction, literature, 1001-book, french, european, 19th-century]"
32,Rick,[]
33,Jane,[]
34,Kate Baca,[]
35,Niloofar,"[novel, audio-book]"
36,Jana,[]
37,Concha Marcos,[]
38,Maryam F,[]
39,Stephen Brody,[]
40,Jessica,[]
41,Bruce,[]
42,Alan,[books-read-in-original-language]
43,Gary Inbinder,[french-literature]
44,Gabriel C.,"[kristen, 2012]"
45,Marina (WaywardReader),"[2015, classic]"
46,Czarny Pies,[french-lit]
47,Truc,[]
48,Francis,[]
49,Lina,[read-for-school]
50,Marty,[]
51,Susan,[]
52,Mohammed,[]
53,Noora,[klassikot]
54,Ms,[]
55,Ahmad Salah,[]
56,Russ,[classic-fiction]
57,Stephanie,[]
58,Spencer,[]
59,Jeni Enjaian,"[classics, read-in-2015]"
60,Unbridled,[]
61,Una,[]
62,Vittorio Ducoli,[]
63,Beatrice,"[classic, french-litetrature, read-in-2014]"
64,Laura van belleghem,[]
65,Jennifer,[]
66,Paul D.  Miller,[great-books]
67,Adriana Scarpin,[francesa]
68,Emeline Dardoff,[]
69,Naomi,"[воображение, расслабления]"
70,Jim Coughenour,[classics]
71,Bbrown,[]
72,Nick,[]
73,Joerg,[]
74,Tom Rayner,[]
75,Tom,[]
76,Isaac,[french]
77,Jen,"[atw-globetrotter, audio, 1001-books, 2014-reads, s14]"
78,metaphor,[]
79,Eneda,[]
80,Rupert Smith,[]
81,Ana López Gutiérrez,[]
82,Mohammad Sabbir  Shaikh,[]
83,Sid Hall,[]
84,Ave Timoleon,[]
85,Ben,[favorites]
86,Matteo Di Maggio,[]
87,Alborz Taheri,[favorites]
88,Eva,[]
89,Natacha Pavlov,"[french, classics]"
90,Elham,[french-littrature]
91,Yasamin98,[]
92,Muhammad Seif,[2013]
93,Tim,[]
94,Pierre E. Loignon,[litterature]
95,brian   ,[]
96,Hanna H,[]
97,Deedee,"[classics, translation, french-literature, world-europe-france, rws-canon-bonus-points, classic-gr-9-thru-12, world-europe-france-paris, read-in-2014, read-2014-literary-fiction, challenge-2014-summer]"
98,Heather,"[classic, realistic-fict, french]"
99,kingshearte,"[fiction, 2015]"
100,Sara,"[fiction, guardian-100-greatest-books]"
101,Harry Burnside,[]
102,Brian,[]
103,Reyhaneh Roohi,[]
104,Justin Evans,[fiction]
105,Liz,[]
106,Gnuvolante,[narrativa]
107,Shakiba Abdolvand,[]
108,Tim Dillon,[]
109,Sverre,"[novels-reflective-contemplative, novels-social-soup]"
110,Aliah,[]
111,Gustl,[]
112,Jo Ann Hall,[]
113,Martin,[]
114,Lisa,"[classics, should-have-read-bookclub]"
115,Isil,"[litterature, xixe, france]"
116,Keinwyn Shuttleworth,"[classics, the-french, la-comedie-humaine]"
117,John Mark King,[classic-french-literature]
118,David Smith,[]
119,Annamaria,"[preferiti, classici, cartacei]"
120,Brennan,[]
121,Sean,[]
122,Darrin Frew,[]
123,Simona Bartolotta,[1800]
124,Zane ,[]
125,Yvette Guillaume,[]
126,Weston High School Library,[]
127,Mohamed Karaly,[]
128,Riku Sayuj,"[classics, r-r-rs, insti-crit, translated]"
129,Trudy,[]
130,Sluggish Neko,[fiction-literature]
131,Cindy ,[]
132,Tomas,[]
133,Steve Hart,[]
134,Nick Doinikov,"[francais, 2015]"
135,Andrea,"[french-lu-en-français, classics]"
136,Perry Whitford,[]
137,Jose Luis Meza Garcia,[]
138,Koenraad,[]
139,Siranush,[]
140,Karmakosmik,[classici]
141,Marie-aimée,"[french, fr, novels, drama]"
142,Hossein,[رمان-خارجی]
143,Michael,[]
144,Omar,[]
145,Marzie,[]
146,Olena Zapara,[]
147,Eliza Beth,[]
148,Robin,[]
149,Kathy  Olivos,[]
150,‎شروق إلهامى,[]
151,Marlene,[]
152,Tasia,[deep-thoughts-books]
153,Rob Manwaring,[]
154,Rachael Sharma,[]
155,Reckoner,[Μυθιστόρημα]
156,Kristjan Kaitsa,[classics]
157,S Moss,[]
158,Rachid Aigledusud,[]
159,Halenurgenc,[]
160,Rose,[]
161,Pavel,[classics]
162,Joseph,[fadiman]
163,Katherine Sartori,[]
164,Wendy,"[1001-books, classics, in-translation, blooms-western-canon, 2014]"
165,Philip Lane,[]
166,Caroline,[]
167,Tejas Desai,[]
168,Olga M,[]
169,Elizabeth,[]
170,Helynne,[]
171,Farhang Alemzadeh,[]
172,sidana,[]
173,Noémi Balási,"[reads-of-2013, jazzy-classics, ebook, frenchies]"
174,Margaryta,"[classics, reality-dramatic, just-amazing, tear-worthy, amazing-after-feeling, crazy-mental-disease, worthy-of-being-ny-bestseller, death, thought-provoking, translated-from-another-language, books-you-should-read-at-least-once, had-to-read-for-school, historical-fiction, pleasant-surprise, 19th-century-setting]"
175,Rosalind,[]
176,Meghan Fidler,[]
177,Maureen,[]
178,Denisa,"[fiction, classics, 09-french-literature]"
179,Vilis,[]
180,Jon,[]
181,Jeanne,[]
182,Yves,"[xixe-siècle, france, amour]"
183,Safaa Yosef,[]
184,Carroll,[b-n-book-club]
185,knig,[classics]
186,نرگس پورمحمدیان رودسری,[دارمشون]
187,Paul Fulcher,[2014]
188,Yusuf  Efendi,[]
189,Quinn Slobodian,[]
190,Sixto Duarte,[]
191,Ivana,[]
192,Pooya Kiani,"[modern-classics, realism]"
193,André Carreira,[favorites]
194,د. حمدان,[novels]
195,Pass,[]
196,Mauro,[]
197,Fredrik,"[skj-nnlitteratur, klassisk]"
198,Ştefan,"[favorites, prose]"
199,TheCosyDragon,[]
200,Ahmed elmohamady,[]
201,Leila Hashemi,[]
202,Joseph Jupille,"[19th-century, france]"
203,Natalie Klishevich,[]
204,Emily Wilkerson,[for-class]
205,Serenella,"[classics, france, victorian]"
206,Larry,[]
207,Alexander,[]
208,David Butler,[]
209,Robert Hays,[]
210,Justin,[]
211,Christopher Smith,[]
212,Sunil,[]
213,Anja,[2016]
214,Galen Johnson,[]
215,Aylin Youlin,[]
216,Scott Diamond,[]
217,Anthony,[]
218,Fleur Diamond,[literary-fiction]
219,AlterEgo,[]
220,Craig,"[read-2015, novel-19th-century, classic]"
221,Teresa,[]
222,احمد سعيد,[]
223,Elisa,"[classici, letteratura-francese]"
224,Juan José,[]
225,Megan Chance,[]
226,Rendi Hahn,[public-domain]
227,Simon A. Smith,"[no-thanks, novels-before-1980]"
228,Angela,"[classics, school-related, french, 19th-century]"
229,kolya koleva,[]
230,Meghan Sweeney,[]
231,Mahmoud Zaki,[]
232,twrctdrv,[]
233,Cheryl,[1001-books-you-must-read-before-you]
234,mim,[]
235,Alicia,[]
236,Mykola,[]
237,Mahdi,[داستان-خارجی]
238,Merreh65,[]
239,Kathie,[bookworms]
240,Mindy,[]
241,Gabriel,"[classics, reading-was-a-slog]"
242,Paul Jellinek,[]
243,Lucy,[]
244,Jelena,[]
245,Martine,[]
246,Qi,[re-read-books]
247,Tempo de Ler,[]
248,Tyler ,[19th-century]
249,Chuan He,[]
250,Missy J,"[2012-books, western-european]"
251,Aurélie,"[school-reads, french-classics, history, masterpiece, realism-naturalisme, 19th-century, french, criticism-of-society, favorites, classics]"
252,astaliegurec,[]
253,Chrissie,"[france, hf, relationships, audible, love, classics, 2016-read]"
254,Elena-Sofia Manea,[]
255,RK Byers,[]
256,مصطفى سلامه,[]
257,Alice P.,[]
258,Elizaveta,[]
259,Ledjo Ledio,[]
260,Cleyton Boson,[]
261,Olivia Gerdy,[]
262,Ronaldo7,[]
263,Anna,[]
264,Tess,[]
265,Vlad,[]
266,David Loveland,[]
267,Stphn,[]
268,Mon,[19th-c]
269,J. Travis Moger,"[french, fiction]"
270,Victoria Mixon,[]
271,Michelle,[]
272,Pirate,[]
273,Jackie,[]
274,Jono Mcdermott,[]
275,Amir,[]
276,محمد حسين ضاحي,[fiction-قصص]
277,Pauline,[favorites-2016]
278,Kritika,[]
279,Della Scott,[]
280,Dimitris Lianos,[]
281,J.,"[french, classic-literature, fiction]"
282,Marion,[]
283,Quo,[]
284,Laurel Hicks,[]
285,Raisu,"[novels, 19th-century, read-in-2013, southern-europe]"
286,"Stephanie ""Jedigal""","[1001-books, audio]"
287,Sinem Yılmaz,[]
288,mahad,"[novel, classic-literature, french-literature]"
289,And_it_spoke,[]
290,Patricia,[]
291,Lee,[]
292,Emil Söderman,"[male-author, 19th-century, course-literature]"
293,Debbie,[100-most-influential]
294,John,[]
295,Petra,"[2015, school-reads]"
296,Paula,[]
297,Safae,"[1001, books-i-own, french]"
298,Nasro,[]
299,Ahmad Davari,[]
300,Kevin Orr,[]
301,Jovana Matejic,[school-reads]
302,Dallisonam,[]
303,Meurs,[]
304,Riley Dawson,[]
305,Annji,"[fiction, kindle]"
306,Stephen Hull,[]
307,Afxam,[classics]
308,Isabelle,[]
309,Catty,[]
310,Zari,"[classic, novel]"
311,Nicholas Whyte,[]
312,Joeydag,[]
313,I Am,[]
314,Jack Luminous,[]
315,Davis Grubin,[]
316,Maan Kawas,[]
317,Shahad alkhenizan,[]
318,Ava,[]
319,Laura,"[french-literature, 1001-books-you-must-read-before-you]"
320,Karen,[]
321,Doug,[]
322,Rafael L.,[]
323,Ensiform,"[fiction, french]"
324,David Lentz,[]
325,Zeinab Ghadimi,[]
326,Kristoffer Berg,[]
327,Jeremy,"[1830s, french]"
328,Roozhin,[]
329,Alejandro Olaguer,[]
330,Murat Gonul,[]
331,Elissa,[fiction]
332,Downward,[]
333,Ascoyne,"[fiction, 1001-books-you-must-read, 2015]"
334,Isabelle L,[]
335,Lexane,[reading-list-2016]
336,Abd-Allah Rafeeq,[]
337,Christie Skipper Ritchotte,[owned]
338,Nicole Hale,[literary-fiction]
339,Sandra,"[francia, classicissimi]"
340,Beth,[]
341,Phil,[]
342,Samer AL-Hakim,[]
343,Trevor,[]
344,Vicky,[classiques]
345,Yani,[]
346,Gabriela Molina,[]
347,Ana,"[lektira-2015-16, social-novels, 19th-c]"
348,Tihomir Kenarov,[]
349,Ann,[]
350,Rachel,[]
351,Patrick McCoy,[classics]
352,Robyn Blaber,[french-literature]
353,Tracie,[]
354,Sia7ash,[]
355,Dianne Oliver,[literature]
356,Viraphone,"[classics, reviewed, wish-i-did-not-read]"
357,Mohamed Eshawaf,"[أدب-مترجم, سلسلة-ال100-كتاب]"
358,Hayley,"[classics, read-for-studies]"
359,Dr.J.G.,[]
360,Devon Flaherty,[]
361,Helen Stavraki,[best]
362,Karlan,"[adult, french]"
363,Sawsan,[]
364,Verji,[school]
365,Kevin Cordova,[]
366,Andy McKenzie,[rationality_lit]
367,Danielle,[]
368,Ayoub Radil,[]
369,Nathaniel,"[read-in-french, francophone-lit, comp-lit-reading, pre-1900]"
370,Luís Bandeira,[gr18cx7]
371,Ahmedowies,[]
372,Becky,[100]
373,Christy,[]
374,Carol,[19th-century-novels]
375,Shahed,[]
376,Lovegreentea,[]
377,Cristi,[]
378,Mah Sh,[]
379,Mohamedmsayed,[]
380,Jocelyn,[]
381,hope mohammed,[]
382,Morris,"[classics, philosophical]"
383,Greg,[kindle]
384,Nancy,[classics]
385,Clementine,"[school, 2016]"
386,Tonino Mangano,[read-in-2015]
387,Ksenija,[]
388,Morteza Fadaei,[]
389,Kara,"[didn-t-like, k-maturite]"
390,Sharmin,[]
391,Dennis,"[french-lit, classics]"
392,Lloyd Fassett,"[fiction, social-commentary-and-other]"
393,Sarah,[]
394,Russell,[]
395,Emeline Bruley,[]
396,Hadrien,[]
397,Ricardo,[]
398,Alexia Armstrong,[]
399,Daniel,[]
400,Olivia (Оља),"[classics, lit-class, 2015]"
401,Lorenza,[]
402,Stefano,"[straniera, classica, romanzo, ebook, 100-dorfles, 2016]"
403,Tom James,[]
404,Batool,[]
405,Ali Osloob,[]
406,Victoria,[]
407,Margaret,[]
408,Bethan,[regular-fiction]
409,Krishna,[]
410,Liufen Monreal,[]
411,James,"[edminster-group, french-lit]"
412,Corinne Stoppelli,[]
413,Shari,[classic]
414,Mallory,[school-reads]
415,Kamil,[]
416,Olya Shahinyan,[]
417,Richard Derus,[]
418,Pat Martin,[]
419,Rewati Raman,[]
420,Liza,[]
421,Steven,"[books-i-own, french, literature]"
422,Dakota,[]
423,Luqman Zainal Abidin,[favourites]
424,Simon Dee,[]
425,Hilary,[]
426,Mark,[]
427,Linda I,"[classic-literature, french-literature]"
428,Andy,[]
429,Ellen,[]
430,Jonathan,[]
431,Mary,[]
432,Ellee,"[fiction-megalist, 200-300pgs]"
433,Alexandra Bradan,[classic]
434,Ben Jones,[]
435,Stephen Durrant,[]
436,Annabelle,[free-kindle-download]
437,Guillaume Riflet,[]
438,Dave,[]
439,Mahsa,[]
440,Chris,"[francais, reviewed, 2015]"
441,lyell bark,[]
442,Henry Martin,[permanent-collection]
443,Gary,[]
444,Neal,[]
445,Marlo,[]
446,David,[big-white-square]
447,Danial Baghaeian,[]
448,Sheyda,[962-novels-i-must-read]
449,Bob,[]
450,Valentina,"[classics, lektira, read-in-croatian]"
451,Robert Cohen,[]
452,Lydia Presley,"[fiction, classics, france, 1001, 2011]"
453,Cameron,[]
454,Shelley,[]
455,Dino Atza,[]
456,Mathieu,[]
457,Eli,"[homeboys, tearjerkers, soapy]"
458,Chiara (Catullina),"[world-library-challenge, 100-dorfles]"
459,Dagny,"[balzac-honore-de, french, 19th-century]"
460,Aya Lawliet,[]
461,Tamtam MaTaR,[مكتبتى]
462,Lynne King,"[definitely-to-read, french-writers, already-own, own-book]"
463,Beyzakucuktakka,[]
464,Sonya,[]
465,K.D. Absolutely,"[classics, 1001-core, 501]"
466,Aaron Mcilhenny,[]
467,ياسمين خليفة,[]
468,Margherita Luciano,[]
469,Adi,[]
470,Debra Daniels-zeller,[classic]
471,Fede,"[narrativa-francese, prof-fucci-s-recomendations, abbandonati-al-loro-destino]"
472,Nikolay Danailov,[]
473,Amy,"[classic-literature, in-translation]"
474,Titus Hjelm,[]
475,Marcela,[]
476,Lamia,[]
477,Ilze,[]
478,Amir Sahbaee,[]
479,Justin Bendana,[]
480,Kastoori,[french]
481,Vishy,[]
482,Mark Picketts,[]
483,Julian Meynell,"[19th-century, reviewed, french]"
484,Nesli,[in-my-library]
485,Tommy,[]
486,Scott Cox,"[classics, european-literature, fiction, literature]"
487,Teodora,[]
488,Lee (Rocky),"[1-001-books, read-in-2014]"
489,Z,[]
490,Dee,[]
491,Jenny,[classics]
492,Jeff,[]
493,Krista Belladone borrero,"[1001-books, french, literature-french]"
494,Teb,[]
495,Luana,[]
496,"Marija *Head High, Giving No Fuck, We'll Be The Ones They Hate*",[]
497,John Lucy,[]
498,Diego Fagundes,[]
499,علی,"[classic-fictions, novels]"
500,ruzmarì,"[grenouille, all-timefavorites]"
501,Edward,[]
502,Melissa,[school]
503,Sierra,[]
504,Violetta,[]
505,Adam Dalva,[]
506,Fresna305,[]
507,Diane,[]
508,Andrew,[]
509,Else,"[french, roman-novel]"
510,Kirsten Kinnell,[read-in-2015]
511,Marie,[]
512,Becca,[2011]
513,Frank Cardenas,[]
514,Maria,[]
515,Vicki,[fiction]
516,Alex,[]
517,Scott Harris,[]
518,Andrew Skretvedt,[]
519,Michaela,[french]
520,Sinead Norman,[]
521,My Inner Shelf,[classiques]
522,Catherine Corman,[]
523,David Acevedo,[]
524,Cathy,"[1001books-to-read, social, classicos, ficção]"
525,Muhammad Abd el lateef ,[]
526,Ahmed Azimov,[]
527,Elizabeth (Alaska),"[library, 1001-books, france, author-balzac]"
528,Stewart,[]
529,Astrid Iracheta,[]
530,Charles,[]
531,Геллее Авбакар,[french-literature]
532,Scott,[]
533,Mattia Riva,[]
534,Emily,[read-in-2010]
