,user,tags
0,Indrani,[]
1,Lauren Skora,[]
2,Alwa,[]
3,Matt,[]
4,Traun,[]
5,Michaeldelicio,[]
6,Shakif,[]
7,Lakshmipriya,[]
8,Alane,[religion-and-spirit]
9,Ulakshan,[]
10,Barbara,[]
11,John Fredrickson,"[spiritual, mythology]"
12,Archana,[]
13,V Smith Smith,[]
14,Masen Production,[]
15,Lorna Griggs,[]
16,Ian Laird,"[india, fiction]"
17,Neela,[]
18,Arunachalam Bharathi,[]
19,Nikhil,"[fiction, philosophy, indian-writers]"
20,Jennifer Rego,[]
21,Maurice,[]
22,Martin Waterhouse,[dramatisations]
23,Ayman Zaaqoq,[]
24,Brent Nelson,[]
25,Kevin,[]
26,Abhishek Jain,[best-i-have-read]
27,hanan,[]
28,Susannah,[history-of-asian-religions]
29,Symphony Griffin,[]
30,Philippe Malzieu,[]
31,Rev,[]
32,Matthew,"[genre-religion-philosopy, 2014, summer-2014]"
33,Sabs Vibal,[]
34,Avinash K,[hist-myth]
35,Jessica,[]
36,carlageek,[]
37,Bruce,[]
38,Anurag B,[]
39,Rabia Ahad,[]
40,Olivia,[]
41,Alison Clark,[]
42,Ling,[]
43,Sally,[]
44,Sherri Tullis,[]
45,Emma,[]
46,Susan,"[classics, adventure, poetry, mythology]"
47,Laurel,[]
48,Antonio,[]
49,Patty,"[poc-author, south-asia, read-in-2014, classics]"
50,Cynthia,[]
51,Julie Compton,[mustread]
52,Jennifer,[]
53,Miguel,[]
54,everyone loves a  wee sombrero,[]
55,Jared,[]
56,jill,[]
57,Lee Belbin,[]
58,Devin,[]
59,Naja,[]
60,Camila Naranjo,[]
61,Ignacio,[owned]
62,Robert,[]
63,Swateek,[]
64,ΦΩΤΕΙΝΑ ΠΑΝΩ,[]
65,Diego Ospina ,[]
66,Nabaa Arar,[]
67,Daha0wils0n,[]
68,Katherine,[]
69,Sara,[]
70,Christine,[]
71,Asha,[]
72,Erica,[]
73,Krisly,[]
74,Mimi,[]
75,Tandava Brahmachari,[]
76,Wilson Espinal,[]
77,Bruno Matías,[]
78,Seamus,[]
79,Bart,[]
80,Angel Cruz,[]
81,Tiffany,"[favorites, metaphysical, classics]"
82,Shyiem,[]
83,Meghana,[]
84,Orion,[]
85,Tanuj,[]
86,Jenn,[]
87,Matlynn,[]
88,Nicole,[]
89,Sharon,"[2011, mythology]"
90,Heather,[]
91,Laureen,[]
92,Brian,[]
93,Rowan,"[religion, myth, adventure, spirituality]"
94,umberto,[classics]
95,Vanessa (V.C.),"[best-books-i-ve-ever-read, books-i-must-re-visit-re-read]"
96,Vir,[]
97,Rosie,"[00-bce, india, world-library-100, reading-quest]"
98,Jonathan Merrill,[]
99,Sahana Basavapatna,[]
100,Danine,[]
101,Kari Olfert,[]
102,Mavis,[]
103,Mohammad,[]
104,Daren,"[indian-author, india, indian-subcontinent, fiction, fantasy]"
105,Natalia,[]
106,Ryan,[]
107,Claire S,"[g_india-and, pol-paradigm-shift-pssbl, global, women, on-writing, politics-learning, classics, historical, religion-morality, struggles-of-use, novel, form_complexia, fiction-not-at-all, war-mltry-conflt-occ, magc-real-ism, pol-historical, the-afterlife, language, synthesis, a-5-evertimeless-interest, cultural-texts-or-involving-them]"
108,Thu Nguyen,[college-made-me]
109,Jonathan Eddings,[]
110,Asiye,[]
111,Martin,[]
112,Lisa,[fiction]
113,Sophie,[]
114,Alan Newman,[]
115,a,[]
116,Apple,[]
117,Ali,[]
118,Nymronyn,[]
119,Kinga,[]
120,Alayna,[]
121,Eric,"[outside-reading, my-ebooks]"
122,Sciosarah,[]
123,Mohammed H.,[]
124,indri,[]
125,Nikki,[mythology]
126,Dixon,[]
127,Roxanne,[]
128,Yomiuri,[]
129,Joseph Boquiren,[]
130,Emily Donnelly,[]
131,Sade,[]
132,Ivette Rodriguez,[]
133,Shiftyface,[]
134,Minikristen,[]
135,Marcy,[]
136,RC,[]
137,Karol,[]
138,Ashley,[]
139,Kevpar,[]
140,Ranee,[]
141,Kyle,[]
142,Adam,[]
143,Kaitlin,[classics]
144,Eri,[]
145,Melia,[]
146,Sam,"[human-condition, classic, india, satire]"
147,aditya,[]
148,Grevnier,[]
149,Srikanth,[]
150,Khalid,[]
151,Elana Needle,[]
152,Hannifah,[]
153,Big Brother,"[indian, myth-religion]"
154,Renee,[]
155,Pramod Nair,[]
156,Vishnu,[]
157,Kenzie,[fantasy-myth]
158,Deborah,[]
159,Jos,[]
160,Sayantani Dasgupta,[]
161,Joy,[]
162,Omar Ali,[]
163,M a y a,"[india, cultural, epic-poem, epic, own]"
164,Joe,[]
165,Shana Rivera,[]
166,Bryce,[]
167,Bookworm1858,"[school, own, read-2011]"
168,Corinne,"[dignity, courage, literature-of-quality, classic, resilience]"
169,Charu Puri,[]
170,Alexis,[]
171,PMP,[]
172,Preethi,[]
173,Julian,[]
174,Sammi,[books-for-school]
175,Jorge Romero,[]
176,Erin,[]
177,Sandy,[]
178,Fahad,[fiction]
179,Jenny Scherer,[]
180,Jenevieve,"[kindle-books, school]"
181,Lakshmi Jagdeesh,[]
182,Lanier,[]
183,Laurie Aho,[]
184,Emc3587,[read-for-school]
185,Chanti,[lotus]
186,Yousra Bushehri,[]
187,virgodura,"[novel-novella, 2014, indian-lit, desi-lit]"
188,Steven Phelps,[]
189,Sravani,[classics]
190,Cassandra Kay Silva,[books-of-antiquity]
191,Nassim Sulaiman,[]
192,Amee.21,"[inspiring, religion, repeat-offenders, authorized, fml, 2016]"
193,Ritika Puri,[]
194,Sunnyss,[]
195,Luis González,[]
196,GiGi,[]
197,Raul,[]
198,Rebecca,[]
199,Anthony Rios,"[classics, epic-poetic, amazing, mythology]"
200,Justin,"[favorites, lives-of-the-saints, writings-of-the-saints, spirituality, india]"
201,Patrick,[]
202,Rahman Elfath,[]
203,Alice Ishrat,[]
204,Brian Jones,[]
205,Raul Marrero Sauveterre,[fiction-drama]
206,corey wintemute,[]
207,David Withun,[mythology]
208,Teresa,[]
209,Elise,[]
210,Peter,[]
211,Alejandra,[]
212,Vu K,[vietnamese-version]
213,Bryan,[]
214,Kyra,[]
215,Tori,[]
216,Pnorman811,[]
217,Mona Desai,[]
218,Ashley Simpson,[]
219,Gayle Byrne,[]
220,Christian,[]
221,dallas,[]
222,Nadia Fadhillah,[borrowed]
223,Prathibha Hampapur,[]
224,Koji Goto,[]
225,Vivek,[]
226,Prashansa,[books-owned]
227,Lucy,[]
228,Rajesh,[]
229,Carol,[philosophy]
230,Paraíso Cuatro,[libros-reseñados]
231,Keri,[]
232,Gregory,[]
233,Paige,[]
234,Alliyah,[]
235,Kim Edwards,[]
236,Celeste,"[india, fiction]"
237,Zumana,[]
238,Honeybadger,[]
239,Vijay Harilela,[]
240,Ben Lawrence,[]
241,Chrissie,[]
242,Erin Lee Arvin,"[audiobooks, international-forays, struggle-bus]"
243,Sunflower,"[india, library, fiction-read-2014]"
244,woodshadows,[]
245,Deborah Schuff,"[fiction, religion-spirituality]"
246,Sigfried,[literature]
247,Keith Willcock,[]
248,Surya,[will-re-read]
249,Anna,[]
250,Rosemarie,[]
251,Clayton Brannon,[]
252,Abby Cheeseman,[]
253,Jacob,[]
254,Haewon,[]
255,Michelle,[school-made-me-read-it]
256,Justin Hudnall,[]
257,Edward Butler,[]
258,Marwa Farag,[]
259,Dipa,[indian]
260,Svitlana,[]
261,Victoria Anne,[]
262,Shenshen,[]
263,Ian Schenck,[]
264,Crystal Dunn,[]
265,Girish Kohli,[]
266,Martina_cs,[]
267,AKSHAY SREERAMAN,[]
268,Rashmi,[]
269,Anirudh Dendukuri,[]
270,Joe Saloom,[]
271,Courtney Whitaker,[]
272,Myla,"[all-time-favorites, spiritual]"
273,Jannene,[2012]
274,Shira,[]
275,Brimate,"[read-part-of-or-skimmed, school-books]"
276,Nishanth,[]
277,Debbie,[]
278,Monica Hernandez,[]
279,Jerrisa,[]
280,Malini Sridharan,[]
281,John,[]
282,Emily Moore,[2016]
283,Paula,[]
284,Jimmyhank williams,[]
285,Charnelly Francis,[]
286,Terry,[]
287,Fatemah AbdulAmeer,"[2016_reading, روايات-تاريخية]"
288,Ma Bhagavati,[]
289,César Quevedo,[]
290,Jonathan Watts,[]
291,Calvin,[]
292,Arlene,[]
293,Derrick,[]
294,Kody Mitcham,[]
295,Jenieve Cumberland,[]
296,Lauren Dolinsky,[]
297,Jason,[]
298,Carolyn,[]
299,Laura,[]
300,Karen,[]
301,Ryan Andrew,[]
302,Dawn,[]
303,Ensiform,"[fiction, mythology, india]"
304,Karthik Ramesh,[]
305,Amity,[]
306,Jeremy,[]
307,Fathima Cader,[]
308,Bettie☯,"[mythology, published-2003, subcontinent, autumn-2010]"
309,Nabil,[]
310,Abhi,[favorites]
311,Drew,[]
312,Victoria,[]
313,Kerry,[]
314,Katie Pierce,"[classics, historical, international]"
315,Sabio,[religion]
316,Vikram Mohan,[]
317,Allyce Bebensee,[]
318,Vidur,[]
319,CaraB,[]
320,Emelie O'Hara,[]
321,Jeannette Garcia,[]
322,CK,[]
323,CJ,"[india, history, own]"
324,Georgia,[]
325,Spirina,[miti-e-leggende]
326,Lauren Huibregtse,[]
327,Glenna Barlow,[]
328,Trevor,[]
329,Donna,[]
330,Kevinbang,[]
331,Theodore Starks,[]
332,Rohit Harlalka,[]
333,Santosh,[]
334,Jesse Whyte,[]
335,Rachel,"[read-2010, aoc]"
336,Anh,[]
337,Chetan Kolluri,[]
338,Nadia Ahmed,[]
339,Janine,[classics]
340,Lauren,[school-books]
341,Michael,[]
342,Kelley Matthews,[]
343,Dylan Bandstra,[]
344,Danielle,[]
345,Nathaniel ,[]
346,Ka Min,[]
347,Becky,"[history, india, new-lifetime-reading-plan]"
348,Ruchi,[thought-provoking]
349,Christa,[]
350,Michael Blackmore,"[yoga-related-books, spirituality, world-literarture]"
351,Ranti,[]
352,Phillip,[history-of-india]
353,Alisha,[]
354,Myriah Starrs,[]
355,Mekail Shah,[]
356,Sayda,[]
357,Sandeep,[]
358,Jocelyn,[]
359,Justo,[favorites]
360,Mohammad Ali Abedi,[]
361,Alycia,[favorites]
362,Julio,[]
363,Revathi,[]
364,Julie,"[2010, favorites]"
365,Ambar,[2013]
366,Sarah,[]
367,"Mik Hamilton, D.C.",[]
368,Srivardhan Ramesh,[]
369,Shabri,[]
370,Nicole Pereira,[]
371,Mercurybard,[]
372,Saymon,[]
373,Xing,[]
374,Judith,[favorites]
375,Linene,[]
376,Alberto Jacobo Baruqui,"[grandes-pensadores, por-el-gusto]"
377,Jonathan,[fiction]
378,GARYAH,[]
379,Oscar,[]
380,Ajith,[]
381,josh,[]
382,Matt Stewart,[done]
383,Sumeet,[]
384,Helmut,[india]
385,Shaima,[]
386,Reshma,[]
387,Brandt,[]
388,Yiling,[]
389,Krishna,[]
390,James,[]
391,Lalo Williams,[]
392,Syed,[]
393,Cami,"[literature, classic, classicsclub, religion, 2009, january-09, india, classics-club, shelfari-2009, shelfari-classic, shelfari-india, shelfari-literature, shelfari-religion]"
394,Fairynee,[novel]
395,Rotua Damanik,"[history, religion, novel, culture]"
396,Federico Trejos,[spiritual]
397,Alicia,[]
398,Bradley,[]
399,Mindy McAdams,[indonesia]
400,Nikita S.,[india-indian-authors]
401,Sanum,[]
402,Warren,[classics]
403,India,[]
404,Mandy,[]
405,Whitney,[]
406,Mark,[]
407,Micaela Van Zwoll,[]
408,Anukoon Asawachatroj,[]
409,Ajoque,[]
410,Harish Challapalli,"[all-time-favs, indian-authors, mythology, religious, philosophy, favorite-authors, saw-this-movie, read-more-than-once, inspirational, epics]"
411,Daniela,[]
412,Alex,[]
413,Raj Sannidhi,[]
414,Adrian P,[india-books-to-read]
415,Mike,[]
416,Someone Called Abi,[]
417,Frank,[]
418,Kayla,[]
419,Dave,[]
420,PTS Books Club,[]
421,Chris,[]
422,Keith,[]
423,Mythili S,[books-i-own]
424,Ben Mathew,[]
425,Pgao,[]
426,Valentin,[]
427,Bill,[]
428,Geetanjali,[]
429,David,[]
430,Aziza,[]
431,Bacon Fat,[]
432,Brad Foley,[]
433,Alex Barber,[]
434,Yashoda Krishna,[]
435,Shalin,[]
436,Fatin,"[from-the-subcontinent, reviewed, epics]"
437,Mariana,[]
438,Sudhakar Gupta,[i-own]
439,April,"[abandoned, slowly-reading, india]"
440,Sahir D'souza.,"[mythology, book-to-film, fantasy, animals-of-all-sorts, a-book-with-romance]"
441,Michael Cohen,[]
442,Gale,[]
443,Warren Perry,[]
444,Heather Bradley,[]
445,SJ Loria,[]
446,Katie,[]
447,Daniel Simmons,[]
448,Petronela,[]
449,Anish,[]
450,Sooraj Subramaniam,[]
451,Inet Diran,[]
452,Sergio Rodríguez,[]
453,tea_rain,[]
454,Alexa,[]
455,Hana,[]
456,Jamie,[]
457,Wesley Fox,[religion]
458,Atul Sabnis,"[india, all-i-own, mythlogy]"
459,Keerthan Pai,[]
460,Eliza Brittni,[]
461,Xuran Xie,[]
462,Bookish Dervish,[]
463,M Harris,[classics]
464,Siby,[mythology]
465,Mejiku Hibiniu,[]
466,Kristie,[read-2010]
467,Chelsea,"[reviewed, classic, translated, world-lit, via-school, own, religion]"
468,Emy Jabran,[]
469,Julie Leung,[]
470,Jenny,[]
471,Haley,[own-it-read]
472,Briggs Rajagopalan,[]
473,Riina,[india]
474,Adryan Glasgow,"[fiction-and-poetry, highly-teachable]"
475,Nessisus Fountain,[favorites]
476,Ryan Patrick,"[ancient-history, classic-literature, fiction-2013]"
477,Anika Amdahl,[]
478,Mohit Misra,[]
479,Frederik,[]
480,Robert Delikat,[favorites]
481,Arvind,[ram]
482,Niraj Rathod,[]
483,Josh,[]
484,Flora,[books-that-take-me-to-other-countri]
485,Gemma Williams,[]
486,Nate,[]
487,Víctor Sampayo,[favorites]
488,Ankur,[]
489,Robert Sheppard,"[spiritus-mundi, world-literature-forum, spiritus-mundi-novel-by-robert-shep, robert-sheppard, world-literature-classics, novel-in-world-literature, chinese-literature, archetypes-in-world-literature, myth, book-reviews-by-robert-sheppard, epic-in-world-literature, history-of-world-literature, archetype, classics-of-world-literature, mahabharata, indian-literature, classics-of-indian-literature, hindu-literature, global-spirituality-novls, spiritual-novels, ramayana, valmiki]"
490,May,[india]
491,Andrew,[]
492,Satyajit Nadkarni,[]
493,Afsana,[]
494,D.W.,[]
495,TE,[]
496,Maria,[]
497,E,"[fiction, mythology, india]"
498,Steve Morrison,[]
499,Michaela,[]
500,Mjm,[]
501,Afsana Islam,[]
502,Hunter Johnson,[]
503,Concetta,[review]
504,Hilary Jacks,[]
505,akhwan j.s,[]
506,Arthur Sumual,[classic]
507,Alexander Torres,[]
508,Scott,[]
509,Adrian Perdomo,[]
510,Kelley,[2010]
511,Emily,[]
