,user,tags
0,Michael Brunelle,[]
1,Ali Ben,[]
2,Leah,[]
3,Jim,[poetry]
4,El Segoviano,"[poesia, f-4, colección-anaya]"
5,Mercedes Diaz,[]
6,khalid,[]
7,Bahar Ranjbar,[]
8,Annette,[]
9,Annabelle,[]
10,Dullian,[]
11,Eric Nguyen,[]
12,Damian Reyes,[favorites]
13,Gertrude Coucoulina,[]
14,Angiemangie,[]
15,Salomé,[]
16,hannah,[]
17,Eleanor,[]
18,astronaut.,[]
19,Carlos Mestre,[]
20,Radwa,[]
21,Bímbala,[]
22,Martha E.Chaves,[]
23,Hesi,[]
24,Rodrigo Vigo,[]
25,All Mota,[]
26,Paul,[poesia-poetry]
27,Suzanne,[]
28,Kevin,[]
29,Rebeka,[]
30,Anne-laure,[]
31,Tesparza,[]
32,Dan Varrette,[]
33,Matthew,[]
34,Neema Avashia,[]
35,Unholy Frog,[]
36,Desire  Blue Unicorn ,[favorites]
37,Jessica,[]
38,Laura Quilter,[]
39,Tacuazin,[]
40,Jacqueline Portmana,[]
41,Demian Turner,[]
42,Emma,[]
43,Apursansar,[]
44,Makenzie,[]
45,Mohammed,[]
46,Zael,[]
47,Arua,[]
48,Elissa,[]
49,Amanda,[]
50,Ginny_1807,"[poesia, letteratura-spagnola]"
51,Lorik,[]
52,D.A.,[]
53,Lauren,"[spanish, poetry]"
54,Siyuan,[]
55,Clara,[]
56,behnaz,[]
57,Jennifer,[]
58,MV,[]
59,Reynetta,[]
60,Pakitoinuriak,[]
61,Indi_book,[]
62,Oscar,[]
63,Nandarethan,[]
64,Ariel,[]
65,Tena,[]
66,Giulia,[]
67,Farah,[]
68,julia,[]
69,Nick,[]
70,COME_TO_THE_DARK_SIDE,"[spanish, poetry]"
71,Mariaelena,[]
72,Daniela,[]
73,María Lourenzo,[]
74,Amorette,[]
75,Lena,[]
76,Alice Urchin,[]
77,Faux-Rudy,[]
78,Katherine,[]
79,Maria Hartoularos,[]
80,Peachy,[]
81,Christine,[]
82,Eva,[]
83,Dasalshasa ben Mariem,[]
84,Su,[]
85,Iria,[]
86,The Art Warriors,[]
87,Dimitri,[]
88,Wanda Medina,[]
89,Berna Labourdette,[]
90,John Bodley,[]
91,Juan-Diego Herrera,[]
92,Lexilalas,[]
93,Nicole,[]
94,María Fernanda,[]
95,Joe ,[]
96,Mia,[]
97,Sara,[]
98,Jade Anthony,[]
99,Brian,[]
100,Roberto Hernando,[]
101,Xoe,[]
102,Lis,[]
103,Vivian Dang,[]
104,Bruna,[]
105,Liz,[]
106,Maria Solano,[]
107,Arubeeka,[]
108,Úrsula León,[]
109,Juan Carlos Casanova,[]
110,Gonzalo,[]
111,Ilenda,[]
112,Rhi,[]
113,Mohammad,[]
114,Ensar,[]
115,Marian,[]
116,Natalia,[]
117,Sebastián Aranda,[]
118,Carly Safko,[]
119,Raquel González Rojas,[]
120,David Miller,[]
121,Alejadita,[]
122,Kelly,[]
123,Sophie,[]
124,Sebastián,[]
125,Raúl Quinto,[]
126,Gabriel M.,[]
127,Cristián,[]
128,Rebecarodriguez,[]
129,Jessica D.,[]
130,Ali,[]
131,Jorge,[]
132,أحمد نفادي,[]
133,Kate Andrews,[]
134,Isabel,"[es, 1ls, 2poe, caufen, z2012]"
135,"You,  Disloyal Bastard",[]
136,Irene,[]
137,Blue,[]
138,Gabriela,[]
139,Amir Atef,[]
140,Susan Collier,[]
141,Harun,[]
142,María,[]
143,Gina Ruiz,[]
144,Michail Drakomathioulakis,[]
145,Gracy,[]
146,Rogelio,[]
147,モハメド・サイード,[مكتبتى]
148,Paty,[]
149,Juan E,[]
150,Jennie,[]
151,Mohamed Awada,[]
152,Sebastian Uribe,[]
153,Grace,[]
154,John  Ervin,[]
155,Octavio Villalpando,[]
156,KOMET,[]
157,Shy,[]
158,Anwari,[]
159,Ana Lopes,[]
160,Haarlson Phillipps,[]
161,Adam,[]
162,Kaitlin,[]
163,Karina,[]
164,Blues Incroyable,[]
165,Salah Sameh,[]
166,Sam,[]
167,Sal,[]
168,Ines Riveraprosdocimi,[]
169,RRoncato,[]
170,Richard Munro,[]
171,abcdefg,[]
172,Matt Layne,[]
173,Tamara,[]
174,Glire,"[poetry, 2016-reading-challenge]"
175,Kate,[]
176,Daniel Mata,[]
177,Chris Gray,[]
178,diana,[]
179,Rose,[]
180,Thaly,[]
181,Ahmad Medhat,[لم-أستطع-إكمالها]
182,Mischa,[]
183,Caroline,[]
184,Lau Organa,[]
185,Ligia,[]
186,Shawna,[]
187,crumbpeople,[]
188,Leonardo Nájera,[]
189,Derek Martin,[]
190,Ale Rivero,[]
191,Jimena,[]
192,Marielle Castillo,[]
193,معتز,[owned]
194,Islam Al jedawy,[]
195,Xavier Amatriain,[]
196,Norhan Eltorky,[]
197,Davidg,[]
198,Estella,[]
199,Kayleigh Malcomson,[]
200,Argelia,[]
201,Alexis,[]
202,yasser,[]
203,Chad,[]
204,Josephine,[]
205,Erin,[]
206,J A G,[]
207,Rafael Amberths,[]
208,Inna Shpitzberg,[]
209,H3dakota,[]
210,Mike Soto,[]
211,Eric,[]
212,Javier Casado,[]
213,Laurie Aho,[]
214,Lusine Sarkissian,[]
215,Karla Arguello,[]
216,Francesc Diaz i Marsà,[]
217,Confusio,[]
218,Adda,[]
219,Myriam,[]
220,Sonia,[]
221,Miriam,[]
222,Rosalba,[]
223,Rebecca,[]
224,Margarita,[]
225,Ahmed,[poetry]
226,Victoria Chavez Valencia,[]
227,Israel Jaime,[]
228,Ismael,[]
229,Gene,[]
230,Ruby Nyu,[]
231,Kirsten Auken,[]
232,Adela,[]
233,Mr. Mike,[]
234,Juanmvillares,[]
235,Diego,[]
236,Rhonda,[]
237,Carradine,[]
238,Marta Bogaczyk,[]
239,Kimberly,[]
240,Mike Nelson,[]
241,Stetsenko,[]
242,Angela B.,[]
243,Marjory,[]
244,David Harrison,[]
245,Alvaradejobitatere,[]
246,Christian,[]
247,Alicia,[]
248,Jasmine,[]
249,gieb,[]
250,Kim,[]
251,Ash,[]
252,xmonk,[]
253,Agustín Fest,[]
254,Toncy,[]
255,Christy M,[]
256,Nathalie,[]
257,Mercedes,[]
258,April Coady,[]
259,Isa,[]
260,Rosegon,[]
261,Magaly Guerrero,[]
262,Drew89,[]
263,Ginger,[]
264,Richard O'driscoll,[]
265,Leyre,[]
266,Gabriella,[]
267,Begona Fernandez,[]
268,Toraaki Villalpando,[]
269,Lindsey Coonan,[]
270,Tim Lundy,[]
271,Tara,[]
272,Dragana,[]
273,JD,[]
274,Anna P,[]
275,Kesari,[]
276,Jay,[]
277,Diana Martin,[]
278,Santiago Blergt,[]
279,Michelle,[]
280,Khaled Eider,[شعر]
281,Ahmad,[]
282,Crystal,[]
283,ElHaM Y,[]
284,Katie Cole,[]
285,Sebastian Aloi,[]
286,Esmeralda,[]
287,Alexgarens,[]
288,Suzana,[]
289,Taste it Taste me,[]
290,Hanipal Hamilcar,[شعر]
291,Shawn Sturgeon,[]
292,Nika Akin,[]
293,Onyria,[]
294,Fernando Mier y Teran,[]
295,Sherry Nick,[]
296,Bblola08,[]
297,Debbie,[]
298,Santitos,[]
299,Paula,[]
300,Pedro Lima,[]
301,Alejandro,[]
302,Ami Lovelace,[]
303,Georgina,[favorites]
304,Rosanna,[]
305,Terry,[]
306,Francisco Gordillo,[]
307,Rumiana,[]
308,Amoaplacebo,[]
309,Micah,[]
310,Mélody,[]
311,Heba TariQ,"[مكتبتى, قراءة_مواصلات, reread, قراءات-الميديكال-ريب]"
312,Anula,[]
313,Dududj2006 djukardi,[]
314,Christopher Graffeo,[]
315,Dani,[]
316,Cecilia,[]
317,daemon meridianus,[]
318,Maria Tatarenko,[]
319,Jason,[]
320,Carmen Díaz,[]
321,Laura,[]
322,Karen,[]
323,Salvatore Maldera,[]
324,Lorena Francisca,[]
325,Amina - أمينَة.,[poetry]
326,Annie,[]
327,Mike Brecon,[]
328,Farah Sosa,[]
329,Ching-In,[]
330,Kyah,[literature]
331,Homero Arceyut,[]
332,Dalia,[]
333,Tibor,[]
334,Mariana,[]
335,Cari,[]
336,Alex Guillen,[]
337,Cleek,[]
338,Lamerestbelle,[]
339,Ivona Cvjetković,[]
340,mika,[]
341,Flor,[]
342,Emi,"[en-mi-biblioteca, leidos-2014]"
343,Maja,[]
344,Bethany,[]
345,Angela,[]
346,Alexandra,[]
347,Natalie Aristy,[]
348,Gabriella Nascimento,[]
349,Alexandre,[]
350,Ana,[]
351,Allisonm,[]
352,Ann,[]
353,Rachel,[]
354,Siobhan,[]
355,La Malcontenta,[]
356,Diegortix,[]
357,m. de maupin,[]
358,Mohamed Eshawaf,"[سلسلة-ال100-كتاب, شعر]"
359,Shannon,[]
360,Miguel Soto,[]
361,Adel Aly,[]
362,Ignacio,[]
363,Vicjordan,[]
364,Soulef Abbes,[]
365,Sarah Carracher,[]
366,Occupy,[]
367,Elisabeth,[]
368,Filippo Sottile,[]
369,Etcetera,[]
370,Jazi,[]
371,Amelia,[]
372,Julie Dill,[]
373,Nora,[]
374,Alma,[]
375,Samah,[]
376,Georgina Torres,[]
377,Luis Correa,[]
378,Kati_rose_15,[]
379,J.C.,[]
380,Catherine Osborne,[]
381,Jotajotaz,[]
382,Carmen,[]
383,Angie,[]
384,Gloria,[]
385,Lulu,[]
386,Sol,[]
387,مصطفى درويش,[مكتبتي]
388,MimiWonka,[]
389,Julia_boechat,[]
390,Kari,[]
391,nessa,[]
392,Sarah,[]
393,Dolly Ulerio,[]
394,Torjay Nikolett,[]
395,Lyra,[]
396,Daniel,[]
397,Irukina,[]
398,lauren,[]
399,Zack,[]
400,Steve Love,[]
401,Victoria,[]
402,Aisley,[]
403,Laura ,[]
404,Robert,[]
405,Ayman  Agour,[poetry-شعر]
406,mpazmj,[]
407,F. John,[]
408,Gaby,[]
409,Bette,[]
410,Coronadeofelia,[]
411,Colin Bradley,[]
412,Bonnie Irwin,[]
413,Marc Dupuy,[]
414,Ignasi,[]
415,Claudia,[]
416,Brenda,"[español, not-my-cup-of-tea]"
417,Enid,[]
418,Melanie Wilcox,[]
419,Mara,[]
420,Weaam,[]
421,Mark,[]
422,Sasluu,[]
423,Patricja,[]
424,Jonathan,[]
425,Francisco Tapiador,[]
426,Julian Gallo,[]
427,Leo,[favorites]
428,Dave,[]
429,آية  مجدي,"[2012, inspritional]"
430,Abby,[]
431,Joanne,[]
432,Ifigenia,[]
433,Jolie J,[]
434,Tera,[]
435,David,[poetry]
436,Dina Rahajaharison,[]
437,Julia,[]
438,Ronan Noane  K,[]
439,Μαρία Ράπτη,[]
440,Marlobo,"[og-favorites, sui-generis-poetry-poetic-prose]"
441,Atenea Rosado,[]
442,Marion Katrina,[]
443,Tatevik,[]
444,CoralSea,[2016]
445,دارين,[]
446,Katie,[]
447,Angelica,[]
448,Pedro,[]
449,Heidi,[]
450,Kristy,[]
451,Juan,[]
452,José,[]
453,Krista,[]
454,Ivan,[]
455,Melissa Holman,[]
456,Magda,[]
457,Ruth,[]
458,Dale Collins,[]
459,Norma,[]
460,joaquim,[]
461,Roberto Cofresi,[]
462,iLike Turtles,[]
463,Elena,[]
464,Katharina,[]
465,Sabrina,[]
466,Ana Díaz,"[poetry, absolut-favourites]"
467,Micah champagne,[]
468,Yoanna,[]
469,Heather (DeathByBook),[]
470,Riri,[]
471,Marianela,[]
472,Hernanlameda,[]
473,Sheziss,"[classic, spain]"
474,Jenny,[]
475,Marianne,[]
476,Diana,[]
477,Ahmed Ibrahim,"[شعر, أدب-مترجم, ورقى, مكتبتى, 2016]"
478,Lisbeth Parra,[]
479,Witt Igahluk,[]
480,Tiah Keever,[]
481,Not Merely Living,[]
482,Mavi,[]
483,Ty,[]
484,Horten,[]
485,Becca,[]
486,Melissa,[]
487,Sedenya,[]
488,Yonai,[]
489,Francisco,[]
490,Jadie,[]
491,Miap45,[]
492,Meryone,[]
493,Redpumpkin94,[]
494,Paraph,[]
495,Jordi Serra,[]
496,Jonathan Minard,[]
497,victoria carol,[]
498,Andrea,[]
499,Samuel Mustri,[]
500,Maria,[]
501,Katherin,[]
502,Laura Fennell,[]
503,Ida Aasebøstøl,[]
504,Clara banjo,[]
505,Vicky Colorado,[]
506,Alfredo,[]
507,Mona Jafarian,[]
508,Aby Gimeno,[]
509,lovelymofo,[]
510,Bradley Hagstrom,[]
511,جابر طاحون,[]
512,Cristina,[]
513,Jean Baptiste de Goncourt,[]
