,user,tags
0,Winter,"[2015-read, 1001-books-you-must-read-before-you]"
1,metaphor,[]
2,Mahmoud Ramadan,[]
3,Doaa Hamed,[]
4,Mohamed Salah,[]
5,Abd Elrhman,[]
6,دينا سليمان,[]
7,Noor,[]
8,Abdelrahman Amr El-Adawy,[]
9,Reema Hudaib,[]
10,فاروق الفرشيشي,"[arabic-fiction, own]"
11,نشوى,[روايات-عربية]
12,Perla ,[]
13,نديم عبدالهادي,[]
14,Saeed Ahmad ,[]
15,Maryam Essam,[]
16,The Awdude,[]
17,هاشم السداوى,[]
18,Abrar,[]
19,Shrouk Roka,[]
20,أسيل كوجان,[]
21,Mohamed Hamed,[]
22,Noha,[]
23,P,[literary-fiction]
24,GhaDeeR,[]
25,Soha,[]
26,Radwa Ramadan ,[]
27,Joshua,[just-because-fiction]
28,حنان  عبدالله,"[read-2015, favorites]"
29,Amir Alsuliman,[]
30,Muhammed Hebala,[]
31,Mariam Omar,[]
32,Halah,"[owned, fiction, reviewed, paperback]"
33,Liz Bowsher,[]
34,Amel El idrissi,[الضاد-الروائية]
35,Hamza Kashgari,[]
36,Ahmad Badghaish,[]
37,مريم الشول,[]
38,tee,[amazing]
39,محمود قحطان,[]
40,Lags,[]
41,. اليازية خليفة,[روايات]
42,Fahad Alrashed,[]
43,Zorba,[]
44,Ahmed Gaid,"[favorites, deserve-nobel]"
45,Ben Winch,"[african, sudanese]"
46,Alaa,[]
47,علي الماجد,[]
48,Noor Yaseen,"[روايات-عربيه, سياسه]"
49,*nawaf,[]
50,Ahmad Abdel Hamid,"[i-own, oh-boy]"
51,لين سرسك,[]
52,Nhagmusa,[]
53,مؤيّد,[]
54,Rush,[]
55,Ahmed Sami,[]
56,John Pistelli,"[fiction, twentieth-century]"
57,Susan,[]
58,محمد العوض,[]
59,Mohammed,[]
60,Karim Bazan,[]
61,Alshaatha Sultan,[]
62,David,[]
63,لَيلى الحافِظ,[]
64,فـــــــدوى,[]
65,بسام عبد العزيز,[]
66,أضواء المحمدي,[]
67,Hussein Mahran,[read-in-2009]
68,FAISAL ALMULLA,[]
69,Hiba Jabar,[]
70,سلمى مهدي,[]
71,ياسمين ثابت,[]
72,Heba Elsayed,[]
73,Afnan,[]
74,Anas  Alhaisony ,[]
75,Nick,[]
76,Ghatis Bamussalam,[]
77,Muhammad Badawy,[]
78,شريف,[]
79,Rebecka,"[read_in_english, postcolonial-literature]"
80,DeeNa Ayman F.K.,[]
81,Ahmed Seddik,[]
82,مناف زيتون,[arabic-fiction]
83,Mohammed Kamil,[]
84,Tammy,[]
85,Chambllion Zores,[]
86,Connor,[]
87,Obaid Alsaadi,[]
88,Christine,[]
89,Ahmad Ezzat,[novels]
90,Karim Hikal,[]
91,Tariq A,[روايات-وقصص]
92,Anas Al-omari,[مكتبتي]
93,Majed HBI,[]
94,حياة الياقوت,[could-not-complete]
95,Ayman Alrefai,[novels]
96,FicusFan,"[fiction, modern-day, religion, tradition, social-mores, africa, culture, read-2009, read-5-09]"
97,Sara Human,[]
98,Amal Almansour,[]
99,طاهر الزهراني,[]
100,Ibrahim eldeahy,[]
101,Suzanne Moore,"[1001-2008, ashe-summer-challenge]"
102,Qasem mhafda,[]
103,أميــــرة,[novels]
104,Naeem,[favorite-books-of-a-lifetime]
105,Vivian Dang,[norwegian-book-club-top-works-in-w]
106,Kobe Bryant,[]
107,Zainab Magdy,[]
108,Huda Almasoodi,[]
109,Nada El-Murshidy,[]
110,Hadeel,[]
111,Nabse Bamato,"[africa, diaspora-challenge, east-africa, favourites, round-the-world-52-only-one-from-e]"
112,Inderjit Sanghera,[]
113,Lina Aude,[]
114,Maha,[ib]
115,Zakiyah Alkhadrawi,[]
116,Omar Elwy,[]
117,ميساء منصور,[]
118,Martin,[]
119,Mariya Alsadiq,[]
120,Mark Sacha,[arabic]
121,Ali,[رمان-ها]
122,Sashinka,[1001-books]
123,nour,[]
124,تجربة القراءة,[الرواية-العربية]
125,Mahmoud Abu Adi,[]
126,Montaser Awad,[]
127,سمر محمد,"[روايات-عربية, ريفيو-مؤجل]"
128,Aya,[]
129,Ebrahem El Saed,[]
130,Riham,[]
131,Jenny (Reading Envy),"[around-the-world, location-sudan, location-africa, africa2016, read2016]"
132,Souha Kouki,[]
133,Ahmed Elsebay,[favorites]
134,Leif,[]
135,Rihab,[]
136,Imen Prima,[]
137,Meryl,[]
138,Serena,[]
139,كريم عزمي,[]
140,♥ Ibrahim ♥ ,"[cultures, literature, thinkers-i-adore]"
141,Etizaz ,[]
142,Hadeer,[favorites]
143,عبدالرحمن القصير,"[2012-books, novels]"
144,Amro Elkholy,[الطيب-صالح]
145,Eslam,[]
146,Abdalah Abodief,[]
147,Omar,[]
148,Manal,[]
149,عبدُ الرَّحمن,[]
150,Emmy Soliman,[]
151,samira,[]
152,Chahrazad,"[favorites, african-lit]"
153,Kath,[]
154,د.أحمد فايز,"[best-read, 2012-reading-list, novels]"
155,Safaa Zorgan,[]
156,Miami University Libraries,"[bill, political-fiction]"
157,Kate,[]
158,Aliaa Mohamed,[]
159,محمد الحمراوي,[]
160,سامح شاهين,[]
161,"Fatema Hassan , bahrain",[]
162,Rosa,"[african-culture, historical-fiction]"
163,الكيلاني مليونة,[]
164,Maha Maged,[]
165,Fayes ,[]
166,Israa,[]
167,Samar Almossa,[]
168,Ayah,[]
169,عدنان,[]
170,William,"[africa, sex-as-power, islam, sudan, identity]"
171,Thana Mer'i,[]
172,ريم الرافعي,[]
173,Abeer Hassan M,[]
174, Manal,[أدب-عربي]
175,الناقد,[]
176,Tracey Duncan,[]
177,Mohamed Darwish,[]
178,Sheref Morad,[favourite-books]
179,anwar,[]
180,~ مروة,[للقراءة-فى-1436]
181,Safia,[]
182,Alzool Zwella,[]
183,Huda Aweys,"[historical-fiction, literature, contemporary-issues, cultural]"
184,Quinn Slobodian,[]
185,Mahmoud El-awady,[]
186,Sara Haseeb,[read-2016]
187,Ahmed Hassan,"[imp, imp-to-read-books, 2012-project]"
188,Salma Ouamar,[]
189,كريم البطراوى,[]
190,Mehdi Zandpoor,[]
191,Alex Rosenthal,[]
192,Hossam Sadik,[novels]
193,د. حمدان,[novels]
194,Տիրան,[]
195,Emadeddin,"[remarkable, books-i-own, 2016-reads]"
196,Khadija Osama,[unfinished]
197,سارة درويش,[]
198,Words-to-books,[]
199,Bashar Ash,[novels-literature]
200,Mohannad,[]
201,سليم,[]
202,Evey,[]
203,محمد سيد رشوان,[]
204,Al Hussein Ragab,[]
205,Khaoula  Dahia,[]
206,Ben Loory,[]
207,Mahmud Elyyan,[]
208,Jenan,[]
209,Soha Kamal,[]
210,Mehdi,[]
211,Shane,"[fiction, africa]"
212,Ebony Taylor,[]
213,Samar,[2012-books]
214,Hisham Abdelhamid,[]
215,Momo Helmy,[]
216,د.محمد رضا,[]
217,Jesse Read,[]
218,Ahmed,[]
219,Zeinab,[]
220,Daniel Burton-Rose,[african-literature]
221,جمانة ,[]
222,hiba,[]
223,Caracalla,[]
224,Ziad,[]
225,كوثر الشريفي,[re-reading]
226,Fayçal kh,[]
227,Jaber  ,[]
228,Yousra Hesham,[]
229,احمد سعيد,[]
230,Peter,[]
231,Mustafa Hamdy,[]
232,Essam Emadeldin,[]
233,Rachelfm,"[africa, 1000-in-my-thirties, 133-in-2014, 50-books-in-50-countries-2014]"
234,Sam Angari,[]
235,Mohammed Alsuhaibani,[]
236,Arukiyomi,[1001-books]
237,محمد بادي أبو الظلال,[]
238,Alicia,"[books-i-own, university]"
239,Nadine Mahgoub,[literature]
240,Hala,[my-library]
241,Tarek Hassan,[]
242,زهرة منصور,[]
243,Ibrahim Sherif,"[روايات-عربية, read-in-2015]"
244,Musab Almatrafi,[]
245,Abeer Suliman,[]
246,Anas Bettamer,[favorites]
247,ghada  MarȜe,[]
248,Faisal Al Sager,[]
249,Rea Keech,[books-read-in-2015]
250,مهنا,[]
251,Tasneemali,[]
252,Mohamed Ramadan,[]
253,إسلام سعد,[]
254,Rawan Al Fadil,[]
255,Slymandra,"[read-in-translation, read-in-english, around-the-world]"
256,Ashraf Shehada,[]
257,Noor Sabah,[]
258,حازم,[]
259,Dina Nabil,[]
260,أسامة سعيد بسيوني,"[pdf, روايات, ترشيحات-ربيع-السملالي]"
261,Eric Harrington,[]
262,Aya Ashraf el morsy,[]
263,Barry,[]
264,Randa,"[arabic, ebook]"
265,مصطفى سلامه,[]
266,Menna Omar,[]
267,Mostafa Solaiman,[]
268,Lubna ALajarmah,[موجود-في-مكتبتي]
269,Will Wala,[]
270,Zaher Alhaj,[]
271,Abdulrahman Aldeek,[]
272,Diane Brown,[african-books]
273,Islam AlBardaweel,[]
274,احمد الانصارى,[]
275,Kadri,[real-world-bookshelf]
276,لقاء السعدي,[روايات]
277,Frankenstein Galilei Octan,[الركن-البعيد-الهادى-استكنيصانيات]
278,Bash,[]
279,Brayden,[]
280,حسن الشواف,"[قراءة-مسموعة, تاريخ]"
281,Mazen Alloujami,[]
282,Amélie,"[2013, soudan]"
283,Sultan Al-shehri,[]
284,ربيع  التتري,[]
285,Janice,[2013-read]
286,Nouha ShawQi,"[e-book, 2014, novels]"
287,Dioni (Bookie Mee),"[1001-books, african-festival]"
288,Arwa Helmi,[]
289,Nojood Alsudairi,"[arabic-books, fiction]"
290,Zohra Ouahabi,[]
291,Fahad Alqurain,[]
292,Diane Zwang,"[1001-books-you-must-read-before-you, africa, 1960s]"
293,~Abdulمجيد~,[favorites]
294,nofah,[]
295,Esraa Rajab,[favorites]
296,فاتن,[]
297,Rifka kamal,[]
298,Yahya,[]
299,Ḿihad,[]
300,رولا البلبيسي Rula  Bilbeisi,[]
301,Assem  A. Hendawi,"[arabic, identity-crisis]"
302,يوسف أحمد,[]
303,Emad Masri,[]
304,Saeed Al nuaimi,[]
305,Basem Omar,[روايات]
306,Heba TariQ,[]
307,Abdel Rahman,[]
308,Lames Din,[]
309,Muhammad Etikar,[]
310,عبد الرحمن  علي,[]
311,Ahmed Osama,[]
312,Abdullah Almushawah,[]
313,Nadasuad,[]
314,هاجر شويط,[]
315,Ladmia,[]
316,ولاء المعز,[]
317,Mahoshy Carter,[i-owen]
318,Osama,[]
319,هيثم فيضي,[]
320,Fakhour Mohammed,[]
321,Sorin Hadârcă,[]
322,Liralen,"[fiction, reviewed, africa, 2016]"
323,Mohamed,[]
324,إبراهيم الشتوي,[]
325,Mostafa El-sayed,"[روايات, المفضلة, 2016]"
326,Reham Mohssen,[novels]
327,Nidhi Singh,"[favorites, africa, classics, 2014, arab-literature]"
328,DoctorM,"[summer-year-nine-list, out-in-the-colonies, postcolonial]"
329,Mohamed El seginy,[favorites]
330,Eslammohammed,[]
331,Kamal Shaker,[]
332,Mazen Draou,[]
333,Fatma,[2011-52-books-challange]
334,Abd-Allah Rafeeq,[]
335,Ali Elhawary,[]
336,Tinea,"[colonialism-imperialism-war, place, high-lit]"
337,Shatha,[]
338,Mahmoud Ashour,"[the-best, arabic-literature]"
339,Aziz,[readings-for-the-arabic-novel-class]
340,Emma Deplores Goodreads Censorship,"[sudan, africa, world-books-challenge, 2-stars-and-a-half, read-in-translation]"
341,Princess,[re-readable]
342,Pratyusha Saha,[]
343,hanan al-herbish al-herbish,[]
344,Luluwa,[]
345,Maged,"[favorites, novels]"
346,Khalaf Alshammari,[]
347,Talrubei,[novels]
348,Hassan,[]
349,Ahmed Ashour,[]
350,Barbara,[]
351,Mai Magdy,[]
352,Omar Elsheikh,[]
353,Mohammed Alsaleh,[]
354,Patrick McCoy,[contemporary-fiction]
355,Ahmed Sabry,[]
356,Rema Mohamd,[]
357,Anas Abu Samhan,[]
358,abdou aly,[favorites]
359,Jim Coughenour,[fiction]
360,عَلِيْ ,[]
361,Hanadi Albadi,[to-read-again]
362,Marwoua Ben salem,[]
363,MJ,[]
364,Özgür Daş,"[favoriler, kitaplığım, ayrıntı-yayınları]"
365,Alireza Sahafzadeh,"[sepid-book-group, africa]"
366,آيـــــة,[the-worst]
367,Hedaia Neiroukh,"[worst-books, books-of-2015, arabic-novels]"
368,Niloo Beygi,[رمان]
369,Christy,[]
370,Abdul-Awwal,[]
371,Ibraheem Ghanem,[]
372,Waiza,[]
373,Dina Khattab,[]
374,محمد علي الفارس,[]
375,Mohammad.F Jaber,[]
376,Mostafa ali,[]
377,أثير,"[عربي, read-on-kindle, fiction, africa]"
378,Kristel,"[1001-books, africa, 1001-challenge, sudan]"
379,Hind el omary,[owned-books]
380,Kimbofo,[translated-fiction]
381,Areej M.,[]
382,Lina Okar,[]
383,Asma Fedosia,"[80aroundtheworld, 2016aroundtw, 2016-80-challenge]"
384,Mona Taha,[]
385,Manhel,[]
386,Sarah,[]
387,شرف,"[رواية-مجموعة-قصصية-مسرحية, owned]"
388,Yaser Maadat,[]
389,Badr Aleissa,[]
390,Liana,[]
391,محمود سعيد محمود,[]
392,Pete Young,[]
393,Sarah Omar,[]
394,Qasim,[روايات]
395,عبدالكريم الخليفي,[]
396,Hadrian,"[fiction, subsaharan-africa, sudan]"
397,Alaa Salama,[]
398,Batool,[]
399,ربى عبد الغني,[]
400,Victoria,[]
401,Mona Kotb,[]
402,Mohammed Yusuf,[]
403,Lila Lamrabet,"[arabic, all-time-favorites]"
404,نچلاء  صلاح الدين,"[روايات-وقصص, بشع]"
405,Ebthal,"[dislike, روايات-عربية, 2012, disappointed]"
406,Mohammed Galal,[]
407,Mona,[pdf]
408,Salam Ch,[my-recommendations-list]
409,Ala'a,[]
410,Richard Derus,[]
411,Mohamed Adam,[]
412,Ola Jamous,[]
413,Kareman Mohammad,[]
414,Basheer Ismail,[]
415,Pip,[1001-books-challenge]
416,Aya Ismail BEZINE,[]
417,Sue,"[fiction, library-book, africa, sudan, read-2016]"
418,Fayyad N.,[]
419,Mari,[]
420,Weaam,[]
421,Lamees Al-Habeeb,[2013]
422,امتياز,"[pdf, روايات]"
423,Jonathan,"[lit-african, nyrb, group-read, 20th-century, author-male, book-type-novel, about-africa]"
424,Shahd Bensaoud,[]
425,Givens,[]
426,Niledaughter,[arabs-fiction]
427,Mohamed Zine,[]
428,Usra,[]
429,Mohammed Alfatahi,[]
430,Shovelmonkey1,"[1001-books, bookcrossing-books, africa, read-in-2012]"
431,Stephen Durrant,[]
432,Zanna,"[england, africa, g-african-reads, translated, egypt, sudan, arabic]"
433,Ibrahim Elsayed,[]
434,Mostafa Alzanaty,[]
435,Najla Hammad,[]
436,Basim Ammoun,[]
437,Abdullah Abdulrahman,[]
438,Suha,[]
439,Rehab Yusuf,[]
440,Nada  Amer,[]
441,مؤمن,[]
442,فائق منيف,[]
443,Stunning Mess,[مكتبتي]
444,Batool Alsadah,[]
445,César Lasso,[]
446,Ahmad Alahmadi,[]
447,حسام السميحيين,[]
448,Ron,[]
449,Abdulslam,[]
450,Rifat Mana,[]
451,Ashraf,[]
452,Dias Rajjaneb,[]
453,Mostafa,[آسیا-و-آفریقا]
454,أبو يوسف ,[]
455,Katie,[]
456,Basma Ismael,[]
457,رهف زكار,[]
458,Nada khalled,"[مفضلاتي, pdf]"
459,Amr Hassan,"[novels, favorites]"
460,Dhia Bousselmi ( ضياء البوسالمي ),[afrique]
461,Ahmad  Ebaid,[أدب]
462,ياسمين خليفة,[]
463,[P],[bitchin]
464,فارس غرايبة,[]
465,محمد  النعمه,[أدب]
466,Alanoodfq Al-Thani,[]
467,AL-Hanouf Hamed,[]
468,mohamed nabil,[]
469,Nawaf Al-Atallah,[]
470,Amr,"[روايات-مصرية-وعربية, pdf]"
471,Doaa,[]
472,أروى مختار,[]
473,John Maher,[]
474,Mary Halpenny-killip,[]
475,Sandra,[]
476,Realini,[]
477,Joselito Honestly and Brilliantly,[]
478,Reham,[الروائع]
479,Ahmad Elghobashy,[]
480,Sherif Hazem,[]
481,omneia,[]
482,منى حوا,[]
483,Carol nabil,[]
484,Mennatallah Yahia,[]
485,Raul Bimenyimana,"[african-writers, favorites]"
486,Gart Elnogwm,[]
487,Tony,"[nyrb-classics, sudanese]"
488,Marwa Yassin,[]
489,Banan,[2012]
490,Walaa Fathi,[أدب-عربي]
491,Abdullah ali,[]
492,أمل بنت عبدالله,[]
493,Muhammad Khaled,[i-own]
494,Xueting,[]
495,Alaa Gamiel,[]
496,Nati,[sudanese-literature]
497,Gray Side,[]
498,Ayman Naqeeb,[]
499,Bayan,[]
500,Ghanem Abdullah,[]
501,Andrew,[middle-eastern-fiction]
502,Noura Abdelfattah,[]
503,Asma Albishri,"[قصص-و-روايات, أدب]"
504,Hanady,[فى-مكتبتى]
505,Eng Mohmad,[]
506,Daydreamer,"[got-magic, 2016, 196, روايات-قصيرة, ادب-عربي]"
507,Holly S. Warah,[]
508,Bayan Al-Dakheel,[]
509,Kymberlie,[colonial-critiques]
510,أحمد العلي,[]
511,Ayman sayed,[]
512,Assem Elsheemy,[]
513,د.حنان فاروق,[]
514,Hamza,[novels]
515,Ayeshah,[]
516,Ali Almatrood,"[reviewed, 2015]"
517,Sheery Al-Zahrani,[]
518,Yazeed T.,[]
519,أحمد الناغي,[]
520,Zied Hf,[]
521,Eman,[]
