,user,tags
0,Ian Birlem,[]
1,Val,[]
2,Hà Nguyễn,[]
3,Jake Bittle,[]
4,Jim,[]
5,Horace Barrington,[]
6,Wayne,"[short-stories, european-favourites, russian-roulettes, anton-chekhov]"
7,Maurice Fitzgerald,[]
8,Megan Hewins,[]
9,Archit Nanda,"[short-stories, madly-in-love-with-these-books]"
10,Jessica,[]
11,Burg,[]
12,MONA,[]
13,Dan,[]
14,Sam Grindstaff,[]
15,Jessica Ainsworth,[]
16,Kelanth,"[classico, romanzi-repubblica]"
17,Smrtijedka,[povídky-short-stories]
18,pierlapo  quimby,"[ottocento, russi-slavi-e-ungheresi, biblioteca-di-repubblica-ottocento]"
19,Lora Grigorova,[]
20,Ritwik,"[russian-lit, favorites]"
21,anca dc,[2010]
22,Einschrein,[]
23,J.G. Keely,"[short-story, reviewed, realism, russian, favorites]"
24,Thomas,[]
25,Saman Perera,[]
26,Noah,[]
27,Nabila Sofia,[short-stories]
28,michael,[]
29,Bonnie,[]
30,Kathryn,[]
31,shahram,[]
32,Rex,[]
33,Thing Two,"[country-russian-federation, favorite-short-stories, continent-europe-eastern]"
34,Alexander Lisovsky,[sunday-read]
35,Dora Eos,[]
36,Ahmad Sharabiani,"[literature, russia]"
37,Matthew,[]
38,A,[]
39,Rick,[fiction]
40,Diksha,[]
41,Maralaa Milky,[]
42,Adam Šimice,[]
43,Alina,[]
44,Lady Dixie,"[19th-century, chekhov, men-writers, i-have-taught, short-story, russian]"
45,Janet,[]
46,Ipek,[]
47,Dylan,[]
48,Alan,[short-stories]
49,Sea Stachura,[]
50,Vartiel K,[]
51,Outmind,[]
52,Aisyah Shaumasari Maulana,[]
53,Evie Sandborn,[]
54,Susan,"[fiction, classic, russian, stories]"
55,Han Asra,"[favorites, literature, russian, classic, short-stories]"
56,Vivienne Strauss,[books-i-m-not-willing-to-finish]
57,Stephanie,[]
58,Spencer,[]
59,Patty,"[favorite, russo-baltica, short-stories]"
60,Erik Graff,[literature]
61,Francesca Coli,"[favorites, russian-literature]"
62,Jennifer,[]
63,Travis,[]
64,Elisha,[]
65,Tessa Rose,[to-read-flavorwire-recs]
66,Jared,[]
67,Samuel Ch.,[biblioteca]
68,Victor,[]
69,Rada,[]
70,Ahmad Amani,[]
71,vik,[]
72,Robert,[]
73,Mina Ajjam,[]
74,Kiri,[]
75,Christobird,[allmankindarenowyourbrothers]
76,Jane,[]
77,Dilesh Bansal,[classics]
78,Faraz,[]
79,Esonja,[]
80,Cora,[]
81,Wmadaus,[]
82,Nuhamin,[]
83,Tomas Ramanauskas,[]
84,Stan,[]
85,Huy,[short-stories]
86,Io?,"[russian, short-stories]"
87,Christina,[]
88,Ben,[]
89,Asha,"[classics, shortstories, rus-lit, 2016]"
90,Lii,[]
91,Claire,[]
92,Stefania,[]
93,Mark Philhower,[]
94,Fonda Fan,[]
95,Bram,[the-russians]
96,Reetwika Banerjee,[]
97,Polomoche,[]
98,Tiffany,[]
99,Vlad Rotaru,[]
100,Dillon Floughton,[]
101,Meri,[]
102,Johann,[]
103,Tessa,[]
104,Rob,"[literature, read-in-2010, short-stories]"
105,Nicole,[]
106,Heather,"[historical-fiction, short-stories, classics, russia]"
107,Sara,[guardian-100-greatest-books]
108,Jerry,[did-not-finish]
109,Brian,[read-2009]
110,Yasiru (reviews will soon be removed and linked to blog),[]
111,Kamilė,[favorites]
112,Charlotte J.,[]
113,Artur Klesun,[]
114,Brynn,[2008]
115,David Williamson,[great-fiction]
116,Jordan,[]
117,Andrew P,[]
118,Jana L.,[]
119,Kella,[]
120,Inderjit Sanghera,[favorites]
121,Don,[]
122,Jacqueline,"[plays, russian]"
123,Paul Cockeram,[]
124,Ryan,[fiction]
125,Will,[]
126,Benji,"[all-time-favorites, read-in-morocco, 2010, potentially-life-changing, penguin-classics-list, carpe-diem, nonsequential-rereading, read-again-and-again, 2011, best-in-morocco, creepy, strong-literary-value]"
127,Kelly,"[read-some-of-it, 2006]"
128,Lisa,[]
129,محمد عبد المقصود,[أدب-مترجم]
130,Lise,[]
131,Marcela Campos de Almeida,[]
132,Tanveer,[short_shorts]
133,Daniel Klawitter,[]
134,Kevin Clouther,[]
135,Raisa,"[classics, fiction, favorites]"
136,Phillip,"[fiction, russian, short-stories]"
137,Kara Crabb,[]
138,A.K. Fielding,[]
139,J.T. Gregg,"[short-stories, fiction]"
140,Jan,"[novel-and-about-novels, e-book, i-m-always-reading-favorites, russische-bibliotheek]"
141,Zia,[]
142,Brenna,[]
143,James P,[]
144,Bushn,[]
145,Jesse Field,[]
146,Luis,[]
147,Van_Phanel,[]
148,Andy McKenzie,[]
149,Bidita,"[classics_including_modern, favorites, original_language_russian, acquired, read_2014_yr_of_proust_borges, to_be_reread, 20th_century, 19th_century]"
150,Sabina Chen,[]
151,Michael,[russkies]
152,Jasreet Badyal,[]
153,Omar,[]
154,Kris Stark,[]
155,Алина,[favorites]
156,Manab,[]
157,Marguerite,"[bailed-out, short-stories]"
158,Sam,"[russian-lit, favorites]"
159,Aaron Morris,[]
160,Giancarlo,[]
161,Murali,[]
162,Engelbert Humperdinck,[]
163,Denise Drespling,"[for-school, own-it, from-reading-like-a-writer]"
164,Arunima Dey,[]
165,Cher Pong,[]
166,Kate,"[read-unowned, i-read-it-in-class, fiction]"
167,Rachel Smalter Hall,"[short-stories, shivers, russian, fiction]"
168,Matt Holloway,[]
169,Rose,[]
170,Shannon Burton,[]
171,eb,[]
172,Anush Koshetsyan,[]
173,Thành Trung,"[favorites, historical-fiction, classics, short-stories, masterpiece]"
174,Nivedita Bansal,"[2013, short-stories]"
175,Amit Bolakani,[]
176,Caroline,[]
177,Elizabeth,[]
178,Christian McKay,[]
179,farm,[sitting-around]
180,Bill S.,"[international-classics, short-stories]"
181,Rama Bauer,[]
182,Joseph Boquiren,[]
183,Abhishek Gour,[]
184,Shauna,[]
185,DalalK.,"[classics, drama, short-fiction, 2011, russian]"
186,Niraj,[]
187,Rebekah,[]
188,Bryon Kindernay,[]
189,Erin,[]
190,Erik,[]
191,Eric,[indispensables]
192,Noufal,[]
193,Mark Payne,[]
194,Mohannad,[]
195,Jason Boyd,[]
196,Jim Rickson,[]
197,Amy,[]
198,Mehdi,[]
199,Todd Martin,[finance]
200,Shane,[]
201,Eduardo,"[fiction, classics, allison-readwith]"
202,David Fleming,"[classy-classics, short-stories, literary]"
203,Rebecca,[]
204,Marc Kozak,[]
205,Margarita,[fiction]
206,Dayna Lorentz,[classics]
207,Meredith,"[short-stories, russian-lit]"
208,Brendan,[]
209,Nikola Jankovic,"[reread, 19th-century, russian, classics, stories-and-essays]"
210,Kurt,[gave-up-or-never-finished]
211,Bill Knowles,[]
212,John Woodington,[classics]
213,Craig,[]
214,Amarjyoti,[]
215,Paulo Jan ,[russia]
216,Maxim,[]
217,Saravana Kumar,[]
218,Colin,[]
219,A...B,[]
220,Peter,[]
221,Eve Davids,[favorites]
222,Debbie,[]
223,Diego,[]
224,Clint,[2010]
225,Richard,[re-reading-for-the-umpteenth-time]
226,Richard Lodge,[]
227,Eclectic Indulgence,[russian-classics]
228,Angela,[]
229,Hossein Hamidi,[novel]
230,Aras,[]
231,Ruthie Jones,[]
232,Chuck Lowry,[]
233,Duane,"[rated-books, reviewed-books, russian, short-stories]"
234,M. Stafford,[]
235,Yeonsu Kim,[]
236,Aran,[]
237,Aram,[]
238,Gabriel,[]
239,Frederick,[chekhov]
240,Lucy,[]
241,Triantáfyllo,[]
242,Sam Ruddick,[]
243,Tommy,[]
244,Angelique,[books-read-in-2015]
245,Lindsay,[abandoned]
246,Andrew 'Smitty' Smith,"[russian-lit, own]"
247,Jake Brockman,[]
248,Patrone  ,[]
249,Frankie,[russian]
250,Alison Petchell,[]
251,Letitia,"[favourite-fiction, literary, classics, shorts, russian, best-endings, emotional-punch, translated, favourite-symbolism]"
252,Khalil James,[19th-century-russian-literature]
253,Matt,[]
254,Ian,[]
255,Qadir Imtiaz,[]
256,Ksenia Anske,[favorites]
257,Tota Elbakry,[my-best-books]
258,Joe Gola,[own]
259,Amel El idrissi,[russian-literature]
260,JJ,[]
261,Stephen,[]
262,Isadora,[]
263,Anna,[stories]
264,Tess,[]
265,Kathy,[bookclub]
266,John P,[]
267,Pete Kelly,[]
268,Tolga,[]
269,John A,[]
270,Priya K,[]
271,Vincent Eaton,[]
272,Imsoo,[]
273,Travelin,[]
274,Amin-m,[]
275,Lillian,[short-stories]
276,Laura,[]
277,Amélie,"[2011, russie, relecture]"
278,Bryan Holmes,[]
279,Alanna,[]
280,Suvi,"[short-stories, _europe-eastern, 1800s]"
281,Cristi,[]
282,Steve Macias,[]
283,Francis,[russian-literature]
284,Zois,[]
285,Juergen John Roscher,[read_2011]
286,Anna Kļaviņa,"[historical-fiction, classic, short-stories, russian, read-in-2012]"
287,Brigela Demaj,[]
288,Mackenzie,[eastern-europe-russia]
289,Flávia,[]
290,Paul Servini,[short-stories]
291,Rchamp,[]
292,Thekelburrows,[]
293,Allen,[literature]
294,Laurel Hicks,"[books-read-in-2008, audible]"
295,Brent,"[fiction, short-stories]"
296,Teresa,[]
297,Jaber  ,[]
298,Madeline,[]
299,John,[]
300,lauren,[]
301,Laura M.,[]
302,Domingo,[]
303,Rachel Mecham,[]
304,Dinah,[]
305,jp,[]
306,Alisea,[]
307,Annie,[classical]
308,Dana,[]
309,Jason,[]
310,Drishti,[]
311,Steve,[]
312,Brandon O'Neill,[]
313,Karen,[]
314,Todd,[]
315,Cintantya Sotya Ratri,"[favorites, fiction]"
316,Leo Robertson,[favorites]
317,Dilshad,[]
318,Kenneth Hoover,[]
319,Tyas,"[literature-culture, short-stories]"
320,Sharma,[novels-classics]
321,Joao Pedro,[]
322,Bettie☯,"[slavic, classic, shortstory-shortstories-novellas, play-dramatisation, winter-20092010, published-1899]"
323,Z Bloom,[]
324,Harsha Varma,"[5-f-ing-stars, classics, russian-literature, novellas, favorites, joy-of-literature, read-in-2016]"
325,Trina,[]
326,Thomas Hakkaart,[russian]
327,C.,"[to-be-re-read, own-or-access, short-stories, 2010]"
328,Ibrahim,[]
329,Alyssa,[]
330,Sandra,[classicissimi]
331,Aziz,[]
332,Beth,[]
333,Benson,[]
334,Geetika Arora,[]
335,Mark Crouch,[favorites]
336,Maian Cuyno,[]
337,Mahmoud Adel selem,[]
338,Gaurav Singh chauhan,[]
339,Michele Bariani,"[ebook, abandoned]"
340,Stuart,[]
341,Harriet,[]
342,Barbara,[]
343,Michel,[]
344,Paul Bozzo,[]
345,Bijo Mathew Philip,[]
346,Hugo Emanuel,[owned]
347,Bleak Mouse,[]
348,Paul Gaya Ochieng Simeon Juma,[]
349,Angela Paquin,[]
350,Cascas Hardinbg,[]
351,Wendell Jones,[]
352,Nirjhor Nandonik,[]
353,Danielle,[fictional]
354,Courtney,"[library, z-19th-century, asian-authors, european-authors, short-stories, chick-lit, literature-classic, philosophical, literature-world, drama, author-omnibus, fiction, russian-authors, romance, class-conflict, cozy-cup-of-tea, sentimental-journey, compilations-florilegium, quick-read]"
355,Patrick Pineyro,[]
356,James Haft,[]
357,thom,"[fiction, audiobooks]"
358,Ghaggard,[]
359,Luke,[]
360,Tom Douglas,[]
361,James Thompson,[]
362,Sean Leas,[classics]
363,Bob Mustin,[]
364,Attila,"[society, short-stories, classics]"
365,Alma,"[i-think-i-read-it, own]"
366,Ilze Sweeney,[]
367,Eadweard,"[fiction-read, russian, favorites-or-really-liked, short-stories, anton-chekhov]"
368,Jennell McHugh,"[classics, shorts, russia]"
369,L,[literature]
370,Oleg,[]
371,Greg,[]
372,Ryan Dilbert,[]
373,Nancy,[]
374,Manuel,[]
375,Nojournalist,[]
376,Petervel,[]
377,Julie,[]
378,Aida,[]
379,Gavin,[bought]
380,Madge,[]
381,Joshua D.,[]
382,M. ,[]
383,Rahul D'cunha,[]
384,Kari,[]
385,Sarah,[]
386,Lotz,"[highly-recommended-favorites, novels-novellas-short-stories]"
387,Jude Nonesuch,"[fiction, short-fiction]"
388,Ryan Monaghan,[]
389,John Barclay,[]
390,Sarar,[short-stories]
391,Nicholas,[]
392,Judith,[]
393,Hadrian,"[russia, short-stories, fiction, favorites]"
394,Michael Julian Arnett,[favorites]
395,Rita AlTaji,[]
396,Steve Love,[100-best-books-in-the-history-of-li]
397,Kira Brighton,[school-required-read]
398,nicki,[]
399,Christopher,"[classic, short-stories, outstanding]"
400,Anirudh,[]
401,Ebookwormy,"[short-stories, carp-500]"
402,Michael Baranowski,[abandoned]
403,Stef Smulders,[]
404,Nasi fabulous,[]
405,George Ilsley,"[fiction, short-stories, russian, classic]"
406,Adlioş,[]
407,Kilean,[]
408,James,[fiction]
409,Alice,"[university-reading, classics]"
410,Ivon Cholakova,[]
411,Briget Murphy,[]
412,Andrea,[]
413,Tommy Powell,[nightstand-reading]
414,Mike Tracy,[]
415,Dawn Tutt,[]
416,Stephan,[]
417,Fedaykin,[]
418,Mark,[]
419,Carrie Mullins,[]
420,Grant Ford,[]
421,Mary,[]
422,Carole,[]
423,Kat Asharya,[]
424,Mike,[]
425,Casey Hampton,[short-stories]
426,Stephen Durrant,[]
427,Annabelle,[]
428,S Prakash,[]
429,Connie,"[classics, russian-literature]"
430,Chris,[]
431,Suesaroo,[]
432,Ming Jiu Li,[]
433,Víctor,[]
434,David,[]
435,Teo Kos,[]
436,Corey,[literary-classics]
437,Alex Bergonzini,[]
438,Amber,[]
439,Best.writing,[books-for-amy]
440,Sahand,[]
441,Glenn,[short-stories]
442,Haley,[]
443,Jade,[classics]
444,Anna ,[]
445,Kate Samson,[]
446,Autumn,[]
447,Cameron,[]
448,Jessica Walters,"[drama-epic-poetry-shortstories, russian]"
449,Shelley,"[period-1800s, geo-russian-slavic]"
450,Biswajit,[]
451,Shawn Aldridge,[]
452,La Petite Américaine,"[classics_i_loved, kicked_ass]"
453,Peregrine 12,[books-i-gave-up-on]
454,Aaron,[]
455,Seth Augenstein,[the-best]
456,Allen Dark,[]
457,Martha,[jr-high]
458,Nikita Golubov,[]
459,Lawrence,[]
460,Shawn,[]
461,Niklaus,"[classici, narrativa, audio, russa]"
462,Megan,[abandoned-books]
463,Anthony,[]
464,Gabrielagtza,[]
465,Suzi,[]
466,Brian Gramman,[favorites]
467,Ruthie,[]
468,Avtar Priyadarshan,[]
469,Realini,[]
470,Donna Kirk,[]
471,mirela Darau,"[classics, i-have-it-in-english]"
472,Salpi Özgür,[]
473,Zach VandeZande,[]
474,منن نصار,[أدب-عالمي]
475,Luke Meehan,[]
476,Jeff,[]
477,John Jackson,[]
478,Ted,"[lit-russian, short-stories, classics]"
479,Erika,[]
480,MC Paperclip,[]
481,Jesse,"[classics, russian]"
482,Jose,[contos]
483,Manuel Alfonseca,[]
484,Deanna,[]
485,Farah Gh,[]
486,Luisa,[]
487,Eldan Goldenberg,[]
488,Nishant,[]
489,Kmwann,[]
490,Sin,[]
491,Darkhan,[]
492,Monica,[]
493,Francisco,[]
494,Eugeny Pessotski,[]
495,Núria,"[prestados, literatura-rusa, decimononicos, cuentos, 4-muy-buenos]"
496,Mariarose,[2010]
497,Andrew,[russian-fiction]
498,Ben Gonzalez Cueto,[]
499,Mae,[]
500,Kenta Iwasaki,[]
501,Jeff Hobbs,[russia]
502,Alex,[]
503,Karim,[روايات]
504,Morgan,[]
505,Dhiraj Sharma,[]
506,Jonfaith,[mother-rus]
507,Steve Shilstone,[]
508,Bachir Lagsal,[]
509,Teri Zipf,[ebook]
510,Vanesa Kim,[]
511,Jace Davies,[]
512,Hafeez Lakhani,[short-stories]
513,Mai-ana,[]
514,Mel,[]
515,Emily,[]
