,user,tags
0,notgettingenough ,"[humour, pre20th-century, french]"
1,Nadir,[]
2,August Letendre,[favorites]
3,Maurice Fitzgerald,[]
4,Bahar Ranjbar,[]
5,Annette,[]
6,Hal,[abandoned]
7,Mary  Goodnight,[]
8,Mirela,[]
9,AndreaZ,[]
10,Yani,[universidad]
11,aaron,[]
12,Dax,[]
13,Jeanette Rasmussen,[for-uni]
14,Angus,[]
15,ablomof,[novel]
16,Alesh,[classics]
17,Nico Pitrelli,[]
18,Dave Yan,[]
19,jacob,[]
20,Coxy,[]
21,Joshua,[]
22,Salar Moarref,[]
23,Kenneth,[]
24,Noah,[france]
25,Kyc,[]
26,Geoff Balme,[]
27,Bonnie,[]
28,Katrina,[]
29,Sahar,[]
30,Michel Van Goethem,[]
31,George,[]
32,Kevin,[]
33,Tatiana,[]
34,Dolors,"[read-before-2011, best-ever]"
35,K. M. ,[]
36,Nick Jones,[]
37,Cecily,[]
38,Rev,[]
39,Ahmad Sharabiani,"[classic, fiction, literature, 1001-book]"
40,Matthew,[]
41,naomi,[]
42,Janet,"[19th-c-french-novels, classics]"
43,Bruce,[]
44,Alan,[]
45,Kristin,[]
46,Czarny Pies,[french-lit]
47,maryam,[]
48,Mohammad Mirzaali,[]
49,Suzydumeur,[]
50,Agi,[]
51,Mb,[]
52,Mohsen Rajabi,[]
53,Erin.Evelyn,[]
54,Troels Høegh,[]
55,Guy Cranswick,[]
56,Amanda,[]
57,Nibelheim,[classiques]
58,Elham Rabiee,[]
59,Clare,[]
60,Ahk,[]
61,MJ,"[france, ebook]"
62,Adriana Scarpin,"[francesa, realismo]"
63,Hilarie,[]
64,Bastet,"[french-literature, master-piece, classics]"
65,James Smith,[]
66,Jen-knee-fur M.,[]
67,Salvatore,[]
68,Elizabeth Millard Whitman,[france-and-paris]
69,Nick,[]
70,Rachel Calvert,[]
71,Jee,[]
72,pony,"[favorites, littérature-française-xix, comps-gén-roman-politique]"
73,Vel,[]
74,Mina Soare,"[history, social, french]"
75,sarah,[]
76,Lena,[1001]
77,Niloy Mitra,[]
78,aya,[]
79,Jo,[]
80,Eliana von Vacano,[]
81,Golnaz,[]
82,Marlena Corcoran,[]
83,Anne♡loves♡romance,"[romance, classics, french-books, historical]"
84,Ben,[]
85,Bill Yarrow,[]
86,Celena,[]
87,Darran Mclaughlin,"[favourites, french, modernist, classic]"
88,Erica,[]
89,Jayaprakash Satyamurthy,[]
90,Claire,[]
91,Carmen8094,[romanzi-e-saggi]
92,Ernisha Rose,[]
93,Erin Piorier,"[19th-century-literature, french-literature]"
94,Rachel Pollock,[]
95,James Violand,[own]
96,Pierre E. Loignon,[litterature]
97,Tiffany,[recommended]
98,Danae,[]
99,Sharon,"[at-cal, in-french]"
100,Heather,[]
101,Johnny Waco,"[realism, fiction, france, french, shelfari-classics, shelfari-realism]"
102,Sara,"[fiction, guardian-100-greatest-books]"
103,Elham,[french-littrature]
104,Nikos79,[]
105,Ann M,[fiction-literary-and-mainstream]
106,Liz,[]
107,Molly,[]
108,Kap,[]
109,Athena,[]
110,Stacey Moss,[]
111,Chanel,[]
112,د. حمدان,[novels]
113,Mohammad,[]
114,Ipek,[]
115,max,[novels]
116,Minli,"[for-school, own, classics]"
117,Will,[]
118,Anne Kadet,[]
119,Stephanie,[]
120,Martin,[]
121,Kelly,[literary-fiction]
122,Evelin,[]
123,Sophie,[]
124,Joey,[]
125,Ali,[]
126,Eric,[]
127,Isabel,[books-of-doom]
128,Amir ,[novel]
129,oh carlyn what key,[]
130,Cyndie,[]
131,Erica Bombardi,[]
132,Gabriele,"[ebook, letteratura-francese]"
133,Aya,[]
134,Simon,[top-notch]
135,Mariella,[]
136,Gina Ruiz,[]
137,Marco,[]
138,Brian Bess,[]
139,Sophie Cayeux,[french-books]
140,Evan,[]
141,Sean de la Rosa,[]
142,Sister,[]
143,Berenice Tarará,[]
144,Ashley,[]
145,Laura  Yan,[french]
146,Hossein,[رمان-خارجی]
147,Zac Frank,[]
148,Michael,[]
149,Kyle,"[europe, france]"
150,Kai Gross,[]
151,Adam,[]
152,Achbold,[]
153,أسيل,[]
154,Kate,[fiction]
155,Big Brother,"[europe, list-guardian-1000, list-thousand-and-one, bestest, list-world-library]"
156,R L Swihart,[]
157,Joseph,[]
158,Darrell Drew,[]
159,Philip Lane,[]
160,Caroline,"[fiction-in-translation, french-literature, philip-ward-500-books]"
161,Jake,[]
162,raymond,[]
163,Ken,"[100_best_all_time, to_read_nation]"
164,matt,"[fictions-of-the-big-it, worldly-lit, historical-fiction]"
165,Everett,[]
166,J.,"[french, favorites, classic-literature, fiction]"
167,Margaryta,"[classics, reality-dramatic, romance, confusing-but-good, thought-provoking, culture-related, translated-from-another-language, books-you-should-read-at-least-once, had-to-read-for-school, 19th-century-setting]"
168,William,[]
169,daniel,"[french, university]"
170,Phox,[]
171,Sandy,[]
172,Zainab,[]
173,Milkman3367,[]
174,Niall,[]
175,Tasmin,[favourites]
176,Alexander Khodyrev,[]
177,✘✘ Sarah ✘✘ (former Nefarious Breeder of Murderous Crustaceans),"[français, 1001, classics, fiction]"
178,Sam Moss,[]
179,Curt,[]
180,Maysam Amiri,[]
181,Juliana,[]
182,Arianna,[]
183,Nathan Rostron,[]
184,Aric Cushing,[]
185,Eliane,[the-reading-group-1992-2007]
186,Jeremy Reff,[]
187,Split Foster,[]
188,nina f,[]
189,Lisa,"[1001-books-read, c19th, france, classics, 16review]"
190,J'lyn,[]
191,Drunkenness Books,[]
192,Sonia,[]
193,Mehdi,[]
194,Meghan,[]
195,Brian Finchley,[]
196,Iphigenia,[classics]
197,Larry,[]
198,Uncle,[19th-century-fiction]
199,Thilde,[]
200,Rebecca,[]
201,Henriette,[]
202,Svetlana,[]
203,Meredith,[]
204,Corie Sanford,[]
205,Yen Ba,"[classics, french, favorites, 19th-century, realism]"
206,Patrick Gibson,[classic-literature]
207,Monty Milne,[]
208,Natasha,[]
209,KC,[]
210,Catalina,[]
211,Craig,[]
212,Thegurkenkaiser,[nicht-zuende-gelesen]
213,Elisa,[]
214,Mazel,[roman]
215,Megan Chance,[]
216,Mohamad Yoosofi,[داستان]
217,sam,[]
218,Anton,[]
219,Emilie Andersen,[books-for-school]
220,Patricia Ramos,[]
221,Maia,[]
222,Holly,[]
223,Anya,[]
224,Elliot Schnapp,[]
225,Ke,"[novels-for-the-emerging-adult, 1001-books-you-must-read, guardian-s-1000-novels]"
226,Anastasja Kostic,[favorites]
227,Virginia,[]
228,Djll,[]
229,K' Lati,[oxford-worlds-classics]
230,Samira,[]
231,M,[]
232,Lucy,"[2007, france]"
233,Karen Bayley-ewell,[]
234,Allison,[]
235,Ivan,[]
236,Jessica,[]
237,Tyler ,[19th-century]
238,Frankie,[french]
239,Aurora Valentina,[]
240,Roseb612,"[1001-books, klasika-19-stoleti, fr-literatura]"
241,Agnes Fisher,[]
242,Martha Ambrey,[]
243,Florencia,[french]
244,Matt,[]
245,P.J. Sullivan,"[fiction, historical]"
246,Brigi,"[read-in-romanian, french-lit, classic, 19th-century, 1001-books, bachelor]"
247,Nora Barnacle,[favorites]
248,Nacho Rivas_Flores,[]
249,Tracie,[]
250,Aurelia,[]
251,Loraine Despres,[]
252,Stephen,[2009]
253,Daryn,[]
254,Anna,[]
255,Stephanie Davis-novak,[]
256,Asyoulikeit,[]
257,careen moreno,[]
258,Paata Papava,[]
259,Brian  Kubarycz,[]
260,Alex Flynn,"[classic, french-literature]"
261,Jeanne Hirt,[]
262,Valeriya M,[]
263,Mohammad Mahdi Fallah,[]
264,drowningmermaid,[]
265,Michelle,[]
266,Louis,[]
267,Wmplante,"[read-it, 1001-to-read]"
268,Peter Ellwood,[]
269,J. Lynn,"[didn-t-love-it-but-respected-it, french-and-fabulous, one-gorgeous-read, epic]"
270,Adriana,[]
271,Keely,[]
272,Montcrieff,[]
273,Tom Newth,[]
274,Bryn Hammond,[novelists-or-shorts]
275,Notcathy J,[]
276,Tocotin,"[ebooks, 19th-century]"
277,Geoff,[european-lit]
278,Daniel,[]
279,Mobile Library,"[fiction, objective-realism, formation-novel, modern-classic]"
280,Momo García,[]
281,amanda,[]
282,Paul Snyder,[]
283,Pelks,[]
284,Elyse Hdez,[]
285,Kit Fox,[]
286,Rúben,[]
287,Andrea DeAngelis,[]
288,Nina Rapsodia,[no-propios]
289,Debbie,[]
290,Soneso,[]
291,John,[]
292,Paul Jellinek,[]
293,Tamsyn,[]
294,Nicholas,[]
295,hannahbyun,[]
296,Julie L.,[]
297,Clémentine Vulliet,[]
298,Sofia Janeiro,[]
299,Leonard Pierce,[fiction]
300,Adriano Godinho,"[19th-century, contemporary-classics, français]"
301,Eléonore,[]
302,Zari,"[classic, novel, romance]"
303,Nicholas Whyte,"[non-genre, 2014, 1409, xb10]"
304,jo,[]
305,Phoebe,[]
306,Annie,[]
307,David Etters,[]
308,Peter,[]
309,Jason,[]
310,Paul Bryant,"[abandoned, novels]"
311,Maan Kawas,[]
312,Laura,[]
313,Karen,"[classics, fiction]"
314,Maria Thomarey,[]
315,Bob Koelle,[childhood-favorites]
316,David Lentz,[]
317,Sam Krasner,[]
318,jeff,[]
319,Vints998,[]
320,Matthew Sbronzon,[]
321,Richard,[]
322,Tara Dahle,[]
323,Katelis Viglas,[french-literature]
324,Cinzia,[classics]
325,Xdw,[]
326,Staci Wigton,[academic-school]
327,Agustin,[]
328,Sandra,"[favorites, francia]"
329,doaa sh,[]
330,Bogdan,[french-lit]
331,Elena Druță,[favorites]
332,Reyhaneh,[]
333,eduardo,[]
334,Mohamed Al-Moslemany,[]
335,Angela,[]
336,Yann,"[xixème, france, fiction]"
337,گیل آوا,[]
338,Nancy Rojas,[]
339,John Fullerton,[favourite-novels]
340,Jillian,[classics]
341,Ferris,[]
342,Ann,[]
343,Rachel,[]
344,Millicent Swinson,[]
345,Nick Black,[]
346,Laetitialaure,[]
347,Doni,[own]
348,Laurel,[]
349,Lauren,[]
350,Siddhartha,[]
351,Chip,[]
352,Mirmurs,[]
353,Jim Coughenour,"[bleakfiction, classics, re-read]"
354,Nicholas Marshall,[]
355,Andreea Ungureanu,[]
356,Nan,[]
357,Tim,[]
358,Anuar,"[narrativa, francia]"
359,robin,[]
360,Jennifer,[]
361,D,[favorites]
362,Jacqueline,[]
363,Becky,[]
364,Gulen,[]
365,Luke,[]
366,MJ Nicholls,"[novels, pernod-and-gauloises, pre-1900s, worshipped, oxford-classics]"
367,SirPoochala,[]
368,Loren Routhier,[]
369,Burritoboy,[]
370,Lucas Vargas Sierra,[]
371,Steve Gordon,[]
372,Sarah Shahid,"[historical-fiction, literature, novels, romance, read-in-2013]"
373,Caterina Fake,[]
374,Hollie,[]
375,Eadweard,"[fiction-read, classics]"
376,Francisco,[]
377,Nancy,[]
378,Rowland Bismark,[]
379,Carmen,[]
380,Sara Berinhout,[]
381,Robert Morrow,[]
382,Manny,"[french, history-and-biography, well-i-think-its-funny, too-sexy-for-maiden-aunts, life-is-sex-and-the-city, older-women-younger-men, celebrity-death-match]"
383,Kara,[]
384,TinHouseBooks,[books-we-love]
385,Kari,[]
386,Sarah,[]
387,Aleksandra,[]
388,Rachel Metz,[]
389,MehrNush,[]
390,Tyler,"[2008, read-while-in-hungary]"
391,DRM,[]
392,Nataša,[]
393,Madeleine,[]
394,alessandra falca,[]
395,David Antonelli,[]
396,Mirvan  Ereon,[]
397,Steve Love,[]
398,Sathya Srinivasan,[]
399,Patti K,[classics]
400,Anselm,[]
401,Sarah Anne,"[audio, classics, 2016-may, classics-2016-challenges, author-male]"
402,Kezia,"[literature, own]"
403,James,[]
404,Lori Beck,[]
405,Eduardo Miranda,[]
406,Clif  Wiens,[]
407,monika,[own]
408,Soshi,[]
409,Claudia,"[classics, historical-fiction, read-in-2011, romance, read-in-italian, stand-alone]"
410,Ted Mccombs,[]
411,kunkku,[]
412,Mahala Helf,[]
413,Ioana Crețu,[]
414,Penelope,[]
415,Elsabear,[]
416,Ellen Young,[]
417,Steven,"[favorites, french]"
418,negar,[]
419,Marc,[french-literature]
420,Ned,[]
421,Mark,[]
422,Geoffrey,[]
423,Andy,[]
424,Tina,[]
425,Eliaspallanzani,[]
426,Jonathan,[]
427,Mike,[]
428,Partha Banerjee,[]
429,Maren,[]
430,Lee,[]
431,Gelareh,[]
432,Stephen Durrant,[]
433,Annabelle,[]
434,Dave,"[fiction, calibre]"
435,Jacqui,[fiction-classic]
436,Chris,[]
437,anne,[]
438,Maša,[]
439,Evan Hughes,[]
440,N Lopez,[]
441,Simão Pedro,[]
442,David,[]
443,Myles,[favorites]
444,Raúl,"[ficciòn, favorites]"
445,F.R.,[]
446,Bob,[]
447,Chris Sherman,[]
448,Calvin Fagan,[]
449,Iago Fernández,[]
450,Benno,[]
451,Dorothy,[]
452,Katie,[bookclub]
453,Mathieu,[]
454,Eli,"[homeboys, soapy, so-clever, better-dead-than-wed]"
455,Marie-claude,[]
456,Aaron,[]
457,Andrii Borovyi,[]
458,Adi,[]
459,Ray Campbell,[read-2013]
460,Jamie,"[historical-novels, entertainment-adult, library]"
461,Sean Casey,[]
462,Aloysius,[]
463,Amy,[]
464,Dennis McCort,[]
465,Graeme Hinde,[]
466,Sabrina,[]
467,ardavisura,[]
468,Justin Bendana,[]
469,Davide Nole,[]
470,Anthony A,[]
471,Dariamarx,[]
472,Margarida,[literatura-em-francês]
473,Melusine Parry,"[owned, littérature-française, novel, flaubert]"
474,Matthew Newton,[]
475,jennifer,[]
476,Marisa Pedro,[]
477,Jacob Russell,[]
478,Mattsnee,[]
479,Ted,[]
480,Álvaro,[]
481,Matthewaqq,[]
482,Tony,[fiction-mainstream]
483,Derek,[]
484,Alison,[]
485,Jesse,[read-in-2016]
486,Jessie,[alltimebest]
487,Monica Carter,[]
488,Louise,[]
489,Vikas Datta,[]
490,Chrichrilecture,"[contemporain, littérature, kindle-gratuit, 1-étoile, france-livres-populaires]"
491,Manik Sukoco,[]
492,Melissa,[]
493,Victoria Patterson,[]
494,Sierra,[]
495,Linda,[]
496,Andrew Plank,[]
497,Joshua Hewlett,[]
498,Nate,[]
499,Andrea Zuvich,[]
500,Núria,"[prestados, no-terminados, literatura-en-frances, decimononicos]"
501,Elsa,[]
502,Andrew,[]
503,Mrs. Bunny,[literature]
504,Larissa,[]
505,Alex,[]
506,Carlos Azevedo,[]
507,Subarashi,[]
508,Elizabeth (Alaska),"[5-star-reads, kindle, 1001-books, france, author-flaubert]"
509,David Paradis,[]
510,Abimelech Abimelech,[]
511,Noelle,"[fiction, classics]"
512,Labidi Jezia,[]
513,Katherine Min,[]
514,Podiceps,[]
515,Mel,[]
516,Melanie Hayes,[]
517,Emily,[]
