,user,tags
0,Cj Rey,[]
1,Leah,[]
2,Jim,[]
3,Matt,[]
4,Wayne,"[english-classic-lit, movie-seen-as-well, psychology, sexuality, d-h-lawrence, modern-eng-lit, 20th-century]"
5,Sylvie Brandt,[]
6,Viv Li,[]
7,Laura S,[]
8,Monique,[books-read-in-2009]
9,Casey,"[classic, 1001-books-to-read-before-you-die, 20th-century-british, coming-of-age, 1910s]"
10,Michalyn,"[fiction, classics]"
11,Toti,[]
12,Joe,[]
13,Bree,[]
14,Richard Barrow,[]
15,Kim Vanover,"[classic, historical-fiction]"
16,Sheltonpedro,[]
17,Felix Purat,[favorites]
18,Dimitri,[]
19,Ananya,[]
20,Thomas,[]
21,Joan Noble,[]
22,Cynda Garza,"[novel, classics]"
23,Harriet Whittle,[]
24,Owen Martin,[]
25,Christin,[]
26,Remy,[]
27,Sara Marks,[book-lust-1]
28,robyn,[]
29,Matthew,[favorites]
30,Vikki Marshall,[]
31,Rick,[]
32,Alina,[]
33,Jessica,"[english-literature, classics]"
34,Bruce,[]
35,Travelling Sunny,"[1305-read, nook]"
36,Sarah Ryburn,[modern-classics]
37,Kristin,[]
38,Resonating ,[]
39,Kegs,[]
40,Czarny Pies,[english-lit]
41,Sally,[]
42,D.K. Brantley,[]
43,Susan,"[fiction, historical-fiction, own, digital]"
44,Eric Rautenbach,[]
45,Marti,[]
46,Alyssa,"[literature, british, reviewed, 1910-s]"
47,Ivan Benedict,[]
48,Jeni Enjaian,"[classics, read-in-2015]"
49,Dominique,[]
50,Tara Frye,[]
51,Cynthia,"[classic-literature, books-i-own]"
52,Yofish,[read-on-tape]
53,Jennifer,[]
54,Colleen,[]
55,Seth,[]
56,Robert,[]
57,Rifanzaki,[]
58,Jen,[]
59,Dale,[]
60,moneypenny,[]
61,Frumenty,[]
62,metaphor,[d-h-lawrence]
63,David Wilson,[]
64,Sophia Patrick,[]
65,Chana,"[literature-fiction, fiction-family-drama, historical-fiction, classics, british, received-through-bookcrossing, adultery]"
66,Shayantani Das,[]
67,Ibibib,[]
68,June,[]
69,Connor,[]
70,Priya,"[books-i-own, classics, audiobook, shiksha, 2015]"
71,Charity,[classics]
72,Iris,[ap-lit]
73,Eva,[]
74,Agheliki Reega,[]
75,Bea,[]
76,Claire,[]
77,Carmen8094,[romanzi-e-saggi]
78,Brad,[]
79,"Seward Park Branch Library, NYPL",[adult-picks]
80,Teresabird,[]
81,Jennifer Boyce,[classics]
82,Chad,[]
83,Brian McDermott,[]
84,Alise (Read Write Repeat),[]
85,Jmolentin,[]
86,Daniel Zeak,[]
87,Jenn,[2016-cover-to-cover]
88,Erin,[2010]
89,Nicole,[]
90,Gopal Vijayaraghavan,[]
91,Mia,[]
92,Sara,"[fiction, guardian-100-greatest-books]"
93,Asmaa Essam,"[2015, society]"
94,Jeremy Neal,[]
95,Shubham Dabas,[]
96,Maida,"[books-set-in-europe, disturbing, dysfunctional-individuals-families, books-set-in-london, modern-library-s-100-best-board-s, socio-economic, socio-psychology, british-literature, female-issues-liberation-oppression, coming-of-age, societal-commentary-criticism, religion-philosophy, sexual-psychophysiological, moral-dilemmas, substance-abuse, issues-of-class-or-social-standing, trauma, maida-s-modern-library-challenge, radcliffe-rival-top-100-novels-list, mental-health-psychology-related]"
97,John Bardsley,[]
98,Patience Williams,"[classics, favorites]"
99,Paul Baker,[classic-literature]
100,Stella Fraser,[]
101,Molly,[]
102,Tanja Walker,[]
103,Kat,[]
104,Vanessa (V.C.),[]
105,Mayra,"[classic, adult, read-in-2012]"
106,Mike Jensen,[]
107,A,[2012]
108,Natalie,[]
109,Smalltown,[]
110,Sharyn Martin,[]
111,W.B.,[]
112,Gaia Zappia,[]
113,Lisa,[]
114,Marius van Blerck,[]
115,Cassandra Kay Silva,[classics]
116,Lise,[]
117,eyupcan,[]
118,susan,"[susan-recommends, novels, classics, alwaysre-reading, autobiographical]"
119,Eric,[]
120,Leslie,"[classics, 2013]"
121,Sean,[]
122,Amy T,[]
123,Katie,[]
124,Avisek Bandyopadhyay,"[classics, romance, drama, awesome-reads]"
125,Dawn Lennon,"[fiction, classics]"
126,Jay,"[1001-books-to-read-before-you-die, guardian-1000-books-you-must-read, modern-library-top-100, world-library-all-time-top-100]"
127,Diana Long,[]
128,Jan,[listened-to]
129,Nicko,[]
130,Crito,[2015-goals-or-anticipated-failure]
131,Leonie,[]
132,Hannah Polley,"[fiction, d-h-lawrence]"
133,Erenik Dujaka,[]
134,Jason Coleman,[greatest-hits]
135,Nerida Hart,[]
136,Ronimarie,[]
137,Kimaya Mathew,[]
138,Moira,[classics]
139,Emily ,"[12th-grade, high-school-work, psych-lit]"
140,Huda,[]
141,L,[read-in-2014]
142,Andrew Fairweather,"[limey-lit, fiction]"
143,Iceman,[]
144,sherdnerdess,"[romance, historical, biography, tragedy, britain-and-ireland, lgbt]"
145,Gerhard,"[fiction, classic]"
146,Mariele,[xxx-tedious]
147, Dennis M,[]
148,Amrendra Pandey,[fiction]
149,ingrid,[]
150,Kate,[books-i-own]
151,Leonard Houx,[]
152,Jacob Wegleitner,[]
153,Annii Frazer,[100classicfiction]
154,Debra,[]
155,Rakhi Dalal,[]
156,Joseph,"[fiction, my-ebooks, favorites]"
157,Sharron,[]
158,Daniel Garrison,[]
159,John Richards,[]
160,Annelie Bernar,[]
161,Ross,[]
162,Eire,[]
163,Susie,"[classics, around-the-world, audible-audiobooks, classics-bingo-challenge-2, aab-bingo-2016, classics-for-beginners-challenge-20, read-2016]"
164,Apatt,[fave-classics]
165,Jr Bacdayan,[]
166,Gina,[]
167,A.M.,"[fiction, classics]"
168,Manalcoholic,[]
169,Jon,[]
170,Christina Marcon,[classics]
171,Zainab,[]
172,Judy,[]
173,Rinda,[]
174,Andrew Burford,"[20th-century, british-literature, classic, d-h-lawrence, family-relationships, fiction, sexuality]"
175,Anmol,[]
176,Cristin,[classics]
177,Marcine Miller,[]
178,Brenden O'Donnell,[]
179,Ann Marie,[]
180,Jackie316,[]
181,Faith Brown,[2015]
182,Lit React,[]
183,Juliane,[]
184,Jane-Rebecca,[books-read-in-2007]
185,Siddharth Sharma,[]
186,Vilém Zouhar,[]
187,Greg,[]
188,Josh Friedlander,[]
189,Ademola Runsewe,[]
190,Tasniem Sami,[]
191,Jamie,[]
192,Cyril,[]
193,Nancy,[]
194,Bridget,[]
195,Steven Smith,[modern-classics]
196,Robert Gelb,[]
197,Hugo,[2015]
198,Kelly,"[favorites, lawrence]"
199,Dolors,[read-in-2012]
200,Emilie,[classics]
201,Kacie,[]
202,R.M.,[classics]
203,Maggie Wiggins,[classics]
204,Fran,[]
205,Martin Roberts,[]
206,Larry,[]
207,Uncle,[]
208,Delta,"[free-ebooks, 2016]"
209,Lady Studland,[]
210,incipit mania,"[incipitinlinguaoriginale, lawrence]"
211,Rebecca,[]
212,Sanchi,[]
213,Alexander,[]
214,Windy2go,[]
215,Evelyn,[]
216,Madhabi Chakrawarty,[]
217,Kathryn Salek,[classics]
218,Miles,[]
219,Sydney Gard,[]
220,Fateh Mann,[]
221,Humphrey,[]
222,Saurabh Sharma,[]
223,Marinho Lopes,[]
224,Tara Calaby,"[adult-fiction, 100-books, romance, saga, own, family, human-nature, oedipus-complex, madonna-whore-complex]"
225,Maria Zhelyazkova,[]
226,Alex_k,[]
227,Dayla,"[russians, fiction, literature]"
228,Marike,[]
229,Ciaran,[]
230,Sérgio,[]
231,russell barnes,"[a-levels, modern-classics]"
232,Elisa,[owned]
233,Rhonda,[classic-fiction]
234,Rob,[]
235,Javeria Siddiqui,[]
236,Richard Lodge,[]
237,Katie Anderson,[]
238,Matthew Vacca,[]
239,Roberto Ramírez,[]
240,Blayne Riley,[]
241,Saeed Elashkar,[]
242,Shelli,"[challenge-book, buddy-read, read-in-2013]"
243,Cheryl,"[mesmerizing, classic-lit, fiction, favorite-authors]"
244,Elizabeth Boyd,[]
245,Miloš Petrik,[]
246,Vikas,[]
247,Thea,"[owned, 1900-to-1945]"
248,Duane,"[rated-books, reviewed-books, english-calssics, guardian-1000]"
249,Fran Louise,[]
250,Shaifali,[]
251,Aparna Tripathy,[]
252,Arpita,[]
253,Marc Gerstein,[classics]
254,Lucy,[]
255,Realini,[]
256,Pooja,"[2015-proud-list, smelt-the-books]"
257,Cheryl Sim,[]
258,Salparadise7,[]
259,Kari,[]
260,Tyler ,[]
261,Russell Bittner,[]
262,Roseb612,"[1001-books, spolecensky-roman, uk-literatura]"
263,Pauline Duchesneau,[]
264,Deniz Balcı,[]
265,Chrissie,"[bio, disliked, relationships, life-stages, england, audible, love, returned, classics, 2015-read]"
266,Ian,"[classic, a-kindle]"
267,Judy Croome,[]
268,Celeste Corrêa,"[owned-books, inglaterra, livros-lidos-2016]"
269,Barry,[fiction-20th-century]
270,Seamus Mcduff,[]
271,Roland,"[modern-library-s-100-best-novels, radcliffe-s-rival-100-best-novels-l, 1001-books-you-must-read-before-you]"
272,Emil Tiedemann,[]
273,Stephen,"[england, 20th-century]"
274,Nardia,[]
275,Anna,"[books-2014, audiobook, brit-lit]"
276,Gash,[classics]
277,Kevin Kazmierczak,[]
278,Jane Krieger,[]
279,Gemma,[]
280,Gleig,[]
281,David Wintermeyer,"[for-fun, read-on-kindle-or-iphone, 20th-century]"
282,David M,[]
283,Libbs,[]
284,Sam Still Reading,[]
285,Ana-Catrina,[]
286,Jacob,[]
287,Ulrika Eriksson,[]
288,hissi,"[classics, audio-book, fiction]"
289,Nikki,[modernism]
290,Brendan Diamond,[]
291,Fostergrants,[the-fainting-couch]
292,Janice,[]
293,Margot,[]
294,Katja Nielsen,"[owned, classics]"
295,Sal Noel,[]
296,RitaSkeeter,"[classics-english, own-dead_tree, 2015]"
297,Kimber Solana,[]
298,Nataly Dybens,[]
299,Carole Dailey,[]
300,Barbara Ellison,[]
301,Annii ,[classics]
302,Monica Furr,[]
303,"Stephanie ""Jedigal""",[1001-books]
304,Zoe,[]
305,Αγγελική Μπούλιαρη,[foreign-literature]
306,Bittersweet Cupcake,[]
307,Debbie,[classic]
308,John,[]
309,Mickey Dyke,[]
310,Sarah Magdalene,[]
311,Princess Joy,[]
312,ahmed sami elwakeel,[]
313,Heather Engqvist,[]
314,Sean Chick,[]
315,Abby T. Jordan Cember,[]
316,Joanna,[]
317,Camille Baird,"[classics, fiction]"
318,Usha Bisht,[]
319,Pavlos Zinzalias,[]
320,Marika,[]
321,Nicholas Whyte,[]
322,Annie,[]
323,Cormac Healy,[]
324,Venus Smurf,[]
325,Zan,[prelim-exam-reading-list]
326,Veronica,[]
327,David James,[]
328,Si,[]
329,Maan Kawas,[]
330,Zach,[]
331,Laura,"[classics, 1001-books-you-must-read-before-you, e-books, fiction-20th-century, british-literature, gutenberg]"
332,april,[novels]
333,Karen,[]
334,Om Chand,[]
335,Riff Denbow,"[terrible-rubbish, classics]"
336,Steve TK,[]
337,Dawn,[]
338,Stevi,[]
339,Sidney,[]
340,Becky,[]
341,Sung-Hee Pak,[]
342,Milica,[]
343,Leslie Roberts,[]
344,Macoco G.M.,[]
345,Graham Stull,[]
346,Julianne Bailey,[]
347,Elizabeth Burbach,[]
348,Jodi,[]
349,Melanie,[]
350,Lily,[]
351,Beth,[listened]
352,Janinne,[]
353,Mel Bossa,[0006-lgbtq]
354,Virginia Baker,"[favorite, fiction]"
355,Linawings,[maybe-will-not-finish]
356,Maja,[]
357,Ellerow,[]
358,Courtney H.,[]
359,Alexandra,"[favs, british-literature, read-in-english, my-shelf]"
360,Barbara,"[banned-or-challenged, fiction-literature]"
361,Francisco,[]
362,Giuseppe V,[]
363,Carolyn,[own]
364,Ana,[2013]
365,Dina,[classics]
366,Rachel,[]
367,Paul Gaya Ochieng Simeon Juma,[favorites]
368,Brandon Pytel,[]
369,Mel Tracy,[]
370,Lauren,[]
371,Elizabeth Rogers,[]
372,Shannon,[]
373,Dr.J.G.,[]
374,Grant Patten,[]
375,Akshat Solanki,[]
376,Leena Nanda,[]
377,Ade Couper,[]
378,Lisbeth Solberg,"[twice-read-and-more, semi-autobiographical]"
379,Thom Swennes,[]
380,Matthew Leroy,[novels]
381,Aaron Robertson,[]
382,Penney,"[1001-books-to-read-before-you-die, lifetime-reading-plan, 2014-challenge]"
383,Janith Pathirage,[]
384,Pam,[]
385,Christine Blachford,[]
386,Daniel Demarle,[]
387,Steve Gordon,[]
388,Yassine Obscure,[]
389,Saaifa Ali ,[]
390,Michael,[]
391,Kyle,[]
392,Siddhu,[giant-books-2014-challenge]
393,Sympawtico,[]
394,Katherine Burchell,[]
395,Bay,[new-york-times-top-100]
396,Carmen,[classics]
397,Kristen,[]
398,Giju Abraham,[]
399,Gearóid,[]
400,Graham,[]
401,Julie,[]
402,Sol,[]
403,Julia,[2015]
404,Cynda Wolfe,[]
405,Dennis,[greatreads]
406,Sarah,[novel]
407,hookedtobooks,[]
408,Judith,[leesgroep]
409,Hadrian,"[british, fiction]"
410,Chris Passingham,[]
411,Margaret Dillon,[]
412,Vivian,[classics]
413,Samantha,[]
414,Ana Carvalheira,[]
415,Victoria,[classics]
416,Paul Culloty,[]
417,Konstantin,"[serious, j-adore]"
418,Malvina,[]
419,Heather L,"[classics, group-read, 2015]"
420,Krishna,[classics]
421,Kirsty Potter,[]
422,James,[]
423,Saoirse Sterling,[]
424,Thom,[]
425,Mana,[]
426,Eileen Daly-Boas,[]
427,Dhaval,[]
428,Connie Kronlokken,[]
429,Shari,[]
430,Andrea,[book-club]
431,Richard Derus,[]
432,T.P. Williams,[]
433,Nidhi Mahajan,[undergrad-reading-list]
434,Wilde Sky,[]
435,Diana Gangan,[]
436,Yingying Huang,[]
437,Sue,[]
438,Perry,"[amados-libros, libri-classici, my-fantasy-roster]"
439,Nicholas L,[]
440,Aine,[literature]
441,Ellen,[]
442,Patrick Miller,[]
443,Mary,[2013-books]
444,Bookman8,[]
445,Mike Moore,[]
446,Zanny,[]
447,Amalie ,[adult-themed-or-fiction]
448,Brett,[]
449,Leo,[]
450,Dave,"[fiction, calibre]"
451,Chris,[]
452,CarolB,[]
453,Marten Hoyle,[]
454,Kirsten,[]
455,Ruby Bisson,[]
456,Lyle Wiedeman,[]
457,Lena,[]
458,David,[]
459,Leonardb,[]
460,Russio,[]
461,Bob,"[classic-literature, heavyweight-classics]"
462,Annette Bowman,[]
463,Stacey,[]
464,Johnny,[literature]
465,Jade,[]
466,Catherine,[bookcrossing]
467,Pallavi Gupta,[]
468,Melissa Mahle,[100-classics-to-read]
469,Anna Tatelman,[]
470,Aarti,[]
471,Havebooks Willread,"[classics, kindle]"
472,Lala Memmedova,[]
473,Vickie,[]
474,Andreea,[favourites]
475,Aaron,[literary_fiction]
476,Tyas Effendi,[]
477,Huvith,[]
478,Edward O,[]
479,alison,[]
480,Irini Pavlou,[modernism]
481,Amit Minz,[]
482,Shubhada Kale,[]
483,Reinhard Beck,[]
484,Amy,[lit-circle-reads]
485,Momina Masood,"[classics, british-literature, 500-must-reads]"
486,Bryan,[audiobooks]
487,Courtney Stirrat,"[classiclit, own, anglophile, audible]"
488,Fred Kontur,[]
489,Claire O'Brien,[]
490,Lissa,"[book-group, didn-t-finish-it-yet]"
491,anguinea,[listened]
492,Rahaf Alfar,[]
493,Jean,"[read-authors-i-l, classics, kindle]"
494,Toni,[]
495,Nancy Lewis,[england]
496,Britt,[]
497,Helena,"[own, foreign-authors, 3-stars, público, 2011]"
498,Sandhya,[]
499,Portia Renee Robillard,[]
500,Shea Macaran,[]
501,Claudia,[kindle]
502,Jenna,[ebook]
503,Alison,"[read-for-a-college-class, literature, british]"
504,Ryan Gould,[]
505,Louise,[]
506,Manisha Giri,[classics]
507,Halida,"[abridged, assigned-reading]"
508,Linda,"[a-to-z-lit-blog-project, a-to-z-top-half-authors]"
509, Mythili Bhat,[classics]
510,Ioana,"[college-reads, read-in-2011]"
511,Zhi Xin Lee,[]
512,Beth Younge,[]
513,♪ Kim,[3-star]
514,Shuvro Das,[]
515,Núria,"[2006, prestados, literatura-en-ingles, siglo-xx, 3-buenos]"
516,Marie,"[classics, 2015]"
517,Maria,[]
518,Alex,"[rth-lifetime, 2015, novel-a-biography]"
519,♛Tash,[classics]
520,Kailey Clemes,[10th-grade-books]
521,Bradd Saunders,[]
522,William Baker,[]
523,Sera,"[classics, 1001-books]"
524,Don Livesay,[]
525,Elizabeth,[abandoned]
526,Al,[]
527,An,[]
528,★ Codie Abibliophobic ★,"[classics, disfunctional-family]"
