,user,tags
0,notgettingenough ,"[humour, french]"
1,Richard Shea,[]
2,Jim,"[all-time-greats, 20th-century-lit, france, reread, fiction]"
3,Matt,[]
4,Theobaldino,[]
5,Sarah Key,[2014]
6,Cecily,"[classics, overrated, did-not-finish]"
7,Gamze Kutval,[]
8,Syme,[]
9,Laura S,[didn-t-finish]
10,Aggelina Theodoraki,[]
11,0,[fiction]
12,Miriam Fitting,"[fiction, french]"
13,Himanshu,"[favorites, to-re-read, hulk-smashed-my-mind, unforgettables]"
14,Mbrentmurphy,[]
15,Arezu Wishka,[]
16,Ann-Cathrine (Literamour),"[classics, favourites]"
17,Declan,[]
18,Metrodorus,[classics]
19,Leola,[epic-fiction]
20,Noah,"[3-5, modernism, read-in-2016]"
21,Carly,[]
22,Nelson Zagalo,"[literature, bloom_list, literary_canon]"
23,Kathryn,[]
24,Paul,[classic]
25,George,[]
26,Kevin,[kevin-s-favorite-books]
27,Thing Two,"[country-france, continent-europe-western]"
28,Miss Ravi,[رمان]
29,CB Stewart,[]
30,Philippe Malzieu,[]
31,M.,[]
32,Joana,[]
33,Ahmad Sharabiani,"[classic, novel, philosophy, fiction, literature, 1001-book, french, european, 20th-century]"
34,Jane,[]
35,Eric Phetteplace,[prose]
36,Jessica,"[happyendings, leetle-boys, love-and-other-indoor-sports]"
37,Travelling Sunny,[nook]
38,Alan,[]
39,David Katzman,[all-time-favorites]
40,Emma,"[vive-le-france, translated, i-like-you-a-normal-amount, ace]"
41,Susan,"[fiction, x-won-t-finish]"
42,Jay McNair,[translations]
43,Frank Callaghan,[]
44,Mohammed,[]
45,Andres Eguiguren,[]
46,Natasha Hurley-Walker,[]
47,Vi MacDonald,"[2016-reads, 20th-century]"
48,Beatrice,"[classic, french-litetrature, read-in-2014]"
49,Jennifer,[]
50,Foroogh,[]
51,keatssycamore,"[translated-from-a-foreign-language, literary]"
52,Lizzy,"[classics-literay-fiction, to-review, read-years-ago, biography-memoirs, stars-5, favorites-of-all-times, france]"
53,James Smith,[]
54,Brendan Hodge,[]
55,Ribeyre,[]
56,Robert,[]
57,Tara S.,[]
58,Come Musica,[]
59,Jibran,"[fiction, top-favs, french]"
60,S.,"[5-stars, read-in-2014]"
61,Jen,[]
62,Matijs Babris,[]
63,Lena,[]
64,Pablo Pérez,[]
65,Jill,"[classics, french-lit]"
66,Willy Schuyesmans,[]
67,Isaac Cooper,[abandoned]
68,Iris,"[ap-lit, favorites, to-reread]"
69,Ben,[]
70,Brad,[]
71,James Violand,[own]
72,Bram,"[2009, proustophilia]"
73,Stephanie Ricker,"[classics, french]"
74,Lois,[]
75,Tom Stone,[]
76,Matic,[classics]
77,Nicole,"[1001-list-books, audible, france, 2016]"
78,Chris Walker,[]
79,Hope N,"[a-la-recherche-du-temps-perdu, glbt, proust, shelfari-favorites, french-literature, favorites]"
80,Sara,[]
81,Brian,[]
82,Kobe Bryant,[]
83,Maarja,[favorites]
84,Alfredo Sherman,[fiction]
85,Molly,[]
86,Chiara,[classici]
87,Mohammad,[علایق-ادبی]
88,Inderjit Sanghera,[]
89,Eric Steere,[]
90,Truncarlos,[]
91,Ryan,[]
92,Will,[]
93,Benji,"[all-time-favorites, read-in-morocco, 2010, nonsequential-rereading]"
94,Becky,[]
95,Martin,[]
96,Kelly,"[fiction, worlds-lost-dead-and-dying, owned, 19th-century, tres-francais, identity-crisis, examined-lives, its-the-quiet-ones, woundedsoulsandfragileflowers, grand-opera]"
97,Lisa,[classics]
98,Garima,"[to-re-read, moments-of-huh, we-reads, my-2-cents]"
99,Daniel Klawitter,[]
100,Isabel,"[1001-books, 2016]"
101,Tosh,[]
102,Quinn Collard,[read-2015]
103,Amrit Chima,[]
104,Sofia Teixeira,[]
105,Gabriele,[]
106,Diana Long,[]
107,Beth Roberts,[]
108,Riku Sayuj,"[favorites, craved-but-feared, poetry, philosophy, extra-creative, r-r-rs, epic-stuff]"
109,Kimalee,[]
110,The Crimson Fucker,[]
111,Piperitapitta,[]
112,Maxime,[]
113,Jonas Samuelle,[on-the-back-burner]
114,Darwin8u,[]
115,Perry Whitford,[]
116,Evan,[]
117,Sini,[]
118,Kalliope,"[fiction-french, classics, france, proust-forever]"
119,Jared Della Rocca,"[student-recommendations, family-dynamics, classics, long, slow, 2014, philosophy]"
120,Princess Becca,"[20th-century, fiction, french, reading-list-for-2016, no-homo-tho]"
121,MichelleCH,"[classics, 1001, group-reads]"
122,Michael,"[fiction, audiobook]"
123,Kyle,[favorites]
124,Adam,"[1900-1969, prose]"
125,Mänsomläser,[klassiker]
126,Potomacwill,[]
127,Paul Martin,"[to-read-2015, 2016]"
128,Steven West,[]
129,Sam,[readitjusttomakesureihateit]
130,Liothe,"[1910s, 1913, 20th-century, b30]"
131,Mike Clinton,[]
132,Achbold,[favorites]
133,Garrett Zecker,[]
134,Jessica Bicking,[]
135,TarasProkopyuk,[fiction]
136,Gary,[]
137,Richard F. Schiller,"[five-star-books, novels, west-european]"
138,Kate,[audibleowned]
139,·Karen·,"[in-french, 2013-year-of-reading-proust, mttbr-2013]"
140,Seemita,"[for_legacy, favorites, philo, romance, mammoth, other-awards-w, translated, fiction, france, me, singing_words, europe, nostalgia, culture, art, psychology]"
141,Kittaroo,[]
142,Tedb0t,[literature]
143,Rakhi Dalal,[favorites]
144,sahar salman,[]
145,Pallavi Kamat,[]
146,the stranger,"[favorites, french-literature]"
147,matt,"[fictions-of-the-big-it, worldly-lit]"
148,Steven Naude,[]
149,Aubrey,"[5-star, reviewed, translated, prose-prose-prose, rage-against-the-sexuality, french, r-2013, r-goodreads]"
150,Niloo,[دارمشان]
151,Gina,[]
152,austin.mobi,[]
153,س,[]
154,lyell bark,[]
155,Soren Sondergaard,[]
156,Jon,[]
157,Katrin,[]
158,molly,"[classic, le-france]"
159,Mariel,[]
160,Melody,[third-thursday-bookgroup]
161,Mala,"[classic-ever-enduring-appeal, 2013-the-year-of-reading-proust]"
162,Emanuel,[henry-miller-list]
163,Iván Bustinduy,[]
164,Charles Matthews,[]
165,Pooya Kiani,"[favourites, modern-modernism, modern-classics, auto-biography]"
166,Greg,[fiction]
167,Simona,[]
168,Sammy,"[literature, favourites]"
169,Poncho,"[favorites, read-in-2014, french, read-in-2016]"
170,Tasniem Sami,[french-classics]
171,David Ranney,[]
172,Mustafa Şahin,"[world-literature, classics]"
173,Szilvi Filák,[]
174,Nicholas During,[]
175,Dilan Alma,[]
176,Joaquin Castañ,[]
177,Tcoleman,[]
178,Vale,"[french-literature, favorite, proust]"
179,Greg Z,[reviewed]
180,Rebecca,[classics]
181,Marc Kozak,[]
182,Dani (The Pluviophile Reader),"[classics, e-books, netgalley]"
183,Anthea Carson,[]
184,Patrice,[]
185,Brendan,[re-read]
186,Jen Gray,[]
187,Teresa,[]
188,Bahar Boghratian,[]
189,Rowena,"[favorites, french-lit]"
190,Mohammad Hasan,[]
191,Seán,[2014]
192,Carl R.,[]
193,Richard,"[group-buddy-reads, reviewed, proustiana, david-likes-it-so-it-must-be-great, 2011-2015]"
194,Emily May,"[classics, 2012]"
195,Junta,"[french, translated, proust, 5-star, favourites]"
196,Arukiyomi,[1001-books]
197,Kasper,"[novels, audiobooks]"
198,Amerynth,"[1001-books, fiction, france, memory, read-2015]"
199,Ad Blankestijn,"[french-literature, modern-literature, art, music, obsession, family, adolescence, love, memory]"
200,Nikos Tsentemeidis,"[favorite, french-literature]"
201,Cheryl,[brain-exercise]
202,Hannah,[]
203,Emre,[]
204,Kim,"[french-language, audiobook, currently-listening]"
205,Leslie,[fiction]
206,Atriya Majumdar,[]
207,Klára Slivovice,[]
208,Melissa Stacy,[literary-fiction]
209,Yves Gounin,[]
210,Qi,[]
211,Rachel Dowling,[]
212,Janet,[]
213,Frankie,[french]
214,Richard Magahiz,"[classics, read-in-2013]"
215,Ludo,[high-lit]
216,Giovanni,[]
217,Florencia,"[favorites, french]"
218,Chrissie,"[france, relationships, humorous, classics, 2015-read]"
219,Celeste Corrêa,"[frança, livros-lidos-2015, biblioteca]"
220,Yasmeen,[yasmeen-was-abroad]
221,Anne,[reading-the-world]
222,JC,"[classic, adolescence, french-literature, friendship, food, family, paris, memory, love]"
223,Sean Callaghan,[]
224,Marts  (Thinker),"[classics, novels, 2016-reads]"
225,Jacob,[]
226,J. Travis Moger,"[french, fiction]"
227,Michelle,"[pre-2000, read-in-2014]"
228,Megan Baxter,[]
229,T Fool,[reviewed-books]
230,Laura,"[french-literature, 1001-books-you-must-read-before-you, read-2009, audio-books, fiction-20th-century, read-2013]"
231,Jono Mcdermott,[]
232,Nick Duretta,[]
233,Suvi,"[novels, 1900-1939, _1001-before-you-die, _france, cities_paris]"
234,Manekineko,[]
235,Paulina,[]
236,Pedro Varanda,[]
237,Jeffrey Keeten,[the-french]
238,Jaisette,[]
239,Renato Magalhães Rocha,"[the-novel-100, 100-best-books-world-library, kindle-ebooks, 2014, all-stars, proust, 1001, a-la-recherche-du-temps-perdu, read-more-than-once, absolute-favorites]"
240,Geoff,[favorites]
241,Marion,[]
242,Kaveh,[french]
243,Barbara Ellison,[]
244,Warren R.,[]
245,David Cerruti,"[paris, favorites]"
246,David Svinth,[]
247,Petra,[]
248,Paula,[]
249,Pinky,[]
250,Kat Stromquist,[]
251,John Spillane,[incredibly-overrated]
252,Elliott Turner,[]
253,J.M.,"[classic, donated, french, fiction]"
254,Maribel,[already-read-favorites]
255,Jennifer Vilaga,[]
256,Elise,[]
257,Elizabeth Sulzby,[]
258,Maggie,[]
259,Veronica,[]
260,Jason,"[thrill-me-chill-me-fulfill-me, reviewed, 2013, à-la-recherche-du-temps-perdu]"
261,Paul Bryant,"[spooky-ookums, assorted-rants-about-stuff]"
262,RH Walters,[sampled]
263,Steve,[]
264,Fionnuala,"[proust-and-related, read-in-french, treasured-reading-experience, proust-the-novels]"
265,Leo Robertson,"[reviewtastic, proust-out-ma-nut]"
266,David Lentz,[]
267,Jeremy,[all-time-favorites]
268,Sebastian Rosero,[]
269,☽ Moon Rose ☯ ,"[2011-shelf, masterpieces, fiction]"
270,karen,"[littry-fiction, my-summer-of-classix, i-am-reading-proust, not-a-polyglot]"
271,Garry,[]
272,Macoco G.M.,[]
273,Breid,[]
274,Patrizia O,"[classici, narrativa-francia]"
275,Carl,[]
276,Deanne,[classicliterature]
277,Garrett Dunnington,"[classic, 2011]"
278,Lee Foust,[]
279,Helen,"[classic, favourites-books, train-read, france]"
280,Emi,[]
281,Mary Ronan Drew,[]
282,Yann,"[france, fiction]"
283,Thomas Johnson,[]
284,Barbara,[]
285,Remesh R.,[]
286,Lauren,[]
287,Kelly Nielsen,[not-to-read]
288,Tim,[]
289,Danielle,[]
290,Stephen Hayes,"[fiction-general, tshwane-library]"
291,Tia,[amongthebestiveread]
292,Diane Adam,[]
293,"Nathan ""N.R."" Gaddis","[2013-seppuku, seriously-cereal]"
294,Kimberlee,[]
295,MJ Nicholls,[]
296,Clemmi,[]
297,Sean Leas,[classics]
298,Gary Murning,[]
299,Matthew Metzdorf,[favorites]
300,Sarah Shahid,"[historical-fiction, novels, read-in-2013]"
301,رقية,[]
302,Sara Sbaraglia,"[1900-1949, francia]"
303,Phil Jensen,[classic]
304,Bucket,"[reviewed, 1001-read-all-editions, history, literary, classic, world-lit, love, bildungsroman, culture, child-narrator, time]"
305,Reid,"[literature-classics, 5-stars, review, 2015]"
306,ReemK10 (Paper Pills),[]
307,Arianna,[big-books-2013]
308,Lavinia,"[2009, fiction, journals-biographies-memoirs]"
309,Mugga,[]
310,Books Ring Mah Bell,[]
311,Kristel,"[1001-books, french-literature, france]"
312,Ahmad Vaziri,[]
313,Dolmar,[francia]
314,Sudakianka,[]
315,مروان البلوشي,[روايات]
316,Julie,"[classics, audiobooks, 1001-books-to-read-before-you-die, simon-vance, ebook]"
317,Julia,[]
318,Manny,"[french, too-sexy-for-maiden-aunts, older-men-younger-women, life-is-proust]"
319,Ian Vinogradus,"[frogs, reviews, reviews-1-star, proust, read-2013]"
320,Núria,"[prestados, no-terminados, literatura-en-frances, siglo-xx, 2-ni-fu-ni-fa]"
321,Sarah,"[classics, modernism, france]"
322,Eva Benito,[]
323,Aloha,"[a-own, genre-literature-french, a-ebooks, z-proust-marcel, z-davis-lydia]"
324,Ricardo,[]
325,Tyler,[]
326,Sarar,[novel]
327,alessandra falca,[]
328,Hadrian,"[french, epic, fiction, proust-and-friends]"
329,Mario,[classics]
330,Batool,[]
331,Eduard,"[classics, cultural-france, fiction, 2015]"
332,Leonard,[literature-french]
333,Margaret,"[20th-century-literature, literature, french, proust-2013, translation]"
334,Dave Cullen,[]
335,Mohammed Yusuf,[]
336,Sarah Sammis,"[pc, read-in-2009]"
337,Luís Blue Coltrane,"[on-my-own, 2014, g-philosophy, le-monde-s-100-books, france-algeria]"
338,Mona,[]
339,James,[]
340,Ruby Rose Scarlett,[]
341,Eduardo Miranda,[]
342,Melika Khoshnezhad,[]
343,Madeleine,"[head-in-the-clouds-nose-in-a-book, books-with-buttons, our-libeary, maybe-it-s-time-to-live, there-s-no-i-in-group-read, 2013, blogophilia]"
344,رنا,"[مكملتوش, روايات-عالمية]"
345,Toven Rodriguez,[]
346,Richard Derus,[]
347,julieta,"[favorites, europa]"
348,Scarlet,[]
349,Zahra,"[novel, books-that-made-me-up, favourites]"
350,Finn,[]
351,Sue,"[classics, fiction, france, read-2015, proust]"
352,Masanobu,"[1001-books, library, read-in-2013]"
353,Ewa,[]
354,Mark,"[grad-school-fiction-list, 2014-booklist, summer-2014, five-star]"
355,Andy,[]
356,Siv30,"[non-fic, memoir, france, in-search-of-lost-time]"
357,Julie Rylie,[]
358,Stela,"[modernism, reviews, gdl, novel-of-ideas]"
359,Jonathan,[]
360,Mary,[]
361,Lee,[]
362,Capsguy,[french]
363,Kilburn Adam,[]
364,Cati Buena-Vista,[tried-to-read]
365,Susann,[idlewild]
366,Chris,"[bio-autobiography, favorites]"
367,Sheri,"[poverty-class-issues, male-female-power-sex-attractivenes]"
368,Abby,"[fiction, french-lit, christ-church, re-read, francine-prose, best-novels]"
369,Christopher Kukstis,[]
370,Alex Fresta,[]
371,David,[]
372,Corey,[classics]
373,Jimmy,"[france, novel, male, and-a-half-stars, year-1910s]"
374,Terry Pearce,[]
375,Cameron,[]
376,Eli,[very-special-shelf]
377,Laura Jean,[really-long-book-reading-list]
378,Jim Andersen,[]
379,Matthew Gallaway,[]
380,Izengabe,[classics]
381,Ruth,[]
382,[P],[bitchin]
383,Meredith Cenzer,[]
384,Nick Craske,"[2013_book_feast, i_haves_it]"
385,Shawn,[]
386,Megan,"[je-ne-sais-quoi, biblioteca, prouster]"
387,Nikoline,"[own, romance, classics, rory-gilmore-challenge, fiction, french, 1800s, novel, male-author]"
388,Koeeoaddi,"[ditched, partially-read, defeated-by]"
389,Courtney Stirrat,"[classiclit, own, audible, rory-gilmore-list]"
390,Huzeyfe,[]
391,Kastoori,[french]
392,RK-ique,"[french, fiction, memories]"
393,Tommy,[]
394,t-rex,"[favorites, 2008, bookclub]"
395,Chelsea,[]
396,Maximilian Homaei,[]
397,Beth,[]
398,Diana,"[hard-copy, literature]"
399,Kirin,"[translation, read-in-2016, fiction-1910s]"
400,Jenni,"[my-favorites, classic-literature]"
401,Tony,[]
402,Alison,[]
403,Jesse,[]
404,Robert Delikat,"[favorites, classics-or-related]"
405,Tina,"[classics, lovely-prose, profound]"
406,One Flew,[]
407,Roof Beam Reader,[]
408,Xueting,[]
409,Praveen,[]
410,Mel Bossa,[0006-lgbtq]
411,Chrichrilecture,"[contemporain, kindle-gratuit, 1-étoile, france-livres-populaires]"
412,Edward,"[own, france-algeria, fiction, 5-star, translated]"
413,Jeroen Nijs,[]
414,Licinius,"[favorites, 20th-century, favorites-2011]"
415,مازن,[]
416,Adam Dalva,[]
417,Max,[european-fiction]
418,Hazel,[]
419,Francisca,[]
420,tim,[]
421,Mohammed Galal,[]
422,Souva Chattopadhyay,[]
423,Antiabecedarian,[pretty]
424,Andrea,[]
425,Laila,"[classics, halil-serkan-Öz]"
426,Dustin,[]
427,s.penkevich,"[favorites, french, love]"
428,AC,"[proust, novels-french]"
429,Alex,[favorites]
430,Drew Elmore,"[audio, could-not-finish]"
431,Chris Garcia,[]
432,Sharmila Madhvani,[]
433,Morgan,[]
434,Ahmed Azimov,[]
435,Zorena,"[favorites, classics, france, literature]"
436,Sparrow,"[utopia-dystopia, monsters, disturbing, on-a-dare, reviewed, slaves, under-read-gems, motherless-daughters]"
437,Melissa Barrett,[]
438,Abimelech Abimelech,[]
439,Roberta Fortunato,[]
440,Cristina,[]
441,David Peterson,[]
442,Emily,[]
