,user,tags
0,Michinio Camorelli,[]
1,Leah,[]
2,Brad,[italian]
3,Rob Roy,"[classics, 1000-bucket-list]"
4,Julie P,[]
5,Serahae,"[things-i-done-read-for-class, 2014, things-in-translation, partially-read-class]"
6,Alexandra,"[classics, universal-lit]"
7,Annette,[]
8,Sherry,"[thrift-and-secondhand, owned]"
9,emily,[]
10,Shalkara,[]
11, Milica Pavlović,"[classics, school-reading]"
12,S.D.,[]
13,Ella,[14th-to-15th-century]
14,HeavyReader,[fiction]
15,Laura J,[classics]
16,ren,[classic]
17,Shawn L,[]
18,Adamo Lanna,"[300, racconti]"
19,Jim,[]
20,pani Katarzyna,"[own-it, classics, 2013]"
21,Angie114,[]
22,Mohammad Kamelan,[short-stories]
23,Reem Alratoee,[]
24,Adeliny Mudrauskas,[]
25,ahmed Eid,[]
26,Xheneta,[classics]
27,Venessa,[]
28,Thomas,"[historical, literature]"
29,Gwen,[]
30,Jillian,"[classic, historical-fiction, travel, nonfiction, adult, humor-comedy, school-books, literary-fiction]"
31,Ezequiel,[]
32,Kristyn Hammond,[]
33,Norita,"[medieval-lit, humor]"
34,Yannis Theodossis,[]
35,Kaylee,[]
36,Paul,[]
37,Kevin,[]
38,Inder,"[disease, folkart, pre-19th-century, fiction, long-term-projects]"
39,Matimate,[]
40,awgusteen,[owned]
41,Red,[favorites]
42,Natasha GJ Nanny Nakia,[reseñados-en-nanny-books]
43,Old-Barbarossa,[]
44,Daryl,[]
45,Jessica,[historical-fiction]
46,Yasmine Alfouzan,"[fiction, classics]"
47,Bruce,[]
48,Wolfgang,[]
49,Monica Castillo,[]
50,زياد,[]
51,Patty,[]
52,Kristin,[]
53,Christina Tihala,"[2016, classics]"
54,Czarny Pies,"[favorites, italian-literature]"
55,Sally,[]
56,Lina,[]
57,Ionela Soica,[]
58,Marti,[]
59,Stephanie,[]
60,Alyssa,[classics]
61,Maryam Sabbaghi,[]
62,Clark,[]
63,Anthony Peter,[classics]
64,Jennifer,"[thought-i-would-like-it-better, italy]"
65,Ellen,[]
66,Ilya,[]
67,Myownhideaway,[]
68,Dan,[]
69,Batool Hameed,[]
70,Adam Cherson,[]
71,Margherita Dolcevita,[]
72,ladywallingford,[primary-source]
73,Tom,[]
74,Katsumi,[romance-erotic-affairs]
75,Katherine,"[for-school, own, 2014, read-in-latvian, classic, 1-2-stars]"
76,Milena Cariello,[]
77,Jaclyn,[]
78,Jeff Koloze,[]
79,M.L. Rio,"[favorites, classics]"
80,Samuel Mustri,[]
81,Jim Robles,[]
82,Scarlet Cameo,[]
83,V,"[classics, 2016-reading-challenge, around-the-world-challenge]"
84,James Violand,[own]
85,Mike Ceballos,[]
86,Stephanie Ricker,"[classics, medieval]"
87,Sanabel Atya,"[pdf, stories]"
88,Tiffany,[]
89,Ronald B.,[]
90,Edoardo Albert,[]
91,Joseph Petrillo,[]
92,Alia Makki,[]
93,Sharon,[classics]
94,Heather,[]
95,Anna Pavlíčková,[2014]
96,Kalil,[]
97,Gijs Grob,"[middle-ages, short-stories, fiction, italian]"
98,Justin Evans,[fiction]
99,Liz,[]
100,E. Nazlı,[]
101,Lesserknowngems,[]
102,Mohamed Gamal,[]
103,Anastasia,[]
104,Jim Leckband,[]
105,L.,[]
106,Joel,[]
107,Ryan,[]
108,Will,[books-1990]
109,Martin,[]
110,Nicholas During,[]
111,Cassandra Kay Silva,"[classics, short-stories]"
112,Lise,[classics]
113,Nadin Green,[]
114,Ali,[july-2015]
115,Liliana,[]
116,Candy Wood,[]
117,Leslie,[]
118,Adriana,[]
119,Phillip,[]
120,Nurana Axundzada,[]
121,MJ Nicholls,"[short-stories, novels, pre-1900s, southern-europe]"
122,Nikki,"[fiction, short-stories, saw-the-movie, books-set-in-italy, classics, required-reading-for-school]"
123,Sarah Fournier,[]
124,Veronika,[]
125,Walkergeraldine,[]
126,Lauren Burnham,[]
127,Tomas,[]
128,Tim Horvat,[]
129,Alaide Mo,[put-down-for-now]
130,Paul Retkwa,[did-not-finish]
131,Nicholas Armstrong,[]
132,◈ ɣεɾɑ ◈,[]
133,Darwin8u,"[aere-perennius, 2014]"
134,Kimi,[]
135,Rou'a,[أمتلك-نسخة-ورقية]
136,Paul Parsons,[]
137,Jordan,[partially-read]
138,Daniel Polansky,[]
139,Rayna  (Poindextrix),[]
140,Katrin Voloditšev,[]
141,Michael,[]
142,Pasquale,[]
143,Steven Logan,[]
144,Matt Gray,[]
145,Caidyn,[classics]
146,Yasmine Dero,"[classics, fiction]"
147,Suburbangardener,[]
148,Richard Anderson,[]
149,Eva ,[]
150,Kate,[rome]
151,"Fatema Hassan , bahrain",[]
152,عبد الحميد بوحسين,[favorites]
153,Joseph,[]
154,Wendy,"[owned, world, literature, classics, medieval]"
155,Ross,[]
156,Daniel Banker,"[medieval, classics, history]"
157,Rick Carter,[]
158,Elizabeth,[classics]
159,Stacy Milacek,[]
160,mai ahmd,[]
161,Theresa,[classics]
162,William,[]
163,Sohvi,"[classics, gave-up-on]"
164,Maureen,[]
165,Holly Lindquist,"[currently-own, classics, doorstops]"
166,Michaela Wood,[]
167,Hilary,[waring-classics]
168,Valerie,[]
169,BC,[]
170,Brenda Hicks,[]
171,Corinne,[]
172,Julsey,[university-curriculum]
173,El,"[wanderlust, 14th-centurylit]"
174,Stefania,"[italian, classic]"
175,Juris,[classics]
176,Ed,[]
177,Eleanore,[classics]
178,Barbara78e,[]
179,Arianna,[]
180,Fahad,[fiction]
181,David Lee,[]
182,Eric,[]
183,thinh,[]
184,Nicolas,"[classic, historical]"
185,Ali Miremadi,[]
186,Jamie,[]
187,Reva,"[genre-short-stories, 2011, medium-audiobook, era-renaissance, topic-italy, genre-fiction, misc-world-library]"
188,Mohammad Ashkar,[]
189,Vansii Letø,[school]
190,Ahmad Kezzo,[]
191,Rebecca Martin,[]
192,Dylan Suher,[]
193,Lisa (Harmonybites),"[classics, short-stories, 100-significant-books, fiction, ebooks]"
194,Miriam,[]
195,Jackie Hojilla-taylor,[]
196,mohab samir,[أدب-عالمى]
197,Greg Z,[reviewed]
198,Rudy,[rudy-s-collection]
199,Tara Calaby,"[adult-fiction, 100-books, religion, history, humour, romance, short-stories, own, historical-fiction, sex, plague, marriage]"
200,Nickname,"[storia, fiabe, novelle-e-racconti, classico]"
201,Viswanathan Venkataraman,[60-s-and-70-s]
202,Ahmed,[]
203,Michael Schill,[]
204,Nancy Ibrahim,[]
205,Patrick,[]
206,Nuno Ribeiro,[]
207,Marc Alan,[bottomshelf]
208,Charmaine Warren,[]
209,Angel Serrano,[821-131-1-3-literatura-en-lengua-it]
210,Pao Parra,[]
211,Selena,[]
212,Teresa,[]
213,daydreamt,[]
214,Adele,[school-read]
215,Elise,"[read-for-school, classics]"
216,David Conrad,[]
217,DL,[sorry-but-i-didn-t-finish]
218,Richard,[grad-school]
219,GONZA,[]
220,Chanté,"[classics, fiction]"
221,Angela,[]
222,Vahid Kharazi,[]
223,Pan,[]
224,Jan C,[read-for-school]
225,Italo Italophiles,[]
226,Alicia,[]
227,Leez Matías,[]
228,J.Elizabeth,[]
229,Timothy Ferguson,[]
230,Sheridan,[]
231,Mindy,[]
232,John Plaski,[]
233,Thorlakur,[]
234,Jerry Miller,[]
235,Lucy,[]
236,Tadas Talaikis,[]
237,Allison,"[own, 2008, genre-fiction]"
238,Hadar,[]
239,Georgina Brandt,[]
240,Ivan,[]
241,Wyrmia,[]
242,Tony Laplume,[]
243,Teodora,[]
244,Sofia,[]
245,Malin,[]
246,Joyce,"[favourites, owned, medieval, recommended, short-stories, seen-film-of]"
247,Julier,"[print, translated, romance, e-book, historical-fiction]"
248,Kirsten Karlen,[classics]
249,Florencia,"[if-only-i-were-a-cat, stories-and-novellas-for-this-life]"
250,Chrissie,[]
251,Ian,[italian]
252,Celeste Corrêa,"[owned-books, itália]"
253,JP,[]
254,Anne,[classics]
255,Tracy Duvall,[]
256,Anna,[]
257,Diaa Jubaili ضياء جبيلي ,[rated-it]
258,James M,[x-italy-classic]
259,Preili Pipar,[owned-book]
260,Smaranda Filipciuc,[]
261,Marts  (Thinker),"[classics, 2012-reads]"
262,Inge,"[what-is-this-i-dont-even, school, didnt-finish, classics]"
263,Dirk,[]
264,بثينة العيسى,[]
265,L.C.,[]
266,Julian Kim,[]
267,Irena Atanasoska,[]
268,Paul Gaschen,[]
269,Amy Jane,[2012]
270,Iris Windmeijer,"[reads-for-school, literature, read-in-2013]"
271,Janille N G,"[short-stories, medieval-lit]"
272,Maria,[]
273,Scilla,[]
274,Renato Magalhães Rocha,"[100-best-books-world-library, kindle-ebooks, 2014, reviewed, short-stories]"
275,Paul Servini,[literature-italian]
276,Shannon,[]
277,Carlos Redondo,[europa-italia]
278,Nancy Pierson,[]
279,Tairan Qiu,[]
280,Davide Casadei,[]
281,Sian,[medieval]
282,John,[]
283,Paul Jellinek,[]
284,Blake Foster,[classics]
285,Terri,"[read-for-school, the-middle-ages, 14th-century]"
286,Aurora,[]
287,Neil,[]
288,Maximiliano,[]
289,Lisa Cook,[college]
290,Michelle Wardhaugh,[]
291,Quiet,[]
292,Tarmo Tali,[didn-t-finish-reading]
293,Nicholas Whyte,[]
294,Don Necro,[]
295,Sergey Barsamyan,[]
296,Doris,[]
297,Jason,"[classic-dead-guys, conceptual-short-story-collection]"
298,Carolyn,[]
299,Vivian,"[dragon-s-hoard, classics]"
300,Bayliss Camp,[]
301,Laura,[]
302,Pablo Serrano,[]
303,Cody,[]
304,David Lentz,[]
305,Jeremy,[]
306,Bettie☯,"[lifestyles-deathstyles, classic, shortstory-shortstories-novellas, amusing, play-dramatisation, too-sexy-for-maiden-aunts, plague-disease, filthy-lucre, dodgy-narrator, medieval5c-16c, italy, gangsters, tongue-firmly-in-cheek, sleazy, radio-3, fradio, lit-richer, re-visit-2014, games-people-play, winter-20142015, italy-florence, published-1348, renaissance]"
307,Anderstu,[]
308,Bernardo Martí,[]
309,Brandon Kersey,[]
310,Anjanette,"[medieval, italy]"
311,Abigail Danfora,[]
312,Huda Yahya,"[shortstories, sexuality, ترجمات-صالح-علماني, أمهات-الكتب_أعمال-خالدة]"
313,Jacquelyn,[]
314,Amanda,[]
315,Philip Thiel,[]
316,Caitlin,[fiction]
317,Gladys,[]
318,Melanie,"[in-college, fiction, academic-work]"
319,Jennie,[world-lit]
320,Nessy Dimitrova,[]
321,Beth,"[classics, plague]"
322,Antonella,"[read-2014, x, book-to-movie, stand-alone, short-stories, kindle, october-2014, classics, historical, 1-2-stars, reviews]"
323,Emm,"[favorites, erotica]"
324,Jaclin,[]
325,Wreade1872,"[league-of-extraordinary-gentlemen, classical]"
326,Phil,[]
327,Hayyan Jacob,[2016]
328,Veronica Calisto,[]
329,Jean Marie Angelo,[fiction]
330,Néstor Castillo,[]
331,Belén,[]
332,Yann,"[renaissance, enfer, contes, italie, sexisme, fiction, humour]"
333,Camille,[read-2008]
334,Ana,[]
335,Kenneth,[reviewed]
336,majstoricamagije,[classics]
337,Cassandra,[]
338,Tihomir Kenarov,[]
339,Rachel,"[multiple-reads, favorites]"
340,Pavlina,[]
341,Lidiya Vasileva,[]
342,Matthew Rothschild,[]
343,Hayley,[]
344,Rosalía ,[]
345,Danielle,"[classic, italiano]"
346,Courtney,[]
347,Larry,[]
348,Raisa Maria,[]
349,"Nathan ""N.R."" Gaddis","[short-stories, too-big-to-knot]"
350,Özgür Daş,"[kitaplığım, oğlak-yayınları]"
351,Bill Bowyer,[]
352,Alex Milledge,[]
353,Janith Pathirage,[]
354,Christa,[]
355,Tatyana,[]
356,Nate,[]
357,Christy,[]
358,Carol,[2010-read-booklist]
359,Monica,"[maybe-someday, partially-read]"
360,Greg,[]
361,Silviejensen,[]
362,Mitchell,[]
363,Kristen,"[favorite-reads, classics]"
364,Michi Lago a rio,[]
365,Gavin,[classics-old-new]
366,مهند,"[ادب-literature, مكتبتي-my-library]"
367,Cemre,[short-stories]
368,Adam,[]
369,Sarah,[feel-smarter]
370,Liliya,[]
371,William Sandles,[]
372,Hesper,"[short-fiction, medieval-world, plague-ten, italy]"
373,Sunday,[]
374,António Ferreira,[]
375,Gláucia Renata,[]
376,Elizabeth Periale,[]
377,Jay,[audiobook]
378,Victoria,[]
379,Stosch,"[european, favorites]"
380,Lady Dixie,"[boccaccio, essential-reading, favorites, men-writers, i-have-taught, steamy, medieval, plague, italian]"
381,James,"[edminster-group, italian-lit]"
382,Giuseppe Grillo,[]
383,A. J. McMahon,[]
384,sologdin,"[literary, blew-it-up-you-maniacs, medieval]"
385,Alexandria,[]
386,Nelson,"[university, classic-literature, 14th-century, fiction, italian-literature]"
387,Filip Konrad,[]
388,Gwern,[]
389,Avd.Reader,[]
390,Ellie Harl,[]
391,Kamil,[]
392,Amy Vasquez,[]
393,Michele,[]
394,Scotty,[middle-ages]
395,Robyn,[]
396,Վոլտ,"[classic, religious, more-than-400-pages, erotic]"
397,Sieran,[literary-novels-and-plays]
398,Richard Rimachi,"[leídos-en-2015, clásicos, favorites, mejores-libros-2015, 5-estrellas]"
399,Marc,[]
400,Galicius,[italian]
401,Wael Mahmoud,"[fiction, translated]"
402,Mandy,"[classics, short-stories, italian, 2012]"
403,Mari,[]
404,Mark,[]
405,Andy,"[fiction, translations-into-english, short-stories, love-stories, middle-ages]"
406,Shanna,"[classics, metaphysics, film-based-on-books, latin-american-lit]"
407,Andrea Zuvich,[]
408,Count Jared,[literary-fiction]
409,Miki,[]
410,Emily Sullivan,[]
411,Chris,[]
412,Marten Hoyle,[]
413,Antigone,[classics]
414,Felix Cortes,[]
415,Sabine789,[]
416,David,[]
417,Wayfair ,[]
418,Bob,[]
419,Leonardo,[]
420,Lab Cat,[]
421,A-Ile Self-hallucination,[italian-literature]
422,César Lasso,[]
423,Ron,[classics]
424,Samuel Breed,[]
425,Rob,"[literature, classics, short-stories, humour]"
426,Jeroen Berndsen,[]
427,Kelsey Fitzpatrick,[]
428,Helina,[school]
429,Amanda ,[]
430,Cameron,[]
431,Katie,"[medieval, medieval-sources, medieval-literature, fiction, history]"
432,Kathie Harper,[]
433,Pedro,[]
434,Elissajeanne boise,[]
435,Ben Watson,[classic]
436,David Harris,"[italian, medieval-literature]"
437,Tom K,[]
438,Orphic {Ally},[]
439,Burak Demir,[]
440,Shawn,[]
441,Hana,"[medieval, short-stories, dnf]"
442,Reinhard Beck,[]
443,Kellirina,[]
444,Lucy Sisk,[]
445,Elena,[]
446,Bryan,[]
447,Julian Meynell,"[reviewed, italian, medieval]"
448,Shayna L,[]
449,Realini,[]
450,Emily Brown,[]
451,Zelda,[2015]
452,Veregeia,[]
453,Rex Libris,[]
454,Inka,[]
455,Brandon,[]
456,Sergei,[]
457,Bogdan,[latin-and-neo-latin]
458,Lane Wilkinson,[]
459,Jeff,[classic]
460,Rosa Ramôa,[]
461,Erika,"[fiction, classic, short-story, medeltiden]"
462,Alice Bowlin,[]
463,Brook Miscoski,[]
464,Kimmo,[]
465,Alison,[]
466,Kholood,[]
467,علی,[]
468,Catherijn,[]
469,Chesh1r,[хорошие-книги]
470,Aslı Can,[]
471,Hojaplateada,[]
472,Douglas Wilson,"[culture-studies, humor]"
473,Laura Walin,"[1300, short-stories]"
474,Josh,[]
475,Al,[]
476,Klaudia Kelemen ,[]
477,Gina Rheault,[]
478,Tereneh,[]
479,Melissa,[classic]
480,Sergio Lozano,[]
481,Betsy Lavadia,[]
482,Linda,[]
483,Wendy Broyles,[2012]
484,Yesenia Vargas,[]
485,Veterini,[italiy]
486,Bryan W. Young,[]
487,Jonathan,[]
488,Lada,[]
489,Alessandro Pedarra,[]
490,May,[]
491,Jorge,[]
492,Mihai Tapu,[]
493,Lav,[]
494,Lisetta,[]
495,Laila,"[fiction, classics]"
496,Dustin,[]
497,Alex,[]
498,Jennifer Dustin,[]
499,Antonomasia,"[italy, momus-bluestocking, medieval-works, banned-books-week]"
500,April,"[owned_home, owned_all]"
501,Renzo,[fiction]
502,Jan-Maat,"[read-in-translation, 14th-century, italy, medieval-history]"
503,Whoof,[]
504,Nghia,[]
505,Kaikam Yao,[]
506,Abimelech Abimelech,[]
507,Claire,[]
508,Iustina,[]
509,Javier Cordero,[]
510,Jennifer Malin,[]
511,Samuel  Rodríguez,[]
512,Emily,[]
