,user,tags
0,notgettingenough ,[pre20th-century]
1,Andreas,[fantasy]
2,Tijmen Lansdaal,[in-possession]
3,Michinio Camorelli,[]
4,Adelle,[]
5,Vlada Volkova,[]
6,Holly,[]
7,Z Nayebi,[کتاب_هایی_که_باید_دوباره_بخوانم]
8,Dan,[]
9,Brandon Bassler,[]
10,João Fernandes,"[greek-roman-classics, poetry, favorites]"
11,Мартин Касабов,"[poetry, classics, personal-library, ancient]"
12,David Mitnick,[]
13,Ea Solinas,[]
14,Skuli Saeland,[fiction]
15,J.G. Keely,"[epic, reviewed, greece, sea-story]"
16,Thomas,[]
17,Elliott Bignell,[]
18,Ruby,"[classic, epic]"
19,Rachel Lightwood,"[stand-alone, school, classics, adult, read-2015, 2-star]"
20,Chick_Flick,[]
21,Danny Daley,[]
22,Esme M,[]
23,Bre Hess,[]
24,Ahmad Sharabiani,"[poetry, classic, literature, legends, mythology, epic, 08th-century-bc]"
25,Janice(JG) George,[]
26,Rick,[poetry]
27,Alina,[]
28,Valerie Venier,[]
29,Scott D.,[]
30,Carole Rae,[]
31,Olivia,[]
32,Muath Aziz,"[fiction, poetry, 2016, classics, mythology, romance]"
33,Jocelyn ,[]
34,Emma,"[romance, novel-in-verse, fantasy, books-i-own, classics, winter-spring-2014, high-fantasy, 3-stars, disappointing]"
35,Charlie,"[my-actual-bookshelf, self-evolution, made-me-cry]"
36,Joshua Guest,[]
37,Vardan Partamyan,[]
38,Malak Alrashed,[]
39,Caroline Beatle,"[escuela, 2013, grecia]"
40,Erik Graff,[poetry]
41,Sher,[]
42,Christine Palau,[]
43,Martin Hernandez,"[historic-novel, historia_literatura]"
44,Philip Wall,[]
45,Alice M.,[]
46,Alice Poon,[favorites]
47,Nick,[]
48,Matt Holmes,[]
49,Miquel Reina,"[classics, top-books, travel-and-adventure, adventure, travel, mustread, survival]"
50,S.,[u-of-c]
51,Alberto,[]
52,John Doyle,[]
53,Heidi'sbooks,[]
54,David Bisset,[]
55,Joaquín Jiménez,[]
56,Everyman,[]
57,Uthup George,[]
58,Doubledf99.99,"[favorites, classics]"
59,Ben,[]
60,Claire,"[from-library, 2016]"
61,"Craig ""NEEDS MORE DAMN TIME TO READ !!!!""",[]
62,サユミン,[persian]
63,umberto,[epic]
64,Sharon,[]
65,Mia,[books-i-own]
66,Brian,[]
67,Karl Groll,[]
68,Monaco Pollock,[]
69,Albaraa Najjar,[fiction]
70,Bruno,[]
71,Maida,"[female-issues-liberation-oppression, comparative-literature, classics, religion-philosophy, war, 2014-reading-list]"
72,Justin Evans,[poetry-and-drama]
73,Ashley Nef,"[absolute-favorites, classical, bc-literature]"
74,Yasiru (reviews will soon be removed and linked to blog),[]
75,Frits Brouwer,[]
76,Amira,[]
77,Chanel,[]
78,Natalie,"[poetry, kindle, mythology, 2014]"
79,Don,[]
80,L.,[]
81,Giovanna Barreto,[]
82,Vic Carstairs,[]
83,Daisy,"[favourites, best-authors, studied-books]"
84,Kelly,[]
85,Sandy Thorup : ),[books-i-read]
86,Leslie,"[kindle, classics, poetry, greek]"
87,Mary Wynn,[]
88,Brandon Tran,[]
89,Wilson,[]
90,Julie Decker,[]
91,Kris,[school-books]
92,Oscar Gonzalez,[sepan-cuantos]
93,Nikki,"[classics, poetry, greek-roman, for-class, myth-legend-saga-etc]"
94,(9 3/4) Gerasimos,[own]
95,Daniel Roberts,[]
96,Riku Sayuj,"[favorites, classics, history-civilizations, philosophy, epics, spiritual, r-r-rs, epic-stuff, translated, religion, great-books-quest]"
97,Smuel Estrada,[]
98,Ananthu,"[favorites, to-reread, epic, mythology]"
99,Fatima Saeed ,[]
100,Brian Willis,[]
101,Darwin8u,[2011]
102,Carmo,"[épicos, grecia, bib-p]"
103,Kalliope,"[classics, re-reads, classical, 2014-reading, greece]"
104,Ezra Klimchock,[]
105,Traveller,"[folklore-mythology, classics, to-reread]"
106,Bre'ona,[]
107,Michael,[classics]
108,Mohamed Al Marzooqi,[روايات]
109,Adam,[]
110,Kaitlin,[school-reads]
111,Dominic,[]
112,Zepp,"[star-star, greeks-leekgreens]"
113,Shateva,[]
114,Carly,[]
115,Big Brother,"[europe, poems, myth-religion, list-world-library, list-amazon-readers]"
116,Merril Anil,"[classics, in-my-library]"
117,Austin Meservia,[]
118,Eliza,[2015]
119,Cynthia .,"[bbc-s-the-big-read, classics, 500, homer]"
120,Guimi,[]
121,Mikha ϟ,"[owned, 2010, 2011, classics]"
122,Nathan,[]
123,Ken,"[classics-newly-read, world-literature, finished-in-2015]"
124,Emelie,"[fantasy, classics, epic, adventure, mythology, maritime, historical-fiction, poetry, published-antiquity, antiquity, greek-literature, male-authors]"
125,Theresa,[]
126,Mike (the Paladin),[classics]
127,Nicole Eatough,[mythology]
128,Ana Maria Rînceanu,"[classics, poetry, mythology, antiquity, read-in-2014, adventure]"
129,Abigail Lohmann,[]
130,Huda Aweys,"[watched-its-movie, religions, adventurer, classics, fantasy, cultural]"
131,Kaycie,[]
132,Erik,[]
133,Christine (Voldy's Gone Moldy),"[classic-ish, meh, read-in-2014]"
134,Chaz,[]
135,Daniyal Chaudhry,[]
136,Ashleigh,[]
137,Ethan,"[more-than-once, fairystories-folklore-mythology, all-time-favorites, classics]"
138,Victoria Tsonos,"[classics, poetry, books-i-own]"
139,Debbie Zapata,[pg]
140,Craig Kyle,[]
141,Marc Kozak,[]
142,Alexander,[2016]
143,Sam Cooper,"[tl307spring2014, young-adult]"
144,Chavonne,"[classics, coursera]"
145,Sofia ,"[mythology, classics, 2015-reads, poetry, school-books]"
146,Erica Lomeli,[]
147,Mike Walton,[]
148,Holli,"[2016-mt-tbr, 2016-backlist, 2016-books, coyer-2, 2016-rock-my-tbr, 2016-audios, 2016-ebooks, 2016-rlftci, 2016-rrrc, 2016-factory, 2016-popsugar, 2016-shelf-love]"
149,Cassidy Williams,[]
150,DW,[]
151,Hannah,[]
152,Kit,[recentlyread]
153,Mahdi,"[محبوب-ها, عجایب-نگاری-ها, فیلمش-رو-دیدم, خلاصه-ش-رو-خوندم, فانتزی, اسطوره-شناسی]"
154,Ethan Win,[]
155,Kim,[audiobook]
156,Jolanda,[ancient-greece]
157,Sabeeka,[]
158,Sofia T. (♥ Dimitri Belikov),[]
159,Self-propelled,[]
160,Realini,[]
161,Octavia,[1-star]
162,Nathalie,"[favorites, classics, ancient, read-in-2015]"
163,Mahmoud Mohy El-Din,[]
164,NoQuality,[]
165,Sam Los Libros Son Mi Mundo,[]
166,Bethany ,[]
167,Roberto Perez,[]
168,Driss El,[هوميروس]
169,Cornelia,[]
170,Mark Rayner,[]
171,Rachel Dawson,[my-top-25]
172,Dameon Garza,[]
173,Mary Interdonati,[]
174,Stephen,"[classic, classical-world, literature, western-canon]"
175,Anne,[]
176,Entisar Radhi,[]
177,Giuliana,[reviews]
178,Jo,"[for-school, 2016]"
179,Lillian,[]
180,Brittany,[school]
181,Frankie Della Torre,[]
182,Faye Al-Tourah,[]
183,Siria,[classical-history]
184,Darionanagi,[]
185,Renato Magalhães Rocha,"[100-best-books-world-library, 2014, all-stars, reviewed]"
186,Daniel,[2016]
187,Rodrigo,[]
188,Onur,[]
189,Terri Jacobson,"[classics, audiobook]"
190,Teresa,[]
191,Vit Babenco,[]
192,Ana Ruiz,"[historical, not-nobel, 2011, read-for-school]"
193,Madeline,[poetry]
194,Sydney,"[poetry, classics, read-for-school]"
195,Sian,"[for-school, ancient-history, translation]"
196,Raina,[school]
197,John,[classics]
198,Petra,[book-i-own]
199,"The Mad Hatter (a.k.a. Dominique, Queen Aelin Shadowsen)",[]
200,Mohamad Mohamad,[]
201,Juliana Senra,[]
202,Hiba,[]
203,Samantha Nicholson,[reviews]
204,Hi I'm Bob,[]
205,Peycho Kanev,[poetry]
206,C,[]
207,Scribble Orca,[]
208,Phoebe,[]
209,Annie,"[classics, epic-fantasy, family-relationships, classical-literature]"
210,Mary Overton,[]
211,Jason,[]
212,Dylan Grant,"[books-i-read-for-school, greek, poetry, epic-poetry]"
213,Maan Kawas,[]
214,Laura,"[classics, audio-books, drama, poetry, adventure, mythology, greek-literature, read-2016]"
215,Karen,[]
216,Samantha,[read-for-school]
217,Graham,[]
218,David Lentz,[]
219,Reza speed,[]
220,Jeremy,"[review, poetry, translated-from-greek, canon, ancient-greek]"
221,Procyon Lotor,[02-romanzi-racconti-teatro]
222,Shana Elbrecht,[]
223,Dalia,[2015]
224,Sasha,[summer-2014]
225,Susmitchell,[]
226,Roya,[]
227,Owlseyes,[greek-lit]
228,Jacob Morelli,[]
229,Totoptero Bastidas,[]
230,Oscar Bustamante,[]
231,Chad Martins,[classics-challenge]
232,Yann,"[antiquité, grece, épopée, fiction]"
233,Yani,[poesía]
234,Elgin,[]
235,Chase Mason,[]
236,Elisha,"[reviewed, borrowed, classics, fantasy, will-revisit-one-day, not-my-cup-of-tea, translation]"
237,Jeske,[2016]
238,Hugo Emanuel,[]
239,Ann,[ancient-times]
240,Rachel,[]
241,Daniel Chaikin,[]
242,Leo Jameson,[]
243,Gloria Sun,[]
244,Lauren,[]
245,Emma Nishimura,[]
246,Lupe Dominguez,[]
247,Shannon,[]
248,Tito Mazzetta,[reviews]
249,Tim,[fiction-pre-1967]
250,Tom Bensley,[]
251,Abilio,[]
252,David Sarkies,[adventure]
253,Kenneth Bailey,[]
254,Dhara,[]
255,Athena,[books-i-own]
256,Ken Moten,"[poetry-stuff, classical-stuff]"
257,GoldGato,"[literature, summer, poetry, ancient-civilization]"
258,Zachary Martin,[]
259,Christy,[]
260,Noor Baher,[]
261,Ashlynn,[]
262,Apolo,[]
263,Marcus,"[classics, canon]"
264,Monica,[]
265,Eadweard,"[fiction-read, greek, epics, classics, favorites-or-really-liked]"
266,!!!•°¤*(¯`‡°Lynnette°‡´¯)*¤°•!!! ,[]
267,Elyssa Curet,[]
268,Tracey,[audio]
269,Naomi,[classics-books]
270,Sammy Colgan,[]
271,Mitchell,[]
272,` Schwartz,[]
273,Billy,[]
274,Asma Fedosia,[]
275,Julia,"[ebooks, for-class, poetry, classics, 2015]"
276,Terence,"[in-translation, mythology]"
277,فاطمة الحمام,[]
278,Joash Nyarko,[]
279,❁ بــدريــه ❁,"[نسخ-ورقية, في-مكتبتي, شعر-ونصوص, قراءات-2016]"
280,Sanni,[]
281,Pete,[]
282,Lotz,"[highly-recommended-favorites, best-words-best-order, oldie-but-goodie]"
283,John Mccullough,[]
284,Ricardo,[]
285,Megs ♥,"[e-books, nook-lendme-books, books-2-movies]"
286,Jorvon Carter,[]
287,María Paz Greene,[]
288,Oscar,[]
289,Victoria,[]
290,Yipeng,[]
291,Christopher,[]
292,Neal Adolph,"[2012-reads, european, poetry, favourites, to-reread, translated]"
293,Philip,"[classics, dogs-bollox-book-club]"
294,Sophia Danziger,[]
295,Troy Ketch,[poetry]
296,Erica (Flavia) Zahn,"[classical, with-film-adaptations, collector-s-library, poetry]"
297,Finn Giddings,[]
298,Alhashimi Mustafa,[]
299,Brent McCulley,"[favorites, classics]"
300,Kasey,[]
301,James,"[edminster-group, u-of-chicago, classics, poetry, read-and-reread, sunday-morning, essential-man-s-library]"
302,A. J. McMahon,[]
303,sologdin,"[ancient, literary]"
304,Emilio,"[cl-sicos, fantas-a-pica]"
305,Brenda Morris,"[booksiteach, classics, adventure]"
306,Erifili,[]
307,Andrea,"[classics, in-translation]"
308,Wynn,[]
309,Glenn Russell,[]
310,Brenda,"[classics, not-my-cup-of-tea]"
311,Donna Green,[]
312,David Hollingsworth,[]
313,Rida Hariri,"[favorites, mythology]"
314,Jenny Shipp,[]
315,Sue,[]
316,Lisette Duran,[]
317,David Becker,[]
318,Mark,[]
319,Lauren Pogostin,[]
320,Andy,[]
321,Jonathan,"[personal-favourites, classic-literature, fantasy, poetry, fantasy-sci-fi-challenge, classic-challenge-2, popularity-contest-2, alphabet-challenge]"
322,Safo,[]
323,Lee,"[fiction, culture-revolution-etc]"
324,William Dearth,[greek]
325,Terry ,"[this-may-take-awhile, poetry]"
326,Zanna,[translated]
327,Graham Salisbury,[]
328,Ariel Clark,[]
329,Keith,"[5-star-reading, poetry, ebooks, 2012]"
330,Kirsten,[]
331,Karen Fernandes,[classics]
332,Tricia Ballard,[]
333,David,[]
334,Steve Leftridge,[]
335,Becca [Saurus],"[read-in-2016, on-my-shelf]"
336,Brayan Zarate,[2016]
337,Io?,"[ancient-greek, epic-poem]"
338,Jimmy,[daisy-club]
339,Rita Walbridge,[]
340,Patrick Martins,[]
341,AJ ,[read-2015]
342,Bianca Roberts,[]
343,Juan,[mythology]
344,Andrew Spencer,[shelfari-favorites]
345,Pavel,[]
346,Courtney Umlauf,"[owned-books, 15th-century-and-before, classics-bingo-challenge-2016, read-in-2016]"
347,[P],[bitchin]
348,Tortla,"[dragons, classics, historical-fiction, writing-on-writing]"
349,Bill H,[]
350,Jamie,[]
351,Amy,"[classics, mythology]"
352,Lydia,[]
353,Monika Sanchez,[]
354,Elizabeth Potterf,[]
355,Will Bellais,[]
356,Giedre,[]
357,Mahmoud Radi,[ancient-greek-literature]
358,Connor,[]
359,Addicted to Books ,"[books-should-have-been-on-1001-list, classical-and-pre-1500s, magical-realism, literary-syllabus, favorites, book-with-movie-experience, availablenot-not-not-kindle, fantasy]"
360,Peter Mottola,[overdrive]
361,Jenny,[]
362,Jeff,[]
363,Diana,[favorites]
364,Rosa Ramôa,[]
365,Aliyah,[]
366,Jenne,[audiobook]
367,Jenna,[greek]
368,Jesse,[]
369,Olivia Constantino,[]
370,Xueting,"[i-borrowed-this, school]"
371,Kaila,"[classics, monsters, boats, gods, unreliable-narrator, 2015, for-class, mythology]"
372,Sophie VERStand,[klassiker]
373,Lada,[epoee-heroique]
374,Andrew,[]
375,A.,[]
376,Tracy,[]
377,Marie,[favorite-books]
378,Joseph Chung,[]
379,Maria,[griechische-klassiker]
380,Alex,"[own, 2013, reviews-to-edit]"
381,Zac Stone,[]
382,Killian McRae,"[audiobook, my-inner-history-fan-doth-squee]"
383,Katee,"[fairy-tales-and-mythology, classics, 1400s-and-less, gore, translations-or-nonenglish, moving-version-seen, read-in-2016]"
384,Fernando,[favorites]
385,Cherylann,[]
386,Jim,"[3classics, 2fiction, fantasy, sword-sorcery, historical, 1paper]"
387,Jan-Maat,"[classical-and-late-antiquity, greece]"
388,Emmett,[]
389,Charles,"[fantasy, classics]"
390,Faeze Taheri,[]
391,Scott,[myth-legend]
392,Mojca,[classics]
393,Ardemment_Reader,[classics]
394,Emily,[]
