,user,tags
0,Pete,[]
1,helen the bookowl,[]
2,Matt,[]
3,Lotz,"[should-have-read-in-high-school, americana, novels-novellas-short-stories]"
4,Marina  Cohen,[]
5,Pfanner,[literatura-norteamericana]
6,Jim,"[3classics, 2fiction, ya-and-kids, historical, 1audio, 3series]"
7,Shima,[novel]
8,Andrew,[]
9,Randy,[fiction]
10,Skinnywhitedude19,[]
11,Anne,[read-in-2015]
12,Наталия Янева,[children-s]
13,Melora,[2016-reading-list]
14,MCOH,[]
15,Labria2012,[]
16,Doreen Petersen,[classics]
17,Annalise,[]
18,Evgeny,[adventure]
19,Olivia,[]
20,Philip,"[classics, jordabecker-book-club, jordabecker-luke]"
21,Kaylam2012,[]
22,Wanda,"[1001-books, 100-to-well-read, american-authors, 1000-guardian, read-in-2015]"
23,Roger Brunyate,"[before-1900, race-slavery, comedy-sorta, bildungsroman]"
24,James,"[study-group, u-of-chicago, sunday-morning]"
25,Scott Southard,[]
26,Brittany,[]
27,Mariafrancesca,[]
28,Chris,"[audio, lit-fiction-american]"
29,VictoriaNickers,"[mustread, 2016, classic]"
30,Obsidian,[]
31,Leola,"[fiction, southern-lit, classics]"
32,Joshua,[]
33,Thomas,"[western-canon, american-classic]"
34,Katerri2012,[]
35,Ran,"[classic-fiction, fiction, loc-list]"
36,Nelson Zagalo,"[bloom_list, literary_canon]"
37,Nathan Eilers,[fiction]
38,Erin ☕ *Proud Book Hoarder*,"[a-own-book-form, young-adult, children, drama-gen-fiction, part-of-series, classics, southern, 3-star, movie-havent-seen, small-town, reviewed, classics-i-have-finally-conquered]"
39,Wayne,[americana]
40,Hope,[]
41,Eli Mandel,[]
42,Markus Molina,[]
43,Liz Nutting,[classics]
44,·Karen·,"[19th-century, usa]"
45,Sue,"[classics, fiction, american-southern, kindle, pre-goodreads, read-2013, re-read-2013]"
46,Ahmad Sharabiani,"[historical, classic, fiction, childrens-young-readers, literature, 1001-book, 19th-century]"
47,Maru,"[novela, literatura-infantil, ficción, diálogos-magníficos, drama, leído-en-inglés, crème-de-la-crème]"
48,"Jackie ""the Librarian""","[classicsworthreading, controversial]"
49,Joseph,[]
50,Madeline,[the-list]
51,Paula,"[for-school, classics, american, 2016]"
52,Sonja Arlow,"[audio-books, classics]"
53,matt,"[fictions-of-the-big-it, america-f-k-yeah, childhood]"
54,Stefan Yates,[classic-literature]
55,Jessica,[adventure]
56,Rusia666,[]
57,Musa,"[classics, read-in-english, historical-fiction, owned]"
58,Jowayria Rahal,[]
59,mohsen pourramezani,"[novel, satire]"
60,Kristin,"[fiction, classics, bookclub]"
61,Gary  the Bookworm,[]
62,Shayana,[]
63,Teri,"[young-adult-audio-books, young-adult-classics]"
64,Brightness,"[historical-fiction, reviewed, audio, 2015, american-lit, 2-stars, southern-lit, banned-challenged, book-to-film]"
65,Neil Hepworth,[re-reads]
66,David,[big-white-square]
67,Mme. Bookling ~,[]
68,Amber,"[classics, easton-press-greatest-books-ever-wr]"
69,Peter,"[classics, american, 1001, read-2012]"
70,Barry Pierce,"[19th-century, read-in-2015]"
71,Mangy Cat,[classics]
72,A.J. Howard,"[1001-books, bookshelf-fiction, finished-in-2011]"
73,Greg,[fiction]
74,Charlene,"[favorites, classics-read, audio-book]"
75,Ensiform,[fiction]
76,Eric,"[classic, audiobooks]"
77,Brandon Nelson,[]
78,Mariam Abood,"[school-books, overrated-don-t-believe-the-hype, 2014, classics, 2-stars, boring, banned-and-challenged-books, stand-alone, highbrow-literature]"
79,Noelia Alonso,"[read-in-2015, classics]"
80,Quang Nhật,[]
81,Ahmad  Ebaid,"[أدب, علم-نفس-اجتماع]"
82,Judy Vasseur,[]
83,Caitlyn,[]
84,Jamie,[]
85,K.D. Absolutely,"[classics, 1001-core, 501, childrens, adventure]"
86,Clif Hostetler,[novel]
87,Nikoline,"[own, childrens-litterature, classics, american, social-issues, novel, male-author]"
88,Katherine,"[read-in-2011, required-reading]"
89,Karina E,[read-in-2014]
90,Sandra,[usa]
91,Ericamarie22,[]
92,Rinda Elwakil ,[pdf_ebub_tablet]
93,Petar X,"[fiction, children, reviewed, 2016-reviews, 100-reviews]"
94,Charity,[1001books]
95,Mayank,[]
96,Patrick,[audiobooks]
97,Vicki,[children]
98,Genni Eccles,"[owned-books, 2016-reads]"
99,jacky,"[2008, tween]"
100,Chris ,"[audiobook, fof-buddies]"
101,Abeer,"[readforclass, america]"
102,Angela,"[read-for-school, historical, 1800s-and-before]"
103,Jason,"[fiction, adventure, humor]"
104,Yann,"[xixème, usa, fiction]"
105,Yani,[]
106,Dylanb2012,[]
107,Rikke Simonsen,"[owned-books, classics, university, reviewed]"
108,Erika B. (SOS BOOKS),"[favorites, classic]"
109,Nandakishore Varma,[classic]
110,Amir Lewiz,[]
111,Britt,[]
112,Salem,[الروايات-القصص]
113,Elyse,[]
114,Franky,[adventure]
115,Briana2012,[]
116,Rick,[fiction]
117,sam,"[academic, classics, series]"
118,Sara,[childrens-classiscs-list]
119,Glenn Sumi,"[favorites, before-1900, classics, guardian-1000]"
120,Ellie,"[fiction, literary, classics, american, kindle, 2016indchallenge]"
121,Leo Walsh,[favorites]
122,Brian ,"[favorites, 2014, childhood-favorites, literary, read-twice, favorites-of-favorites]"
123,midnightfaerie,"[childrens, classics]"
124,Shaun,[]
125,Becky,[]
126,Diamond Cowboy,[]
127,Michael Gerald,[]
128,John Yelverton,[]
129,Guy Portman,[]
130,Ishaiah2012,[]
131,Alexrob2012,[]
132,Nathaniel Hardman,[]
133,Alex,"[2010, favorite-reviews, great-american-novels, early-american-lit]"
134,Lucy,[]
135,Reid,"[literature-classics, fiction, review, 4-stars, 3-stars, 2014-reads]"
136,Fabian,[]
137,Pradnya K.,"[2015, ya, classic]"
138,Apatt,[fave-classics]
139,Rozemarijn,"[uni-lectuur, roadtrip-adventures, literature]"
140,An upbeat reader,[]
141,Manny,"[strongly-recommended, well-i-think-its-funny, blame-jordan-if-you-like]"
142,Olivias2012,[]
143,Meghan Krogh,"[penguin-class, xy, orphans, rgrc]"
144,Simona Bartolotta,"[adventure, 1800]"
