,user,tags
0,Tijmen Lansdaal,[in-possession]
1,Paquita Maria Sanchez,"[plays-n-poems, literature]"
2,Darby,"[class, taught]"
3,Lola,"[literature_university, literature_classics]"
4,Scarlett Diaz,[]
5,William,[]
6,أَحْمَد,[]
7,Silas,[]
8,19hokim,[]
9,Yoke,[9th-global-lit]
10,Hafeth,[تاريخ]
11,Abdellah Kun,[]
12,Gerardo B.,[]
13,Joe,"[middle-eastern-literature, 17th-century-and-earlier-literature, poetry, mythology, epic-poems]"
14,Monica Tilley,[]
15,Tariq Alferis,[]
16,P. Aaron Potter,[favorites]
17,bahareh ebnealian,[]
18,Sebastien Roy-Ssf,[roman]
19,J.G. Keely,"[epic, fantasy, reviewed]"
20,Muhammad Mutawea,[]
21,Rand,"[poetry, history]"
22,Breianne Ehigie,[]
23,Ira Armstead,[]
24,Marian Willeke,"[history, non-fiction]"
25,Kathryn,[2012]
26,Toma Mihai,"[history, society-religion]"
27,Darrell,"[reviewed, bible-study]"
28,Melody,[heard]
29,André,[science-fiction]
30,Kevin,[]
31,Tatiana,"[antiquity, folk-tales, mesopotamia]"
32,Rachel,"[read-2015, stars-4, fiction-classics]"
33,Ahmad Sharabiani,"[classic, literature, legends, mythology]"
34,Mohamad Ahmad abdelmohsen,[]
35,J.T. Wilson,[]
36,Aimee (528491),[]
37,Lady Dixie,"[ancient, epic, essential-reading, i-have-taught, myth]"
38,Francia,[]
39,Kristin,[9th-grade-advisory]
40,Czarny Pies,"[asian-literature, religion]"
41,Sally,"[books-read-in-school, books-read-in-2016]"
42,Reem,[]
43,Sotiris Adamaretsos,[]
44,Charlie,"[to-reread, favorites, lgbt-etc, my-actual-bookshelf, self-evolution, made-me-cry]"
45,Labijose,[]
46,Mark Cooper,[]
47,Greg Lico,"[favorites, books-that-changed-my-life]"
48,Karina Torres,[class-readings]
49,Andrea Lopez,[]
50,David,[]
51,Amanda,"[poetry, written-before-1965]"
52,Yassmeen Altaif,[]
53,NDV135,[2015]
54,Christopher Trader,[]
55,Sara Aljaryan,"[favorites, fiction, 2014]"
56,Hilal Kalkavan,[]
57,Marissa Coleman,[]
58,A. di Michele,[]
59,Naomi,"[all-time-favorites, my-darlings-the-re-read-books, read-in-2015]"
60,Ellen Burns-Johnson,[fiction]
61,Sayed Omar,[]
62,Robert,[]
63,Nick,"[adventure, ancient-literature, epic-of-gilgamesh, sumerian]"
64,Brian Powers,[]
65,Heidi'sbooks,[]
66,Stasa  Milenkovic,[]
67,Lena,[]
68,Muntadher Alsaeed,[]
69,Sobhi Saeed,[]
70,Jimena N,[]
71,Ahmed Mustafa,[]
72,K.D. Absolutely,"[classics, 501]"
73,Clif Hostetler,[epic]
74,Kathleen,[]
75,Janebcolby,[]
76,Iris,[mythology]
77,Stephanie Sanchez,[]
78,Ben,[]
79,Christine,[bloom-canon]
80,Olga,[for-school]
81,Phoebes,[classici-2015]
82,Dirk,[romans]
83,H James,[]
84,Rolanda Frank,[]
85,Brad,"[fantasy, history]"
86,Guy,[]
87,رَزان,[]
88,Zoha Trabelsi,"[history, to-reread, read-in-2016]"
89,Ryan Milbrath,[]
90,Jian,[]
91,Laura V.,"[nook-read, con-reseña-viene-la-cosa, classics, 2016, desafio-abecedario]"
92,Cphe,"[fantasy, classic, historical]"
93,Mert,[]
94,Gavin White,[mesopotamia-general]
95,Kevin Cole,[]
96,Yaman Aldous,[]
97,Joel Mitchell,[poetry-plays]
98,Andrada,[history-ancient]
99,Ina,[]
100,Lavender Libya,[]
101,Rosamund Hodge,"[babylonian, 2013]"
102,Sara,"[currently-own, reviewed, concerning-ancient-world, myths-folktales, poetry]"
103,Michal,[]
104,Guy Haley,[]
105,رغد قاسم,"[favorites, كتب-عراقية, نثر, ورقي]"
106,Michael Arnold,[poetry]
107,Johara,[]
108,Buffy Greentree,[]
109,Spencer Ellsworth,[]
110,Jere,[epics-and-sagas]
111,SaraH Mohammed,[]
112,Fypast,[]
113,Timothy Hicks,"[classics, religious, historical-fiction]"
114,Amira,[]
115,L.,[]
116,Fateme Naderi,[]
117,Alexis,"[red-room, own]"
118,Donald Armfield,"[non-fiction, mythology, translations]"
119,Roo Blue,[]
120,Aamil Syed,"[speculative-fiction, historical-fiction, classics, philosophy, fantasy, biography-memoirs]"
121,Huma Rashid,[classic]
122,Aws Al-Najjar,[]
123,Sean,[]
124,Faith F,"[mesopotamia, mythology, poetry]"
125,سمر محمد,"[favorites, pdf, كتب-تاريخ]"
126,Katya,[literature]
127,Nicki,[]
128,Riku Sayuj,"[classics, history-civilizations, myth-religion, epics, spiritual, r-r-rs, translated, great-books-quest]"
129,Roxanne,[poetry]
130,Ghadeer Mansour,[]
131,Miriam Cihodariu,[]
132,حسين إسماعيل,[]
133,Clayton,[]
134,Axl Angulo,[]
135,Darwin8u,[2013]
136,Evan,"[world-literature-top-100-list-poll, my-faves, 2009-reads, __in-my-collection, dumpster-rescues, poetry, favorites]"
137,Joseph DeRepentigny,[]
138,Audrey Greathouse,[]
139,Vaishali Joglekar,"[ancient-cultures, biographies]"
140,Andrea Elvira,[]
141,Ashley,"[school, library, 2012, 3-stars]"
142,Matea,"[adventure, boat, classic-literature, death, famous-characters, fiction, friendship, mythology, old, quest, school, shelfari-wishlist, tragedy]"
143,Michael,"[favorites, fiction, classics, historical-fiction]"
144,Thomas,[]
145,Dulce Zamarron,[world-lit]
146,Gibberish,"[ancient-literature, classic-literature, classics]"
147,Remington Krueger,[]
148,Renetta DeBoer,[favorite-lit]
149,Robin,"[classics, fiction, religion, poetry, favorites, read-for-school, monsters, emotional, mythology-and-folklore, books-in-translation, speaks-to-me, antiquity, short, biblical]"
150,Katy,[]
151,Sandie,"[classics, epics]"
152,Savannah,[]
153,Wendy Apisdorf,[]
154,Jeremiah Peter,[]
155,Fayafi M,"[favorites, تاريخ, سيرة]"
156,Haneen Alhatlany,"[favorite, arabic-fiction]"
157,M.J. Johnson,[]
158,Kate,[]
159,John Everett,"[fiction, poetry, myths-and-mythology]"
160,Merril Anil,"[e-book, classics]"
161,A.L. Sowards,[classics]
162,Theophilus (Theo),[]
163,Edward Cheer,[]
164,Zelda,[2013]
165,Wendy,[]
166,Reading,[]
167,Kee Saitama,"[classical-literature, audibooks]"
168,Jesper,[]
169,Aubrey,"[4-star, reviewed, translated, poetry, sumerian, reality-check, 1-read-on-hand, person-of-everything, translated-dp, shorty-short, person-of-reality, r-goodreads, person-of-translated, reality-translated, person-of-reality-translated, r-2015, sow15, antidote-think-twice-read, antidote-think-twice-all]"
170,معتز,"[owned, الملاحم]"
171,Juliette,"[fantasy, poetry, 2016]"
172,hayden,"[classic, older-than-really-old-dirt]"
173,Ian Banks,"[adventure, history, classics, historical]"
174, Manal,"[فلسفة, أدب, 2016]"
175,Sarah-Rachael,[]
176,Conner A.,[]
177,Sara Mehrez,[tablet]
178,Jon,"[1-by-men, 4-by-everyone-else, old-school-01-ancient]"
179,Richard Reese,[]
180,Del Herman,[]
181,Valerie,[]
182,Meeg,[]
183,➸ Gwen de Sade,"[read-2016, classics]"
184,Zazo,"[history, classic, literature]"
185,الهنوف فهد,[]
186,Nina Malé,[]
187,Hugo Simão,[]
188,Ajax Minor,[poetry]
189,Elias Vasilis Kontaxakis,[ancient-mesopotamia]
190,Gonzalo Oyanedel,[]
191,Lucas Johnson,[]
192,Katie Goldsmith,[western-civilization]
193,Erin,[]
194,Simone,"[completed, oriente]"
195,tom kosters,[]
196,Greg,[poetry]
197,Pertinacia,"[masterpieces, my-favorite-books, ancient-mesopotamia, existencial-depression, mythology, world-literature-canon]"
198,Eliana,[]
199,Priscilla Benbrook,[]
200,Linda Burr,[]
201,Erik Moron,[]
202,Miriam,[classics-classic-literature]
203,Jacob Bentley,[]
204,Jesse Hollett,[]
205,Tamer,[]
206,Aya Dkheel,[]
207,Zoe,[audiobooks]
208,Donya,[]
209,Steven Lee,[]
210,Yosof Shihabi,[]
211,Lisa (Harmonybites),"[classics, poetry, fiction]"
212,Arianna Meneses,[]
213,Deivid León López,[]
214,Sarah Shahid,"[literature, religion, fantasy, classics, methology, read-in-2014]"
215,Skyler Myers,"[fantasy, classics, poetry, mythology, inspirational, fiction, favorites, blank-verse, ancient]"
216,Robert Sheard,[]
217,Joseph F.,[]
218,Rebecca,"[religious, fantasy, history]"
219,Shridhar Jayanthi,[]
220,Patrice,[]
221,Leajk,[antiquity]
222,Moureco,[]
223,Waleed Binkhamis,[100]
224,B. Scott Andersen,[]
225,Chloe,[]
226,Sam Cooper,"[tl307spring2014, young-adult]"
227,Jared Millet,"[classics, gods, out-of-my-comfort-zone]"
228,Venu Madhav Reddy,"[non-fiction, ancient, mythology]"
229,Richard,[2010]
230,Ahmed,[]
231,Angela,[classics]
232,Ahmed Mahrous,[]
233,Holly,[]
234,Anya,"[in-my-library-paper, antiquity]"
235,Alicia,[]
236,Knarik,"[classics, adventure, religion-philosophy, fairytales-legends-folklore, culture]"
237,Seizure Romero,"[mythology-folklore, classics-lit, college]"
238,Mahdi,"[عجایب-نگاری-ها, فانتزی, اسطوره-شناسی]"
239,Eric Kibler,[]
240,Maria Tinawi,[]
241,Kim,[ancient-literature]
242,Sanne,[]
243,Ned Hanlon,[]
244,Chantelle,[]
245,Qi,[]
246,Heide,[2015]
247,❄Elsa Frost❄,"[books-i-own, classics]"
248,Angelique Long,"[for-the-sake-of-my-education, favorites]"
249,Teodora,[]
250,Anne-Marie,[]
251,Sofia,[]
252,Angel Alfonso,[]
253,Soplada,[]
254,Audrey,"[classics, poetry, folklore-and-mythology, school-textbooks]"
255,Jeremiah,[]
256,Emma Marigliano,[]
257,Matt,[]
258,Ian,[]
259,Benjamin Plaggenborg,[]
260,Ellioth Mess,[]
261,Melinda,[2013]
262,Sherif,[]
263,Stephen,"[classics, fantasy, ebooks, audiobook, warriors, 1499-and-before, classics-european]"
264,Marieme,[global-lit-books-9th-grade]
265,Austin,[]
266,Entisar Radhi,[]
267,Jill,"[thinker, good-writing, classics, asian]"
268,Kevin J.J. Carpenter,[poetry]
269,Jacob,[]
270,Kristýna,[]
271,Antonomasia,"[poetry, ancient-world-texts, 2007, mena]"
272,Nathan Moore,[twenty-thirteen]
273,Nikki,"[classics, myth-legend-saga-etc]"
274,Mike Polizzi,[]
275,Louis,[]
276,Anton Himmelstrand,"[classics, myth, akkadian]"
277,Sean Chick,[]
278,Jackie,[]
279,Kevin Jimenez,[]
280,Ayman Saeyeldin,[]
281,Rachel Mantas,[classics]
282,Bryn Hammond,[epic-and-romance]
283,Hurricanekerrie,[]
284,Daniel,[]
285,Fahad Alqurain,[]
286,Avery Loveridge,[]
287,Yehudah Tor,[]
288,Joan Wedes,[lit-class-reading]
289,Belgia Jong,[]
290,Nazrul Islam,[epic]
291,Rosa Rose,[]
292,Gabriela Jimenez,[]
293,Sydney,[]
294,John,[]
295,Gregory Vogel,[]
296,Dana.kafri,[]
297,Adry,[]
298,Zouina Sid Ahmed,[classics]
299,Fishface,[poetry]
300,Sonia M,[poetry]
301,Peycho Kanev,[]
302,6aif,[]
303,Bjorn Larsen,[]
304,Naftoli,"[literature, 2012]"
305,Dusty,"[read-before-2007, read-in-2009, graduate-school]"
306,Rudyard,"[fantasy, classics, school-books, adventure]"
307,Zari,"[classic, literature, myth]"
308,Osama Dukhan,[]
309,Maha Rashwan,[]
310,Haifa,"[2014, kalimat2016]"
311,Sana,[]
312,Selçuk Kılınç,[]
313,Mary Overton,[]
314,Dana,[]
315,Mgoda,[]
316,Veronica,[2016]
317,Jason,"[fiction, epic]"
318,Masoud Soltani,[]
319,Richard Knight,[]
320,David Nichols,"[reviewed, classics-ancient-medieval]"
321,Laura,[]
322,Katie Loucks,"[ancient-literature, classic, epic, historical-fiction, mythology, poetry]"
323,Dawn,"[classics, history, 400-pre, religion, read-2015, locale-middle-east]"
324,Jeremy,[]
325,Jesse Harris,[]
326,MacK,"[classics, mr-macks-syllabus, world-lit]"
327,Stephy,"[have_to_be_able_to_think, thumping_good_read, classics, drama, reading_again_now]"
328,Todd N,[]
329,Charlotte,[]
330,Ramez,[]
331,Stephanie,[2015]
332,Sheyda Dehghan,[]
333,James Carmichael,[antiquities]
334,Marija,[required-reads]
335,Juan Pablo Ruiz,[]
336,سليمان الرواحي,[]
337,João Roque,"[gays, narrativa, história]"
338,Lamia Kassoum,[]
339,Georgia,[]
340,Emi,[]
341,Bethany,[]
342,Rachael,[classics]
343,Yann,"[antiquité, moyen-orient, épopée, fiction]"
344,Kieran,[]
345,Omar Elsheikh,[شهر-مايو2015]
346,Eleanor Bramwell,[]
347,Ana,[]
348,Nicolas Shump,[]
349,Winston,[5-reviewed]
350,Leila Anani,"[ancient-world, gay-historical-romance, classics, folklore-myth, tragedy, epic, m-m-romance, quest-for-immortality, favourite-books]"
351,Lauren,"[classics, 2013]"
352,Shannon,"[ancient-history, fairy-tales-folk-tales-myths]"
353,Jim Coughenour,"[classics, mesopotamia]"
354,elmira,[]
355,Tim,[challies-reading-challenge-2016]
356,Ellie,[classics]
357,David Sarkies,[myth]
358,Austin Wright,[]
359,Víctor Sampayo,[]
360,Ana Paula,[]
361,Asmaa,[]
362,Garrett Cash,"[classics, education, sci-fi-fantasy, adventure, onesitting, friendship, history, ancient]"
363,Lorelai Botelho,"[adventure, ancient-literature, mesopotamia, tyrant]"
364,Aleksandar Janjic,[]
365,Henri Franjieh,[]
366,Klelly,[]
367,Alisha,[]
368,Bilal Alhalaiqa,[]
369,Silver,[]
370,Matt Miles,[]
371,hope mohammed,[]
372,José Luís  Fernandes,"[fiction, religion, primary-sources, mythology]"
373,Adam,"[conflict, badassery, classics]"
374,Kyle,[]
375,Francisco,[]
376,Shaikha Alkhaldi,[read-2016]
377,Fermentum,[]
378,Maram Alsaraf,[]
379,Jamil Brown,[]
380,Mohamed Fawzy,[شعر]
381,Killian Beck,"[religion, history, mythology]"
382,Julia,[]
383,Terence,"[poetry, audio-books, mythologies]"
384,Loránd Szakács,"[classic-epics, read-fantasy, owned-kindle]"
385,Alireza,[]
386,❁ بــدريــه ❁,[]
387,أسيل ,[]
388,Brittney Sweet,[]
389,Sarah,"[nonfiction, historical, spiritual]"
390,Lotz,"[best-words-best-order, oldie-but-goodie]"
391,Ebba,[own]
392,Ricardo,[]
393,Hyathin,[]
394,Nadia Alblooshi,[]
395,Sahara Johanson,[]
396,Rita AlTaji,[favorite]
397,Zach,"[classics, poetry]"
398,AbdulAziz Marhomi,[]
399,Kutşın Sancaklı,[]
400,Hannah Givens,"[classics, history, poetry]"
401,Will Redd,[]
402,Sarmad Yahya,[]
403,Jacqueline Bendrick,"[ancient-literature, epic, mesopotamia, mythology]"
404,Christopher,"[religious-studies, middle-east, ancient]"
405,Fab,[]
406,Philip,"[classics, favorites]"
407,Superbty,[electronic-book]
408,Brandt,[]
409,Xiuhan Wu,[]
410,James,[]
411,Brigid *Flying Kick-a-pow!*,"[books-for-school, mythology, bromance, written-in-verse, historical-fiction, adventure, fantasy, classics]"
412,Alice,"[classical-classics, the-ones-i-read-for-school, series-that-make-me-happy-im-alive, thought-provoking, too-awesome-for-words]"
413,sologdin,"[ancient, literary]"
414,Hybrazil,[shelfari-favorites]
415,Mystie Winckler,[literature]
416,Christian Schwoerke,[]
417,Sarah Fisher,[]
418,Richard Derus,[]
419,Brenda,[]
420,Mary Foxe,"[classics, poetry]"
421,Luciana Darce,[]
422,Mohamed almanzalawy,[]
423,Dustin,"[fantasy, historical, classics]"
424,Abed Alrhman Jabassini,[]
425,Guga,[]
426,Behnoosh E,[]
427,طالب الحق,[]
428,Mari,[literature-fiction]
429,Mark,[]
430,kasia,[]
431,Matt456789,[]
432,Jonathan,[]
433,Mary,"[classics, mooc]"
434,Lee,[poetry]
435,Abdulla Awachi,[]
436,Mel,[]
437,حنين سلمان,[]
438,Dario Bravo ,[]
439,Zanna,"[poetry, to-re-read, middle-east, translated, ancient]"
440,Dave,"[literature, history, fiction, translated, classic]"
441,Lina AL Ojaili,[كتب-منوعة]
442,Tessa Mountain,"[adventure, ancient-literature, babylonian, classic, epic, hero, mesopotamia, mythology, poetry]"
443,Chris,"[poetry, classics]"
444,Mahmood Alamri,[e-book]
445,Keith,[]
446,Henry Martin,[ancient-literature]
447,Jeanette Padilla,[]
448,Dru,"[fantasy, fiction, nonfic-history]"
449,Talha Sayed,[]
450,Dina Rahajaharison,[]
451,رائد الجشي,[]
452,Sivoj,"[historical-fiction, mythology, antiquity, other-languages]"
453,Padma,[]
454,Paulo Silva,[]
455,Taylor,"[ancient-history, ancient-literature, enkidu, epic, epic-hero, fiction, gilgamesh, literature, mesopotamia, mythology, poetry, sumerian]"
456,Acaciabee Blackwell,[]
457,Jazmine,[]
458,Neven_ali,[]
459,معتز عناني,"[history-التاريخ-الحق-والمكذوب, biographies-سيرة-ذاتية, epic-ملحمي]"
460,Rob,[]
461,Gale,[ancient-civilzations-young-adult]
462,Katia,"[high-school, classics, 2015]"
463,Jafar Qasim,[مما-قرأت-الأفضل-4-5-نجوم]
464,Eli,[]
465,Ian Lindstrom,[]
466,Fatima Saeed ,[]
467,Isabella A,[]
468,É F.K. O'Conghaile,"[my-actual-bookshelf, 2014, identity-variance]"
469,Book Riot Community,[]
470,Ashdohn Roesler,[]
471,EmeryH,[]
472,ScoLgo,"[owned, reviewed, mythology, history]"
473,Ahmad  Ebaid,"[تاريخ, أديان]"
474,Dameon Manuel,[]
475,Elizabeth Pyjov,[poetry]
476,Ahmed Azimov,[]
477,Morgan Bendit,[]
478,Joe Milazzo,[]
479,peiman-mir5 rezakhani,[داستان-و-رمان]
480,Hans,"[adventure-survival, poetry, epics]"
481,Brett Williams,[]
482,Bookish Dervish,[]
483,Barbara Justiniano,[]
484,Tracie Hall,[]
485,Ghostneuron,[reading-list-2016]
486,Lee Harmon,[]
487,Rosa,[epic]
488,عمار معن جوبا,[]
489,Timothy Drennan,[]
490,Shishir Chaudhary,[]
491,Rodrigo Gonzalez Castaneda,[]
492,Asim Alzou'bi,[]
493,Kestra,[]
494,Laurel Benson,[]
495,Jeff,[]
496,سارة الراجحي,[]
497,Carl Teegerstrom,"[favorites, literature, epic-poetry-and-poetry]"
498,Bob Hartley,[]
499,Tony,[]
500,Auristella Zarate,[]
501,Martynas,[]
502,Alison,"[books-i-own, read-in-2014]"
503,علی,"[epic, great-ones]"
504,Regina Escobedo,[]
505,Douglas Wilson,[history]
506,Manuel Alfonseca,[]
507,Josh,[]
508,Jeroen,[]
509,Dr.sam,[mythology]
510,Sam Hickey,"[ancient, epic, poetry, in-translation, mythology-and-legend]"
511,Hind,[روايات-عربية]
512,Manuel Reyes-Leon,[]
513,Monica,[classics]
514,Lamis,[]
515,Kevin Hull,[]
516,Tyler Ressler,[]
517,Andrew,[]
518,Ahmed Naseer,[]
519,Mario,[favorites]
520,Panayiotia,[]
521,Andrea,[]
522,Maria,"[ancient-literature, epic]"
523,Brian Christner,[]
524,Alex,[]
525,Mke McKeel,[new-lifetime-reading-plan]
526,Stacie,[i-own]
527,Ali Maki,[]
528,Tarek Yahya,[]
529,Itsamolh,[]
530,Fernando Pereira,[]
531,Cherie Wells,"[flood, folklore, mesopotamia, mythology, oldest-written-story]"
532,Abimelech Abimelech,[]
533,Aria azizof,[]
534,SpaceBear,"[classic-literature, iraq, world-history]"
535,Lauren Johnson,[]
536,Arvin,[داستان]
537,Emily,[2015]
