,user,tags
0,Eric Fitzsimmons,[]
1,Kevin Hill,[]
2,Jim,"[novels, lifetime-reading-plan, brain-pain, read-in-2012, nobel-literature, author-north-american, 20th-century, mod-lib-100]"
3,Chrissie,"[fiction, usa, relationships, race, own-unlistened, classics, southern]"
4,Taka,"[japan_jul07-aug11, modernist_lit, american_lit]"
5,Gabriela Solis,[]
6,Mattia Ravasi,[]
7,Jeff Prothro,[]
8,HEILA GH,[]
9,Sofía (Софья),"[premio-nobel, usa-literature, harold_bloom-s_canon]"
10,João Fernandes,[nobel]
11,Oko,[]
12,T4ncr3d1,"[statunitensi, sperimentale]"
13,"Chris, the Dalek King",[lits]
14,Elaine,[something-old-something-new]
15,Sebastian,[owned]
16,Luis Santos,[]
17,Mohammad Karimi,[favorites]
18,Nelson Zagalo,"[top_70_general, literary_canon, top_10_fiction]"
19,Bonnie,[]
20,Sandi,[]
21,Paul,[2008]
22,Resa,[]
23,Janet Gaspar,[]
24,Thing Two,"[state-mississippi, favorite-from-the-south]"
25,Kate Wyant,[]
26,Ariella,"[loved-it, this-is-good-writing, favorites, adult, drama-llama, frustrated, interesting-characters-are-interest, psychological, so-good, poetic, art, mean-people, male-pov, school, classic, loved-the-ending]"
27,M.,"[kutuphanemdekiler, orjinal-dilinden-satin-alinacaklar]"
28,Ahmad Sharabiani,"[classic, fiction, literature, 1001-book, gothic, 20th-century]"
29,Ryan Hatch,[]
30,Aabed Arjmand,[]
31,Natalie Beeler,"[recommended, favorites, 20s-novels, time-magazine-list]"
32,Bruce,[]
33,A.E.,[]
34,Alan,[]
35,K.M. Weiland,[]
36,Anthony Salazar,"[must-read, classics]"
37,Stacy Pershall,[]
38,Ghazaleh pb,[]
39,Katherine Martin,[gilmore-challenge]
40,Damian,[]
41,Susan,[fiction]
42,Stacie,"[group-read, i-own, 1001books, re-read, nobel-winning-author]"
43,Mohammed,[]
44,Μιχάλης Μανωλιός,[]
45,Shora,"[classics, persian-translation]"
46,aPriL does feral sometimes,"[favorites, read-a-second-time, literary]"
47,محمود حسني,[]
48,R.L.,[]
49,Rado Baťo,"[classics, favorites]"
50,Clara,"[own, school]"
51,Saryn,[]
52,Irmaolucia,[]
53,Maryam_M,[]
54,stephanie,"[classics, would-rec, good-more-than-once, high-school-reading]"
55,Seth,[2013]
56,Robert,"[fiction, didnt-finish]"
57,Velvetink,"[fiction, shelved-indefinately, read-2009]"
58,Nick,[]
59,Tom,[nobel-prize-winner]
60,Kelly Kittel,[]
61,Jen,[]
62,Judy Vasseur,[]
63,Ida Jackson,[]
64,Ron Sitton,[southern-literature]
65,K.D. Absolutely,[1001-core]
66,Clif Hostetler,[novel]
67,Eman Alshareef,"[borrowed, more-than-five-stars, fiction]"
68,Kevin Kerbleski,[]
69,Isaac Cooper,[abandoned]
70,Charity,[awesomest-books-ever]
71,Ben,[]
72,Erick,[]
73,Mike Frost,[]
74,Ami Nicholson,[]
75,Peeyush Kumar,[classics]
76,M.L. Rio,"[classics, literary, southern-gothic]"
77,Zachary,"[favorites, read-in-2015, philosophy, psychology, religious-studies, suspense, poetry, awesome-2015-mix-tape, sociology, art, books-i-love-to-death, the-absurd, my-favorite-books]"
78,Phoebes,[]
79,Lani,[]
80,Brad,"[faves, classic, lost-reviews]"
81,Bram,"[2009, favorites]"
82,Kevin Ansbro,"[family-dynamics, human-emotions, literature-for-grown-ups, gritty-realism]"
83,Chad,[]
84,Laurie McKickass,[]
85,Tiffany,[read-and-reviewed]
86,Terence Carlisle,[]
87,Adrian Ma,[favourites]
88,Meg,[]
89,Blake Sheaffer,[]
90,Ginny_1807,"[favorites, romanzi, riletti]"
91,Brittain (Tara Belle Talking),"[classics, favorites, southern-literature, something-beautiful, strong-leading-lady]"
92,Heather,[]
93,Madli,[]
94,Maria ,[]
95,Sara,"[classics, novels-and-shorts, book-group-reads]"
96,Wesley Jackson,[]
97,Lori,"[classics, all-time-favorites, thought-provoking, southern, 2012, booktopia-2012]"
98,Sheila ,"[book-club, classics, stream-of-consciousness]"
99,Liz,[book-club]
100,Dubravka,[give-another-chance]
101,Jason Pettus,[]
102,Charlotte J.,[]
103,Khaled Eider,[أدب-عالمي]
104,Alyse,[]
105,Janelle,[]
106,Joy Gerbode,[]
107,Jack,"[jackrecommends, reallygoodstuff]"
108,Жор,[favorites]
109,Gretchen,[]
110,Behzad,[]
111,Duffy Pratt,[classic]
112,Barrett,"[fiction-american, classics]"
113,Xfi,[]
114,Ihsan Alattar,[]
115,Nathan,"[favorites, 5-stars, fiction, time-100-list]"
116,Ryan,[]
117,Jackie,[]
118,Dagwood,[]
119,Nick Jirsa,"[favorites, 2014-reading, structure, prose-game, craft, always-on-my-mind]"
120,Lisa,[fiction-classic]
121,Ali,[]
122,Saleh Alasfour,[]
123,Yazeed Bader,[]
124,Matthew Vacca,[]
125,Jenny (adultishbooks),[rereads]
126,Aj Sterkel,[classic]
127,Jeans77,[]
128,Deea,[nobel]
129,Faye,[]
130,Ana Dajić,[]
131,Gabriele,"[favorites, letteratura-americana, nobel-prize, owned]"
132,Nikki,[american-20th]
133,Eligah Boykin jr.,[]
134,Mitra,[]
135,Dina Goluza,"[nobelovci, 1001-read, 2013]"
136,Cecilia,"[kindle, read-2014, southern-gothic]"
137,Stefan,[]
138,Drew,"[modern-library-top-100, time-magazine-top-100, nobelles-lettres]"
139,Darwin8u,"[2011, aere-perennius, 100-mccaffery, 100-modern-library]"
140,Jesse Field,[]
141,Carmo,"[norte-americanos, nobel]"
142,Whitney,"[classic, fiction, gothic, southern]"
143,Sini,[]
144,John Baek,"[modern-classics, historical-fiction, for-school, owned, finished-in-2016]"
145,Octavio Villalpando,[]
146,Ashley,"[award-winners, classics, modernism, masters-exams, 1900-1950]"
147,Hossein,[رمان-خارجی]
148,Fatima Alammar,"[novels, classics]"
149,J.M. Hushour,[]
150,Michael,[]
151,TheGirlBytheSeaofCortez,"[classics, american-classics, books-to-read-more-than-once, stream-of-consciousness, nobel-winning-authors, southern-authors, literary-fiction, favorites, family-dramas, american-authors]"
152,Adam,"[1900-1969, prose]"
153,Sam,"[reviews, challenge-1001-books, read-in-english]"
154,Beverly Bentley,"[thatiswhyitisaclassic, done]"
155,Merve Eflatun,[]
156,Reckoner,[Μυθιστόρημα]
157,Markus Molina,[]
158,Cliff,[indecipherable-nonsense]
159,Kate,"[1993-to-1997, classics, oprah]"
160,Zeph,[]
161,محمد الحمراوي,[]
162,James Seawel,[]
163,Miranda,[]
164,Loreta,[favorites]
165,Vladan Krečković,[]
166,Craig Amason,[]
167,két con,"[nobel-laureates, american-dream, márquez-readings]"
168,Bruna Oliveira,"[clássicos, lidos-no-kindle, 2016]"
169,Joseph,[]
170,Caroline,"[amer-fiction, philip-ward-500-books]"
171,Mitchel Broussard,[for-college]
172,Carolina,"[favorites, family, historical-fiction, who-is-chopping-onions-in-here, school-reading, memorable-main-characters, 1920s, southern-american-lit]"
173,Ken,[]
174,matt,"[fictions-of-the-big-it, modern-library-100]"
175,Elizabeth,[]
176,Aubrey,"[5-star, reviewed, nobel-prize-people, heartbreak, prose-prose-prose, cross-my-heart-and-hope-to-die, 1-read-on-hand, r-2013, r-goodreads]"
177,mai ahmd,[روايات]
178,Gina,"[didn-t-finish, book-club]"
179,Andrés,[]
180,Joe,[]
181,Maureen,[book-club]
182,Jocelyn,[]
183,Josie,[100-must-read-books]
184,Mike Puma,"[classic-lit, nobelist]"
185,Corryn W,[]
186,tom bomp,"[american, fiction]"
187,Shaunt,[fiction]
188, Danielle The Book Huntress (Self-Proclaimed Book Ninja),"[classic, coming-of-age, literary-fiction, required-reading, southern-gothic]"
189,Mariel,[]
190,Omid Majidy Pour,[]
191,Miguel,[favorites]
192,Melody,"[book-club, 2015]"
193,Nicholas Karpuk,[]
194,vineeth,[]
195,David Alexandre Silva,[]
196,Tifnie,[classics]
197,Dylan ,[]
198,د. حمدان,[novels]
199,Cherchirish,[]
200,Linda Burr,[]
201,Madisson,[2015-read]
202,Lusine Sarkissian,[]
203,Kelly,[]
204,Writer's Relief,[five-star-reviews]
205,Justin Griffiths-Bell,[]
206,Amal 88,[]
207,Ulrich Krieghund,[]
208,Andre Odysseus,"[favorite-books-of-all-time, modern-classics, 20th-century, american-literature]"
209,Ryan Sweeney,[]
210,Fran,"[biblioteca-mlol, alpha2016]"
211,Sandown Public,[]
212,Cosimo,[]
213,Lola Wallace,"[americana, read-in-2010, the-south]"
214,Tony Whitaker,[]
215,Yasser Ghabbour,[]
216,Rena Sherwood,[the-crap-shelf]
217,Saeed,[]
218,Meredith,[]
219,Patrick,[banned-books]
220,Mohammed Hussam,[]
221,Jim Peterson,"[english, classics, historic-fiction, favorites, nobel-prize-winners]"
222,Maram Alawad,[]
223,Jovanna Venegas,[]
224,WangPenny,[]
225,Jason (RawBlurb),"[reviewed, rated-5-five-star]"
226,Aleyna,[]
227,مصعب الرويشد,[]
228,Teresa,"[favorites, n-usa, 5-estrelas, l-1001bymrbyd]"
229,Rowena,[classics]
230,Momina Masood,"[favorites, classics, american-literature, 500-must-reads]"
231,Brian S,[]
232,Rhonda,[]
233,Rendi Hahn,"[classic, south]"
234,Richard,[]
235,Tyler Harris,[]
236,Nate D,"[read-in-2010, favorites]"
237,Chiara Pagliochini,[letteratura-angloamericana]
238,Giuseppe Sirugo,[gsesro]
239,Joana Neto,[]
240,Kasper,"[favorites, top-50-critically-acclaimed-novels, masterpieces, audiobooks, my-collection, modernism]"
241,Luís Miguel,[]
242,Andrea Ika,[]
243,Oziel Bispo,[]
244,Patrick De lange,[]
245,Nikos Tsentemeidis,[american-literature]
246,Cheryl,[story-sorority]
247,Farshad Firuzi,[]
248,Sadie,"[classics, 3-star-books, historical-fiction, assigned-reading]"
249,Hannah,[]
250,Caterina,[favorites]
251,Duane,"[rated-books, reviewed-books, american-classics, guardian-1000]"
252,Devon,[]
253,Kim,"[all-time-favourites, audiobook]"
254,Szplug,[]
255,Juushika,"[status-owned, genre-classic, subgenre-southern-gothic]"
256,Shoshana,"[realistic, adult, classics, lit-fic, literary, totally-weird, historical-fiction]"
257,Maja Šoštarić,[]
258,Isa,[]
259,Tredyffrin Township Libraries,[staff-picks]
260,ehnonymus,[]
261,mrv,[]
262,Letitia,[]
263,Zöe Yu,[american]
264,Emilian Kasemi,"[favorites, heavyweights, read-and-reread, ne-plus-ultra]"
265,carl  theaker,[modern-library-100]
266,Ryan Lawson,[]
267,Jason Koivu,"[favorites, fiction]"
268,Matt,[]
269,Robert Davis,[]
270,Ellioth Mess,[biblioteca-fisica]
271,Ksenia Anske,[favorites]
272,Nazbanou Nozari,[]
273,Stephen,[]
274,Daryl,[]
275,Aprile,[]
276,Ebrahim Refaghat,[]
277,Mahdie Bjr,[]
278,Book Club Mom,[]
279,Jacob,[]
280,بثينة العيسى,[]
281,SurferRosa,[americana]
282,Peter Bridgford,[]
283,Laura,[books-from-class]
284,Crystal,[could-not-finish-put-in-trash]
285,Bogdan Rat,[]
286,"Jeanette  ""Astute Crabbist""",[started-it-hated-it]
287,Alan   Mauldin,[]
288,Rui Alves de Sousa,[favorites]
289,h,"[1001-or-death, fiction, reread, 2015]"
290,Denise,[]
291,Graham Wilhauk,[read-in-july-2016]
292,Michelle Cheney,[]
293,Terri Jacobson,"[classics, literary-fiction, 5-star-only, 2016-bingo-challenge]"
294,Algernon,[2015]
295,Vit Babenco,[]
296,Pa,[]
297,David Earl,[]
298,John,[2009]
299,Petra,"[favorites, effort-required-but-so-worth-it]"
300,Paula,[fantasticallywierd]
301,PR,[]
302,Rye Carroll,[]
303,Megan Hamilton,[]
304,J.M.,"[classic, southern, fiction]"
305,Zeek,"[classics, fiction, banned-challenged]"
306,Gail,[]
307,Alberto Jacobo Baruqui,"[premiados, obligados]"
308,Lindsey,[]
309,Williwaw,[]
310,Göknur Karaduman,"[favorites, kitap-faresi]"
311,Jason,[]
312,Victoria Walton,[]
313,A.H.  Salem,[]
314,Steve,"[fiction, 2d-readings-the-good-stuff]"
315,Camille Stein,[]
316,Karen,"[second-reading, favorite-books]"
317,Sabra Embury,[]
318,Aman Mittal,[]
319,David Lentz,[]
320,Tyler Jones,"[books-that-changed-my-life, southern-fried-fiction, to-be-or-not-to-be]"
321,Dead John Williams,"[my-favs, reviewed]"
322,SarahC,[early-20th-century]
323,Malitia,[]
324,Līga Vītola,[]
325,Keleigh,[schooldaze]
326,Niklas Pivic,"[life, usa, racism, fiction, stream-of-consciousness, 1920s]"
327,Lou,"[best-reads, classics, re-read-list]"
328,Huda Yahya,[novels_novellas]
329,Todd Price,[]
330,Sheyda Dehghan,[]
331,Carl,[]
332,Beth,"[1001-books, nobel, rainbow]"
333,Mel Bossa,"[0012-to-buy, 0008-fiction]"
334,Wreade1872,"[league-of-extraordinary-gentlemen, 1920s]"
335,John Valley,[]
336,Sarah David,[]
337,Barbara,[]
338,Carolyn,"[classics, favorites, owned-books]"
339,Ana,[]
340,Nandakishore Varma,"[classic, literature]"
341,Rachel,"[blows-my-puny-mind, well-i-swan]"
342,Robyn Blaber,[]
343,Vonaire,[]
344,Scharlotte,[books-i-will-never-read-again]
345,David Villar Cembellín,[]
346,Mauro Barea,[]
347,J. Yandell,[]
348,Tim,[fiction]
349,Leka,"[america, lettere-l]"
350,Lisbeth Solberg,"[twice-read-and-more, college-class, movie-too]"
351,Jeffrey,[favorites]
352,Becky,[]
353,میلاد کامیابیان,[]
354,CandyStripedBlue,[]
355,Mary Ann,[]
356,Ken Moten,"[favorites, 20th-century-modernist-stuff]"
357,Pam,[]
358,JSA Lowe,[]
359,Sean Leas,[classics]
360,Brittany Krueger,[]
361,Dane Haiken,[]
362,Carol,"[owned-books, 2015-challenge]"
363,Luke Evans,[]
364,David Lafferty,[]
365,Andrea (Catsos Person) is a Compulsive eBook Hoarder ,[]
366,Marcus,"[classics, american]"
367,Baz,[]
368,Reid,"[literature-classics, 5-stars, review, will-read-again, 2014-reads, favorites]"
369,FeReSHte,[america]
370,Fabian,[]
371,Marco Tamborrino,[]
372,justme,[favorites]
373,ربى علقم,[]
374,Julie,"[audiobooks, 1001-books-to-read-before-you-die, 5-star-reads]"
375,Max! Dionne,[]
376,Pooyan,[]
377,kyle,[]
378,Kristopher Jansma,[]
379,Manny,[]
380,Alireza,"[literature, novel]"
381,Stephanie Sun,"[dead-tree, yummy-broccoli, desert-island, friendcommendations, reread-in-2014, jung-at-heart]"
382,Rob Walter,[]
383,Sarah,[]
384,Martin Hernandez,"[american-authors, historia_literatura, nobel-winners]"
385,Satu,"[books-i-own, read-for-university, reread]"
386,Mark McKenny,[]
387,Samantha,[]
388,John Molina,[]
389,Victoria,[favorites]
390,Margaret,[historical-fiction]
391,Curtainthief,[2016-tome-tower]
392,Konstantin,"[serious, j-adore, favorites]"
393,Bethan,[regular-fiction]
394,Sarah Anne,"[classics-2015-challenges, classics, author-male, nobel-laureate]"
395,Arash,[favorites]
396,Jamey,[]
397,James,[]
398,Samantha Avilez,[]
399,Linda Hart,[]
400,پرگار,[]
401,Mike Ceballos,[]
402,Kiessa,[classics]
403,Yulia,[repelled-by]
404,Brenda,"[novels, love-these-books, read-in-2013]"
405,Pio,"[re-read, nobel]"
406,Dan-Constantin Gitman,[]
407,Sentimental Surrealist,"[college, historical-fiction, favorites, stream-of-consciousness, literature, classics, southern-gothic, time-top-hundred, william-faulkner, top-twenty-five, quite-some-misanthropy-there, everything-i-wanted, 1929, 1920s, novels, collection, best-ever-ever]"
408,Վոլտ,"[stopped-reading, i-am-sure-will-never-read, boring-ones, translated, to-read-one-more-time, southern-gothic, summer-2016]"
409,Perrin Pring,"[classics, the-south]"
410,Powells.com,[]
411,Sue,"[favorites, favorite-authors, american-southern, faulkner, read-2014, re-reading-2014]"
412,Perry,"[gothique-ou-du-sud, amados-libros, mississippi-autoři]"
413,snackywombat (v.m.),[]
414,Marc,[american-literature]
415,Tadiana ✩Night Owl☽,"[literary-stuff, made-me-think, need-to-reread]"
416,Hannah Christmas,[books-i-own]
417,"S,",[classics]
418,Isidora,[]
419,Mark,[]
420,Μαρία Γεωργιάδου,[my-bookshelf]
421,Stela,"[reviews, lost-generation, nobel-authors]"
422,Mary,"[classics, cjla-book-club, african-american]"
423,Frédéric,"[fiction, book-2015]"
424,Mel,"[want-to-read-again, from-the-library, the-south]"
425,زينب مرهون,[]
426,Elvendork,[20th-century-american-novel]
427,Chris,[]
428,Daniel Kukwa,[general-lit]
429,Sheri,"[poverty-class-issues, race, male-female-power-sex-attractivenes]"
430,Maria João Fernandes,"[do-not-own, favorites, leituras-2016, biblioteca-marinha]"
431,Chris Gager,[]
432,David,[]
433,Geoffrey Fox,[]
434,Matthew Silverman,[]
435,Ron,"[general-fiction, maps]"
436,Rob,"[abandoned, time-all-time-100]"
437,Heather Crabbe,[]
438,Fiya,[]
439,Mostafa,[امریکا]
440,Best,"[favorites, classics, borrowed, 3point5-stars, literary-fiction, 2013-reads, american-lit-20c, modern-classics]"
441,Katie,"[2010, fiction]"
442,Basma Ismael,[]
443,SusanwithaGoodBook,[]
444,Greg Brown,[]
445,Krista,"[classics, 2016]"
446,Aaron,"[classics, fiction, western-canon]"
447,Pavel,[]
448,Courtney Umlauf,"[owned-books, 20th-century, classics-bingo-challenge-2016, read-in-2016]"
449,[P],[]
450,Cheryl S.,"[classic, yuk]"
451,Victoria Benstead-Hume,[top-100]
452,Justin Haynes,"[favorites, books-for-the-rest-of-my-life, grit-lit, general-bad-assery, biblical, top-10]"
453,Megan,[]
454,Andrew Cripe,[classics]
455,Amy,[]
456,Christian A.,[]
457,Ali Heidari,"[favorites, my-bookshelf]"
458,Mohamad Yoosofi,[داستان]
459,Fahima Jaffar,[]
460,Damián,"[favorites, literatura-norteamericana, canonicos-occidentales]"
461,Diane Barnes,[]
462,Guido,"[favorites, stati-uniti]"
463,Paul Pawlik,[]
464,Celeste Ng,[]
465,Jo Ria,[]
466,Jenny,[book-club]
467,Jeff,[]
468,Maricarmen Estrada M,[]
469,Ted,"[lit-american, read-in-20s, historical-fiction, classics, beach-mixed, reviews-liked]"
470,Thành Trung,"[favorites, historical-fiction, classics, masterpiece, realistic-fiction]"
471,Kristina,[audiobooks]
472,Andy,"[fiction, unusual-narration, family-epics]"
473,Nicholas Sangiacomo,[]
474,Thomas Stama,[]
475,Alison,[]
476,علی,"[great-ones, novels]"
477,Margit Sage,"[historical-fiction, depressing, classics, didn-t-finish, unreliable-narrator]"
478,Leahxx,[books-with-reviews]
479,Linds,"[south, 1930s, classic, downers, dysfunctional-family, cognitive-disabilities, this-book-sucks, read-in-2010]"
480,Josh,[group-reads-on-the-southern-litera]
481,Sean Keogh,[]
482,Tiji,[]
483,Edward,"[own, north-america, fiction, 5-star]"
484,Parthiban Sekar,"[favorites, must-read, read-again, american-lit]"
485,Scott Claus,[]
486,Larry Bassett,"[fiction, southern-writers]"
487,Nate,"[classics, own, taught]"
488,Christine,[southernfic]
489,Lexie,[]
490,Núria,"[mios, literatura-en-ingles, siglo-xx, 4-muy-buenos]"
491,Jorge,[]
492,Andrés Cabrera,[favorites]
493,Stephen M,[]
494,Elalma,[]
495,antónio alves,[]
496,Andrea,[]
497,Cristina Chaparro,[]
498,AC,[novels-english-written-in]
499,Alex,[]
500,Mike,"[favorites, classics, southern, permanently-in-my-brain, the-handful, 1001-because-why-not]"
501,Bernardo Kaiser,[]
502,Matt Bradley,[]
503,Morgan,[]
504,Jonfaith,[]
505,Elizabeth (Alaska),"[5-star-reads, author-faulkner, classics]"
506,Sebastian Montero,[]
507,Emily,[]
