,user,tags
0,Jojo,[]
1,Van,[]
2,mis fit,"[race-class-gender, sexuality, africa, mothering, fiction, friendship, love, feminism, writing, mental-health, creativity]"
3,Andrew Sydlik,[literary-novels]
4,Jim,[]
5,Mbarkle,[]
6,Heather Moore,[booksforchicks]
7,Elise Ashby,[]
8,Sherry,[classicscorner]
9,Gil,[]
10,Jacob Appel,[]
11,Poppy Arias,[]
12,Tommy Wallach,[]
13,Sombryn Williams,[]
14,Zdenka,[]
15,Jofelyn Khapra,[]
16,Dan,[2009]
17,Hh,[never-finishing-this-but-i-made-a]
18,Sj Smalley,[]
19,Annalisa,[]
20,Manuel Sanz,[]
21,Lauren Cartwright,[]
22,Madhubrata Bhattacharya,"[modern-classics-30s-60s, favorites, nobel-laureates]"
23,Meghan Fidler,[epicurean]
24,Liz Garrison,[]
25,David Burk,[]
26,Rift Vegan,[2014]
27,Huiying,[]
28,Kevin Krein,[]
29,Joshua,"[europe, fiction, communism, africa]"
30,Thomas,[]
31,Ban Ziyad,[]
32,Carly,[]
33,Bonnie,[]
34,Carolyn Fitzpatrick,[feminism]
35,Ann,"[novel, bookclub]"
36,Dolors,"[read-in-2013, best-ever]"
37,Ariella,[]
38,Claude,[boring-and-unfinished]
39,ulli_z,[]
40,Ahmad Sharabiani,"[classic, literature, feminism, british, european, 20th-century]"
41,Carol Miller,[]
42,Lisa Anne,"[read-1001, 2009-bookshelf, english-lit, fiction, literary-fiction]"
43,Jane,[]
44,Dr. M,[]
45,Bizz,[]
46,Jessica,"[jezebel-seventy-five, i-own-these-books, guardian-one-thousand, 2012]"
47,Stevie O'Connor,[]
48,Kristin,[]
49,Olivia,[]
50,Anna,[]
51,Linda Howe Steiger,[]
52,Derek Baldwin,[]
53,Czarny Pies,[english-lit]
54,Needhi,[]
55,Sally,[]
56,Sujan,[fiction-english]
57,Susan,[]
58,Charlie,[]
59,Walter Logeman,[]
60,June Seghni,[]
61,Marti,[]
62,Lizzy Stewart,[]
63,nogaboga,[]
64,Elissa,[]
65,Stephanie,[]
66,Karen Einstein,[]
67,Madeline Dickerson,[100-best-books-guardian-list]
68,Lane Willson,"[fiction, nobel-laureate]"
69,Nancy Long,[fiction]
70,Jewels,[]
71,Jennifer,[]
72,B A,[]
73,Readerbug,[]
74,Andrea Homier,[best-books]
75,Victor,[]
76,Blake,[modern-classics]
77,Dani Schechtel,[]
78,Edwin Lang,[]
79,Scott Lichtor,[]
80,S.,[]
81,Natasha (Diarist) Holme,"[diary, fiction, anti-capitalism, feminist]"
82,Rita,[]
83,June,[]
84,K.D. Absolutely,"[1001-core, nobel]"
85,Raphaël,[]
86,Wally,[literary-fiction]
87,Rachel,[twentieth-century]
88,Petar X,[reviewed]
89,Carolyn Francis,[favourite-novels]
90,Iris,[]
91,Christine,[fiction]
92,Eva,"[unfinished, fiction, feminist-literature, bookclub, english-literature]"
93,Catherine Lejtenyi,[]
94,Glenn Sumi,"[nobel-winners, contemp-classics, guardian-1000]"
95,Bookaholic,[]
96,Raji,[]
97,David Jay,[didn-t-finish]
98,Laurel Boshoff,[]
99,Fern,[]
100,Alejandra,[]
101,Taylor P,[]
102,Nicole,[]
103,Sharon,"[paper-copy, huh, 2014]"
104,Heather,[]
105,hallie,[recentlyread]
106,Kathleen,[fiction]
107,Jc Roushar,[]
108,Sara,[]
109,Amin Delshad,[literary]
110,Nora,[]
111,Jo Jenner,[]
112,George Deoso,"[literary, bestseller, favorites, 1001-books, 501-must-read, british-lit, nobel-prize]"
113,رغد قاسم,"[روايات-عالمية, نثر, روايات, pdf, سرد, أدب-غير-العرب]"
114,Martha Miller,[]
115,Liz,[]
116,Mariano Hortal,"[british-literature, genre-contemporary, my-literary-project-13-to-17]"
117,Stacy,"[classics, british-lit, feminist]"
118,Beth Stratton,"[1-owned, novelists-iranian]"
119,Gail,"[straight-up-fiction, read-to-me]"
120,A,[2012]
121,Natalie,[]
122,Nathan,"[nobel-laureates, time-100, feminist-themes, challenging-reads, deserves-a-re-read, 500-pages-plus, ugly-covers, favorites]"
123,Esmeralda Plangesis,[]
124,Faez,[]
125,Jeffrey,[]
126,Will,"[anthony-burgess-99-novels-list, my-library-has, nearby-library-has, read-in-2014]"
127,Kelly,[]
128,Lisa,"[501-book-list, 1001-books-to-read-before-you-die, time-top-100, novel-100, indigo-all-time-greats]"
129,Signe,[]
130,Glorialaihuang,[]
131,Ali,[book-club]
132,Fenixbird SandS,"[controversial-innovative, cultural-awareness, nobel-prize-winners, rights-of-passage, disabilities-fiction, womens-issues]"
133,Leslie,"[social-commentary, guardian-1000]"
134,astried,[2013]
135,Elaine,"[2014, audio]"
136,Katie,[]
137,Irene,[feminist]
138,Matti,[]
139,Ursula,"[fiction, 1001-books, england]"
140,Gabriela,[to-read-2014]
141,Michael Alarid,[]
142,Snigdha,[]
143,Jan,"[philosophy, women, fiction]"
144,Artnoose Noose,[]
145,Jac,[]
146,Judy!,[couldn-t-finish-it]
147,Lizzie,"[used-book, heard-of-it, 1001-books, own]"
148,Sophie Cayeux,[audiobooks]
149,Drew,"[time-magazine-top-100, british-lit, nobelles-lettres, anthony-burgess-top-99]"
150,Kimi,[]
151,Whitney,[]
152,Brooke,[started-but-didn-t-finish]
153,Suzie Hunt,[]
154,Ashley,"[award-winners, classics, books-about-writers, post-modern, class-gender-race, lit-fic]"
155,Bobby,[]
156,ميرام ,[]
157,Jenny R,[]
158,tish,[]
159,Errin Stevens,[]
160,Carol Wakefield,[]
161,E. Journey,[]
162,Georgia Smith,[]
163,Gayle,[]
164,Kata,[]
165,Kate,[]
166,J.L.,[]
167,Helene Slowik,[oprf-book-club]
168,Jim Krotzman,[]
169,Penny,[]
170,Rose,[]
171,Cédric Suttels,[]
172,Thành Trung,"[favorites, historical-fiction, history, classics, best-characters-ever, masterpiece, philosophy]"
173,Rosy,"[20th-century, british, creativity, criticism, feminism, library-book, nobel-prize, politics, postmodern, psychology, shelfari-plan-to-read-list, writing, the-fifties]"
174,Caroline,[nobel-laureates]
175,Deborah,[abandoned]
176,Elizabeth,[]
177,Aubrey,"[5-star, reviewed, nobel-prize-people, books-are-the-best-invention, reality-check, cross-my-heart-and-hope-to-die, prince-asturias, 1-read-on-hand, feminista, r-2013, 500-wm-added, r-goodreads, antidote-think-twice-read, antidote-think-twice-all]"
178,Andrea Engle,[books-read-2015]
179,Shanmugam,[]
180,Gina,[]
181,Shermin,[]
182,T4ncr3d1,"[inglesi, sperimentale, sfida-mattonazzi, sfida-nobel, sfida-100wl, sfida-1001]"
183,Valini,[]
184,Jon,"[2-by-women, 3-by-western-whites]"
185,Stone,[]
186,Carolann,[fiction]
187,Eric Muhr,[]
188,Nina,[gender]
189,Corinne,[]
190,Judy,"[20th-century-fiction, books-from-1962, nobel-prize-author]"
191,Paul Fulcher,[2015]
192,Ariadna73,[literature]
193,Anita,[]
194,Rebekah,[]
195,Desirae_nicole,"[dropped, oyster]"
196,Erin,[20th-century]
197,Erik,[]
198,Margaret Small,[fiction]
199,Josh Friedlander,[experimental]
200,Georgy Hadwen,[so-so]
201,Adelaide,[2011-summer]
202,Nicolas,[]
203,Julie Kofoed,[nobel-laureate]
204,La Stamberga dei Lettori,[sakura87]
205,Ruthiella,[2015]
206,Kevin Brown,[]
207,Lucian McMahon,[summerreading2014]
208,Shane,[]
209,MissNYix,[]
210,Husna,[]
211,Rebecca,[]
212,Ahmed,[]
213,Barbara VA,"[horrid, recommended, 2006-read]"
214,Suzi,[]
215,Shelly Arsenault,[]
216,Adonna,[]
217,Patricia,[newsweek-s-top-100]
218,Humphrey,[]
219,*heartrl*,[]
220,Julie Andrews,[]
221,Jozef Ibarr,[]
222,Siri,[]
223,Caleb,[]
224,Lester,[]
225,Rowena,[feminism]
226,Colin,[]
227,Schnattle,[]
228,Abeer Hoque,[i-recommend]
229,Peter,"[uk-ireland, female-author-count]"
230,Peter Johns,[]
231,Pat,[]
232,Matthew Jones,[reading-group-books]
233,LOL_BOOKS,"[fiction, literature, classic, feminism]"
234,Dottie ,"[classics-corner, 1001-read, ocitylibrary, 2008]"
235,Dara Salley,[]
236,Kim Fay,[]
237,Roberto Ramírez,[]
238,Maia,[]
239,Amerynth,"[read-2012, 1001-books, fiction, depression]"
240,Holly,[]
241,Daniel Donatelli,[]
242,Allyson,"[classics, difficult-main-character, women, social-issues, africa, uk, could-have-done-without, whispersync, 1001-novels-everyone-must-read, philosophy]"
243,Miloš Petrik,[]
244,Karlo Mikhail,[bibliophilia]
245,Asa,"[1001-books, female_author]"
246,Carol Vuillemenot,[]
247,Dorina,[books-i-really-didn-t-like]
248,Kim,[]
249,Alexander Leeds,[]
250,Christian Kiefer,[]
251,Sherrie Pilkington,[owned-books]
252,Lynn,"[classic-literature, nobel-prize-winning-author, own-it]"
253,Lucy,[]
254,Vicente M.,[nobel-lit-winner]
255,Jonathan Ford,[]
256,Judith Johnson,[]
257,Janet,[read-years-ago]
258,Tom Hanrahan,[]
259,Isla McKetta,[]
260,Praveen Mathew,[]
261,Tara,[yikes]
262,Nellie Airoldi,[]
263,Valentin Udaltsov,[]
264,Ezzy,"[audiobooks, library-books, 2014]"
265,JJ,[]
266,Stephen,[]
267,Anne,[fiction]
268,Nancy Kho,[the-10-books-that-stayed-with-me]
269,Vlad,[]
270,Gemma,[]
271,Jill,[brit-lit]
272,Mimi,[]
273,Carla Patterson,[2016-challenge]
274,Michelle,[i-just-couldn-t-finish]
275,Brittany,[]
276,Vj Krishnan,[]
277,Amélie,"[2011, grande-bretagne]"
278,Brittanie,[]
279,Mark Owens,[]
280,Lori (Lara Britt) Sailiata,[recommended-memoir]
281,Jeffrey Keeten,[]
282,Kony,[]
283,Marion,[]
284,Nose in a book (Kate),[book-club]
285,Amber Khan,[]
286,Disney Princess Recovery,[]
287,Tempest,[]
288,Hermione Laake,[]
289,Chicokc,[]
290,Madeline,[the-list]
291,Lara Messersmith-Glavin,[women-gender]
292,Laura J. W.,[i-ll-read-it-again]
293,Larissa Albantakis,[madison-before-2016]
294,Billy Sheppard,[]
295,Tim Smith,[]
296,Aurora,[]
297,Flynn,[]
298,Alison Dellit,"[gender, fiction]"
299,M. Sarki,[abandoned]
300,Kakkyl,[]
301,Zari,"[novel, women, sociology]"
302,Lindsey,[]
303,Maggie,[]
304,Calzean,"[woman-author, author-english, dysfunctional-family-life, culture-english, culture-southafrica, nobel-prize-winner]"
305,Camie,[]
306,CinnamonHopes,[]
307,Jason,[]
308,Steve,[]
309,Karen,[]
310,Eric Peterson,[]
311,Dawn,[]
312,Jim V,[]
313,Yasmine M.,[]
314,Manish,[own]
315,Jeremy,[couldn-t-finish]
316,Sophie Day,[]
317,Angela Young,[]
318,Özge Yılmaz,[]
319,Milica,[2016]
320,Garry,[]
321,Luc Séguin,[]
322,C.,"[fiction, award-winner-author]"
323,Matt Root,[]
324,Kiran Watwani,[]
325,Sandra,[read-2016]
326,Beth,"[1001-books, 6-books-6-countries-6-continents, around-the-world-group, nobel, audiobooks]"
327,Carmen Daza Márquez,[]
328,Beka Sukhitashvili,[british]
329,Dorotea,[]
330,Shaktima Brien,[]
331,Vicki,"[novels, classics, stopped-in-the-middle, bookclub, feministy-goodness]"
332,Angela,[]
333,andrea,"[feminism, fiction, classics, buy-it, read-in-2010]"
334,Elie,"[fiction, writing-about-writing]"
335,Robert Trawick,[]
336,Shiyihao,[]
337,Jessh093,[]
338,Valerie Albemarle,[]
339,John Wood,[]
340,Neville Tirimba Ogoti,[]
341,Abdul Hannan,[]
342,Lauren,[]
343,Marnie,[]
344,Shannon,[london-book-club]
345,Karlan,[]
346,robert,[]
347,Kecia,"[times_100_best, nobel_laureates, 1001-books, england]"
348,Evelyn Gracias,[]
349,Joe,[]
350,Ellie,"[favorites, socio-political, fiction, women, british, interesting]"
351,Linda,"[literary-ladies-liaison, 2016]"
352,Mckinley,"[book-group, feminism, abandoned, novel]"
353,Laura,[]
354,Kimberly Willson - St. Clair,[]
355,Becky,[]
356,Maria Defreitas,[]
357,Mary Ellen,[]
358,Writerful Books,[unfinished]
359,Graeme Hinde,[]
360,Becki,[2013]
361,Carol,[]
362,Adam Dalva,[]
363,Andrea Irvin,[]
364,Mairena Romero sanchez,[]
365,Rick K. ,"[contemporary, 2013]"
366,Wonderlalia,[]
367,Lis,[]
368,Cheryl,"[mesmerizing, on-women, fiction, the-psyche, nobels]"
369,Edan,[]
370,Bucket,"[reviewed, 1001-read-all-editions, literary, classic, love, sex, parents-affecting-children, unreliable-narrator, friendship, experimental, women, identity, philosophy, nobel]"
371,Bookguide,[1001-book-list]
372,Carrie La Seur,[literary-fiction]
373,Arianna,"[university, english-literature]"
374,Nancy,[]
375,Dominique Jacques,[]
376,Jennifer Hughes,[unfinished]
377,Kristen,"[contemporary-fiction, 1001-books-to-read-before-you-die, woman-protagonist]"
378,Levinoesjka,[woman-authors]
379,Jennifer (aka EM),[2013-gr-challenge]
380,Miguel Ángel Martínez,[]
381,Julie,[bookgroup]
382,Gail Nyoka,[]
383,Manny,"[too-sexy-for-maiden-aunts, not-the-whole-truth]"
384,Kara,[]
385,Jeff Scott,"[audiobooks, 1001books, fiction, classics, own, audible, feminism]"
386,Kaileigh,[]
387,Acacia,[]
388,arcobaleno,[]
389,Adam,[]
390,Sarah,[]
391,Κατερίνα Μαλακατέ,[]
392,Robert ,[]
393,Candelaria Silva,[]
394,Lesley,[love-sex-obsession]
395,Daniel,[]
396,Rosalia Gcantarell,[]
397,Hadrian,"[british, fiction]"
398,Laurie,[]
399,Nene La Beet,"[england, british, politics, 50ties, audiobook]"
400,Samantha,[bookclub]
401,Beth Dillon,[]
402,Margaret,[]
403,Jeff Bottrell,[]
404,Serife Karakose,[]
405,Sarah Anne,"[audio, classics, 2016-jul, author-female, nobel-laureate]"
406,Manu,[boredom-drinks]
407,Jenni Joru,[]
408,Steven Peterson,[]
409,Baylee,"[classics, 1001, nobel-prize-in-lit, feminism]"
410,Betty,[2014]
411,Lee Kofman,[]
412,Emilie,[classics]
413,Christian Schwoerke,[]
414,Brenda,[]
415,Roxana,[]
416,Sue,[]
417,Marc,[english-literature]
418,Gerald,[]
419,Mark,[time-100]
420,Andy,[]
421,Ellen,[]
422,Siv30,"[women, british, nobel-prize]"
423,Juwairia Sama,[روايات-أجنبية-مترجمة]
424,Stela,"[neo-modernism, reviews, metafiction, nobel-authors]"
425,Ingrid Kirkegaard,[]
426,Christine Rebbert,[]
427,Ms. Jared,[]
428,Dave,[]
429,Connie,"[classic, politics, africa, europe, book-club, feminism, 1001-books, fall-2012, england, nobel-prize-author]"
430,Chris,"[i-own, time-100, 99-novels]"
431,Catherine Theis,[]
432,Sakura87,"[autori-inglesi, novecento, introspettivo, 1001list, stamberga]"
433,Weinz,[]
434,Anuradha,[]
435,David,"[feminist-action, classique]"
436,Vonia,"[the-all-time-favorites, lgbt, psychology, grief-death, marriage, war, suicide, motherhood, loneliness, life-reflections, feminism, friendships, mind-fuck, dreams, sexuality, adultery, books-about-writers, nobel-prize, world-war-ii, divorce, abnormal-psychology]"
437,Y T,[read-more-by-this-author]
438,Leila,[]
439,Bob,[]
440,Leigh,[]
441,Rob,[]
442,Catherine,[]
443,Barb,[]
444,Stuart Jewkes,[]
445,Shelley,[]
446,unperspicacious,"[20th-century, fiction, gender, family, inner-worlds]"
447,Martha van Zyl,[]
448,Kevin McAllister,[]
449,Ayline,"[2015-challenge, authors-english]"
450,Andreea,"[1001-books, nobel, 2013]"
451,Krista,[]
452,Sonja Krumpet,[]
453,Graham Binner,[modern-classics]
454,Ruth,[]
455,Tortla,"[schooly, feministy]"
456,Selaine Henriksen,[]
457,Jamie,[]
458,Alan Scott,[]
459,Pixie,[2014]
460,Caitlin,[]
461,Ming,[]
462,Lindsay,[]
463,Bryan,[100-all-time-novels]
464,Courtney Stirrat,[on-hold-will-be-back]
465,Realini,[]
466,Icíar ,[]
467,Chelsea Schafer,[]
468,Deb,[literature]
469,Jemma,[]
470,Nathanial,[fiction]
471,Manuel Sanchez,[classics]
472,Huy,[nobel]
473,Raul Bimenyimana,"[nobel-prize-winners, women-writers-rock]"
474,Juan Flores Zuñiga,[]
475,Tricia Dower,[]
476,Joss Stirling,[]
477,Papillon,[favourite-fictions]
478,Monica Copeland,[punch-this-book-in-the-face]
479,Edward,[]
480,Melissa,[]
481,Marie desJardins,[couldn-t-finish]
482,Ally,"[favorites, literary-fiction]"
483,Jean Carlton,[i-quit]
484,Debbie,[book-club]
485,heather,[could-not-finish]
486,Griselda Heppel,[]
487,Andrew,[british-fiction]
488,Maddy,[on-my-bookshelf]
489,Yvonne,[]
490,Andrea,"[feminist-fiction, historical-fiction, literary-fiction]"
491,Shayda,[lit]
492,Eeva,[]
493,Alex,[]
494,Vibina Venugopal,[]
495,Cathy,[]
496,Ida,"[fiction, social-issues, africa, war, classics, feminism, strong-women, politics]"
497,Adrian Hertzberg,[]
498,Missy Maxwell,[]
499,The Brain in the Jar,[]
500,John Mchugh,[]
501,Liz Greer,[]
502,Scott,[]
503,Cherie,[]
504,Cristina,[]
505,Emily,[]
