,user,tags
0,Anushree Rastogi,[]
1,سارة الخضير,[]
2,Jim,"[all-time-greats, 20th-century-lit]"
3,Zianour,[]
4,Wes Blake,[]
5,Maha Saed,[]
6,Fil,[fiction]
7,Gylfi Þorsteinn,[]
8,Ian Herbert,[]
9,0,"[favorites, fiction, nihilism-pessimism, absurdism-surrealism]"
10,محمد صالح  خريـبـة,[favorite]
11,Kevin Tole,"[classics, biography, european, favourites, portugese]"
12,Doğan Kaytan,[]
13,Xavier,[literatura-portuguesa]
14,Ana,[]
15,michael,"[favorites, latin-american]"
16,Poet Gentleness,[classics]
17,Kathryn,[]
18,Rupert Owen,[]
19,Carla,"[biblioteca-digital, 2016]"
20,Kevin,[]
21,Kyle van Oosterum,[]
22,Dolors,"[read-in-2013, best-ever]"
23,M.,[]
24,Joana,[favorites]
25,Ahmad Sharabiani,"[poetry, classic, literature]"
26,Mahmoud Ali,[]
27,Rich,[]
28,Ben Winch,"[lost-modernists, cult-of-pessoa, portuguese, mainland-european, 5-stars]"
29,Marisa,[]
30,Abailart,[]
31,Thorlakur,[]
32,Bruce,[]
33,Alan,"[non-fiction, read-in-2008]"
34,Federico,[]
35,María Mercromina,[]
36,Ruze,"[favorites, books-i-own, personal-favourites]"
37,David Katzman,[]
38,meg,[]
39,K,[]
40,ديـــــنا العثامين,[كتب-مستعاره-من-الجامعه]
41,Federico Graziani,[]
42,Anthony Lam,[]
43,Eric Miller,[]
44,Ametista,[ebook]
45,k,[favorites]
46,Foroogh,[]
47,Kees-Jan van Engelenburg,[]
48,keatssycamore,"[translated-from-a-foreign-language, literary]"
49,Naomi,[]
50,Richard Stuart,[favorites]
51,James Smith,[half-read]
52,Salmà Ismâiel,[]
53,أحمد ناجي,[]
54,Robert,[]
55,Nick,[]
56,Picture Bandit,[]
57,Daniela,[my-library]
58,Vel,[]
59,Μαρία,[]
60,Antula,[]
61,Katsumi,[poetry]
62,Fatima Reian,[2011-summer-reads]
63,K.D. Absolutely,"[1001-core, challenging, philosophical, europe, modernist]"
64,Tomas Ramanauskas,[gold]
65,Rima,[specials]
66,Christina,[]
67,Lio,[]
68, Alexandru Crețu,"[owned, favorites, classics]"
69,Heather Isabella,[]
70,Rayroy,[]
71,Zachary,[]
72,Marisol Schulz,[]
73,Jacob,[]
74,Josue Salvador,[]
75,Brad,[]
76,David Walsh,[]
77,cliodhna,[]
78,Bachpach,[]
79,Sanabel Atya,[نصوص-مقالات]
80,Jared Colley,"[fiction, poetry]"
81,Anabela França Pais,[]
82,Sketchbook,[]
83,Maryam Hosseini,[]
84,Filippo Ulivieri,[letteratura-straniera]
85,Stian,"[2013, owned-books]"
86,Sara,"[classics, philosophy, 2016]"
87,Ann M,[fiction-literary-and-mainstream]
88,رغد قاسم,"[favorites, نثر, pdf, مقالات-و-خواطر, أدب-غير-العرب]"
89,Walter,[]
90,Jason Pettus,"[hipster, early-modernism, weird]"
91,Molly,[]
92,Frances,"[favorites, own]"
93,Tiresias,[]
94,L.,[]
95,Ryan,[favorites]
96,Cosimo,[]
97,R. Peligro,[]
98,Han Y.M ,[]
99,Sophie,[]
100,Pinar,[]
101,Kelly,[eclectic-shade-tree]
102,Víctor Galán,[]
103,Leslie,"[coup-de-coeur, favorites]"
104,Mimi,[]
105,Ursula,"[1001-books, portugal]"
106,M. Cornelis van der Weele IV,[]
107,James Chin,[]
108,Seham,[]
109,Bird,[]
110,Ezgi,"[favorites, yabancı, düşünce]"
111,Benjamin,[]
112,Menna,[]
113,Stefan,[]
114,stephen,[]
115,Murat Ocal,[]
116,Harish Muralidhar,[]
117,Kyle,[]
118,Adam,[]
119,wally,"[pessoa, the-mark-of-zero]"
120,Diego Morelos,[]
121,Isadora Timeless,"[journals-memoirs, poetry, favorites]"
122,Latanya Mcqueen,[read-when-depressed]
123,Wanessa,[]
124,Rana Mostafa,[]
125,V Mignon,"[favorites, read-in-2013, at-venco, existential]"
126,عبد الحميد بوحسين,[]
127,Rakhi Dalal,"[favorites, to-re-read, pessoa]"
128,Joseph,[]
129,Catarina Oak,"[favorites, classics, poetry, portuguese-classics, cultural, literary-fiction]"
130,Ken,"[classics-newly-read, finished-in-2016]"
131,Elizabeth,[]
132,Aubrey,"[5-star, reviewed, translated, books-are-the-best-invention, portuguese, 1-read-on-hand, small-press-biz, translated-dp, r-2012, r-goodreads]"
133,mai ahmd,[فلسفة]
134,Hannah ,[]
135,Aaron Gertler,[]
136,Candace Andrews,[classics]
137,knig,[2013]
138,Salvatore,[]
139,Cecilia Bastarrica,[spanish]
140,El,"[20th-centurylit-early, 1001-books-list, library-borrow, biddles]"
141,Ann Marie,[]
142,Sammi,[]
143,Greg,[philosophy-theory-and-other-their-i]
144,Eric,[]
145,bill greene,[]
146,Eric James-Olson,[]
147,Wided Nems,[existentialisme]
148,Miquixote,"[poetry, major-works-500-citations, portugal, portuguese-literature, top-100-world-lit, 440-480]"
149,Arielle,[half-readtoread]
150,Maria Paula Lorgia,[]
151,Sunny,[portuguese-spanish-literature]
152,Larry,[]
153,Dina Sarakinou,[]
154,Raul,[]
155,Micaela,[]
156,Paolo,[]
157,Deepthi,[]
158,Moureco,[autores-lusófonos]
159,Maica,"[classics, fiction, favorites, poetry]"
160,Sean A.,"[fiction, aphorisms, non-fiction-and-memoir]"
161,ياسر أحمد,[]
162,Teresa,"[n-portugal, g-poesia]"
163,Rowena,"[favorites, classics, favourite-authors, portugal]"
164,Katerina,"[gifts-from-friends, others, writers-europe]"
165,Will,[]
166,Aaron Arnold,"[fiction, favorites, read-in-2013]"
167,Ayushi,[listopia]
168,Richard,[all-time-toplist]
169,Sara Bôto,[favorites]
170,Junta,"[books-writing-reading, portuguese, 5-star, favourites, pessoa, alter-ego-reviews, fictional-reviews]"
171,Rania Chokor,[to-read-first]
172,Cheryl,"[international-intrigue, mesmerizing, discover-europe, fiction, the-psyche, solitude, favorite-authors]"
173,Hala,[]
174,Jeff Scott,"[1001books, fiction, surreal, reality, portuguese-fiction, classics]"
175,Szplug,[]
176,Phillip Ramm,[]
177,Kirstie,[]
178,Juan Jiménez García,[]
179,Tommy,[]
180,Eliana Alcala De Avila ,[]
181,Kirk Smith,[]
182,Tyler ,[superb]
183,David Hayes,[]
184,Audrey,[]
185,Emilian Kasemi,"[favorites, read-and-reread, ne-plus-ultra]"
186,Dina Nabil,[]
187,Florencia,"[favorites, pessoanism, brazilian-portuguese]"
188,Celeste Corrêa,"[owned-books, portugal, livros-lidos-2016]"
189,Denty One,[]
190,Xio,[booksfrommy30s]
191,Rui J Costa,[]
192,José Sendim,[]
193,Paulo Hora,[]
194,سماء سالم,[ملامح]
195,Irem,[]
196,Rami Jameel,[]
197,Vanni Santoni,[]
198,Dirk,[]
199,Erwin Maack,[]
200,Antonomasia,"[2006, 1001-books, 2015, iberia]"
201,Rosário Abegorim,[]
202,Tayyab,[]
203,Kristie,[]
204,Bill  Kerwin,[]
205,Jt,[]
206,Rodney,[poetry]
207,Samantha C,[]
208,emm,[favorites]
209,Newton Nitro,[]
210,Fahad Alqurain,[]
211,Patricio,[]
212,Tait,"[latin-american, literature]"
213,Vit Babenco,[]
214,Ahmed Nada,[]
215,Hellen,"[fiction, favorites, own, literary]"
216,Steve Freyne,[]
217,Kozmosevren,[]
218,أسامة غاوجي,[آداب-وثقافات]
219,M. Sarki,[]
220,Anicius,[]
221,Peycho Kanev,[]
222,Heba TariQ,[]
223,Federico fonseca,[]
224,Magda Ali,[]
225,Jessica Davenport,[favorites]
226,Jason,[]
227,Damien Zehnder,[outsider-core]
228,Camille Stein,[]
229,Alessandro,[]
230,F.J. Nanic,[]
231,رجائي الشوحة,[]
232,David Lentz,[]
233,Jeremy,[portugese-literature]
234,Rhian,[]
235,Keleigh,"[schooldaze, truth]"
236,Aleksej Nilic Kirillov,[]
237,Ruba AlShouly,[]
238,محمد عبد العزيز,[]
239,Huda Yahya,"[philosophy, fernando-pessoa, nihilism]"
240,Carolina Morales,[]
241,Danielle Durkin,[]
242,my name is corey irl,[]
243,Nahed.E,"[شعر-غربي, نقطة-تحول-في-حياتي, فيرناندو-بيسوا]"
244,Lee Foust,[]
245,Nawal,[favorites]
246,Yasmine,[favorites]
247,Phil,[favorites]
248,حمدي عزيز,[]
249,Alexandra,[]
250,Elif,[]
251,Elia,[]
252,Inês,"[books-i-own, non-fiction, portuguese-literature]"
253,Rachel,[]
254,Lauren,[]
255,Александр Шушпанов,[]
256,Zahra Ali,[]
257,Methodtomadness,"[favorites, to-get]"
258,Nadia De carvalho,[]
259,Jose Luis,[]
260,Víctor Sampayo,[favorites]
261,Salma Qahtani,[]
262,Belal,[]
263,Tuck,"[oh-loyd-i-wanna-be-hearkbroken, spain, europa, essays, ill]"
264,MJ Nicholls,"[novels, the-art-of-loathing, tortured-artists, southern-europe]"
265,Dana Jerman,[]
266,Triin,[library]
267,Esthër,"[poetry, read-in-2015]"
268,Janie,[]
269,André Carreira,"[to-reread, favorites, philosophy, lusophone]"
270,Nancy,[never-finished-reading]
271,Julie,"[bio-autobio-memoir, social-political-commentary, shorts, writing-companions, read-2016, best-of-2016]"
272,Ian Vinogradus,"[reviews, reviews-4-stars, pessoa, read-2015]"
273,Ali Kamel,[]
274,Sarah,[]
275,Jorge,[]
276,Ricardo,[]
277,Daniel,[favorites]
278,Amani Al-harbi Al-harbi,"[شعر, فلسفة, سيرة-ذاتية]"
279,R.,[dipped-into-from-time-to-time]
280,Hadrian,"[fiction, latin-america-and-iberia, favorites, portugal]"
281,Jafar,[]
282,Steve Love,[100-best-books-in-the-history-of-li]
283,Hadeel,[]
284,Margaret,[will-get-back-to-later]
285,Christopher,[]
286,manfred,[]
287,Bethan,"[philosophy, regular-fiction]"
288,Dimitar Pizhev,[absolute-favorites]
289,Luís Blue Coltrane,"[portugal, favourites, on-my-own, g-poetry]"
290,Mohammed Alamin,[]
291,Mona,[]
292,Alta,[]
293,Jessica C.,[]
294,emma,[]
295,Marilena.,[]
296,Laila,[fiction]
297,Adam Fitzgerald,[]
298,Shinji Moon,[]
299,Jonathan,"[favorites, worshiped-and-adored, to-re-read, the-2015-re-read]"
300,jeremy,"[translation, fiction]"
301,Magdelanye,"[favorite, alternate-reality, social-commentary, existential-crises, auto-biography, language-thought-reality, creative-process, ethics]"
302,Jamie Bernard,[read-2014]
303,Zanna,[translated]
304,Chris,[]
305,Maria Espadinha,[]
306,Henry Martin,[permanent-collection]
307,Ileen,"[2013, scrittori-portoghesi]"
308,Jewel,[summer-2016-to-read]
309,David,[]
310,Corey,[]
311,Israa Dahash,[]
312,lisa_emily,[]
313,Stacey,[]
314,Simon Evans,[]
315,Hulyacln,[]
316,Valton Marku,[]
317,دارين,[favorites]
318,Dounia Elbouzidi,[فرناندو-بيسوا]
319,Laura Jean,[]
320,José,[]
321,Sean P,[favorites]
322,[P],[]
323,David Gallagher,"[books-i-own, read-in-2011]"
324,Danny Daley,[]
325,Bryan,[favorites]
326,michelle,[]
327,Sejjad K.,[]
328,Realini,[read-again]
329,Joselito Honestly and Brilliantly,[]
330,Thaís,"[classics, pt]"
331,Ali Krcrn,[]
332,Oryx,[]
333,Tej,[all-time-favorites]
334,Lorenzo Berardi,"[portuguese, a-my-italian-library]"
335,Gary Brooks,[]
336,Britt,[favorites]
337,Bob Hartley,[abandoned]
338,Jacek,[]
339,Jenni,[translations]
340,Tonny,[]
341,Stine Kristin,[reviewed]
342,Aslı Can,[]
343,Susana Sánchez Pascual,[]
344,Deanne,[1001-books-2008]
345,Xandra,"[1900-1949, memoir-biography, philosophy, portuguese-spanish, european, big-books, 1001-books]"
346,عبدالعزيز المحيني,[]
347,Luisa,[]
348,Melissa,[]
349,Ben,[]
350,Gray Side,[]
351,Francisco,"[e-book, abandoned]"
352,Lada,[]
353,Fidel,"[poetry, essays, read-in-2016]"
354,Oriana,[dabbling]
355,Andrew,[unclassifiable-nonfiction]
356,Stephen P,[]
357,Belén Acosta,[]
358,Ghaidaa Kotb,[]
359,Maria,[]
360,قطرة,[]
361,Conor,[read-poetry]
362,Hanna,[]
363,Michaela,"[favorites, philosophy, books-i-own, markedly-beautiful-language, reflective-prose, most-memorable]"
364,Ashok Ramaraj,[disquiet]
365,evan,[]
366,Ahmed Azimov,[]
367,Lee,[]
368,Marwa,[favorites]
369,Maria Soares,[]
370,جابر طاحون,[]
371,Emily,[]
