,user,tags
0,Lars,[fiction]
1,Sherri,[]
2,Leah,[masters-reading-list]
3,Jim,[]
4,Matt,"[fiction, classics]"
5,Taka,"[japan_jul07-aug11, french_lit]"
6,Tina Nealen,[]
7,K. M.,[literature]
8,Dan Giaquinta,[]
9,Casey,"[romance, classic, 1001-books-to-read-before-you-die, 19th-century-french]"
10,Well-steered,[western-canon]
11,Aysel,[]
12,Reese (whimsicalbibliophile),[]
13,Lora Grigorova,[]
14,ShaLisa,[]
15,Felix Purat,[favorites]
16,Tra-Kay,[fiction]
17,Elazar,[]
18,Sakura87,"[classici, ottocento, autori-francesi, 1001list]"
19,Fouzia Cherik,[]
20,Nelson Zagalo,"[top_70_general, literature, bloom_list, literary_canon, top_10_fiction]"
21,Mommalibrarian,[classic]
22,Yamini,"[in-print, classics, translated]"
23,Melody,"[fiction, classics, third-thursday-bookgroup]"
24,Sandy,[fiction-historical]
25,Tatiana,"[written-soap-opera, classics]"
26,Dolors,[read-in-2015]
27,Milda,[]
28,Richard Ward,[]
29,Claude,"[in-french, read-again]"
30,Ahmad Sharabiani,"[historical, classic, fiction, literature, 1001-book, romance, french, 19th-century]"
31,Rea,[audio]
32,Meriem Meryouma,[]
33,Benzio,[prestados]
34,Pippi,[]
35,Dokusha,[classics]
36,Finley Macdonald,[]
37,Bruce,[]
38,Todd Wells,[]
39,Ors,[]
40,Alan,[books-read-in-original-language]
41,Mohamad Dahrouj,[]
42,Fazackerly Toast,"[fiction, foreign-language]"
43,Czarny Pies,[french-lit]
44,Joudy,[]
45,Đông Huynh,"[masterpieces, novels]"
46,John Pistelli,"[fiction, nineteenth-century]"
47,Susan,[]
48,Chuck LoPresti,[]
49,John Cairns,[]
50,Nicolás Boullosa,[]
51,Jeni Enjaian,"[classics, read-in-2015]"
52,Deniz Erol,[]
53,S©aP,"[letteratura-francese, 1800]"
54,Reuel,[]
55,Claudia Sesto,[]
56,Adriana Scarpin,"[romance, francesa, realismo]"
57,Haman,[world-novel]
58,Shannon,[]
59,Naomi,[]
60,Natxo Cruz,[]
61,Martin Hernandez,"[french-writers, historia_literatura]"
62,Chinara Ahmadova,[]
63,Lori Watson koenig,[]
64,Alice Poon,"[favorites, french-authors]"
65,Bbrown,[]
66,Nick,[]
67,Beluosus,[français]
68,Alessandro Chirchiglia,[]
69,Daniela,[france]
70,Yoka,[]
71,Frumenty,[]
72,K.D. Absolutely,"[classics, 1001-core, 501, french]"
73,Răzvan Molea,"[19th-century, special-list, french-lit]"
74,Yuska Vonita,"[romance, historical-fiction, classics]"
75,Leo Ovidiu,[]
76,Kimberly Schlarman,[paris]
77,il boccinodoroblog,[]
78,Arwen56,"[romanzi, lett-francese, francia]"
79,Josue Salvador,[]
80,Iria,"[1001-libri-da-leggere, wish-list, francia-e-belgio, 2015-reading-challenge]"
81,Jasmine Star,[]
82,Emer Martin,[]
83,Aaronb,[]
84,catechism,"[graphic-novel, fiction, en-francais]"
85,Andrada,[classics]
86,Amy Suzanne,[]
87,Alex Morfesis,[]
88,Eman Alshareef,"[borrowed, fiction]"
89,Sara,"[fiction, guardian-100-greatest-books]"
90,Lii,[]
91,Julian Meynell,"[19th-century, reviewed, french]"
92,Dayna,[]
93,Lu,[]
94,Chauncey,[]
95,Gijs Grob,"[novels, fiction, french, 19th-century]"
96,Charles Puskas,[]
97,Kobe Bryant,[]
98,Timothee,[started-never-finished]
99,Alfredo Sherman,[fiction]
100,Nancy Burns,[classics]
101,Joel Ayala Alicea,[]
102,Miranda,[]
103,Isa-janis,[]
104,Monika,[]
105,ELmin Ağahəsənli,[français]
106,Simona,[novels]
107,Laurent,"[audiobooks, livres-francais, 2013-books]"
108,Faez,[]
109,Devlin Scott,[]
110,Mahmood666,[]
111,Gustl,[]
112,Tanya Kovalyonok,[2013]
113,Kelly,[]
114,Lisa,[]
115,Sophia,"[classics, borrowed, 2012, translated]"
116,Rania yousife,[]
117,Rich Kelley,[]
118,Sashinka,[1001-books]
119,Jean-Francois,[]
120,Kittengg,[]
121,Leslie,"[fiction, classics, historical, literary]"
122,Francesca Mascari,[]
123,Simona Bartolotta,[1800]
124,Filipe,[]
125,Blue,[19th-century]
126,David Gross,[fiction]
127,Zuzka.Harvanova,[]
128,Gabriela,[]
129,Nurana Axundzada,[]
130,Artem Huletski,[]
131,James F,"[literature, century, 19th, french]"
132,Luciticrea,[]
133,Roger Burk,[]
134,Rogerio da Costa,[]
135,Το Άσχημο,[]
136,Ali Baba,[]
137,Mehmet Bozkurt,[]
138,Kathryn Kopple,[]
139,Misheel Munkhtsetseg,[]
140,Landon Kramer,[french-19th-cent]
141,Pewterbreath,[]
142,Fatima Alammar,"[novels, classics]"
143,Michael,[literary-novels]
144,Rabiut,[]
145,John Rasmussen,[]
146,Manal,[]
147,Baclofen Gliddon,[]
148,Cris Díaz,[]
149,Karine,"[france, classics]"
150,Jhones Rocha,[]
151,Salah Sameh,[]
152,Matthew Wayne Smith,[]
153,Skip,[]
154,Josh Greenfield,[]
155,Bernardo Arcos Álvarez,"[novela, 2013, ebooks, lus-en-français]"
156,Big Brother,"[list-thousand-and-one, list-world-library, list-daily-telegraph]"
157,Navah Kennedy,[]
158,Gabriel González Arouesty,[favorites]
159,R.K. Cowles,[fiction]
160,Alex Marshall,[]
161,Joseph,[]
162,Garth,"[damn-good-book, drama, psychological]"
163,Danica,[]
164,Philip Lane,[]
165,Alp Turgut,"[french-literature, stendhal]"
166,matt,"[won-t-read-again, historical-fiction]"
167,E.,[]
168,Elizabeth,[]
169,Aubrey,"[4-star, reviewed, translated, french, r-2012, r-goodreads]"
170,فاروق الفرشيشي,[]
171,Baby,[audiobooks]
172,Natalja,[]
173,Lesa,[]
174,Yves,"[xixe-siècle, france]"
175,Valerie,[]
176,Kiddonne,[]
177,Nicholas Spies,[]
178,Mariel,[]
179,Quinn Slobodian,[]
180,Todd Hogan,[]
181,Zita Černá,[]
182,Révo,[]
183,Rayme,[]
184,Claire Baxter,[]
185,Ivana,[]
186,Kevin,[]
187,Fahad,[fiction]
188,Andrei Turcu,[classics]
189,Huw Evans,"[history, fiction, french, unfinished]"
190,Clodjee,[manga]
191,Helie,[]
192,Graeme,[]
193,Sullyfitz,[audible]
194,Sonia,[]
195,Sofya_ch,[]
196,Voss,[]
197,Maëlle,[]
198,Larry,[]
199,Ilaria,[]
200,Rebecca,[e-book]
201,Clare Fitzgerald,[]
202,Fabio Vinicius Binder,[]
203,Amal Hope,[]
204,Anthea Carson,[]
205,Patrice,[2010]
206,Patrick,[]
207,Ines Di Dato,[]
208,AGamarra,[favorites]
209,Patrick Gibson,[contemporary-literature]
210,Lisseth Rivero,[]
211,Christine Nicole,[]
212,Craig,[1001-books-to-read-before-you-die]
213,Patrícia Costa,[]
214,Teresa,"[french-lit, 19th-century, classics]"
215,Beyza Taşdelen,[]
216,Elizabetha,"[liz-favourites, second-and-more-lizreading, liz-awesome-books, liz-classics, love-and-romance, i-can-stop-readig, i-simply-love-it, reflexive-with-an-insight, real-world, read-long-time-ago]"
217,Angelo,[]
218,Anna Kasrashvili,[]
219,Flying,"[101-must-read, modern-and-classics]"
220,A G,[]
221,Christian Northe,[classics]
222,Maia,[]
223,Amerynth,"[read-2012, 1001-books, fiction, coming-of-age, adultery, class, france]"
224,Tigran Sargsyan,[]
225,Joaquim Alvarado,[]
226,Eduardo Pereira,[]
227,Alejandra Figueroa,[]
228,Lucie Novak,[]
229,Omar Camacho,[]
230,Markus Sakoschek,"[classic, fictions]"
231,William S.,[]
232,Asa,"[1001-books, annoying_main_character]"
233,Aldo Marchioni,[]
234,Mariachiara,[]
235,Kim,"[french-language, audiobook]"
236,mohamed mostafa,[reviews]
237,Colleen,[]
238,Kakanier,"[landesbibliothek, roman]"
239,Szplug,[]
240,Amir Naaman,[]
241,Gabriel,"[hand-in-unlovable-hand, scholars, research, man-devouring-man]"
242,Jelena,[real-beautiful-wooden-shelf]
243,Martina,"[classics, horrible, 2015-reading-challenge]"
244,Gianluca Micchi,[]
245,Gregory,[]
246,Crysalis,[]
247,Autumn Waddell,[]
248,Pardis Parto,[]
249,Tyler ,[19th-century]
250,Frankie,[french]
251,Alex Onôv,[]
252,LadyCalico,[]
253,Roseb612,"[1001-books, klasika-19-stoleti, fr-literatura]"
254,Aurélie,"[school-reads, french-classics, masterpiece, 19th-century, romance, french, criticism-of-society, classics, big-book-pave, read-several-times, romantisme, coming-of-age-apprentissage]"
255,Jason Voegele,[]
256,Chrissie,"[france, hf, disliked, audible, returned, 2014-read, classics]"
257,Ian,[1001-books]
258,Celeste Corrêa,"[owned-books, frança, livros-lidos-2016]"
259,Melinda,[2013]
260,Arvenig,[2016readingchallenge]
261,Tracie,[]
262,Stephen,[2011]
263,Mark R.,[]
264,Marcello,"[2014, narrativa-straniera, 0-ebook]"
265,J. Israel,[]
266,Anna,"[study, 2015]"
267,Kathy,[]
268,Denisochkin,[]
269,Yury,[]
270,Jane Massy,[]
271,Je,[1001-libri-da-leggere]
272,Andrew Lund,[]
273,Amin,[]
274,Olti,[]
275,Tanabrus,"[romanzo, challenge_tbr_2014, read_2014, release_1830, francesi]"
276,Marie-Lys,[]
277,Saddem Turki,[]
278,Raphael Lysander,[favorites]
279,Pedro Varanda,[]
280,Jeffrey Keeten,[the-french]
281,Nikita,[french-literature]
282,Denise,[klassiker]
283,Seyed Mohammad,[]
284,Lia Porridge,[]
285,Carol Richards,[]
286,Laurel Hicks,"[audible, 0-kindle, books-read-in-2013]"
287,Regina Andreassen,[]
288,John,"[five-star-fiction, five-star-books]"
289,Umi,[]
290,janet,[]
291,Marine's Books,[]
292,Lidiana,"[1-owned, 3-fiction, 2-hardcopy, 5-em-português, 8-abril-clássicos]"
293,dalnim,[]
294,Jim Driesen,[]
295,Andrea Taylor,[]
296,Rodolfo,[]
297,EllieB,[]
298,Sandra T,"[lit-french, 19th-century, countryside, france, love, classics, bourgeoisie-and-aristocracy, humor, paris, restoration, social-climbing, franche-comtee, adultery, more-than-500-pages]"
299,Marita Mazanishvili,[]
300,Isabelle,[]
301,Piet Michael,[french]
302,Zari,"[classic, novel]"
303,Nicholas Whyte,"[non-genre, xe, 2013, 1302]"
304,Annie,[actual-trash]
305,Joeydag,[]
306,Connie D,[]
307,Atthis,[2015]
308,Kate Savage,[]
309,Jason,"[reviewed, french]"
310,Vienami,[]
311,Miruna Orban,[]
312,Maan Kawas,[]
313,Ghita Benabbou,[read-in-2015]
314,Luciano Riccardi,"[letteratura, narrativa, capolavoro, imperdibile, francese]"
315,Laura,[]
316,Wassily,[]
317,Norbert Kazamer,[]
318,Ensiform,"[fiction, french]"
319,Antonija Vranješ,[]
320,David Lentz,[]
321,Megan Chance,[]
322,Irina Baciu,[1001-books-you-must-read-before-you]
323,Zane,[]
324,Alejandro Salgado B.,[]
325,Mieke Kiebert-melief,[]
326,Ahsan,"[fiction, have-copy]"
327,Guy De groot,[]
328,Katy Tsai,[]
329,Nina1982,[favorites]
330,Shiela Jane,[]
331,Yngvild,[literature]
332,Ted Hovey,[]
333,my name is corey irl,[]
334,Bogdan,[french-lit]
335,Ruxanda,[]
336,Marc,[french-literature]
337,Ilenia Zodiaco,"[classici, europea]"
338,Helynne,[]
339,Montassir Abumalian,[]
340,Donna,[novel]
341,Yann,[read-another-edition]
342,Holly Taylor,[100]
343,Wilkin Beall,[]
344,Ola,[]
345,Ana,[]
346,Jack Hrkach,[]
347,Patrick McCoy,[classics]
348,Fernando Delfim,[]
349,Robyn Blaber,[french-literature]
350,Contrarywise,[]
351,Jason Pym,[classics]
352,Cosmina Oana,[]
353,Hayley,[classics-bookclub]
354,Jim Coughenour,"[classics, european-fiction]"
355,Adam O'leary,[]
356,Darren Baker,[]
357,Airi,[]
358,Eliana Rivero,[]
359,Nente,"[classics, geography-challenge, read-translation]"
360,Özge,[]
361,Ellie,[]
362,Keso,[french]
363,María,[favorites]
364,Sistermagpie,[novels]
365,Douglas Dalrymple,[]
366,John Magee,[]
367,Thet Than,[]
368,MJ Nicholls,"[novels, pernod-and-gauloises, voluminous, pre-1900s, penguin-classics]"
369,Justin Lee,[]
370,Tess Holthe,[]
371,Sean Leas,[classics]
372,Carol,"[french-classic, stendhal]"
373,Dafne,[letteratura-francese]
374,Jocelyn,[]
375,hope mohammed,[]
376,Nancy,[]
377,Olea,[]
378,Lisa (Harmonybites),"[classics, 100-significant-books, fiction, novels, ebooks, before-i-die, 2014-around-the-world]"
379,Kristen,[]
380,David Agraz,[]
381,Maria Thomarey,[]
382,M.C. Easton,[]
383,Julie,[]
384,Vale (BooksAndTea58),[classics]
385,Manny,"[french, older-women-younger-men]"
386,Ahri,[]
387,Rima Jean,[]
388,Tempo de Ler,[]
389,Lenore,[]
390,Sarah,"[almost-a-favorite, 2014-books, literature]"
391,Alicia,[classics]
392,Afshin .,[]
393,Hanneke,[1001-read]
394,Charlaralotte,[read-in-2009]
395,Susan Ferguson,"[classics, fiction, 2013, library-book]"
396,Ricardo,[fiction]
397,Benjamin Kahn,[]
398,Nataša,[]
399,Elizabeth K.,[2006-new-reads]
400,Adrian Colesberry,[]
401,Gláucia Renata,[]
402,Roxanne Russell,"[audible, lit-canon]"
403,Zach,[]
404,Magdelanye,"[surprisingly-terrific, contemporary-fiction, social-commentary, existential-crises, culture-conflict]"
405,Mahdi,[داستان-خارجی]
406,Victoria,"[favourites, french, classics-to-read, 2015, clergy-and-religious-orders]"
407,Margaret,[]
408,Tux Tux,[]
409,Philip,[]
410,Roberta,"[to-reread, 2008, classici, priorità, france]"
411,مكتبة مي,[]
412,Kezia,"[literature, politics, own]"
413,James,[]
414,LemontreeLime,[fiction-old-and-new]
415,Leif Erik,[french-lit]
416,Raluca Nicula,[]
417,Elliot de Vries,[fiction]
418,مسعود حسینی,"[رمان, محبوب-ها]"
419,Adelaide Mcginnity,[]
420,Tripp,"[omniscient, past-tense]"
421,Brenda,[]
422,Sergio,[]
423,Reenie,[]
424,Steven,"[favorites, french]"
425,έρις,[]
426,Simona Pierrovskaia,[]
427,Mari,"[owned-books, fiction, classic, 2016-classic-challenge]"
428,Mark,[]
429,~ Monica ~,[]
430,Andy,[]
431,Carlos Ortiz,[french]
432,Mohammadjavad Hajialikhani,[]
433,Stela,"[realism-naturalism, romanticism, re-read, gdl]"
434,Jonathan,[]
435,Silke,[]
436,Lee,[]
437,Marcelė,"[1001, read-for-university]"
438,Frank,"[literature, classic, french]"
439,Veronique,[]
440,Annabelle,[]
441,Laurent Bourscheidt,[]
442,Trevor Hanowski,[]
443,Erneilson,[]
444,anne,[]
445,Keith,"[historical-fiction, modern-literature, _on-hand, x-one-dollar]"
446,Kirsten,[]
447,Chris Gager,[]
448,Nathan Hobby,"[read-in-2009, france, 19th-century]"
449,Bill,[]
450,Jewel,[classics]
451,Lena,[]
452,Mishel,[]
453,David,[]
454,Martha Mcmurry,[did-not-finish]
455,Sheyda,[962-novels-i-must-read]
456,Bob,[top100]
457,Allie Stark,[1001-should-read-before-you-die]
458,Gully Ditta,"[reread, classics]"
459,Robert Swanger,[]
460,Quân Khuê,"[favorites, read-more-than-once, masterpieces]"
461,Fran Wilkins,"[historical-fiction, fiction, classics]"
462,Rob,[]
463,Valentina,"[classics, owned-books, read-in-croatian, 2015-challenge]"
464,Elise Miller,[]
465,Renáta Nagy Tóth,[]
466,Elvis Rodrigues,[2016]
467,Т Ц,[]
468,Marley,[]
469,Faezeh,[]
470,Dagny,"[french, 19th-century]"
471,Dagda131385,[]
472,Robert Dunlap,[]
473,Patricia Silva Casco,[]
474,Aaron Crofut,"[fiction, did-not-finish]"
475,Ruth,[worst_books_in_westciv]
476,[P],[bitchin]
477,Fede,[]
478,Maria Beltrami,"[romanzo-storico, grandi-classici, narrativa-francese]"
479,Jamie,[]
480,Joseph Jupille,"[19th-century, france]"
481,Lucy Sisk,[]
482,jana,[read_2013]
483,Ali Heidari,[my-bookshelf]
484,Bryan,"[books-i-own-and-have-read, french-editon, books-i-read-in-2016]"
485,Kastoori,[french]
486,Chris Laskey,[]
487,Nuska,"[favorites, 2013, 1001-books-before-you-die]"
488,Syringa Smyrna,[français]
489,Experience,[]
490,Tommy,[]
491,Zorena,"[classics, france, literature, french-literature, 1001]"
492,Guido,[francia]
493,Melusine Parry,"[owned, french-literature, stendhal, realism]"
494,Laureline,[]
495,Sanjay Varma,[novels]
496,Dee,[]
497,Jeff,[]
498,Tony,[fiction]
499,Namrirru,[les-grenouilles]
500,Matrou,[]
501,César,[]
502,Jose,[]
503,علی,[classic-fictions]
504,Samuel Sánchez Díaz,[]
505,Ricky,[historical-fiction]
506,Josh B.,[favorites]
507,0spinboson,[paper]
508,Georgi Mirchev,[fiction]
509,Francisco,[]
510,Lada,"[classic, roman-de-l-individu-romantique-roma]"
511,Christine,[]
512,Núria,"[mios, 5-favoritos, literatura-en-frances, decimononicos]"
513,Kevinkwon,[]
514,Andrew,"[french-language-fiction, 19th-century-french-fiction]"
515,Else,"[french, literature]"
516,Mac,[]
517,Stefania Druga,[]
518,Andrea,[]
519,Maria,[klassiekers]
520,Staci Woodburn,"[classics, fiction]"
521,Rıdvan,[]
522,Fernanda,"[classics, french-literature]"
523,Béatrice,[]
524,Brendon,"[classics, reviewed, personal-library]"
525,Karin,[]
526,Jonfaith,[]
527,Elizabeth (Alaska),"[kindle, 1001-books, france]"
528,Diogo,"[ethics, love, logic]"
529,Shannon (Giraffe Days),"[book-club, classics, 2008, not-worth-it]"
530,Samantha Glasser,"[classics, fiction, project-gutenberg]"
531,Seyf,[]
532,Ai,[]
533,Charles,[cannon]
534,Ioana,[]
535,S. Sigerson,[]
536,Cristina,[]
