,user,tags
0,Bob Arnold,[20th-century-classics]
1,احمد فضيل,[أدب-العمالقة]
2,Settare,[]
3,Ali Othman,[]
4,Taka,"[japan_jul07-aug11, modernist_lit, american_lit, 1-fiction-you-must-read]"
5,Ahmed El  Wakeel,[شغل-بلاد-بره]
6,Alexxy,"[2016-reads, 1001-books-before-you-die]"
7,Cecily,"[american-canadian, sea-islands-coast]"
8,Sanjay Gautam,[]
9,أَحْمَد,[]
10,Elle,"[classici, 1001_books, statunitensi]"
11,Abduraafi Andrian,"[terjemahan, classics, 2016, scoop]"
12,Kelanth,"[classico, narrativa, romanzi-repubblica, favorites]"
13,João Fernandes,"[nobel, pulitzer]"
14,Scott Woody,[]
15,Ariel ,"[read-in-2015, bien-aimés]"
16,Tariq Alferis,[]
17,Ahmad Mustafa,"[english-novels, read-on-kindle-statistical-shelf]"
18,Erwin,"[favourites, american-literature, pulitzer, nobel-laureates]"
19,Obsidian,[]
20,Tim Weakley,[50-book-challenge-2012]
21,Jenna (lostwithinwords),[]
22,Joshua,[classics]
23,Nelson Zagalo,"[literature, literary_canon]"
24,Mateo,[]
25,Kathryn,"[general-fiction, classics]"
26,Carla,[]
27,Hager,[]
28,Soheil Noori,[]
29,Kevin,[]
30,Shruthi Mudireddy,[pulitzer-prize]
31,Ahmad Ashkaibi,"[classics, ebooks]"
32,M.,[kutuphanemdekiler]
33,Ahmad Sharabiani,"[classic, novel, fiction, literature, 1001-book, 20th-century]"
34,Darren,"[hemingway, novella]"
35,Mahsa.Rmt,[]
36,Rick,[]
37,Ricardo Rodríguez Quintero,[]
38,Deena Katma,[]
39,Alina,[]
40,Sookie,"[classics, 2014]"
41,Jessica,[]
42,Mostafa Gomaa,[روايات]
43,Aj the Ravenous Reader,"[reality-bites, classic, quick-read, wholesome-reads]"
44,Vanja Antonijevic,[]
45,Γκέλλυ,"[favorites, classics, reread]"
46,Anmiryam,"[literary-2015, malewriters-2015, classic-2015]"
47,Đông Huynh,"[favorites, novels]"
48,Emma,[2016classicschallenge]
49,Somayeh Pourtalari,[]
50,البراء شلش,[]
51,Amanda,"[book-club-made-me-do-it, blog]"
52,محمود حسني,[]
53,اومید,[]
54,Omid Majidy Pour,[]
55,بسام عبد العزيز,[]
56,Jennifer,"[fiction, read_in_college, classics]"
57,Colleen,"[fiction, classics]"
58,Odai Alsaeed,[]
59,ياسمين ثابت,[]
60,Ariel,[]
61,Muhammad Galal,[foreign-literature]
62,Jibran,"[fiction, nobel, 100-works-of-world-lit]"
63,Dolly,"[historical-fiction, caribbean, ocean-seashore, van-noy-book-club, read-but-not-finished-reviewing, 2015]"
64,Shayantani Das,[]
65,K.D. Absolutely,"[1001-core, 501, latin-american, nobel]"
66,Claire Allatt,[]
67,Katherine,"[pulitzer-prize-winners, classics, 20th-century]"
68,Brandon,[one]
69,Leah Angstman,[fiction-worth-your-time]
70,إلهام مزيود,[أمتلكها]
71,Markus,"[classics, contemporary-fiction, 2016]"
72,شبگیر,"[رمان-و-داستان-خارجی, s-th, دوباره-خواندن]"
73,Arwen56,"[romanzi, nobel-per-la-letteratura, lett-americana, usa]"
74,Brad,"[faves, pulitzer, classic]"
75,أحمد خالد,[]
76,Mery,[pinjam]
77,Saeideh,[favorites]
78,thalakii,[]
79,Jumana Taha,[]
80,Rahma Hassan,"[owned, أدب-مترجم, روايات, english-books]"
81,Batsukh Bat-Ochir,[]
82,Sara,[anyone-fiction]
83,Elham,"[usa, favorites, classics]"
84,Joshua Phillips,[favorites]
85,أميــــرة,[novels]
86,Lori,[]
87,رغد قاسم,"[روايات-عالمية, نثر, إستعارة, روايات, ورقي, أدب-غير-العرب]"
88,Rézina Dějová,"[crap, usa]"
89,Maida,"[socio-economic, socio-psychology, maida-s-honorable-mentions, societal-commentary-criticism, classics, pulitzer-prize, nobel-prize-in-literature, religion-philosophy, moral-dilemmas, racial-or-cultural-issues, disability-illness, radcliffe-rival-top-100-novels-list]"
90,kaśyap,[]
91,Liz,"[headdesk-not-sorry, classics, i-prefer-rum]"
92,Suryati,[novel]
93,Cristián Morales Marroquín,[]
94,April Cote,"[favorites, best-thing-i-have-ever-read, fiction, drama-fiction, the-classics]"
95,Mehrzad M.,"[کتاب-خونه-خودم-تو-تهران, قرض-دادم, گروه-کتاب-خوانی-تیوال, 1001-کتابی-که-باید-قبل-از-مرگ-خواند]"
96,Jesús Sayago,[]
97,Guy Portman,[fiction]
98,midnightfaerie,[classics]
99,Syrian_researchers,[الروايات]
100,Jordan Lockett,[]
101,Γιώρη Μπέλκος,[]
102,Inderjit Sanghera,[]
103,Daren,"[fiction, usa-author, cuba]"
104,Jacqueline,"[favourites, shorties, strong-souls, british-american]"
105,Laura Jelenkovich,[]
106,Martinc,[]
107,Kelly,[hemingway]
108,Lisa,[]
109,Carlos,[reread]
110,Joey,"[fictions, 1001-best-novels-you-must-read, philosophy]"
111,Liliana,"[favorites, own]"
112,Garima,[my-2-cents]
113,Dila,[my-classics]
114,صوفيا ,[]
115,Edwina Hall Callan,"[bookcrossing, 2014]"
116,Jay,[hemingway]
117,Hoda Elsayed,"[أدب-مترجم, قراءات-عام-2015]"
118,مبارك الهاجري,[روايات]
119,Riku Sayuj,"[favorites, classics, r-r-rs, nobel-winners]"
120,T.A. Uner,"[t-a-uner-s-shelf, timeless-books]"
121,Marco,[]
122,Hussein Dehghani,[داستان]
123,Lisa Vegan,"[fiction, reviewed, novel]"
124,Luis,[]
125,Khris Sellin,[]
126,Ranee,[]
127,hossein sharifi,[favorites]
128,pink (not just another shade of red),"[all-the-26-book-challengr, books-made-into-movies, favorites, classic, 5star-ratings, pulitzer-prize-winner, borrowed-from-the-library, own-a-copy]"
129,samira,[]
130,Gama Ramadhan,[]
131,Gary,[]
132,Tamara,[]
133,·Karen·,[usa]
134,Seemita,"[nobel-laureates, pulitzer-w, novella]"
135,Anne Zappa,[]
136,Radek Trykar,"[wtf, classics, in-bookshelf, novela]"
137,"Fatema Hassan , bahrain",[]
138,Zelda,[2015]
139,két con,"[nobel-laureates, american-dream]"
140,Angela Blount,[classics]
141,matt,[fictions-of-the-big-it]
142,Apatt,"[classics, fave-classics]"
143,Kimberley doruyter,[]
144,Erica T,"[classics, 2016-reads, key-west]"
145,Jr Bacdayan,[]
146,Sima,[]
147,Joe,"[classics, five-star-reads, books-read-in-2012]"
148,Ibrahim Saad,[]
149,Anmol (_bournesach),[]
150,Ali AlShewail,"[روايات, مترجم, favorites]"
151,Corinne,"[dignity, hope, courage, classic]"
152,Miguel,[]
153,Scott Brook,[]
154,Simone Hagemann,[own]
155,Endah,[]
156,Sonia Gomes,[courage]
157,د. حمدان,[novels]
158,Fahad,[fiction]
159,Alan Chen,[books-i-own]
160,Sai Kishore Kanagiri,[favorites]
161,Shahad takleef,[]
162,Vladimir Znamensky,[]
163,Zahra Rhm,"[classic, fiction]"
164,Zuberino,"[fiction, thriller, solitude, adventure, nobel-prize, caribbean, childhood, memory, sea, caribbean-literature, heroism, epic, american-literature, old-age, cuba, loneliness, fish, fishing]"
165,Ben Sanchez,[]
166,Basim Mahmoud,[خراء]
167,Fran,"[usa, sfida-a-tema, alpha2015]"
168,صان,[]
169,Natalija Spasic,[]
170,Francesco Scarlata,[]
171,Ahmed,"[fiction, adventure, novella, translated]"
172,Saeed,[]
173,Ahmet,"[owned-books, english, books-worth-5-stars, adventure, classics, 2015, fiction]"
174,Chloe,[]
175,لَمْيَاء  سُلطَان ,"[في-مكتبتي, روايات, أدب, ورقي, مترجم, في-2016]"
176,Arun Divakar,[]
177,Kyle Muntz,[]
178,Areej M.,[]
179,Wealhtheow,[]
180,Caroline Gurgel,"[favorites, classics, modern-classics, my-dad-shelf, hemingway, 1001-books]"
181,Araz Goran,"[روايات, أدب]"
182,Saddam Bouchaib,[]
183,Vylūnė,"[modern-classics, audiobooks]"
184,Nik,"[own, slow-burner]"
185,Nadi,[]
186,Mikey B.,[fiction]
187,Jana,"[classics, school, owned-books, in-2016]"
188,Liz BooksandStuff,[]
189,Duane,"[rated-books, reviewed-books, pulitzer-prize, american-classics, guardian-1000]"
190,Tareq Fares,[]
191,Micahb,[]
192,Anisa Oktariani,[]
193,Jamie Rose,[]
194,Daniel Villines,[]
195,Brendon Schrodinger,"[fiction, classics, the-ocean]"
196,Jelly,"[classicish, 2016]"
197,Maryam,[]
198,Violetique,[]
199,Fateh Brgl,"[owned-books, classics]"
200,Henry Avila,[]
201,Sofia,[]
202,Emilian Kasemi,[]
203,Mohamad,[]
204,Sara Sherzad,[stories-and-novels]
205,حازم,[]
206,Jason Koivu,[fiction]
207,Florencia,"[stories-and-novellas-for-this-life, iceberg-city]"
208,Matt,[classic-novels]
209,tyranus,[]
210,Tara,[]
211,Berenice Montedoro,[]
212,Sinem,[favorites]
213,أحمد جابر,"[american-library, nobel-library]"
214,Stephen,"[6-star-books, all-time-favorites, easton-press, audiobook, water-logged, classics-americas, 1930-1953, literature, novellas, life-changers]"
215,Anne,[]
216,Jeb Dubus,[]
217,Anna,[read-in-2015]
218,Coos Burton,[clasicos]
219,Ebrahim Refaghat,[]
220,Vanessa,[classics]
221,Gemma,[]
222,Marts  (Thinker),"[classics, 1001-books-you-must-read, books-i-own]"
223,WAAD AL SHIDDI,[]
224,بثينة العيسى,[]
225,ميقات الراجحي,[روايات-قصص]
226,Michelle,[]
227,Ravi Gangwani,[]
228,Crystal,"[canon-ish, ap]"
229,HuDa AljaNabi,[]
230,Matthias,[my-reviews]
231,Wayne Barrett,"[classics, adventure, young-adult, 2016]"
232,Kyle Storie,[]
233,Mobina Jafari,[novel]
234,Fahad Alqurain,[]
235,Lara Zuberi,[]
236,Steve,[]
237,Madeline,"[the-list, assigned-reading]"
238,Soumen Daschoudhury,"[2015-reads, classics]"
239,John,[fiction]
240,b00k r3vi3ws,"[review-copy, books-i-own]"
241,Kirtida Gautam,[]
242,Adam Crossley,[]
243,Afxam,[novel]
244,Semih Eker,[]
245,RajeeSankar,[]
246,Jason,[]
247,Laura,[]
248,Amina,[]
249,Jagoda,"[read-in-2015, own-a-physical-copy]"
250,Fionnuala,[]
251,Leo Robertson,[]
252,Franco  Santos,[libros-en-digital]
253,Cassie,[]
254,Pandasurya,[fiksi-luar-terjemahan]
255,Kine Javiera,[]
256,Lou,"[classics, re-read-list]"
257,Lily,"[classics, american-literature]"
258,Sarika Patkotwar,[]
259,Chris Messner,[]
260,Beth,"[1001-books, ebooks, pulitzer, nobel]"
261,Alexandra Rodrigues,[]
262,Ema,[]
263,Nicole Black,[]
264,مِنه علي,[]
265,Barry Pierce,"[20th-century, read-in-2013]"
266,Meliza,"[read-tfg2013recolist, tfg-dares]"
267,نجيب الترهوني,[]
268,Nikhilesh,[favourites]
269,Anne  (Booklady) Molinarolo,"[favorites, great-literary-fiction, classics, permanent-library, spring-2012]"
270,Nandakishore Varma,"[classic, literature, favourites]"
271,Muhammad Nusair,[]
272,Anh,"[classic, fiction, liked, read-in-school]"
273,Julissa,[entre-te-y-libros]
274,Shivansh Chaudhary,[]
275,Lauren,[]
276,Gautam,"[favorites, american-literature]"
277,David Sarkies,[modernist]
278,Ana ,"[page-turner, brainy-psychological, classics, ebook, 1001-this-life]"
279,Edward Lorn,[52-in-52-2015]
280,Hana b,"[novel, ارنست-همینگوی]"
281,ريم الصالح,[]
282,Ashita Thakur,[to-read-again]
283,Zelda of Unapologetic Reviews,[read-and-hated]
284,Shelby P,[classics]
285,Prashant,[]
286,Vusal  Rasulzade,[]
287,Hamad Al-Failakawi,[favorites]
288,Eti Mishra,[]
289,Anas,[]
290,Shaun,[read-in-2012]
291,Greg,[]
292,Asra Ghouse,"[must-reads, classics]"
293,Tonino Mangano,[read-in-2015]
294,Akshaya,[]
295,Gearóid,[]
296,آیت معروفی,[ادبیات]
297,Ian Vinogradus,"[reviews, reviews-5-stars]"
298,arcobaleno,"[letteraturastraniera, ebook]"
299,Venus Blancia,[classics]
300,Xan,[]
301,Vimal Thiagarajan,[pulitzer]
302,Christopher MacMillan,[]
303,María Paz Greene,[]
304,Mohammad Ali,[داستان-خارجی]
305,Leonard,"[literature-english, favorite]"
306,Rebecca McNutt,"[classic, fiction, cuba]"
307,Philip,"[classics, jordabecker-book-club, pulitzer]"
308,Sarah Anne,"[audio, classics, author-male, pulitzer, nobel-laureate]"
309,Luís Blue Coltrane,"[on-my-own, 1001-done, less-than-200, usa-canada]"
310,Roberta,"[1001, america-settentrionale]"
311,Γιώτα Παπαδημακοπούλου,[]
312,Yasmijn,"[lit, classics, read-in-2016]"
313,Gabriel,[]
314,Abhishek,[favorites]
315,Ed [Redacted],[2012]
316,Jasper,[favorites]
317,Lyn,[]
318,Saumya Saxena,[]
319,C.B. Cook,"[classics, historical-fiction]"
320,محمد مختار,[]
321,خارج نطاق الكوكب ,[]
322,Kareem brakat,[رواية]
323,Arwa  Halab,[]
324,Mark,[good-grief-of-course-i-must-have-r]
325,Juwairia Sama,[روايات-أجنبية-مترجمة]
326,Jonathan,[]
327,Erfan Balaghi,[]
328,Katri,[read-in-2015]
329,Amy Lutchen,[]
330,chuoibantho,[]
331,Mahsa,[]
332,Leonidas,"[_us, overrated, 1900s, 2016, classics, 1001-before-die, challenge16-alphabet]"
333,Layla (babygotpaperback),[owned]
334,Haneen Alhatlany,"[favorite, foreign-fiction]"
335,Aakash,"[psychology, inspirational, classics, ebooks, 2016]"
336,David,[]
337,⊱ Poppy ⊰,"[classics, do-not-read-it-again, fucked-up-books, multiple-pov, 19th-century, i-own, short-read, fuck-to-the-no, all-the-hype, 2016-reviews, mixed-reviews]"
338,Leonardo,[américa-central]
339,Amber,[]
340,James Ferrett,[]
341,Dayla,[]
342,Rob,"[all-time-favorites, 2015]"
343, Olivermagnus  ,"[2016, central-south-america, classics]"
344,Abubakar,[]
345,Aliaa Mohamed,[2016]
346,Edwin Cruz,[]
347,Isa Lot,[]
348,Marat M. Yavrumyan,"[yavruhrat-armlib, armbooks]"
349,Colleen Houck,[]
350,Sura  ✿,[novels-روايات]
351,Dan Schwent,[2015]
352,Andrei Tamaş,[]
353,Andreea,[]
354,Ahmad  Ebaid,[أدب]
355,Vani !,[]
356,Ahmed Gohary,[]
357,Jamie,[]
358,Tadiana ✩Night Owl☽,"[literary-stuff, classics, library-has]"
359,Alondra,[books-i-own]
360,Momina Masood,"[favorites, classics, american-literature, 500-must-reads]"
361,Carac Allison,[]
362,Helen (Helena/Nell),[]
363,Joey Dhaumya,[]
364,Sergei,[]
365,Luana,[]
366,Helena,[read-in-2016]
367,"Marija *Head High, Giving No Fuck, We'll Be The Ones They Hate*",[]
368,Aoibhínn,"[physical-books, reviewed, classics, 2013]"
369,Kirstine,"[classics, own, reviewed, 1-men]"
370,Ava,[]
371,Rohisa,"[hell-yeah-its-classic, simple-but-sublime, food-for-thought]"
372,César,[favorites]
373,علی,[novels]
374,Moira Russell,"[favourites, childhood]"
375,Mel Bossa,[0008-fiction]
376,Josh,[2015]
377,Councillor,"[animals, reviewed, 20th-century, classics, mexico-latin-america, fiction, rated-4-and-a-half-stars, to-read-2016-priority, read-2016, library, expectations-were-low, pulitzer-prize, personal-must-read-list, read-in-one-sitting]"
378,Manik Sukoco,[]
379,Ion Bargan,[literatură-artistică]
380,Avis,"[disappointing, meh, what-the-actual-fuck, face-fucking-palm, i-own-this, crappy-ending, classic, hahahaha-no, why-god-why, wut, plot-what-plot, where-is-my-chocolate, staph-it, almost-two-stars, there-is-something-wrong-with-you, didnt-live-up-to-my-expectations, different, life-is-too-damn-short, deep-dramatic-sigh, for-school, fuck-you-and-your-fish]"
381,Letz,"[narrativa-straniera, sea-sailors-and-so-on]"
382,hanan al-herbish al-herbish,[]
383,Sunshine,[]
384,Spencer Borup,[]
385,The_Freddy,"[audio-books, 2009-reading-list, fiction]"
386,Abhinav Yadav,[]
387,Laz,"[classics, literature]"
388,Zeynab Babaxani,[]
389,Farida Alakbar,[]
390,Henz,[classic]
391,Rıdvan,[]
392,Afshar,[]
393,Alex,[reviews]
394,Will Byrnes,[]
395,Christopher Mehigan,[]
396,Pradnya K.,"[2015, classic, novella]"
397,Cierra,[]
398,Andrew Leong,[]
399,Gypsy,[]
400,Somi mhd,[]
401,alheyam,[]
402,mai ahmd,[روايات]
403,Hajer Elmahdi ,"[classics, american-literature]"
404,Menna  Emad,"[روايات-وكتب-أجنبية, 2012]"
405,Kelley,"[teaching, book-discussion]"
406,Eman,[contemporary-authors]
