,user,tags
0,Alisha G,[]
1,Faith Bradham,"[i-own, ancient-classics]"
2,Patrick Barry,[]
3,Anna M,[]
4,Adelle,[]
5,Mark Adderley,[classical]
6,steve,[]
7,Wayne,[]
8,Sylvain Reynard,[]
9,Jacqueline Hernandez,[lit-class]
10,Alexandra,[]
11,Archit Nanda,"[greek-and-roman-literature, epics, shit-no-one-should-read]"
12,Kenzie Pratt,[]
13,Dan,[]
14,Elijah Kinch Spector,[classics]
15,Sydney Hebert,[]
16,D. E. Street,[]
17,Burt,[gen-lit]
18,João Fernandes,"[poetry, war]"
19,Johnny B. Rempit,"[read-2009, favorites]"
20,Anna Rose,[]
21,Mark Valentine,[]
22,Jim,[literary]
23,Nicole Griffen,[]
24,Alysha,[]
25,Adeliny Mudrauskas,[]
26,Dan Hatcher,[]
27,Joel Brumfield,[]
28,Hannibal,[]
29,Jiri Greco,[]
30,Thomas,"[western-canon, poetry]"
31,Laura Smyrl,[]
32,Noah,"[mythology, adventure, poetry]"
33,Elliott Bignell,[]
34,Norita,[classical-lit]
35,Kathryn,"[classics, mythology, poetry, read-in-2015, college]"
36,Kresna,[]
37,George,[ancient]
38,Kevin,[]
39,gauldy,[]
40,Arielle,[]
41,Aaron Rubman,[]
42,Angela Crosby,[books-i-like-that-prove-i-am-a-dork]
43,Ayu Windyaningrum,[]
44,Syahira Sharif,"[historical, mythology, action, fictional-politics]"
45,Matthew,[literary]
46,محمّدحسین,[]
47,awgusteen,"[owned, actually-epic]"
48,Jana,[]
49,Lady Dixie,"[classical, epic, essential-reading, men-writers, i-have-taught, poetry, virgil, roman]"
50,AJ Henning,[]
51,Jessica,[academic]
52,Alan,[]
53,Roman Clodia,[]
54,Czarny Pies,[greek-and-roman]
55,John Pistelli,"[poetry, favorites, ancient]"
56,Charlie,[]
57,Britt Call,[greece-rome]
58,William Schram,"[fantasy, classics, fiction, poetry, mythology]"
59,Robert Hawke,"[fantasy, read-in-2014, classics]"
60,Barbz,[classics]
61,Mike Gowan,[]
62,Caroline Beatle,"[escuela, 2013, roma]"
63,Shek,"[book-club, library]"
64,Kristianne,[]
65,MikaHatter,[did-not-finish]
66,Lizzy,[]
67,Iyad Barghouti,[]
68,David Grimaud,[]
69,Anastasia Vella,[classics]
70,Sharon,[at-cal]
71,Robert,[]
72,Jey,"[poetry, philosophy, mythology]"
73,Bbrown,[]
74,Jen,[]
75,Peter Giordano,[great]
76,TellerofTales,[]
77,Tessa Marie,[]
78,DJ ,"[gift-books, own-it]"
79,Celina,[]
80,Gabriel Unheimlich,[latina]
81,Katherine,[]
82,Mommy Farris,[classics]
83,Anilecia,[]
84,Mary Mahoney,[]
85,jonathan,[]
86,Kendall,[]
87,Christine,[]
88,Chuck,"[classical-antiquity, poetry]"
89,Paul T,[]
90,"Craig ""NEEDS MORE DAMN TIME TO READ !!!!""",[]
91,Hun Garian,[]
92,Stephanie Ricker,"[classics, poetry, ancient]"
93,Sandy Slade,[]
94,Joel Mitchell,[poetry-plays]
95,Nicole,[]
96,Courtney Hlebo,[]
97,Heather,[classics]
98,Cate,[classics]
99,Abi,"[classics, poetry]"
100,Brian,[]
101,Lori,"[fiction, classics]"
102,Bruno,[]
103,Liz,[]
104,Yasiru (reviews will soon be removed and linked to blog),"[aim-for-the-year, immediate]"
105,Sheffy,[]
106,Eneas,[]
107,Ana Enriques,[]
108,Sandra Miksa,"[classics, english-paperbacks-own, books-i-reviewed, literature, english-university-reads, mythology, 2016-jan-reads, history]"
109,Natalie,[]
110,Benjamin Fowler,[]
111,James Murphy,[]
112,Liz Musgrove,[]
113,Martin,[classics]
114,Kelly,[read-2015]
115,Lisa,[]
116,Takipsilim,[]
117,Sophia,"[school, educational, classics]"
118,M.G. Bianco,[fiction]
119,Stephanie Salerno,[]
120,Isabel,"[poetry, school, read-in-2016, epic]"
121,Leslie,"[classics, poetry]"
122,Cyndie,[]
123,Lottie,[classics]
124,Nikki,"[classics, greek-roman, for-class, myth-legend-saga-etc]"
125,Beth Roberts,[]
126,Daniel Pecheur,"[myth-legend, favorite-masterpieces, poetry, epic]"
127,So Hakim,"[poetry, mythology, antiquity]"
128,Jesi Salinas,[]
129,Lizzie,"[myth, poetry, borrowed, for-school, in-translation, public-domain-or-creative-commons]"
130,Kelsey,[]
131,Brian Willis,[]
132,Darwin8u,[2011]
133,Cheryl AbuMoussa,[]
134,Whitney,"[own, read-in-2012, fiction, ancient-history]"
135,Arturo Reyna,[]
136,Brooke,[]
137,Grace,"[2014, school-books]"
138,Joshua,[epic]
139,Ashley,[]
140,Matthew Ciaramella,[]
141,Jared Della Rocca,"[student-recommendations, classics, long, plot-twists, 2015]"
142,J.M. Hushour,[]
143,Michael,[]
144,Adam,[]
145,Bailey Allison,[]
146,Shaneeza aziz,[]
147,Summer,"[own-physical, classics, read-for-school, mythology, drama-plays-poetry, reviewed]"
148,Meave,[]
149,Ray-The-Pilot,[]
150,Sergi Montes,[]
151,sabisteb,[classics]
152,Shannon Neill,[en101-the-epic-tradition]
153,Kate,[]
154,Blaze,[]
155,R.K. Cowles,[poetry-epics]
156,Kim Sasso,[]
157,Ross Helford,[]
158,Zelda,[2014]
159,Jefferson,[classics]
160,Abrahamus,[classic-literature]
161,Caroline,[]
162,Alp Turgut,"[italian-latin-literature, virgil, poems]"
163,J. Boo,[]
164,Stefan Yates,[classic-literature]
165,Gina,[]
166,Rodrigo González,[]
167,Orlando Amedeo Cangià,[]
168,William,[]
169,Nelly,[classics]
170,Kristin Isgett,[]
171,Joe,[]
172,Mike (the Paladin),[]
173,Imperius,[]
174,Jon,"[1-by-men, 3-by-western-whites, old-school-03-roman]"
175,Jeanne,[]
176,Leila Bowers,[]
177,Astrid Tallaksen,[]
178,Meeg,[]
179,Emily S.,"[favorites, academia]"
180,Andrew Obrigewitsch,[classics]
181,Audrey Saltarelli,[]
182,Angie The Librarian,[classics]
183,Vivi Vocat,[classics]
184,El,[permanent-collection]
185,Rebekah,"[college, genre-classics, genre-fantasy, genre-classics-classic-literatu, genre-poetry, genre-literature, genre-fantasy-mythology, genre-epic, genre-academic-school, genre-roman, genre-literature-ancient]"
186,Astarzak,[]
187,DilanAc,[]
188,Erin,"[poetry, classics]"
189,Simone,"[something-with-deities, contains-some-kind-of-prophecy, stand-alone, read-for-university, classics]"
190,Dorian,[]
191,Erik,[]
192,Poncho,"[read-in-2015, greco-roman]"
193,Eric,[]
194,Athena Ninlil,"[favorites, ancient-history]"
195,Sympawtico,[]
196,Bcoghill Coghill,[]
197,Morgan Blayney,[great-books-course]
198,Jane Doe,[]
199,Jessica Merrill,[for-school]
200,Benja,[]
201,Gilbert,[]
202,Alice Sather,[]
203,Cen,[]
204,Xitsuka,"[myth-religion, literature-and-critique]"
205,Lucía,"[universidad, 2016]"
206,Sarah,[]
207,Tara Calaby,"[classics, 100-books, history, own, mythology]"
208,Rebecca,[]
209,Michael Bafford,[]
210,Justin,[]
211,Ke,[what-my-future-children-should-read]
212,Mark Smith,[]
213,Priscilla VdL,[]
214,Hideki Kino,[ancient-history]
215,Nools,[classics]
216,Natasha,[]
217,Aleyna,[]
218,Abby M,[]
219,Guy Terry,[]
220,Angel Serrano,[87-literatura-clasica]
221,Tajma,[]
222,Punning,[]
223,John Brandt,[]
224,Colin,"[scholarly-works, philosophy, great-literature, great-poetry, teaching-resources]"
225,Julie,[]
226,Apryl,[sparknotes-goal]
227,Burcu,[]
228,Katie Anderson,[]
229,Jane,"[owned-books, reviewed, ancient-rome, mythology]"
230,Gavin,[given-up-for-now]
231,Sylvia,"[world-literature, mythology, literature, challenge-2015]"
232,Lance,[]
233,Sara Stacey,[]
234,Hannah,[]
235, Brittany,[]
236,Joffrey,[for-university]
237,Princessmombi,"[own, ancient-literature, epic-poetry]"
238,Evan Leach,"[roman-literature, poetry, ancient-literature, religion-and-myth, epic-poetry, epic]"
239,Joe Steven,[]
240,James,[]
241,Elisabeth Sepulveda,"[literature, history]"
242,Qi,[]
243,Mel Vincent,[ancient-books]
244,Maëlys,[]
245,Nick Shelton,[]
246,Seth Holler,[]
247,Matt,[]
248,Jacob Aitken,"[philosophy, the-western-canon, roman-empire, hellenism]"
249,Scott Kleinpeter,[]
250,Mate,[classics]
251,Stephen,[]
252,Anne,"[classics, history]"
253,Anna,[]
254,Gemma,[read-for-uni]
255,Cecilia,[2013]
256,Makala,[]
257,Dorene,[]
258,Vincent Powell,[]
259,Libby,"[year-of-only-good-books, summerreading08]"
260,Maggie Ferguson,[]
261,Michelle,[]
262,Michal,[]
263,Anton Himmelstrand,"[roman, classics]"
264,Broodingferret,"[fiction, poetry, classics]"
265,Liz Wager,[given-up]
266,Arthur Sperry,[favorites]
267,James Aaron Kirkpatrick,[finished-in-2015]
268,Maigen,[]
269,Brita,[]
270,Jules,"[owned, epic-poem]"
271,Jose Maria,[]
272,Kaitlyn Williams,[]
273,Mia Westfere,[]
274,Marianne,[]
275,J.,"[poetry, classics]"
276,Bryan Neuschwander,[]
277,Rahul Ghosal,[]
278,Laurel Hicks,"[audible, 0-kindle, books-read-in-2012]"
279,Robert Paglia,[]
280,Patricia,[classics]
281,geoff,[]
282,Sydney,"[poetry, classics, read-for-school]"
283,ITUNU DARAMOLA,[classic]
284,Raina,[]
285,John,[2012]
286,Jason Warren,[]
287,Sean Garrett,[finished]
288,Lianna,[one-uppers]
289,Giulia (FCBGiulia),[]
290,Blair,[classics]
291,Jaime Contreras,"[fiction, historical-fiction]"
292,Terry,[mythology]
293,Jeremiah Boydstun,[poetry]
294,Danielle Gehrmann,[]
295,Johannes Bertus,[]
296,Zari,"[classic, literature, myth]"
297,Gwen Burrow,[history]
298,Annie,"[classics, epic-fantasy, school-and-uni, family-relationships, classical-literature]"
299,MiMi,"[hate-list, school-required]"
300,Colleen Baker,[]
301,Mary Overton,[]
302,jillian nessie ,"[classics, mythology, the-dread-shelf-of-required-reading, question-mark-question-mark]"
303,C. Cengiz Cevik,[]
304,Veronica,[]
305,Jason,"[classics, historical-fiction]"
306,Maan Kawas,[]
307,Jeremiah Gumm,[]
308,Steve,[]
309,Allison Riehl,"[classic, historical-fiction, mythology, poetry]"
310,Gary Hoggatt,[all-fiction]
311,Dawn,"[classics, 400-pre, locale-roman-empire, read-2015]"
312,Jesse,[]
313,Edward,"[own, poetry, italy-rome, 5-star, translated]"
314,David Lentz,[]
315,Jay Wright,[]
316,Sheryl Tribble,[]
317,Jeremy,[poetry]
318,Whitney Campbell,[]
319,Lars Guthrie,[]
320,Adam Floridia,[]
321,Khaled Al-Bahnsawy,[miscellaneous-literature]
322,Brad Pettigrew,[]
323,Trey Kennedy,[sjc-programbooks]
324,Kerry,[historical-fiction]
325,Andrew Diamond,[]
326,Amanda,[]
327,Caitlin,[]
328,Hyper Chick,[]
329,Lisa (Harmonybites),"[classics, fantasy, historical-fiction, poetry, 100-significant-books, fiction, ebooks]"
330,Totoptero Bastidas,[]
331,Maggie,[]
332,Georgia,[]
333,Laine Parker,[]
334,Cheryl Crittenden,[]
335,Emm,[classics-greco-roman]
336,Vicki,[1001-books-you-must-read-before-you]
337,Trevor,[literature]
338,Bethany,[]
339,Rachael,[classics]
340,Henry Sturcke,[]
341,Donna,[]
342,Laura ,[greek-roman-myths-and-legend]
343,Syafiqah,[]
344,Belén,[lecturas-romanas]
345,Yann,"[antiquité, italie, épopée, fiction]"
346,Barbara,"[classics, nonfiction, audio, own, catch-up-classics, 6-classics-for-2015, 6-nonfiction-for-2015, 6-classics-for-2016, 2016, 6-nonfiction-for-2016]"
347,Kimberly,[classic]
348,Ann,[]
349,Rachel,[]
350,Jules Goud,"[gods-myths-the-higher-powers, back-in-time, royalty-and-revolutions, the-spirit-world, nonfiction, zee-classics]"
351,George Seminara,[]
352,Becca,[]
353,Laurel,[]
354,Shannon,[]
355,Jim Coughenour,[classics]
356,Eliana Rivero,[]
357,Athens,[]
358,Tim,"[theology, politics, history, fiction, worship-liturgy]"
359,David Sarkies,[myth]
360,Dan Weaver,[]
361,Laura,"[classics, audio-books, drama, read-2013]"
362,Kimberly Willson - St. Clair,[]
363,Becky,[]
364,Abigail Coughlan,[classics]
365,Diamond Cowboy,[]
366,Christy,[]
367,Bethany Murray,"[historical-fiction, poetry]"
368,Danny,"[fiction, history, audiobook]"
369,Tg Unrauski,[]
370,Elaine D,"[fiction, textual, adult-like, classics]"
371,Tony Duncan,[]
372,Nancy,"[greatest-classics, vassar-reading-club-tammy-homer-nan]"
373,Jenny,[adult]
374,i!,"[poetry, antiquity, in-translation]"
375,Kirsti (Melbourne on my mind),"[classics, classics-club, 2015, own-it-hard-copy, plays-verse-and-filmscripts, translated, setting-europe, war]"
376,Frederick Bingham,[]
377,Talyseon Talyseon,"[fantasy, classics, roman-historical]"
378,Mackay,"[best-books, classics]"
379,Peter J.,[]
380,Julia,[]
381,Lswinakur,[fiction]
382,زاهي رستم,[]
383,RandomAnthony,[]
384,Adele Emami,[]
385,Pete,[]
386,Nathan Parker,[]
387,Ghislaine,[]
388,Daniel,[]
389,Clodagh,[read-for-school]
390,Melora,[listened]
391,Bo,"[avoided-but-eventually-enjoy, class-assigned]"
392,Grace Jamison,[]
393,Yipeng,[]
394,Christopher,[]
395,Luke Meehan,[]
396,Shari,[classics]
397,Oliver Twist & Shout,[italia]
398,Saoirse Sterling,"[literary, champion, past-has-passed, roman, masculine, bce1, bookshelf]"
399,Steven Peterson,[]
400,Nelson,"[university, classic-literature, poetry, adventure, epic-heroic, classical, owned-books]"
401,Vicki Cline,[ancient-history]
402,John Devlin,[]
403,Federico Trejos,[]
404,Ivana Split,[]
405,Ari,[]
406,Juliette,"[university, best-of]"
407,Darío,"[curso-2014-2015, curso-2015-2016]"
408,Mark Spano,[]
409,Mara,[]
410,Shaya,"[classics, summer-fall-2011, fysem]"
411,Viktória Anna Imre,[]
412,Andy,[]
413,Jonathan,[]
414,David Bisset,[]
415,Leo,[]
416,Dave,[]
417,Chris,[]
418,Tegan,[classics]
419,nathank,[]
420,Bill,[]
421,O,[]
422,David,[]
423,Remi,[reviews-by-remi]
424,Bob,[top100]
425,Allison Rockwell,[]
426,Amber,[]
427,Taylor,[read-for-school]
428,Leigh,[]
429,Patrícia,"[meus, history, foreign-literature, epics, leituras-2012]"
430,Bullfrog,[]
431,Rob,"[literature, classics, poetry, everyone-dies, read-in-2012]"
432,Catherine,"[favorites, undergrad, high-school]"
433,Rebe,"[read-for-k12-school, adult, poetry, war, classics]"
434,Nahia,[universidad-2015-2016]
435,Poni,[]
436,Amy Wilder,[]
437,Desclian,[classical-literature]
438,Cameron,[]
439,Jessica Walters,"[drama-epic-poetry-shortstories, great-books]"
440,John Zorko,[]
441,Katie,[2-stars]
442,Simon,[]
443,Vickii,"[classics, mythology]"
444,Kapmando,[]
445,Ela,[]
446,Ivan,[]
447,Aaron,"[literature, favorites]"
448,Diana Enma,[]
449,Shad,[]
450,Jeannette,[]
451,Daniel Flores,[]
452,Jessica Neubauer,[]
453,Clare Farrelly,[]
454,Shawn,[]
455,Jason Twombly,[]
456,Jamie,[]
457,Megan,"[greek-mythology, war, slow, classic, ancient-civilisations]"
458,Leanne (Booksandbabble),[]
459,Amy,"[historical-fiction, mythology]"
460,Lydia,[]
461,Bill V,[]
462,Katharine,[humanities]
463,Elena,[]
464,Megan Openshaw,"[classics, historical]"
465,kacie,[]
466,Bryan,[novels]
467,Realini,[]
468,Scott Cox,"[classics, fiction, mythology]"
469,Ashton,[favorites]
470,Emma B,[]
471,Iris Yoon,"[sophmore-school-year-2012-3, for-school]"
472,Jenell,[roman-studies]
473,Jeff,[classic]
474,Diana,[favorites]
475,Haley,[]
476,Caitlin Simm,"[real-life-inspired, sad, death, dreams-imagination, imortal, comedy, fantasy-religion, time, adoption, religion, romance-love, fictional-character-biographies, friendship, war, violence-of-any-kind, read-books, books-i-can-relate-to-parts-of, multiple-sides-of-the-story, fiction, classical, old-books]"
477,Joseph,[]
478,Tony,[]
479,Virgil,[]
480,Alison,[]
481,Rikke Bay,"[classics, university-1st-semester, read-in-2016]"
482,Josh,"[fiction, history-ancient, poetry]"
483,Sean Keogh,[]
484,Eugene Woodbury,[]
485,Parthiban Sekar,"[translated-texts, owned, myth]"
486,Melissa,[]
487,Chad Warner,[fiction]
488,Seawood,"[2012-200-books-challenge, coursera]"
489,Nate Herring,[]
490,Jamie Cain,[]
491,Traci,"[4-stars, 100-greatest-easton-press, poetry, books-read-in-2010]"
492,Andrew,[]
493,booklady,"[2005, classic, literature]"
494,Jay Bennett,[]
495,Trevor Maliborski,[classics]
496,Maria,[in-2012]
497,Alex,[]
498,Lea Bech-Sjøthun,[]
499,Nicole Eastwick,[books-i-own]
500,Eve,[]
501,April,[]
502,Rick Carter,[]
503,Coco,[]
504,Odoublegood,[]
505,Alec,[]
506,Shannon (Giraffe Days),"[book-club, classics, 2012]"
507,Sparrow,"[punching-tour, reviewed, needs-a-sassy-gay-friend-real-bad]"
508,Natasha Hassan,[]
509,Calilibrarian,[]
510,Larissa Langsather,[]
511,Glaiza Mae,"[favorites, absolutely-loved-it, school-assigned]"
512,Emily,[read-in-2016]
