,user,tags
0,Mamdouh Abu Borda,[]
1,Andrew Sydlik,[classical-literature]
2,Jim,"[3classics, 2fiction, fantasy, sword-sorcery, historical, 1paper, war]"
3,Maaha Rafique,[favorites]
4,Mossja,[]
5,دينا سليمان,[]
6,Eli,[]
7,Alana,"[books-to-film, classics, political, foreign-culture, poetry, supernatural, 2016-books-to-film, epics]"
8,Monique,[]
9,João Fernandes,"[greek-roman-classics, poetry, war, favorites]"
10,Coleccionista  de finales tristes ,[]
11,Suzanne Moore,[]
12,Ritwik,[]
13,Yuè,"[reviewed, you-might-say-think-they-re-straigh, classics-politics-idk]"
14,Elaine,[books-i-own]
15,J.G. Keely,"[epic, reviewed, greece, favorites]"
16,Enzo,"[favorites, historical-fiction, thriller, war, romance]"
17,Thomas,[western-canon]
18,Larajoline,[]
19,Sosa300,[]
20,Kathryn,"[great-books, on-my-nook]"
21,Conor Mcauliffe,[]
22,Yasmeen,[read-in-class]
23,Sarah (Presto agitato),"[favorite-books, mythology, ancient-greece]"
24,Ahmad Sharabiani,"[poetry, classic, literature, legends, mythology, war, epic, 08th-century-bc]"
25,Ryan Hatch,[]
26,Jane,"[owned-books, reviewed, poetry, ancient-greece, mythology, troy]"
27,Cano Costilla,[]
28,Old-Barbarossa,[]
29,Jessica,[war-is-hell]
30,mariam yeghiazaryan,[daria]
31,K.M. Weiland,[]
32,Linh,"[fantasy, poetry, historical-fiction, classics]"
33,Naboukhodonosor,[all-time-no]
34,محمد  جبر,[الملاحم]
35,Charlie,"[to-reread, lgbt-etc, my-actual-bookshelf, desert-island, made-me-cry]"
36,Olethros,[]
37,Tefi Beltran,[]
38,Karina Torres,[class-readings]
39,Ernest,[fiction]
40,David,[]
41,Nahed.E,[للدراسة]
42,aPriL does feral sometimes,"[favorites, awesomely-horrifying-loved-it, unbearably-sad, read-a-second-time, literary, horror, historical-fiction, illuminating, war-war-war-and-more-war]"
43,Erik Graff,[poetry]
44,Jennifer,[]
45,William Kirkland,"[war, fiction, poetry, tabled]"
46,Nick,[]
47,Gökhan Kantar,[]
48,Miquel Reina,"[classics, top-books, adventure, mustread]"
49,S.,[u-of-c]
50,Bill Glover,[]
51,Rita,[library]
52,Tobias,[]
53,Clif Hostetler,[epic]
54,Natasha Carlisle,[]
55,Brandon,[literature]
56,Cory,[]
57,Simona F.,"[troian-war-set-in-or-refers-to-troy, classics]"
58,Gülayzer,[]
59,1CheekyLass,"[favs, audiobook, favorite, greeks, classics, mythology]"
60,Bad Horse,[]
61,Butterfly2507,[]
62,Stevelvis,[]
63,Ryan Milbrath,[]
64,Stephanie Ricker,"[classics, poetry, war, ancient]"
65,サユミン,[persian]
66,Adam Wiebe,[]
67,William Cenlam,[11-grade-cbc-bookshelves]
68,Heather,"[classics, middle-school-literature-curriculum]"
69,Jo Danilo,[]
70,Rosun Rajkumar,[]
71,Barnaby Thieme,"[greece, religion-mythology]"
72,Albaraa Najjar,"[favorites, fiction]"
73,Brian ,"[favorites, fantasy, 2015, drama]"
74,midnightfaerie,[classics]
75,Nancy Burns,[]
76,Amira,[]
77,Monika,[2015]
78,Sandra Miksa,"[classics, historical-fiction, poetry, english-paperbacks-own, books-i-reviewed, 2015-reads, literature, fantasy, fiction, english-university-reads, war, mythology, rory-gilmore-to-read, rory-gilmore-all]"
79,Natalie,[]
80,max,[greek]
81,Ren nerdychampagne,[]
82,James Murphy,[]
83,Ryan,[]
84,David Miller,[]
85,Gazelle,[]
86,Alayne,[]
87,Kathy Weitz,"[kindle, providenceprep, audible]"
88,أسماء,"[2015-challenge, الأساطير, أدب]"
89,astried,"[verse, 2014]"
90,Jeane,[]
91,Nikki,"[classics, poetry, greek-roman, for-class, myth-legend-saga-etc]"
92,(9 3/4) Gerasimos,[]
93,Gökçen Cansu Solter Aydıner,[]
94,Simon,[to-really-read-asap]
95,Riku Sayuj,"[favorites, classics, reference, history-civilizations, myth-religion, philosophy, epics, spiritual, r-r-rs, epic-stuff, translated, ww1, war, religion, great-books-quest]"
96,Athena Ninlil,[favorites]
97,Crito,[2016-goals]
98,Marco,[]
99,Moxxi,[not-worth-it]
100,Ruth Williams,[]
101,Natalia Scarpin,"[historical-novel, epic, greek-mythology, 2015]"
102,Brian Willis,[]
103,Joseph Lopez,[]
104,Nicholas Armstrong,[]
105,Darwin8u,"[2011, aere-perennius]"
106,Alisa,[classics]
107,Grace,[classics]
108,Katie Herring,[verse]
109,Grace Tjan,"[classics, doorstoppers, 2011]"
110,Robby Burke,[etec-545-classics]
111,Michael,"[the-greeks, ancient]"
112,Breianne Ehigie,[]
113,Dulce Zamarron,[world-lit]
114,Karine,[university-books]
115,Katy,"[adventure, poetry]"
116,Salah Sameh,[]
117,Elliott Bignell,[]
118,Sergi Montes,[]
119,Big Brother,"[europe, bestest, poems, myth-religion, list-501, war-genocide, list-world-library]"
120,Willy Schuyesmans,[]
121,Read_at_Gunpoint,[]
122,A.L. Sowards,"[classics, read-more-than-once, action-and-adventure]"
123,Zelda,[2013]
124,Mzattw,[]
125,matt,"[fictions-of-the-big-it, worldly-lit, historical-fiction, shaggy-monsters, ancients]"
126,Stefan Yates,[classic-literature]
127,Elizabeth,[favorites]
128,Philipp,[1950s]
129,Juliette,[]
130,Joe,[poetry]
131,Mike (the Paladin),[classics]
132,Archgallo,"[favorites, mythology, poetry]"
133,Roland Allnach,[]
134,Becca Martinson,[alreadyread]
135,Vic Carstairs,[]
136,Valerie,[]
137,Reem Atallah,[]
138,Enas Ghazi,[]
139,Robert Rubin,[]
140,Jeff Miller,[]
141,Huda Aweys,"[watched-its-movie, religions, historical-fiction, classics, fantasy, cultural]"
142,Ajax Minor,[poetry]
143,Writerlibrarian,"[re-read, august-pile, atozchallenge2009, read2009, readbefore2005, mythology-greek-fiction]"
144,Ivana,[]
145,Shane,[]
146,Jana L.,[]
147,Orchid,[own]
148,Sébastien Bernard,[]
149,Kiera,[classics]
150,Muhannad,[]
151,Shahad takleef,[]
152,Briynne,[]
153,Fayafi M,[تاريخ]
154,jjonas,[fiction]
155,محمد الجاحظ,[]
156,Graeme Pitman,[]
157,Lucian McMahon,[summerreading2013]
158,Anthony,[]
159,Hindooh,[]
160,Debbie Zapata,[pg]
161,Miriam,[]
162,Marc Kozak,[]
163,Patrice,[]
164,Patrick,[]
165,Common Humanity,[books-to-change-the-world]
166,Juniper Shore,"[drama, greek-mythology]"
167,AGamarra,[favorites]
168,Patrick Gibson,[classic-literature]
169,Bogdan Liviu,[]
170,Gema,[]
171,Eneas,[]
172,kaelan,"[religion-mythology, poetry]"
173,Richard,[]
174,Malak Alrashed,[]
175,Maddie,[]
176,Joanie,"[own, classics, poetry, war, fantasy-magic-tales, 2016]"
177,Sara Sbaraglia,"[pre-xvii-secolo, grecia]"
178,Farshad Firuzi,[]
179,St-Michel,"[1999, own]"
180,Albert,[]
181,Shelli Foth,[]
182,Mahdi,"[فیلمش-رو-دیدم, خلاصه-ش-رو-خوندم, فانتزی, اسطوره-شناسی]"
183,Leez Matías,[]
184,Ash,[]
185,Sayo Manzini,[]
186,Evan Leach,"[greek-literature, 6-star-books, poetry, ancient-literature, epic-poetry, epic]"
187,Szplug,[]
188,CynthiaElle,[]
189,Rosemary,[ultimate-teen-guide]
190,Alexis Johnson,[classics]
191,Aurélie,"[religion-spirituality-mythology, masterpiece, children-books, antiquity-ancient-times, classics, epopee-epic, greece-rome-italy, war-world-wars]"
192,Jemma,[]
193,Andrew Yarbrough,[]
194,Ian,"[kicked-my-ass, love-strong-women]"
195,Anna C,[read-for-a-lit-class]
196,Leni Iversen,[classics]
197,Mate,[2016]
198,Tracie,[]
199,Stephen,[]
200,Anna,[oudheid]
201,Marta Querol,"[clásicos, drama]"
202,Mike W,"[fiction, history]"
203,Jill,[]
204,"Captain Sir Roddy, R.N. (Ret.)","[poetry, adventure, classics-of-antiquity, my-western-canon, read-in-2011, american-authors-translators, translations, mythology-mythopoeia, poet-homer-iliad-odyssey]"
205,Charbel,"[classics, fantasy, philosophy]"
206,Antonomasia,"[mythology, ancient-world-texts, ebooks-kindle, 2014]"
207,Ma Linh,[greece]
208,Michelle,[]
209,Doreen,"[2016, klassik]"
210,Muath Aziz,"[fiction, poetry, 2016, epic, classics, mythology, saw-film-too]"
211,Emma Brown,"[fiction, history, poetry]"
212,Esra'a,[]
213,Jonathan Arano,[]
214,Bryn Hammond,[epic-and-romance]
215,Thoiba mohmmed,[]
216,Bob R Bogle,[homer]
217,Laurel Hicks,"[audible, books-read-in-2012]"
218,David S. T.,"[read-in-2011, religion, fiction]"
219,Sunshine R,[]
220,Lucinda Elliot,[never-read-again]
221,Madeline,[poetry]
222,Keivan,[]
223,Raina,[]
224,John,[]
225,Iset,[ancient-myths-and-stories]
226,Dustin Simmons,[]
227,Carl Zimmer,[]
228,Abrar Alarjan,[]
229,Fatemah AbdulAmeer,"[2015-reading, روايات-تاريخية]"
230,Peycho Kanev,[poetry]
231,Nandasiri Wanninayaka,[]
232,Mohammed,"[classics, adventure, poetry, favorite-books]"
233,Zari,"[classic, literature, myth]"
234,Lyn Elliott,"[myth-and-folk-tale, classics]"
235,jillian nessie ,"[classics, mythology, the-dread-shelf-of-required-reading]"
236,Jason,[]
237,Laura,"[classic, 2016]"
238,Karen,"[classics, fiction]"
239,Violet,"[historical-fiction, books-to-film-and-plays, books-for-school, classic]"
240,Ben Richardson,"[kindle-books, historic-fiction]"
241,David Lentz,[]
242,David Huff,[audio-book]
243,Jeremy,[fiction]
244,Adam Floridia,[]
245,Drew,"[classical, poetry]"
246,Sabrina L.,[]
247,Lily,"[classics, 2009, myths-and-fairytales, stayed-with-me]"
248,Wed.,[]
249,Yuki,"[fiction, historical-fiction, war, read-for-school, classics, need-to-re-read, greek, read-in-english, its-not-you-its-me]"
250,Sandra,"[historical-fiction, classics]"
251,Rikkert Kuijper,[]
252,Totoptero Bastidas,[]
253,Phil,[]
254,Trevor,"[history, literature]"
255,Deanna,"[classics, greek-latin, book-club]"
256,Cristina - Athenae Noctua,[favorites]
257,Belén,"[favorites, lecturas-griegas]"
258,Yann,"[antiquité, grece, épopée, fiction]"
259,Yani,"[favorites, poesía, universidad]"
260,Jeske,[2016]
261,Danny Daley,[]
262,Daniel Chaikin,[]
263,Jim Coughenour,[greekmythology]
264,Gonçalo Fernandes,"[translated, personal-library, before-christ, ancient-greek, college]"
265,Jarrah,"[adult-fiction, z-folklore-and-mythology, classics, setting-ancient-greece]"
266,sohrab mohajer,[]
267,GoldGato,"[literature, year-round, war, poetry, mythology, ancient-civilization]"
268,Layne Homer,[]
269,Rabbit {Paint me like one of your 19th century gothic heroines!},"[classics, poetry, religious, palate-cleanser, five-stars, keepers, chunkster, high-expectation-shelf-2015, books-i-read-in-2016, mount-tbr-2016, mythology]"
270,Eadweard,"[mythology, greek, epics, classics, favorites-or-really-liked]"
271,i!,"[poetry, antiquity, in-translation, annual-reads]"
272,Shaikha Alkhaldi,[read-2016]
273,Kirsti (Melbourne on my mind),"[classics, 2015, own-it-kindle, plays-verse-and-filmscripts, translated, setting-europe, war]"
274,Lucy Barnhouse,[classics]
275,Terence,"[poetry, audio-books, mythologies]"
276,❁ بــدريــه ❁,"[favorites, نسخ-ورقية, 2015, في-مكتبتي, تاريخ]"
277,Karl,[]
278,Sarah,"[own, reviewed]"
279,Lotz,"[best-words-best-order, oldie-but-goodie]"
280,Russell,[]
281,Michael Gerald,[]
282,Daniel,[]
283,Nicholas,[]
284,María Paz Greene,[]
285,Jeremy Egerer,[]
286,Victoria,[]
287,Christopher,[]
288,Anirudh,[classics]
289,Neal Adolph,"[2015-reads, european, poetry, favourites, translated]"
290,عمرو,[أمتلكها]
291,Ayman  Agour,[]
292,Summer,"[own-physical, classics, read-for-school, mythology, drama-plays-poetry, reviewed]"
293,James,"[edminster-group, u-of-chicago, classics, poetry, sunday-morning, essential-man-s-library, ancient-greece]"
294,Brigid *Flying Kick-a-pow!*,"[books-for-school, mythology, bromance, written-in-verse, historical-fiction, fantasy, classics]"
295,Steven Peterson,[]
296,Emilia,[]
297,Lauren Henderson,"[classics, netgalley]"
298,Kenghis Khan,[]
299,Matt Holmes,[]
300,Ebster Davis,[]
301,André Shart,"[favorites, owned-books, classics, reviewed, college]"
302,اویس,[favorites]
303,Sajjad A. Mohammadi,[]
304,Reuben,[]
305,Mark,[]
306,Aya Abo3ghreb ,"[classic, bests, great-epics, historical-fiction]"
307,Geoffrey,"[poetry, fiction-classics, translations-from-greek]"
308,Andy,[]
309,(ha)Ley,[]
310,Michelle☆Elizabeth,"[college, owned-tbr_f-thru-j, head-meet-desk_desk-meet-head, amazon, omnibus, this-is-gonna-take-a-while, here-and-there]"
311,Jonathan,"[personal-favourites, classic-literature, fantasy, poetry, fantasy-sci-fi-challenge, classic-challenge-2, popularity-contest-2, countries-challenge, alphabet-challenge]"
312,Griffin Reksten,[]
313,Frank,[]
314,Kilburn Adam,[]
315,Terry ,"[this-may-take-awhile, poetry]"
316,Chris,[]
317,Nerdish Mum,"[owned-books, ebook, read-2016, buddy-reads]"
318,lyell bark,[]
319,Edlira Dibrani,[]
320,JoséMaría BlancoWhite,"[classics, favorites]"
321,Antonio,[]
322,Hosanna,"[blast-from-the-past, favorites, read-again, 2012]"
323,Sivoj,"[historical-fiction, war, mythology, antiquity, other-languages]"
324,Thiago,[]
325,Demetrius Dennis,[]
326,Io?,"[ancient-greek, epic-poem]"
327,Isha Ali,"[classics, fantasy]"
328,Kelly ,[]
329,Nika,[]
330,Fatima Saeed ,[]
331,Kristy,[]
332,Peter Goodman,"[history, military-history, classics]"
333,Amjad Almakki,[خطة-قراءة-ملاحم]
334,Johnny(My Realm Of Books),[]
335,Brannon,[]
336,Jamie,[audio-books]
337,Megan,"[poetry, works-in-translation, mythology, classics]"
338,Amy,"[favorites, classics, classic-lit, audio]"
339,diana,"[poesía, griegos-y-latinos]"
340,Lydia,"[favourites, classical-literature, 2016]"
341,Bill V,[]
342,AliReza Alef,"[ادبیات, نیمه-خوانده-شده]"
343,Araz Goran,"[تاريخ, أدب, شعر, أدب-كلاسيكي, أفضل-ما-قرأت, ملحمة, الأعمال-الخالدة]"
344,Sarah Franjoine,[]
345,Giedre,[]
346,Mahmoud Radi,[ancient-greek-literature]
347,Omar BaRass,[]
348,Addicted to Books ,"[own-kindle, books-should-have-been-on-1001-list, literary-syllabus, favorites]"
349,Praiz Sophyronja ,"[books-i-have, mythology, old-time-kings-assassins, fucked-up, memorable, fighting]"
350,Jean,[]
351,Sanjay Varma,"[poetry, novels]"
352,Christianto Wibowo,[]
353,Jeff,[]
354,Haley,[]
355,Ad Astra,[]
356,Matthew Lloyd,"[favourites, academic, ancient-literature-in-translation]"
357,Alison,[]
358,Jesse,"[would-read-again, essentials-syllabus]"
359,علی,[epic]
360,Charlotte Hamilton,"[read-in-2014, genre-mythos, standalones]"
361,htanzil,[]
362,Melissa,[]
363,Ben,[]
364,Nate,[]
365,Kaila,"[classics, military, so-fucking-epic, boats, mountains, gritty-dark-blood, gods, i-own-this, poignant-and-beautiful, 2015, for-class, mythology]"
366,Max,[classics]
367,M.J. Kelley,"[classics, reviewed-books, 2015]"
368,Shadn ,[]
369,Avalon,"[prep-for-college, ancient]"
370,Mario,[favorites]
371,Paul Pensom,"[folklore, history-ancient, myths-legends, poetry, on-loan]"
372,Laz,"[classics, literature]"
373,Tracy,[]
374,G.D. Master,"[classic, graphite-drug, adventure, academic]"
375,Cindy Rollins,"[morningtime, 2014]"
376,Zac Stone,[]
377,Fernando,[favorites]
378,Porsha,[]
379,bibliophile 2196,"[classics, favourites, best-reads-2016]"
380,Dawson Dailey,[]
381,Cindy,[]
382,Jan-Maat,"[read-in-translation, classical-and-late-antiquity]"
383,Dedrick Moore,[]
384,Hamza,[]
385,Sparrow,"[favorites, classic-or-cannonical, poetry, reviewed]"
386,Abdulrhman,[]
387,Daniel Clausen,[]
388,Faeze Taheri,[]
389,Scott,[myth-legend]
390,جابر طاحون,[ملاحم_تاريخية]
391,Kadir Kılıç,[2016-da-okunanlar]
392,Emily,[favorites]
