,user,tags
0,Florencia,"[favorites, russian, if-only-i-were-a-cat, dostoyevskyesqueasdfdsfd-ism, read-in-groups-or-kind-of]"
1,Lotz,"[highly-recommended-favorites, novels-novellas-short-stories]"
2,Chrissie,"[philo-psychol, soviet-union, religion, hf, audible, 2014-read, classics]"
3,Sama,[]
4,حماس,[international-words]
5,Riku Sayuj,"[favorites, classics, philosophy, foriegn-lit, spiritual, r-r-rs, translated]"
6,Skylar Burris,[classics]
7,Sara Steger,"[serious-fiction, classics]"
8,Sergio Conti,[]
9,Mahmoud Homsi,"[psychology, favorites, philosophy]"
10,Leonard,"[literature-russian, favorite, literary-novels]"
11,Christopher,"[classics, 500-pages-or-more, russian, 19th-century]"
12,Himanshu,"[favorites, to-re-read, hulk-smashed-my-mind, unforgettables, ohh-those-russians, fat-bucket-list]"
13,Parastoo sahebi,[]
14,Nathanimal,[russian]
15,Amin,[favorites]
16,Miria,"[ebooks, audiobook, russia, whodunit]"
17,Diletta,[]
18,Corey Wozniak,[]
19,Laura,"[i-love-this-book, very-interesting, epic, classics, fiction, russian-literature, favorites, philosophy, realism]"
20,Bonnie,"[reviewed-books, recommended, to-reread, classics]"
21,Melika Khoshnezhad,[]
22,Dominic,[]
23,Rawley,[]
24,Paul Martin,"[favorites, 2014]"
25,Mamdouh Abdullah,[favorites]
26,Gillian,[]
27,Bryn Hammond,[novelists-or-shorts]
28,Ivan Damjanović,[favorites]
29,Jeffrey Keeten,[the-russians]
30,Setareh Ezzatabadi,[]
31,Wayne Barrett,"[classics, religion, 2016, philosophy]"
32,رانيا محيو الخليلي,[]
33,Sonya,[]
34,Վոլտ,"[authors-i-adore, books-i-adore, before-after-movie, classic, more-than-400-pages, translated, russian, dostoyevsky-fyodor]"
35,Amel El idrissi,[russian-literature]
36,Paul,"[own-hardback, own-paperback, favorites, read-2015]"
37,Dolors,"[best-ever, read-in-2014]"
38,Muhammad Arqum,[]
39,خارج نطاق الكوكب ,[]
40,Ahmad Sharabiani,"[classic, literature, 1001-book, russia, 19th-century]"
41,julieta,"[favorites, rusinskis, eslavófila]"
42,Rakhi Dalal,[]
43,Evripidis Gous.,[]
44,Ellen,"[favorites, novels]"
45,Munema,"[psychology, christianity, religion, fiction, philosophy, favourites]"
46,Ketabism.Ir,[]
47,Paula,[]
48,Amir imani,"[ادبیات-روس, فلسفی, کلاسیک]"
49,matt,"[fictions-of-the-big-it, wisdom-philosophical-investigatons, top-shelf, shattering, shaggy-monsters, re-readers]"
50,Apatt,[classics]
51,Geoff,[]
52,Zanna,"[russia, translated]"
53,Vanja Antonijevic,[]
54,ahmed Eid,[desteovesky]
55,Arcadia,[]
56,Somayeh Pourtalari,[]
57,Jason Pettus,"[classic, victorian, character-heavy]"
58,Omid Majidy Pour,[]
59,Helle,"[classics, 1001-books, guardian-1000-must-read]"
60,David,"[classic, literary, audiobook, crime, russia, 1001-books-to-read-before-you-die, 19th-century, russian-literature, character-studies]"
61,Fatin,"[favorites, cobwebs, reviewed, russian-lit, owned, read-this-you-will-thank-me]"
62,Jimmy,"[russia, novel, male, year-1880s]"
63,Erik Graff,[literature]
64,Moriartyandherbooks,[]
65,Khaled Adawy,[mine]
66,Bushra,"[روايات-مترجمة, جنون, المفضلة, فيلم]"
67,Poncho,"[favorites, read-in-2015, russian]"
68,Katie,"[favorites, fiction]"
69,Marquise,"[favourite-books, classics, 5-stars, in-mother-russia, exceptional-characters]"
70,Jeremy,"[review, literary, translated-from-russian, canon, the-russians]"
71,Emadeddin,"[favorites, remarkable, to-buy, 2013-reads, watched-its-movie, i-need-six-stars-for-this, books-i-should-re-read, life-changing-books, في-الطريق-إلى-الإيمان, best-of-2013, فلسفة-وعلم-ودين, كتب-أبكتني, دوستويفسكي-العظيم]"
72,Andrei Tamaş,[favorites]
73,Harsha Varma,"[read-in-2014, 5-f-ing-stars, classics, russian-literature, the-maestro, a-z-challenge-2014, favorites, joy-of-literature]"
74,Nick,"[uiowa, russian-winter]"
75,Perry,[]
76,Jamie,[the-essentials]
77,Chris_P,"[classics-and-modern-classics, 5-star-diamonds]"
78,Dostoyevsky BTS,[essential-dostoyevsky]
79,Rosalba,[]
80,peiman-mir5 rezakhani,[داستان-و-رمان]
81,Ahmed,[]
82,Ben,"[favorites, good-fiction, philosophy, religion-spirituality, read-in-2009, to-read-again, all-time-favorites, romantic-love-and-hate, families, memorable-characters, tough-guys-and-gals, important-message, funny-shit, transformative-experience]"
83,Ümit,"[favorites, fiction, foreign, classics]"
84,El,"[19th-centurylit-late, russia, big-effing-books]"
85,Ilenia Zodiaco,"[favorites, big-books]"
86,Nesli,"[in-my-library, favorites]"
87,Maica,"[classics, fiction, favorites]"
88,Meteori,[]
89,Nathanial,[fiction]
90,Hamid Hasanzadeh,[novel-novella]
91,Alex ,"[fiction, russian]"
92,Salma,[]
93,Elin,[]
94,Rachel,[fiction]
95,Jean-Paul Werner Walshaw-Sauter,"[favorites, fiction-russia]"
96,Thành Trung,"[favorites, historical-fiction, classics, mystery-thriller-horror, best-characters-ever, masterpiece, philosophy]"
97,Priyanshu,"[to-re-read, religion]"
98,Elisa,"[letteratura-russa, preferiti]"
99,Jesse,[]
100,Michael,"[classics, 1001-books-to-read-before-you-die, russian, translated-fiction, 19th-century]"
101,Shivam Chaturvedi,"[love-the-cover-art, classics, philosophy, favourites, russian-literature, books-in-my-library]"
102,Richard,"[fiction, classic]"
103,Fernando,[]
104,Chiara Pagliochini,[letteratura-russa]
105,Gautam,"[inspiration, favorites, russian-literature, epic]"
106,Brian,[ruard_referred]
107,Ellie,"[family, fiction, literary, russian, kindle, 2015indchallenge]"
108,Danielle,[fiction]
109,Ulia,"[classics, russian, favorites]"
110,Zachary Fletcher,"[favorites, classics, 1800s-fic, russian, translated]"
111,James Eckman,"[fiction, book-club]"
112,Nikos Tsentemeidis,"[favorite, russian-literature]"
113,Cheryl,"[international-intrigue, mesmerizing, classic-lit, fiction, spiritual-philosophical, russian-lit, the-psyche]"
114,Pietrus Block,[]
115,Hoyt,[]
116,La pointe de la sauce,[]
117,Betül,[]
118,Núria,"[2006, prestados, literatura-rusa, decimononicos, 4-muy-buenos]"
119,MJ Nicholls,"[novels, borscht-and-kvass, voluminous, pre-1900s, oxford-classics]"
120,Ken Moten,"[favorites, russian-stuff, philosophy-stuff]"
121,Navid Jahanshir,[]
122,Mahdi,"[محبوب-ها, داستان-خارجی]"
123,Panos Lettas,"[favorites, russian-literature]"
124,Milad Soor,"[فلسفی, جنایی, رمان, مورد-علاقه]"
125,Szplug,[]
126,Duygu,[]
127,Alex,"[2011, favorite-reviews, reading-through-history, russia, rth-lifetime]"
128,Seth,[]
129,Tania,[fiction]
130,Jelena,"[favourites, re-reads, own]"
131,Nasim Dehghan,[]
132,Ophelia.Desdemona,[]
133,Jan-Maat,"[19th-century, novel, read-in-translation, russia-and-soviet-union, politics-and-polemic, religion]"
134,Conrad,"[masterpieces, fiction, russia]"
135,Lisa (Harmonybites),"[classics, mystery, 100-significant-books, fiction, novels, ebooks, before-i-die, 2014-around-the-world]"
136,Janet,[russia]
137,Kirk Smith,[classics]
138,Simona Bartolotta,"[favorites, 1800]"
139,Rick Slane,"[historical-fiction, adult-fiction, history, novels, literary-fiction, fiction, russian-literature, impressive]"
140,Katriina ❆,"[literature, the-russians]"
141,Manny,[]
142,Leslie,[]
143,Aasem Bakhshi,"[classics, owned, favorites, russian-literature]"
144,Dina Nabil,[]
145,Jason Koivu,[fiction]
