,user,tags
0,Horace Derwent,[]
1,Heath Workman,[]
2,Shelby,[]
3,Leah,"[german-classics, historical]"
4,Chrissie,[]
5,Suzy Prybell,[]
6,D.H. Nevins,"[oh-i-m-so-absurd-i-must-be-deep, complete-waste-of-my-time]"
7,Tritocosmikos,[]
8,Lilli Lowrey,"[2015-read, 2-star, bookshelf]"
9,Lewis Lacook,[]
10,Abhishek Rao,[]
11,Dan,[]
12,Ken Mueller,[]
13,Yoka,[]
14,Jordi J,[]
15,Dax,[]
16,T4ncr3d1,"[tedeschi, sfida-mondo, sfida-mattonazzi, sfida-1001]"
17,Angus,"[read-novels, 2013, blogged, nobel-laureates, novel-125]"
18,Erwin,"[historical-fiction, world-war-2, nobel-laureates, magical-realism, german-germany]"
19,Monthly Book Group,[]
20,Carmen Petaccio,[]
21,Felix Purat,[]
22,Michael Fraser,[]
23,Mirabilis,[gangregal-links]
24,Joshua,[2014-reading-list]
25,Jared Logan,[]
26,Ruby,[]
27,leighcia,[fiction]
28,Annm,[]
29,Esme M,[]
30,Melody,[audiobook]
31,Suzanne,[book-club]
32,Simo,[]
33,George,"[writer-not-from-us-canada-or-br, 1001-books-read]"
34,Kevin,[2011]
35,Todd Wright,[]
36,Michael B,[]
37,Ahmad Sharabiani,"[fiction, literature, 1001-book, german, magical-realism, 20th-century]"
38,Qingchuan(Vivian) Lyu,[]
39,Juan de Dios Reyes,[]
40,forbital,[]
41,Danya,[]
42,Anne,[]
43,Angy Napoletana,[]
44,Clay Olmstead,[]
45,Brenda Latamondeer,[]
46,meeners,"[ww2, translation]"
47,مما  قرأت ,[]
48,Czarny Pies,"[favorites, german-lit]"
49,Yupa,[]
50,Erin Dunbar,[]
51,Andras Cser,[]
52,Susan,[]
53,Mohsen Rajabi,[]
54,Rachel Kowal,[]
55,Benny,[]
56,Eliya,[]
57,Mariam Mansuryan,[]
58,Juan Ricardo,[]
59,د. حمدان,[novels]
60,Amanda,[read-for-school]
61,Aisling Gallagher,[]
62,Marksplatter,[]
63,Amrutha,[]
64,Ametista,[]
65,Erik Graff,[literature]
66,Jennifer,[]
67,Bad-at-reading,"[historical-fiction, world-war-ii, nazis]"
68,Martin Hernandez,"[european_writers, nobel-winners]"
69,Cdhrreiws Alan,[]
70,Robert,[]
71,Jeb,[favorites]
72,Nick,"[historical-fiction, german, magical-realism]"
73,Tom,[]
74,Judy Vasseur,[]
75,Rita,"[translated-novel, coming-of-age]"
76,Dale,[]
77,Lena,[fiction]
78,Katelyn,[school]
79,K.D. Absolutely,[]
80,David Cain,[]
81,Joselito Honestly and Brilliantly,[]
82,Christine,[]
83,Ry Pickard,[]
84,Jenny Yates,[]
85,Mahboob,[]
86,Roger,[]
87,Morgiana,"[classical, german]"
88,Mohammad Tavakoli,"[politically-topical, novels]"
89,Sheila,[]
90,Joseph Smith,[]
91,Tina Coppola,[favorites]
92,William T.,[]
93,Nicole,[]
94,Heather,[]
95,Jc Roushar,[classics-translated]
96,Matīss Rihards Vilcāns,[]
97,Ralph,[]
98,Jerry,[]
99,umberto,[fiction]
100,Gijs Grob,"[did-not-finish, novels, fiction, german, eastern-europe, 20th-century-1950s, nobel-prize-winners]"
101,Lis,[2012-reads]
102,رغد قاسم,"[favorites, روايات-عالمية, نثر, روايات, pdf, سرد, أدب-غير-العرب]"
103,Hope R,[]
104,Tania,"[1001-books, german-author, bbc-world-book-club]"
105,Ryan Powers,[]
106,Ania Wanda,[]
107,Nancy Burns,[]
108,Chris Theo,[]
109,Kay,[]
110,Garrett Zecker,[favorite-books]
111,Nathan Rostron,[favorites]
112,Dylan,[]
113,Nathan,[]
114,L.,[]
115,Katie Wilhelm,[]
116,Ryan,[]
117,Claire S,"[pol-paradigm-shift-pssbl, unplsnt-b-good, global, on-writing, politics-learning, historical, religion-morality, psyche-of, pov-content_jewish, meaning-life-etc, novel, form_complexia, fictionalized-history, war-mltry-conflt-occ, id-constructs-race-gender, g_israel, g_cmfrm_deutschland, a-5-evertimeless-interest]"
118,Will,[]
119,Lisa,"[501-book-list, novel-100, books-white-guys-own]"
120,Marius van Blerck,[]
121,Sebastián,[]
122,Sophia,[]
123,Janeh227,"[1001-books, black-as-pitch, german, gunter-grass]"
124,Marlowe,[]
125,Skuli Saeland,"[fiction, historical]"
126,Talieh,[favourites]
127,Dennis Willingham,"[2009, fiction]"
128,Sashinka,[1001-books]
129,Dridge,[]
130,Miss Bookiverse,"[st-school-reads, didnt-finish, gen-historical, st-german]"
131,Sean,[]
132,Liber Guzman,[]
133,Biswajit,[]
134,Victoria Griffith,[]
135,Kevin Hutchinson,[]
136,Jay,[]
137,Artem Huletski,[]
138,Jules,[favorites]
139,Benjamin,[]
140,Greta tra le righe,"[classici, classici-moderni, letteratura-tedesca, nobel]"
141,Kåre,"[litteratur, historical-fiction]"
142,Steven,[]
143,Raamses Díaz,[]
144,Drew,"[big-and-supposedly-difficult, german-lit, nobelles-lettres]"
145,Shucheta,[magic-realism]
146,Sinh Bisen,[the-old-guard]
147,Helen,[world-war-ll]
148,Una Theia,"[fiction, german]"
149,J.M. Hushour,[]
150,Michael,[]
151,Kyle,[]
152,Emily Petroff,[]
153,Gordon,[historical-fiction]
154,Soodeh Haghgoo,[]
155,Philip Glennie,[]
156,Thomas Bartlett,[]
157,Mandy Haggith,[mars]
158,Sam,"[uni, 02-owned-books, sams-essentials]"
159,Ray-The-Pilot,[]
160,Heather Knight,[]
161,Bierka,[2015]
162,Liam,"[trippy, post-modern, c20th-postwar]"
163,Kate,[]
164,Big Brother,"[europe, list-guardian-1000, nobel, list-thousand-and-one, bestest, list-501, unreliable-narrator, magical-realism, war-genocide, list-guardian-100, list-world-library, list-time100, list-daily-telegraph]"
165,Scott Ford,[fiction]
166,Rose,[]
167,"Fatema Hassan , bahrain",[]
168,Inderjit Sanghera,[]
169,Poupee,[]
170,Wendy,"[owned, magical, realism, classic, literature, german, wwii, humor, danzig, gunter, grass, dark]"
171,Nadine Spahni,[]
172,Deborah,[]
173,matt,"[social-crit, fictions-of-the-big-it, worldly-lit, shaggy-monsters]"
174,Elizabeth,[]
175,Jr Bacdayan,[]
176,Aistė,[favorites]
177,Joe,[]
178,Maureen,[]
179,Jason Owen,[]
180,Rico Caraco,[]
181,Lisa Houlihan,"[novel, male, audio, notenglishorig]"
182,Valerie,[]
183,Sujan,[classics-others]
184,Taina,[]
185,Chana,"[trippy-fiction, historical-fiction, classics, not-for-kids, wwll, german, adultery, poland, another-book-i-hated-that-everyone, madness]"
186,Paul,[]
187,Alexander Macho,[]
188,Cristina Sburlea,[]
189,Duane Bowker,[]
190,Chris Chaplin,[]
191,Simona,[]
192,Fahad,"[fiction, favorites]"
193,Alex Nelson,[literature]
194,Huw Evans,"[fiction, german]"
195,Chilly SavageMelon,[]
196,Nurul,[]
197,martin,[]
198,Walter Friedman,[]
199,Hugh,[modern-classics]
200,Christopher Roberts,"[fantasy, 20th-century]"
201,Bethy Boo,[]
202,James Workman,[]
203,Kevin Brown,[]
204,Andrea Garza,[]
205,Anthony,[read-for-book-club]
206,Jeff Jackson,[book-club]
207,Sergey Artamonov,[german]
208,Louis Macko,[]
209,Ronald Morton,[]
210,Greg Z,[reviewed]
211,Manel Fernández,[]
212,Rebecca,[]
213,Jeanette,[]
214,Ahmed,[]
215,Justin,[]
216,Sharla,[]
217,Patrick,[]
218,Victoria Haf,[libros-que-amo]
219,Eduardo Sangarcía,[]
220,Lamentia,"[Čtenářský-klub-lamči-a-tvídi, unfinished-unreadable]"
221,Kurt,[]
222,Craig,"[favorites, 1001-books-to-read-before-you-die]"
223,Teresa,"[n-alemanha, l-1001bymrbyd]"
224,Lester,[]
225,Anna Zenchenkova,[]
226,مروان البلوشي,"[روايات, جائزة-نوبل]"
227,Elise,[]
228,Peter,[]
229,Patrick Robitaille,"[1001, en-français, 1001-challenge]"
230,Mazel,[roman]
231,Diego,"[spanish, owned]"
232,Rhonda,"[philosophy, politics, modern-fiction]"
233,Tora,"[favorites, 2011, mannlige-forfattere]"
234,Sydney,[]
235,Nate D,"[read-in-2009, germany, 50s-unrealist]"
236,Angela,[]
237,Ferris,[]
238,Larry,[]
239,Indrė,[]
240,Lucie Novak,[]
241,نضال,"[كتب-مهمة, كتب-مميزة, favorites]"
242,Bernardo,[2013]
243,Jeremy Kelley,[]
244,Miriam Green,[]
245,Virginia,[literature]
246,Lucia,[]
247,Kim,"[classics, not-again]"
248,Leslie,"[kindle, historical-fiction, guardian-1000, german, nobel-winner, war]"
249,Ana-Maria Cârciova,[]
250,Lull Wain,[to-read-once-again]
251,Lynn,[world-war-two]
252,R.colborne,[]
253,LDB,[]
254,Lucy,[]
255,Amir ali,[رمان]
256,Justin March,[]
257,montana,[]
258,Jumana,[]
259,Tommy,[]
260,Lindsay,[]
261,D.,[classics]
262,Pardis Parto,[]
263,Tyler ,[]
264,Noce,[]
265,Boria Sax,[]
266,Aurélie,"[history, masterpiece, 20th-century, contemporary, modern-classics, magical-realism, germany-eastern-europe-russia, big-book-pave, war-world-wars]"
267,carl  theaker,"[ww2, fancy-fiction]"
268,Jarvo,[]
269,Johnna Sturgeon,[]
270,Matt,"[eyes-on-the-prize, germany-weimar, germany-nazis-ww2, germany-frg-gdr]"
271,Ian,[]
272,Arash Moradi,[]
273,Seamus Mcduff,[]
274,Alison Christy,[]
275,Kit Perriman,[]
276,Juanctoledo,[]
277,Anna,[]
278,Ali Azar,[]
279,Ebrahim Refaghat,[]
280,Laurenz E.C.,[favorites]
281,Nurana Axundzada,[]
282,Fred,[]
283,Bodine,[]
284,Libby,[]
285,Rishi,"[literary-fiction, classics, did-not-finish]"
286,D. Eric,[general-fiction]
287,Michelle,[]
288,Roger Brunyate,"[history, nobel-laureates]"
289,John Willey,[top-ten]
290,Manecita,[]
291,Iñaki Tofiño,[]
292,Amy Watafá,[]
293,Amir,[]
294,Austensibly,[life-altering-books]
295,Dracu,[favorite-books]
296,Unfilled,[]
297,J.M.,"[classic, war, literary-fiction, polish, borrowed, magical-realism, german, fiction]"
298,Denise,[]
299,Linda Hopf,[bizzare]
300,Pagulane,[]
301,Jonathan Bennett,[]
302,Scott Smithson,[]
303,Dara Salley,[]
304,John,[]
305,Zach Copley,[]
306,Billy Sheppard,[]
307,Alysha Mac,[]
308,Parenthetical Grin,[]
309,Heather(Gibby),"[audio-book, bookish-sf13-challenge]"
310,Terri,[]
311,Hamish,[lit]
312,Peggy,[]
313,Kathleen O'Nan,[]
314,অপরিচিত আবির,[favorites]
315,Setoo Nair,[]
316,Stephen Hull,[]
317,Micha,[]
318,Devathi,[2016]
319,C,"[favorite, 1001]"
320,Katy Lassiter,"[own, reviewed]"
321,Samira Majd,[favorites]
322,s,"[fiction, chronological]"
323,Dmitri,[]
324,Zari,[novel]
325,S,[]
326,Phoebe,[]
327,Madi,[]
328,Nick Stengel,[]
329,Dana,[]
330,Veronica,[]
331,Kate Savage,[]
332,Jason,[]
333,Nathan Frankel,[]
334,Tiredstars,[]
335,Laura,"[history, fiction]"
336,Camille Stein,[]
337,Jaime Escobar,[]
338,Todd,[]
339,Mia Kort,[]
340,Amin Mosayyebzadeh,[رمان]
341,Joachim Rady,[]
342,Jeremy,[german-literature]
343,Bettie☯,"[play-dramatisation, re-read, magical-realism, dodgy-narrator, published-1959, wwii, nobel-laureate, satire, spring-2010, noir, film-only, paper-read, nazi-related, radio-4x, incest-agameforallthefamily, fradio, re-visit-2015, spring-2015]"
344,Athul Domichen,[]
345,Vaniglia Harris,[2011]
346,Elisa,"[own, fiction]"
347,Lorraine,[]
348,Garry,[]
349,Chrisl,"[fiction, hf-euro, 1950s, germany, classic]"
350,Victoria Llanos,[]
351,Carol Orange,[]
352,Stephanie,[]
353,Cinzia,[classics]
354,Coen,[]
355,ثامر الحربي,[]
356,Sandra,[classici]
357,Schizophelia,[]
358,Edgars Labans,[]
359,Justin Mitchell,[]
360,Dfisher,[]
361,Majd,[]
362,Lachlan,[]
363,Trevor,[]
364,Kim Olson,[]
365,Razi,[]
366,Seth Benzell,[]
367,Douglas,[]
368,Erick Flaig,[top-100]
369,Ana,[]
370,Kenneth,"[fiction, nobel-laureates]"
371,Hannah Swanwick,[]
372,Karla Becker,[]
373,James Ismael,[]
374,Laura Costantini,[]
375,Shannon,[]
376,Gharonk,[incrediblewords]
377,Makedo,[]
378,Paul A.,[favorites]
379,Clova,[]
380,Tim O'Neill,"[1001-books-you-must-read-before-you, dark-humor, gdansk, german-literature, gunter-grass]"
381,Kelly Nielsen,[]
382,kaire,[]
383,Steinar Sigurdsson,[]
384,Tia,[amongthebestiveread]
385,عبدالله ,[]
386,Esther,"[deutschland, e-book, watched-as-film]"
387,judy weaver,[1001-books-you-must-read-before-you]
388,Alex Orr,[fiction]
389,Hunter,[]
390,Karen,[]
391,Marek Pawlowski,[]
392,Joel Palma,"[nobel-prize-in-literature, german]"
393,Amelie,[]
394,Sally Chaffey,[magical-realism]
395,Hollie,[]
396,Justin Tappan,[]
397,خُزامَى,[]
398,One.nebras,[]
399,Kristel,"[1001-books, german-literature, nobel-prize, magical-realism, 1001-challenge]"
400,Kristen,[]
401,Jimbo Green,[]
402,Mina,[]
403,Rasmus Skovdal,[]
404,Pha,[]
405,Karl,[]
406,Sarah,[]
407,Dave Hartl,[]
408,Aleksandra,[]
409,Julio Oña,[]
410,Tyler,[]
411,Whitaker,"[modern-canon, germany, 2014-read, 3965p-box1]"
412,Judith,[]
413,Debi,[]
414,Jafar,[]
415,Victoria,[1001-books-before-you-die]
416,Halldór Thorgeirsson,[novel]
417,Krishna,[]
418,Zac Hale,[]
419,Mona,[]
420,James,[]
421,Martin Note,[]
422,Biblionomicon,[]
423,Nihan ,[]
424,Jack Thorp,[]
425,melydia,[]
426,Martina Keller,[german-related]
427,Chloe Mayne,[]
428,Päivi,[]
429,Brent Legault,[]
430,Ohr,[]
431,Sue,"[1001-books, world-war-2, odd, east-european, german-culture]"
432,Marc,[]
433,Ian Zimmerman,[]
434,Mark,[]
435,Patrick Oster,[]
436,Ellen,[]
437,Tina,[]
438,Jonathan,[]
439,Mary,[]
440,Robert Monk,[]
441,Lee,[favorites]
442,Mika,[]
443,William Dearth,[germanic]
444,Alexia Gaudeul,[]
445,Rossella,[]
446,Dave,[]
447,Jay Jay,[]
448,Keith,[]
449,Mikela,"[1001-list-read, magical-realism, 1900s, books-read-in-2013, library, german-literature]"
450,Alastair Macartney,[]
451,Joseph Sverker,"[novels-germany, totalitarianism-and-related]"
452,David,[]
453,maven,"[library-book, fiction, wwii, germany, 1930s, 1940s, 1950s, war, classics, family, translated-to-english, literary-fiction, actually-read, school, made-into-a-movie]"
454,Peter Sidell,[]
455,Elsa Meza Rochin,[]
456,Jaime,[]
457,Bob,[]
458,Lena Das,[]
459,Chipchirgan,[]
460,Bart,[]
461,Rob,[]
462,Catherine,[bookcrossing]
463,melbourne,[fiction]
464,Yvette,[books-i-ve-read-in-2015]
465,Katie,"[historical-fiction, movie-seen-it]"
466,grimaud,[]
467,Richard Newton,[fiction-and-literature]
468,Isabell,[]
469,Satyr,[favorites]
470,[P],[bitchin]
471,Sarah Holz,[european-lit]
472,Amy,[favorites]
473,Melisa Hayward,[1001-books]
474,Ietrio,"[novel, relevant]"
475,Bryan,"[books-i-own-and-have-read, books-i-read-in-2011, gift-books]"
476,Byron Despres-Berry,"[own, to-re-read, german, literature, german-literature]"
477,Rajendra Dave,[british-library-book-club]
478,Jeffrey Bumiller,[]
479,Hilary,[]
480,Darryl Mexic,"[overrated, did-not-finish]"
481,Scott Cox,"[european-literature, fiction, nobel-prize, literature]"
482,Lisa James,"[historical-fiction, 1001-books-list, ww2, owned]"
483,Anjan,[]
484,Deb,[]
485,Kim Shively,[]
486,Cara,[]
487,Jeff,[fiction]
488,Diana,[]
489,Lorenzo Berardi,"[german, a-my-italian-library]"
490,Joanna,"[audiobooks, 1001, 2013-read, rws-2013-fall]"
491,Erika,"[history, pensamiento-y-filosofia, post-modernism]"
492,Tony,[]
493,Mike  Davis,"[fiction, history, political]"
494,علی,[novels]
495,Tr,[]
496,erin,[]
497,Melissa,[]
498,Mahsa Saber,[]
499,Mary-lou,[]
500,Bianca Marieta,[favorites]
501,Max,[european-fiction]
502,Andrew,[german-language-fiction]
503,Paulfn,[]
504,Andrea,[]
505,Maria,"[klassiekers, favorieten]"
506,Rıdvan,[]
507,Alex,[]
508,David Winn,[]
509,Fungus Gnat,[]
510,Jonfaith,[]
511,Chad Post,[listened-to-audiobook]
512,Adria,[]
513,Zorena,"[magical-realism, germany, german-literature, 1001, nobel]"
514,Hans Canters,[]
515,doug bowman,[]
516,Aj,[started-didn-t-finish]
517,Noelle,[]
518,Baclofen Gliddon,[]
519,Scott,[]
520,Cleo,"[fiction, germany, poland]"
521,Janet Aileen,[]
522,Cristina,[]
523,Jen Jones,[]
