,user,tags
0,Jim,"[religion, human-suffering]"
1,Jim Grant,[]
2,Lesli,"[fiction, religion]"
3,Isaac Robb,[]
4,Chris Sullins,[]
5,Biddy,[]
6,Lauren and Felly,[]
7,Tyron,[]
8,Ann Michael,[]
9,Julia Guedes,[]
10,Kjsbreda,[]
11,Kathy Rutz,[]
12,PlayLaughYoga,[]
13,Tommy Bruno,[]
14,Lyle,[]
15,jack,[]
16,Jannon,[]
17,jacob,[]
18,Kathy Pederzani,[]
19,Ana,[]
20,Joshua,[]
21,michael,[]
22,Sandi,[]
23,Mateo,[]
24,Kathryn,[]
25,Marie PIERRE,[]
26,Melody,[]
27,Cesar,[]
28,Kevin,[]
29,Jack Revell,[]
30,Dan Varrette,[]
31,Kathy Milne,[]
32,Matthew,[]
33,Lark,[]
34,Mickslibrarian,[]
35,Robert Cuoco,[]
36,Morgen,[]
37,Janet,[]
38,Jerrica,[midd-sophomore]
39,Bruce,[]
40,Alan,[]
41,Nathan C.,[]
42,David Meijer,[]
43,Bin,[]
44,Bobbi Lurie,[]
45,Kevin Kortum,[]
46,Chloe',[]
47,Charlie,[]
48,henry,[poetry]
49,Bryant Williamson,[]
50,David,[]
51,Amanda,[]
52,Peejay Who Once Was Minsma,[favorites]
53,Cyril Wong,[]
54,Dean,[]
55,Debra Hennessey,[]
56,Jennifer,[]
57,aki,[]
58,Jared,[]
59,Jorge Pena,[]
60,Brian McDonald,[]
61,Chris Conley,[]
62,Robert,[]
63,Stéphanie,[]
64,Amanda Banks,[]
65,Tom,[]
66,Jen,[]
67,Velma Jean Mudge,[]
68,onejusthead,"[before-the-year-1000, confinement, wit, hard-to-rate-classify]"
69,Clif Hostetler,[religion]
70,Katherine,[]
71,Peachy,[]
72,Ashok Banker,[]
73,Cory,[]
74,Christina,[]
75,Ben,[]
76,Jadie,[]
77,E.B.,[]
78,Kait,[]
79,Crysta,[]
80,Claire,[]
81,Sorqaqtani Beki,[]
82,Shirley,[]
83,Rama,[]
84,Joshlynn,[]
85,Leslie Schwartz,[]
86,John Bodley,[]
87,Wade McReynolds,[]
88,Jenn,[]
89,Wade,[]
90,Nicole,[]
91,Sharon,[]
92,Abe,[]
93,Sara,[]
94,Brian,[]
95,Xoe,[]
96,Lori,[]
97,Vivian Dang,[]
98,Maida,"[religion-jewish-texts-old-testament, 2015-religious-reads]"
99,tai,[]
100,Liz,[]
101,Fábio Gomes,[]
102,BoBandy,[]
103,Rosie,"[00-bce, jewish, world-library-100]"
104,LB,[]
105,Molly,[]
106,Rick Ireton,[]
107,Kat,[]
108,Claire Brett,[]
109,Thais M,[]
110,Noël DeVries,[]
111,A,[]
112,Natalie,[]
113,Nathan,[]
114,Natalia,[]
115,Jaycob Izso,[favorites]
116,Michael Brady,"[history, religion, psychology, literature, fiction]"
117,Ryan,[]
118,Abigail (Abbe),[]
119,Laurene,[]
120,Melissa S.,[]
121,Kate Shannon,[]
122,Wenning,[]
123,Paige Watts,[]
124,Kinga,[]
125,Sean,[]
126,Michael Jensen,[]
127,Cyndie,[]
128,عثمان,[]
129,James Inman,[]
130,Marissa,[]
131,Aya,[]
132,Lori Henrich,[]
133,Mg-reads,[]
134,Kate Warren,[]
135,Per Erik Olsen,[]
136,Mitchell26 McLaughlin,[]
137,Madelén,[favorites]
138,Brian Schiebout,[]
139,Evan,[]
140,Whitney,[books-of-the-bible]
141,Koenraad,[]
142,Grace,[]
143,John  Ervin,[]
144,Ashley,[]
145,Seth,[]
146,Kyle,[]
147,Steph,[]
148,Sam Waters,[]
149,Adam,[]
150,Christopher Hurtado,[]
151,Gintas,[]
152,Stacey Swain-campos,[]
153,Laura Ann,[]
154,April Joy,[]
155,abcdefg,[]
156,Kate,[]
157,Cordsd,[]
158,diana,[]
159,Christopher Troise,[]
160,Maateo,[]
161,Joseph,[]
162,Gordon McAlpin,[]
163,Caroline,[]
164,Ken,"[finished-in-2014, philosophy-religion]"
165,Susan Mccarty,[]
166,Elizabeth,[]
167,Kevin Hargaden,[]
168,Rodney Griffin,[]
169,Gina,[]
170,Desiree,[]
171,Paul Lichtenberg,[]
172,pamela,[]
173,Joe,[]
174,Joan Haughton,[]
175,Jon,[]
176,Bryce,[]
177,MountainPoet,[]
178,Chana,[]
179,Paul,[]
180,Mickey,[]
181,Rebekah,[]
182,Sonali,[]
183,Amy Whipple,[]
184,Zorica Todorovic,[]
185,Justin Walters,[]
186,Erik,[]
187,Eric,[]
188,Reese,[]
189,楚 王,[]
190,Jessa Boo,[]
191,Kalen,[]
192,Alford Wayman,[]
193,Anthony LaBella,[]
194,Queen Mae,[]
195,Myriam,[]
196,Wren (WrensReads),"[classics, adult-reader, historical, christian]"
197,Aneisha,[]
198,Adrian Stevenson,"[fiction, ebook, religion]"
199,Jonathan Ball,[]
200,Shane,[]
201,Lucy,"[for-school, plays]"
202,Chucho Pisano,[]
203,Miriam,[]
204,Michael Muller,[]
205,Jwjepsen,[]
206,Alexander,[]
207,Patrick,[]
208,Priya Kapoor,[]
209,Deborah Brannon,[]
210,Darren,[]
211,Kt,[]
212,Alan Swartz,[]
213,Kurt,[]
214,Chris Garvey,[]
215,Ben Morgan,[]
216,Robyn Nicol,[]
217,Alejandro,[]
218,Colin,[]
219,Peter,[]
220,Elisa,[]
221,Angelo,[]
222,Oliver,[]
223,Pat,[]
224,Clint,[]
225,Richard,[]
226,Olga Luzan,[]
227,Dottie ,[]
228,Alex Mortensen,[]
229,Angela,[]
230,Bill  Kerwin,[]
231,David Moolten,[]
232,Rui Coelho,[]
233,Ethan Annis,[]
234,Sam Harshner,[]
235,Cheryl,[]
236,Mary Chambers,[]
237,Albert,[]
238,Cheryl Julia,[]
239,Kara,[]
240,Kim,[]
241,c j ,[]
242,Michael K.,[]
243,Kelly Neal,[]
244,Charlie Wester,[2014]
245,Michael Fogleman,[]
246,Jonathan Bridgman,[]
247,Christy M,[]
248,Sam Ruddick,[]
249,Kesgisher,[]
250,Jessica,[]
251,Ejko,[]
252,Mishti Sharma,[]
253,Jonny,[]
254,George Higgins,[]
255,Seth Holler,[]
256,Matt,[]
257,Adam Kinsey,[]
258,William Mullins,[]
259,Tara,[]
260,Xio,"[philosophy, religious, mythology]"
261,Anne,[]
262,Anna,[]
263,Jakob,[]
264,B. Mason,[]
265,Cary M,[]
266,Brant,[]
267,Erunion,[]
268,Ross Cohen,[]
269,Brittany,[]
270,Apollonia,[]
271,Chris Lynch,[]
272,Matthew Buell,[]
273,Scott Erdmann,[]
274,Ben Bush,[]
275,Angel,[]
276,Leslie Seaton,[]
277,Daniel,[]
278,Randy Cauthen,[]
279,Jerome,[]
280,Glen,[]
281,Jackson,[]
282,Ivan ,[]
283,John,[]
284,Suzanne Szymoniak,[]
285,Annelise,[]
286,Sisdr,[]
287,Josh Barnett,[]
288,Rosanna,[]
289,Pathor,[]
290,Chris M.,[]
291,Kristyn,[52-book-challenge-2016]
292,Tree Riesener,[]
293,Mary Overton,[]
294,Krisztina Williams,[]
295,Maggie,[]
296,Veronica,[]
297,Jason,[]
298,Zak,[]
299,Laura,[]
300,Karen,[spirituality]
301,Eric Peterson,[]
302,Jeremy Johnson,[]
303,Samantha,[]
304,John Hanscom,[]
305,César,[]
306,Allison Long,[]
307,Timothy,"[christianity, christian, books-of-antiquity]"
308,Lon,[]
309,Katherine Willis Pershey,[]
310,Lily,[]
311,Kaptica,[]
312,Mostafa  fazari,[]
313,Loyd,[]
314,Stephanie,[]
315,Mystique,[]
316,Caitlin,[]
317,Susannah Greenberg,[]
318,Beth,[]
319,CJ,[]
320,Jason Megraw,[]
321,Lolacsd,[]
322,Ccmaria62,[]
323,Bethany,[]
324,Jennifer (JC-S),[]
325,Philip,[]
326,kalishima,[]
327,Christopher B.,[]
328,Lex Hogan,[]
329,Nicolas Shump,[]
330,Ikkenoe,[]
331,Elin,[]
332,Petra Kidd,[]
333,ony dag,[]
334,smhb,[]
335,Lauren,[]
336,Janina,[]
337,Shannon,[]
338,Conner,[]
339,Sakiel,[]
340,Benedict,[]
341,Don Mitchell,[]
342,Nan,[]
343,Elizabeth Rose,[]
344,Tim,[]
345,Ellie,"[non-fiction, poetry, spiritual, relationships]"
346,Danielle,[]
347,Susanna,[]
348,Joshua Jones,[]
349,Filippo Sottile,[]
350,Steve,[]
351,Jeffrey,[]
352,Jenny Blacker,[]
353,Erik Moore,[]
354,Lalo,"[must-read, clásicos, 2015, favorites, 2015-challenge, top100-bokklubben]"
355,Danny,[]
356,Michael,[]
357,Greg,[]
358,Nancy,[]
359,Odette,[]
360,Y,[]
361,Kyle Harris,[]
362,Toon Pepermans,[]
363,Julie,[]
364,Julia,[]
365,Manny,[]
366,Ij,[]
367,phillip low,[]
368,Jesse Cash,[]
369,Sarah,[]
370,Ricardo,[]
371,Paula Roper,[]
372,Teo,[]
373,Judith,[]
374,Geishagirlme,[]
375,Lukeb,[]
376,Zach,[]
377,Steve Love,[]
378,Christopher,[]
379,Krys,[]
380,Douglas Finnell,[]
381,Jamey,[]
382,F. John,[]
383,Bob Ryan,[]
384,Angel Dionne,[]
385,James,[]
386,Jesterguru,[]
387,Monk,[]
388,Trinaa Prasad,[]
389,Laura.bogle,[]
390,Betty,[]
391,John-Nathan,[]
392,Michael Taeckens,[]
393,Shari,[]
394,Mschulze878,[]
395,Amberhayes,[]
396,Dede,[]
397,Phredric,[]
398,Troy,[]
399,Steven,[]
400,B.K. Marcus,[]
401,Jason Keith,[]
402,Sue,[reference]
403,Ian Yorston,[]
404,Charles Bivona,[]
405,Scott W.,[]
406,Brandon,[]
407,Sorana,[]
408,Tina,[]
409,Thom Dunn,[]
410,Jonathan,[]
411,Mike,[]
412,Aaron Will,[]
413,Chelli,[]
414,Dave,[]
415,Chris,[]
416,Dawn Fredericks,[]
417,anna,[]
418,Txkimmers,[]
419,Joshua Oakley,[]
420,Brady,[]
421,Bill,[]
422,Jewel,[]
423,Michaelochoa,[]
424,Liz Rockstroh,[]
425,katie van sleen,[]
426,Davis,[]
427,Juliana Philippa,[]
428,Amber,[]
429,Steve Gilbert,[]
430,Rob,[]
431,Catherine,[]
432,Audrey Andrews,[]
433,Big Brother,"[asia, myth-religion, has-devil-in-it, list-world-library]"
434,Marius,[]
435,Nikola,[]
436,Simon,[]
437,Brenna,[]
438,Max Maxwell,"[50-book-challenge-2009-failed-48, religion-and-atheism, poetry, judaica]"
439,Alexander Petersen,[]
440,Aaron,[]
441,Luis Zamarro Fraile,[favoritos]
442,Dvalinn,[]
443,Pespe,[]
444,Dan Hues,[]
445,Amy,[]
446,Michael Risden,[]
447,Rose,[]
448,Bryan,[]
449,Bart Chaney,[]
450,Chelseanacke,[]
451,Bri Saussy,[]
452,Tsuqidin,[]
453,Melissan,[]
454,Trotskill,[]
455,Mark,[]
456,Chelsea,[]
457,Jenny,[]
458,Jeff,[]
459,Laurin,[]
460,Chris LaMay-West,[]
461,Ted,[]
462,Kajah,[]
463,Helena,[]
464,Joanna,[]
465,Erika,[]
466,Tony,[]
467,Jesse,[]
468,Elana,[]
469,Rosanne ,[]
470,Josh,[]
471,Lawn,[]
472,Camilla,[]
473,Melissa,[]
474,Marc  A.,[]
475,Linda,[]
476,Ally,[]
477,Nergis,[]
478,Tina O'Toole,[]
479,that cute little red-eyed kitten,"[philosophy-ideas, history, mid-east-and-beyond, religion-mythology, fiction, poetry, classics, jewish-even-remotely, aa-ferdig]"
480,Lexie,[]
481,Andrew,[]
482,Tracy (A Good Novel),[]
483,A.,[]
484,Tracy,[]
485,Andrea,[]
486,Maria,[]
487,Ryan Saunders,[]
488,Perrystroika,[]
489,Asa Merritt,[]
490,L.S.,[]
491,Adam Sher,[]
492,Dean Vincent,[]
493,Cory Salveson,[]
494,Morgan,[]
495,Marcele,[]
496,Nat ,[]
497,angrykitty,[classics-smartypants]
498,Ilya Meylakh,[]
499,Charles,[]
500,Siddharth Shankaran,[]
501,Chris Lilly,[short-stories]
502,Bri,"[serious-works, religion]"
503,Jay B.,[]
504,David Schiffer,[]
505,Emily,[]
