,user,tags
0,notgettingenough ,[modern-lit]
1,Ismael Galvan,[]
2,Walaa,[2014]
3,Paquita Maria Sanchez,[literature]
4,Michelle Bacon,[1001-books-you-must-read-before-you]
5,Jim,"[novels, lifetime-reading-plan, read-in-2011, nobel-literature, author-european, author-french, first-novels, 100-great-french-books, 20th-century]"
6,Kris43,"[hated-it, classics]"
7,Wayne,"[french-classics, philosophy, books-i-ve-thrown-across-the-room, european-favourites]"
8,دينا سليمان,[]
9,Ahmed El  Wakeel,[شغل-بلاد-بره]
10,Cecily,[classics]
11,Sanjay Gautam,[]
12,Jordi Drenthen,[]
13,Sara Steger,"[serious-fiction, classics, kindle-purchase, bingo-2016]"
14,Gamal elneel,[]
15,Zahra Dashti,"[رمان-خارجی, آنچه-داریم, رمان-تاریخی]"
16,Elle,"[classici, 1001_books, francesi]"
17,João Fernandes,[nobel]
18,ron btdtbttsawio,[]
19,Suzie,"[owned, short-stories, classic-group-read]"
20,Banu Pluie,[]
21,محمد صالح  خريـبـة,[]
22,إسراء مقيدم,[]
23,Tariq Alferis,[]
24,Dante,"[imaginative-lit, novel, fiction, prose, existentialism]"
25,Bandit,[]
26, أمِيرة لَحنْ ؛ | Chîmistà,"[أدب-عالمي, à-lire-en-français, my-planning-in-2016, 2016]"
27,Yasmine Tarek,"[أدب-عالمي, inspiring, touching]"
28,Semih Eker,[kütüphane]
29,Radwa,[gifts]
30,Sumati,"[favorites, philosophy, existentialism-nihilism-absurdism, close-to-heart, thought-provoking-mind-blowing]"
31,Thomas,"[read-for-high-school, own-physical]"
32,Safwat Alshazly,[]
33,غيداء,[]
34,Colette,[]
35,Tracy Reilly,[]
36,Mujda,[]
37,Joana Doko,[]
38,André,[]
39,Γιώργος,"[20th-century, read-in-2015, nobel-prize]"
40,هالةْ أمين,[]
41,Dolors,[read-in-2014]
42,Anuja Papriwal,"[philosophical, unconventional-contemporary, psychological, story-omnibus-novellas, de-francais, existential]"
43,M.,[]
44,Joana,"[classics, books-that-make-you-think]"
45,Ahmad Sharabiani,"[classic, fiction, literature, 1001-book, french, 20th-century]"
46,BiPolar Bear,[]
47,Rana Shenashen,[]
48,Melda,[e-book]
49,Yossie,[philosophy-questions-world]
50,Αλίκη,"[read-in-2015, french]"
51,Muath Aziz,"[philosophical, fiction, 2016, hilarious, religious, modern-classics]"
52,Γκέλλυ,"[classics, reread, everloving]"
53,Susan,[]
54,Mohammed,"[classics, general-fiction, favorite-books, library-books]"
55,Viji Sarath (Bookish endeavors),"[close-to-heart, philosophical-fiction, albert-camus]"
56,Amber Tucker,"[to-come-back-to, des-classiques, translations, existentialist, what-just-happened]"
57,Maria,[short]
58,Amanda,[classicbingo2016]
59,اومید,[]
60,Erik Graff,[literature]
61,بسام عبد العزيز,[]
62,Esmail ziaei,[]
63,Haman,[world-novel]
64,Arman,"[favorites, french-literature]"
65,James Smith,[]
66,Faten Ala'a,[]
67,Zainab Mirah,[]
68,Come Musica,[]
69,COME_TO_THE_DARK_SIDE,"[philosophy, spanish]"
70,S.,"[currently-re-reading, read-in-2010, 1001-list]"
71,Hajar Alobaid,[]
72,Rachel Terry,[nobel-prize-winners]
73,George Spirakis,[]
74,Annie ,[recommendations]
75,Mahya,[]
76,K.D. Absolutely,"[1001-core, 501, guy-lit]"
77,عمر,[]
78,Jen ,[didn-t-finish]
79,Petar X,"[fiction, 2014-read, 2014-reviews, reviewed]"
80,Torsten,[philosophy]
81,Sara,"[دارمشان, یک-جوری-ها]"
82,Negativni,[]
83,Afshar,[]
84,أسيل,[]
85,Quân Khuê,"[favorites, read-more-than-once]"
86,Aba Mafalba,[]
87,Yasamin98,[]
88,Bram,[2009]
89,Paakhi Srivastava,[owned]
90,Alison ☆彡,"[i-own, french, four-stars, classics, read-in-2015]"
91,Jumana Taha,[]
92,Nicole,[favorites]
93,Sofia Welinder,[]
94,Maria ,[]
95,Lio,[]
96,Lauren ,"[fiction, philosophy, classics, translated-works]"
97,رغد قاسم,"[favorites, روايات-عالمية, نثر, روايات, pdf, سرد, أدب-غير-العرب]"
98,midnightfaerie,[classics]
99,Bach Tran Quang,[]
100,Eftihia S.,[]
101,حسين محسن,[]
102,Mehrzad M.,[1001-کتابی-که-باید-قبل-از-مرگ-خواند]
103,Frances,[own]
104,Ahmed Oraby,[]
105,Buse,[]
106,Erik,"[classics, bepretentious, detailed-review, crystal]"
107,Mohammad,[علایق-ادبی]
108,Moses Kilolo,[]
109,Γιώρη Μπέλκος,[]
110,إسراء البنا,"[i-own, favorites, novels, hard-copy]"
111,Fahad,"[fiction, favorites]"
112,Cosimo,[]
113,سلطان,[]
114,Kelly,"[fiction, worlds-lost-dead-and-dying, 20th-century-postwar-to-late]"
115,Sophie,"[favorites, classics, philosophy]"
116,محمود النوري,[]
117,Joey,"[fictions, religion, 1001-best-novels-you-must-read, psychology, philosophy]"
118,Isabel,"[2015, 1001-books]"
119,الخنساء,[]
120,Amrit Chima,[]
121,Sean,"[read-in-2012, post-modern, 20th-century]"
122,Aly,[]
123,Irene,"[2016, top100books-by-norwegian-book-club, top100books-by-le-monde]"
124,Sofia Teixeira,[]
125,Aya,"[2010-reads, novels]"
126,Hoda Elsayed,"[أدب-مترجم, قراءات-عام-2016]"
127,Meli,[]
128,Naile Berna,[]
129,Atlas,"[ficção-literária, protagonista-masculino, ficção]"
130,Piperitapitta,"[letteratura-francese, romanzo, dal-romanzo-al-film, autori-francesi]"
131,Samir Nammoor,"[searching-for-faith, braingasm]"
132,Hussein Dehghani,[كتاب-صوتى]
133,Τζο,[]
134,Carmo,[argélia]
135,Sini,[]
136,Marmor Owais,[]
137,Augustine  of Elsinore,"[classics, something-different-this-way-comes]"
138,Dania Shrbaji,[]
139,Miloš Kostić,[]
140,Michael,"[classics, 1001-books-to-read-before-you-die, philosophy, literary-fiction, modern-classic, reread, 1940s]"
141,Mohamed Al Marzooqi,[روايات]
142,hossein sharifi,[]
143,Robin,[]
144,Javier Núñez,[]
145,Lit Bug,"[fiction, french, novelette]"
146,Stepheny,"[favorites, books-everyone-should-read, incredibly-sad-but-great, hands-down-favorites, like-a-meth-addiction, classics, pantsless-platoon]"
147,Bumin Varlı,[]
148,Sarah ~,"[favorites, 2015]"
149,Ginger *Protégée extraordinaire and Kool-Aid mixer*,"[1001-read, gr-top-100]"
150,Milo,"[10-stars, classic, well-played-sir]"
151,Kate,"[classics, 2014-books]"
152,Pooriya,"[philosophy, novel]"
153,Seemita,"[for_legacy, nobel-laureates, philo, novella, translated, fiction, france, sharp_sword, algeria]"
154,Anne Zappa,[]
155,Sarah saied,[]
156,Davide di Cagno-Hagen,[]
157,Cynthia .,"[favorites, classics, 100, albert-camus]"
158,Sarah Shahid,"[novels, philosophy, read-in-2015]"
159,احمد محمود,"[روايات, 2015]"
160,Rakhi Dalal,"[favorites, albert-camus]"
161,sahar salman,[]
162,Ketabism.Ir,[]
163,Alp Turgut,"[french-literature, camus-albert]"
164,Roxanyeli,[]
165,Ken,"[classics-newly-read, finished-in-2012]"
166,matt,"[fictions-of-the-big-it, existentialism]"
167,Aubrey,"[4-star, reviewed, nobel-prize-people, french, 1-read-on-hand, shorty-short, r-2014, r-goodreads]"
168,Jr Bacdayan,[]
169,Victoria Briseno,"[read-2016, classics, mega-month-challenge]"
170,ahmed Eid,[camus]
171,Ibrahim Saad,[]
172,Omneya,[favourites]
173,Miss Ravi,[رمان]
174,Licha,"[classics, buddy-read]"
175, Danielle The Book Huntress (Self-Proclaimed Book Ninja),"[did-not-like, classic, required-reading]"
176,Miguel,[resenha-sqf]
177,Mala,"[re-reading, existentialism-philosophy-french-wr, classic-ever-enduring-appeal]"
178,Stefania,[]
179,Vina,"[classics, favorites-heroes]"
180,Ebru,[]
181,Shane,[the-ab-surd]
182,Fatma Abd ElSalam,[pdf]
183,Bushra,"[روايات-مترجمة, كآبة, جنون, المفضلة, فيلم]"
184,Karly *The Vampire Ninja & Luminescent Monster*,"[classy-to-the-core, buddy-reads, willow-says-bored-now]"
185,Ugina,[]
186,محمد سيد رشوان,[]
187,Karim Abdel-Khalek‎,"[كتبي-المفضلة, ألبير-كامو]"
188,Omid Kamyarnejad,[]
189,Mahmoud Hassan,[]
190,Gabi Benevides,[]
191,Txe Polon,"[1-francesa-belga, 1-africana, 2-psicològica, 4-nobel, 3-segle-xx-1]"
192,Jeff Jackson,[]
193,Basim Mahmoud,[owned]
194,Dot,[fiction]
195,Rebecca,[]
196,Sirwan,[]
197,Margarita,[]
198,Norah Una Sumner,"[school, crime, philosophy, classics, adult, from-library, psychology, 4-star-read]"
199,Anthea Carson,[]
200,marwa muhamed.,[]
201,Manzila Islam ,[]
202,Yurasawa,"[philosophy, french-lit, 2015]"
203,Abeer,"[favorites, livres-en-française, re-read]"
204,Kristin ❋extols death with luminescent brilliance❋,"[must-reads, buddy-read, classics]"
205,kaelan,[]
206,Raúl Ramirez,[]
207,Peri Kitapları,[]
208,HomeInMyShoes,"[france, 2016-booklist, philosophy]"
209,Caroline Gurgel,[]
210,أميرة عتمان,[]
211,Cassandra,[]
212,راضي النماصي,[]
213,Pooyan,"[favorites, classics]"
214,Knarik Avetisyan,[reviewed]
215,Junta,"[french, translated, dogs]"
216,Bhavya Viswarajan,[]
217,Deborah Markus,"[own-a-copy, classic]"
218,Anya,"[philosophical, el-clásico, reviews-that-dont-suck-donkey-balls]"
219,Cheryl,"[fiction, literature, france, classics, library, philosophy, sub200]"
220,Ece,[]
221,Farshad Firuzi,[]
222,Jasmine,[french]
223,Huda AbuKhoti,"[philosophy, novels, recommended]"
224,Duane,"[rated-books, reviewed-books, french, 2014-book-challenge]"
225,Mahdi,[داستان-خارجی]
226,Patrick,[2008]
227,Amir ,[novel]
228,Evan Leach,"[philosophy, literary-fiction, 1940-1949, french-literature, novels]"
229,M,[best-of-2015]
230,Yasemin,[yabancı-roman]
231,د. حمدان,[novels]
232,Maryam,[]
233,Lindsay,"[classics, europe, africa, adult-fiction]"
234,Bagher (BFZ),[]
235,Jason Koivu,[fiction]
236,Florencia,"[favorites, philosophyland, french, de-jure]"
237,Celeste Corrêa,"[owned-books, frança]"
238,RahafMouman Sy,[في-مكتبتي-نسخة-ورقية]
239,Ksenia Anske,[favorites]
240,Voula  Michela (otl1987),"[classics, philosophy, 1print, group-reads, 2015, french]"
241,Stephen,[]
242,Sumirti Singaravel,"[page-stickers, fiction, literature, small-and-beautiful, amazing-work, made-me-feel-meh, to-be-read-before-i-bid-adieu, tough-reads, love-them-hate-them, whacky-brains, to-re-read, existentialism, to-review-soon]"
243,Bahar Saeb,[]
244,رؤیا (Roya),[رمان]
245,Anna Gevorgian,[]
246,Lucy Ibn al-Rashid ,"[classics, philosophy]"
247,Roger Brunyate,"[other-languages, nobel-laureates]"
248,Ayse Sen,[]
249,Aloke,"[france, fiction]"
250,Stavrula,"[owned-books, read-in-2015]"
251,Fairouz,[]
252,Ravi Gangwani,[]
253,"Jeanette  ""Astute Crabbist""","[classics, all-fiction]"
254,Matilda,[]
255,وليد الأشوح,[]
256,omar zabady,[]
257,orsodimondo (a zonzo),[francia]
258,Penny,"[1001-list, classics]"
259,Jenny (Reading Envy),"[read2011, novella, location-algeria, location-africa]"
260,Joshua Nomen-Mutatio,[]
261,lisa a.,[]
262,Fayçal kh,[]
263,Íris Santos,"[kindle-or-ebook, european-lit, 2015]"
264,Aaron Gallardo,[]
265,James Martin,[]
266,Sonia M,[novels]
267,kristina ,[]
268,Priti,[must-read-again]
269,Samanta,[2016]
270,Melica,[classics]
271,Sheyda Heydari Shovir,[]
272,Kevin Cole,[]
273,Jalal,[]
274,Veronica,[e-books]
275,Jan Rice,"[read-in-my-youth, literature-classic]"
276,Maryam Muhammadi,[fiction]
277,Lawyer,"[philosophy, 20th-century, 1940s, morality, nobel-prize-winner, french-literature, 2015, albert-camus, indifferent-universe, social-conventions]"
278,Leo Robertson,[]
279,Franco  Santos,[libros-en-digital]
280,Amina - أمينَة.,[أدب-السجون]
281,Ishraq,[فلسفة]
282,Blake Crouch,[]
283,Jeremy,"[review, literary, translated-from-french, canon, albert-camus, reread, five-and-a-half-stars]"
284,Krubha,[]
285,karen,[littry-fiction]
286,Leonard,"[literature-french, favorite]"
287,Serkan,"[classics, novel]"
288,Lou,[re-read-list]
289,AlGrey,[favorites]
290,Huda Yahya,"[philosophy, novels_novellas, absurdism]"
291,Katelis Viglas,"[philosophy, french-literature]"
292,Sara Sami,"[phylosiphy, كتب-غيرت-تفكيري, albert_camus]"
293,Narges,[]
294,Meera,[]
295,Sandra,[letteratura-straniera]
296,Guenda Ferri,[]
297,Hagar Shaheen,[]
298,Peter Landau,[]
299,Umnia,[]
300,Mostafa Saad,"[philosophy, arts]"
301,Emily May,"[classics, 2015]"
302,Negar,"[classic, translated, philosophy, 2014]"
303,Friederike Knabe,[french-lit]
304,Mohamed Al-Moslemany,[روايات]
305,Ilenia Zodiaco,"[classici-moderni, europea, reading-diversely]"
306,Trevor,[literature]
307,Elham Ghafarzadeh,"[novel, re-read]"
308,Yani,[]
309,Nikhilesh,"[favourites, to-re-read, axe-to-the-frozen-sea-within, the-ending-smashed-my-brain]"
310,Parnian,[]
311,Paul Gaya Ochieng Simeon Juma,"[legal, philosophy, classic, fiction, short, crime, prison-life, french, easy-read]"
312,Helen Stavraki,[]
313,Luís Blue Coltrane,"[favourites, on-my-own, 2014, challenges-2014, g-philosophy, le-monde-s-100-books, less-than-200, france-algeria]"
314,Frahorus,"[romanzo, letteratura-francese, novecento]"
315,Batul,[]
316,Gautam,"[inspiration, favorites, french-literature]"
317,David Sarkies,[modernist]
318,Miles Zarathustra,[]
319,Ana Carolina,[ebook]
320,MJ Nicholls,"[pernod-and-gauloises, novellas, penguin-classics]"
321,Ken Moten,"[philosophy-stuff, 20th-century-modernist-stuff]"
322,Lynn Beyrouthy,[]
323,Nazanin Banaei,[]
324,Carol,"[classics, ebook, read-2014]"
325,Andrea (Catsos Person) is a Compulsive eBook Hoarder ,"[classic-literature, 2016-reads]"
326,Saman,"[favorites, novels]"
327,Eti Mishra,[]
328,Danny,[]
329,Amaani,"[translated-lit, french-lit]"
330,Monica,[]
331,♍,[]
332,Ludovica,"[la-morte, premi-nobel]"
333,Carmen,[]
334,sologdin,[literary]
335,Gearóid,[]
336,Julie,[]
337,Moudhi,[]
338,Manny,"[french, life-is-camus]"
339,Ian Vinogradus,"[reviews, camus]"
340,AJ Griffin,[]
341,Lotz,"[highly-recommended-favorites, novels-novellas-short-stories, no-hablo-inglés]"
342,Amaney,[]
343,Daniel,[]
344,Whitaker,"[canon, français, 2014-read]"
345,Maryam ,"[lu-en-français, borrowed, french-lit]"
346,Mohammad Ali,[داستان-خارجی]
347,Nấm Hương,[to-see-the-world]
348,Mebarka Fekih,[classics]
349,Roozhin,[]
350,ربى عبد الغني,[]
351,Christopher,"[fiction, 2015, classics]"
352,Mohammed Yusuf,[]
353,ilknur a.k.a. iko ◬ ,"[favorites, forbidden-for-me, fav-titles]"
354,افشین افشار,[]
355,Alice,"[read-in-french, classic, male-protagonist]"
356,Lola  Reviewer,"[favorites, classics, will-reread, read-in-french]"
357,Maria Bikaki,"[all-time-classic, read_in_2016, food-for-thought]"
358,Madeleine,"[head-in-the-clouds-nose-in-a-book, 2012, our-libeary, maybe-it-s-time-to-live, tooting-my-own-muted-horn, blogophilia]"
359,Malooda,[]
360,Perihan,[]
361,Ɗắɳ  2.☠,"[classics, buddy-reads]"
362,Kasa Cotugno,"[awards-winners, genre-crime-thriller, location-africa, rereading, era-early-mid-20th-century]"
363,Glenn Russell,[]
364,Mohamed Adam,[]
365,Nick,"[normal-literature, psychology, 1940s]"
366,Masoud Niazi,[]
367,Ahmed Qamesh,[litrature]
368,Steven,[1001]
369,Lyn,[]
370,Dustin,[]
371,Courtney Lindwall,"[required, 2009]"
372,Sue,"[classics, philosophy, france, read-2015]"
373,Macoco G.M.,[]
374,Mandy,[]
375,Hajar,[]
376,Sai Charan,[]
377,امتياز,[pdf]
378,John Gurney,[]
379,Jonathan,"[classic-literature, university, 1001-books-to-read-before-you-die, faith, classics-challenge-3, 1001-books-challenge-2014, philosophy]"
380,nigo0ol,[]
381,jeremy,"[translation, fiction]"
382,Lee,[]
383,MacK,"[classics, world-lit, book-club-the-greatest-book-club]"
384,sweet jane,[]
385,Stephen Durrant,[]
386,Hazem Kamal,[]
387,Mahsa,[]
388,Lina AL Ojaili,[albert-camus]
389,Connie,"[classic, 1001-books, spring-2012, philosophy, algeria, translated]"
390,Chris,"[2011-reads, classics, re-reads]"
391,Farnoosh Farahbakht,[]
392,Henry Martin,[]
393,forough,"[favorites, world-literature]"
394,Shayan,"[favorites, read-on-kindle, 2013, own-a-copy, novella]"
395,Will W,[]
396,David,"[classic, literary, audiobook, french-literature]"
397,Martin Malík,[]
398,F.R.,[]
399,Taylor,"[fiction, to-reread, own, for-school, have-reread, murders-and-mysteries, book-club, hey-shorty]"
400,Kenchiin,[]
401,Ehsan Jafarkhani,[]
402,Yakup,[]
403,Engsheva,[]
404,Pedro,[]
405,Marat M. Yavrumyan,"[yavruhrat-armlib, armbooks]"
406,Andrei Tamaş,[]
407,Lynne King,"[camus, fiction]"
408,Book Riot Community,[]
409,AHMED ADEL SALAMA,"[تعبث_بعقلك, philosophy-cal, طفرة-أدبية]"
410,Fede,[]
411,محمد  النعمه,"[كتب-أنصح-بقراءتها, أدب]"
412,Ryan R,[favorites]
413,Amy,"[2008-books-read, nobel-winner]"
414,Keyi,[favourites]
415,Evripidis Gous.,[]
416,Ardeshir Tayebi,"[favorites, philosophical-novel]"
417,Mips,"[fictie, opgediept-uit-eigen-rekken, 2015]"
418,Ana Sanz,[]
419,Fahima Jaffar,[]
420,Huseyn Ahadzade,"[2015-9-september, french]"
421,Rebecca Gransden,[]
422,Anastasia,[classics]
423,Guido,"[mediterraneo, francia]"
424,Hamidreza,[]
425,Ali Krcrn,[]
426,Niloufar,[]
427,Iva,"[school-books, favorite, classic]"
428,Al_ghareeb,[favorites]
429,Salymar,"[favorite, 2012-read, ebooks]"
430,Saqib Moosa,[]
431,Erika,[books-read-in-2015]
432,Shivam Chaturvedi,"[classics, philosophy]"
433,Roof Beam Reader,[]
434,Praveen,"[favorite-s, classics, nobel-literature]"
435,Mrm. Gh,[]
436,Luisa,[]
437,Parthiban Sekar,"[favorites, nihilism]"
438,Mona abdelmohsen,[ادب-عالمى-مترجم]
439,Nada Elfeituri,[]
440,♪ Kim,[]
441,Núria,"[mios, 5-favoritos, read-more-than-once, literatura-en-frances, siglo-xx]"
442,Andrés Cabrera,[favorites]
443,Stephen M,[3-cheers-4-complex-characters]
444,Eng Mohmad,[]
445,Madalena,"[favorites, my-library]"
446,Кремена Михайлова,[]
447,Laila,[novel]
448,Islam Salem,[]
449,s.penkevich,"[nobel-prize-winners, death, morality, murder, trials]"
450,Alex,"[reading-through-history, 2012, top-100, rth-lifetime]"
451,Jess ❈Harbinger of Blood-Soaked Rainbows❈,"[favorites, top-10, top-100, read-more-than-once, modern-classics, to-reread, reviewed, cover-love, thanks-mom-and-dad, the-list, classic, favorite-reviews, the-bowie-project, best-ever-favorites, my-friends-who-dont-wear-pants]"
452,Maciek,"[reviewed, read-in-2015]"
453,Fernando,[]
454,Nan Kirkpatrick,[]
455,T.,[]
456,Brent McCulley,[classics]
457,Cindy,[]
458,Zorena,"[philosophy, france, literature, french-literature, 1001]"
459,Katriina ❆,[literature]
460,Eman,[20th-century-literature]
461,تهاني عبدالواحد,[owned-books]
