,user,tags
0,Drju,[]
1,Rob Tapper,[]
2,Matt,[]
3,Saleem Khashan,[]
4,Fil,"[preferiti, letti-nel-2015, sec_ottocento, naz_russia, 1001-libri, romanzi_lunghi]"
5,MizzSandie,"[recommended-to-me, bored-so-bored, characters-that-annoy-me, dissappointed, meh, used-to-own, classics, why-is-this-a-classic-why, what-a-waste-of-time, youre-doing-it-wrong, let-me-edit-that-for-you, please-be-over-soon]"
6,j. ergo,[]
7,Marvin,[]
8,Dave,[]
9,Alyssa,[]
10,Eva Dunsky,[all-stuff]
11,Coleccionista  de finales tristes ,[]
12,Suzanne Moore,"[1001-2006, 1001-2008]"
13,Yashar Barikani,[]
14,André José,"[religiosos, romance, clássicos, philosophy]"
15,Meghan Fidler,[]
16,Yona,"[classics, 2014-classics-challenge]"
17,Tristen Mort,[]
18,Mamdouh Abdullah,[favorites]
19,Mohammed Said,[summer-toread]
20,Carly,"[mystery-horror, classics]"
21,Jeske,[2016]
22,Bonnie,"[reviewed-books, recommended, classics]"
23,Tracy Reilly,[favorites]
24,Sahar,[]
25,Fiona,"[books-i-own, classics, foriegn-translation, bricks, setting-russia, original-language-russian, bought-new, 2011]"
26,Carlo,"[russian-literature, literary-fiction, classics]"
27,André,[]
28,Kyle van Oosterum,[]
29,Tatiana,[classics]
30,Louise Wilson,[]
31,Dianna,[over-my-head]
32,Taylor Williams,[]
33,M.,[]
34,Ahmad Sharabiani,"[classic, fiction, literature, 1001-book, russia]"
35,Matthew,[classics]
36,Hadeel Ghassan,[]
37,J.T. Wilson,[]
38,Dr. M,[]
39,Sookie,"[translated, 2016, 2016-classics-challenge, russian]"
40,Bruce,[]
41,Kathryn,[]
42,mariam yeghiazaryan,[]
43,Mus'ab,[]
44,Alec Brososky,[]
45,Vanja Antonijevic,[]
46,Zöhre,[]
47,Czarny Pies,[russian-lit]
48,Yupa,[]
49,Marty,"[2009, classics]"
50,Damian,[]
51,John Pistelli,"[fiction, nineteenth-century]"
52,Dario,[]
53,Marti,[fiction]
54,Nada Sadek,[]
55,Carolin,[]
56,Chiek Er,[european-classics]
57,Daniel Rodriguez,[]
58,Spencer,[]
59,Mohamed Eshawaf,[gave-up-on]
60,Erik Graff,[literature]
61,Leila,[1001-books-list]
62,Jennifer,[classics]
63,Katya Kolmakov,[the-ones-that-changed-me]
64,Haman,[world-novel]
65,Melissa Colby,[]
66,Blake,[]
67,Mohd Antar,[ادب-روسي]
68,Dani Schechtel,[]
69,Sereen,[my-library]
70,Robert,[]
71,Velvetink,"[fiction, russia-russian, z-1990-s]"
72,Joanne J,[]
73,C&A,[]
74,Nick,"[uiowa, russian-winter]"
75,Jed,[]
76,Derya Yavuz,[best-of]
77,Mina Soare,"[social, love, prejudice]"
78,Katsumi,[classics]
79,tasneem ziad,[]
80,Rebecka,"[read_in_russian, classics]"
81,Marquise,"[hugely-disappointing, classics, in-mother-russia]"
82,Katherine,[fiction]
83,Petar X,"[fiction, reviewed]"
84,Ahmed Abu hamad,[]
85,Ben,[]
86,Christine,[]
87,Olga,[]
88,Claudia Putnam,[literary-fiction]
89,Arwen56,"[romanzi, lett-russa, russia]"
90,Motaz Soliman,[]
91,John Cairns,[]
92,Marco Martinez,[]
93,Jake Owens,[favorites]
94,Cphe,"[angst, classic, dark-very-dark, historical, faith, 2015]"
95,Sidney Weber,[]
96,مهرداد,[]
97,Rick Lee James,[]
98,Andrada,[classics]
99,Swarnadeep Banik,"[favorites, big-bigger-biggest, maatrachhara, brainstormer, novellas-novels, found-in-translations]"
100,Heather,[]
101,pierlapo  quimby,"[ottocento, russi-slavi-e-ungheresi]"
102,Tarek Omar,[]
103,Stian,"[russian-authors, 2013, owned-books]"
104,Sara,[]
105,Epiero,[]
106,Ulia,"[classics, russian, favorites]"
107,Jeremiah Darais,[]
108,Hegemony,[]
109,Dubravka,[]
110,Donna,[novel]
111,Barak,[]
112,Liz,[]
113,Mike Jensen,[]
114,Vincent Blok,[]
115,Gisoo,[]
116,Matko Knezic,[]
117,Brian Wadman,[]
118,Kori Gerbig,[]
119,David ,[fiction]
120,Lahierbaroja,[]
121,David Miller,[]
122,Cassandra Kay Silva,"[classics, all-time-favorites]"
123,رنا القفاري,[]
124,Signe,[]
125,3houd,[]
126,Poncho,"[favorites, read-in-2014, russian]"
127,Ali,[]
128,Dkovlak,[]
129,Víctor Galán,[]
130,Jwee Chiek,[]
131,Amir ,[novel]
132,Sean,[]
133,Allison (The Allure of Books),"[classics, 2010, 1001-list]"
134,Jack Wilson,[]
135,Filipe,[]
136,Travis Lindeman,[]
137,Jason Gossard,[]
138,Jules,"[russian-literature, wishlist]"
139,Im.m99,[]
140,Sekab swairjo,[]
141,Johan Haneveld,[]
142,Katie Ann,[2015-reading-list]
143,jim,[]
144,Ivana S.,"[great-books, re-read, fiction, from-my-list, 2012, cro]"
145,Darwin8u,"[2013, 1001-ante-mortem]"
146,Sini,[]
147,Brooke,[]
148,julie,[]
149,Tmillet,[]
150,Moira,"[pozpátku, čj]"
151,Hossein,[رمان-خارجی]
152,Nazanin Banaei,[]
153,J.M. Hushour,[]
154,Michael,"[19th-century, fiction, tragedy, russia]"
155,Alhaytham Alawdi,[]
156,Michael Webb,[]
157,Mänsomläser,[klassiker]
158,wally,[dostoyevsky]
159,Dominic,"[classic-literature, i-like-big-books-and-i-cannot-lie]"
160,Robin,[]
161,Jitse,[]
162,Zuko,[]
163,الوجـــد,[]
164,Achbold,[]
165,Jessica Baxter,[]
166,William Johnson,[]
167,Reckoner,"[favorites, fyodor-dostoyevsky, mother-russia, Μυθιστόρημα]"
168,Charis Flanders,"[literature, books-read-in-2016]"
169,Markus Molina,[]
170,Eustachio,"[romanzi, russi]"
171,Sara Khan,[]
172,Dylan,[]
173,Daniel Garrison,[]
174,Danica,[]
175,Eglė,[]
176,Fanny,[]
177,Fernando Álvarez,[]
178,Daniel Banker,[classics]
179,Yahya Bobali,[]
180,Isotilia,[literatura-russa]
181,Elizabeth,"[19th-century, setting-19th-century, domestic-abuse, drama, misogyny, disability, mental-disability, russian]"
182,Leila Soltani,[novel]
183,Mina Mohammad,[]
184,Melusina,[]
185,T4ncr3d1,"[classici, russi, sfida-classici, sfida-mattonazzi, sfida-1001]"
186,Bernard O'Leary,[50-classics]
187,Hadi Ammar,[]
188,Mike (the Paladin),[classics]
189,Vishal,[]
190,Alesia,[]
191,Anna Rossi,[]
192,Carleton Raisbeck,[fiction]
193,Dessy Farhany,[]
194,Kanagui Kanagui,[]
195,Nina,[]
196,PGR Nair,[favourites]
197,Emanuel,"[henry-miller-list, dostoevsky]"
198,Ruhama Veltfort,[]
199,Jonathan Chuang,[]
200,Vedha Ivan,[]
201,Ed,[]
202,Simone,[2016]
203,Bruno-Ken,[]
204,Kirk Chantraine,[]
205,Josh Friedlander,[]
206,Abhinav Mishra,[]
207,Vrixton Phillips,[classics]
208,Andrea Bovino,[]
209,Emadeddin,"[remarkable, to-buy, life-changing-books, 2014-reads, دوستويفسكي-العظيم]"
210,Anatolij,[русский]
211,K.,[russian-lit]
212,Alasdair Craig,"[project-gutenberg, russia]"
213,Isart,[]
214,Justin Kern,[]
215,Mad Dog,[re-read]
216,Fran,[owned]
217,John Bentley,[]
218,Miriam,"[favourites, highly-recommend]"
219,Giuseppe,"[1800, literature-russian, challenge-esimio-sconosciuto, genre-drama, genre-psychological]"
220,Ellen Sarkisian Åkerman,[]
221,Maarten,[]
222,Maram Alawad,[]
223,Glassj0,[]
224,Hamidreza Hosseini,"[novels, non-iranian, favorites, classics, russia]"
225,Caitlin N-m,[]
226,Elena,[]
227,Natasha,[]
228,Omar.qadan Qadan,[]
229,Teresa,"[5-estrelas, n-russia, l-1001bymrbyd]"
230,Rowena,[]
231,James Neve,[]
232,Stephen Griffith,[]
233,Ahmet Kara,[]
234,Ali Heidari,[]
235,Ruba AlTurki,[]
236,Seyyed Ali Akhavani,[]
237,Alyona,[]
238,Richard,"[fiction, classic]"
239,Renee M,[renee-s-genre-challenge-2014]
240,Vivion,[]
241,Naveen Srivatsav,[]
242,Angela,"[fiction, 2015]"
243,Madhvi,[2016]
244,Holly,[ipad]
245,Nikos Tsentemeidis,[russian-literature]
246,Christian,"[favorites, owned]"
247,Virginia,[]
248,Huda AbuKhoti,[]
249,Hala,[]
250,Mike Pelletier,[]
251,Kim,[]
252,John Kaess,[]
253,Jelena,[own]
254,Martine,"[psychological-drama, continental-european, russian, nineteenth-century]"
255,Kirstie,[]
256,Chris Chester,[prose]
257,Henry Avila,[]
258,William1,"[fiction, translation, 19-ce, russia, do-not-own]"
259,Claire McAlpine,[]
260,Teodora,"[favorite, russia]"
261,Eldar,[]
262,Rawan Al Fadil,[]
263,Maria Nazarenko,[]
264,Jarvo,[]
265,Başak Çolular,[]
266,Florencia,"[russian, dostoyevskyesqueasdfdsfd-ism]"
267,Don Incognito,[]
268,Chrissie,"[soviet-union, hf, favorites, downpour, 2014-read, classics]"
269,Jacob Aitken,"[beauty, novels, russia]"
270,Esma Tezgi,"[2016, re-read]"
271,Lotz,[novels-novellas-short-stories]
272,Guido,[]
273,Lolo,[]
274,أحمد جابر,[russian-library]
275,Anne,[classics]
276,Anna,[]
277,JC,"[classic, tragedy, russian-literature, philosophy, love]"
278,Lavinyaa Pash,"[4-stars, did-not-finish, good-titles, read-2014, to-review]"
279,Lisa Hayden Espenschade,"[abandoned, read-in-russian]"
280,Yury,[]
281,Marts  (Thinker),"[classics, fiction, philosophy, favorites, 2012-reads, russia]"
282,Mark Isaacs,[]
283,Danimal4288,[]
284,ميقات الراجحي,[روايات-قصص]
285,مجدلية اندروماخي,[]
286,Michelle,[]
287,Megan Baxter,[]
288,Megan C,[fiction]
289,Laura,[my-own-library]
290,Tamader,[]
291,Sankrutyayan,[favorites]
292,Nicki Markus,[read-classics]
293,Janice,"[favorites, this-recording, russia]"
294,Jason Molen,[]
295,Pangiotis Atmatzidis,[]
296,Moataz S Harb,[literature]
297,Bryn Hammond,[novelists-or-shorts]
298,Fatemah AbdulAmeer,"[owned, روايات-نفسية]"
299,Emma Pilgrim,[couldn-t-finish]
300,Michelle Sung,[]
301,Bleed Green,[]
302,Carsten Thomsen,[]
303,Shaza Abdelhamid,[]
304,Glen,[]
305,Sara Ashraf,[]
306,Vit Babenco,[]
307,Trever Bacon,[]
308,Malachi,[]
309,John,[fiction]
310,Umi,[]
311,Sara Mazzoni,[]
312,Paula,[2016-bingo-challenge]
313,Radu P,[]
314,Vasilis Giannopoulos,[books]
315,Samah Khuzaei,[]
316,أسامة غاوجي,[آداب-وثقافات]
317,Jen Simmons,[]
318,Sonia M,[novels]
319,Philip Demare,[]
320,Heba TariQ,"[تراجم, استعارة-مكتبة]"
321,Renée Paule,[]
322,Mashi,[some-years-ago]
323,Zari,"[novel, psycology]"
324,Sam Nickerson,[]
325,Marg,[]
326,Ghada,[]
327,Shirin sh,[favorites]
328,Jawad,[مكتبتي-المنزلية]
329,Dana,[]
330,Peter,[]
331,Jason,[]
332,Narek Hayrapetian,[]
333,Yen,[]
334,Jean-marcel,[]
335,Elizete Nicolini,[]
336,Håkon Bakke Stulen,[favorites]
337,Leo Robertson,[favorites]
338,Shadazz,"[debraye, epub, read-because-of-a-lecture, 2014, literatura-rusa]"
339,Greg Raburn,[]
340,Hessa Al awadhi,[shelfari-favorites]
341,Raheleh pourazar,[]
342,David Haws,[]
343,Ashu Bhargav,[]
344,Sue Smith,"[1001-books-before-you-die, books-read-in-2011]"
345,Rich Uncle Pennybags,[]
346,Sasha,[]
347,Melanie,[]
348,tina,[]
349,Sandra,"[russia, classicissimi]"
350,Beth,[books-to-widen-your-mind]
351,Ruxanda,[]
352,Vinod,[]
353,Yun Yi,[classics]
354,Patve,[favorite-classic-books]
355,Vicki,[]
356,Anubhav Srivastava,[in-possession]
357,Yana,[russian]
358,Энэрзаяа Г.,[]
359,James Daly,[]
360,Pascal Christeller,[]
361,Larry Suter,[]
362,Missy Crowley,[lifechanging-ficrion]
363,SHoBBar MZ,[]
364,Paul Gaya Ochieng Simeon Juma,[]
365,Nuno,[]
366,Luisa,[]
367,منال,[favorites]
368,Lauren,[favorites]
369,Allie,[]
370,Jane G Meyer,[]
371,Петър Стойков,[]
372,Brianna,[]
373,Joe,[]
374,Lily of the valley,[]
375,Payam Shalchian,[]
376,Analde,[]
377,Shahrzad,[]
378,SerA Mo,[]
379,Bat-Cat,[2016-bingo-challenge]
380,Steve,[]
381,Thom Swennes,[]
382,La pointe de la sauce,[]
383,Bobby,[reviewed]
384,Marek Pawlowski,[]
385,Thalia,[]
386,Güzin Ayan,[]
387,mais  abo snoun,[]
388,Marcus,"[read-again, russian]"
389,Dilyana Georgieva ,[Руски-russian]
390,Dafne,[letteratura-russa]
391,Pam Meneses,[]
392,Carmen,[]
393,Joel Pinckney,[]
394,Fatemeh,[]
395,Sham Issa,[]
396,Gavin,[classics]
397,Kara,[]
398,Farida El-gueretly,[novels]
399,Sarah,[]
400,helen the bookowl,[]
401,Anka Sieng,[]
402,M7md SayeD,[]
403,Sujeetha,[books-i-should-read-before-i-die]
404,Peter Daerden,[roman]
405,Daniel,[]
406,Phani Tholeti,"[not-worth-it, drama]"
407,Gláucia Renata,[]
408,María Paz Greene,[]
409,Mahdi,"[محبوب-ها, داستان-خارجی]"
410,Margaret,"[classic, audiobook, russian-literature]"
411,Christopher,[]
412,Anirudh,[]
413,Efim,[]
414,Toppy,[]
415,Miguel Yujra,[]
416,Ayman  Agour,[fyodor-dostoyevsky]
417,Tuco,[favorites]
418,zhra,[]
419,Karl Wiemer,[]
420,James,[]
421,Nikhil,[da-comrade]
422,LemontreeLime,[fiction-old-and-new]
423,Thom,[]
424,Alexandria,"[classics, novels, audiobooks]"
425,Eylül Kırbaç,[]
426,Claudia Serbanescu,[]
427,Monira,[stopped-reading-will-resume-later]
428,Pat Roberts,[]
429,Claudia,[]
430,Christian Schwoerke,[]
431,Abdulrahman,[]
432,Dennis Fischman,[fiction]
433,Sentimental Surrealist,"[historical-fiction, literature, classics, doorstopper, fyodor-dostoyevsky, philosophy, all-too-relatable, a-pretty-cool-guy, novels, read-2013, high-rating, 1001-books, collection]"
434,Sasan Ghafarnian,[]
435,Marianna Neal,"[favorites, classics]"
436,Nick Tramdack,[]
437,Anders,[]
438,Dongkyu Choi,[]
439,Ruzica,"[russian-literature, classics, it-s-not-me-it-s-you, overrated, read-in-2015, my-library]"
440,Perry,"[amados-libros, libri-classici]"
441,Candace,[]
442,Ilona Ali,[]
443,Khaled,[]
444,Andy,[]
445,Tina,[]
446,HM,"[favorites, philosophy]"
447,Stela,"[realism-naturalism, favorites, reviews, re-read, gdl]"
448,Liya Ma,[]
449,Mary,[]
450,Lourdes Encinas,[]
451,Frank,[]
452,Capsguy,"[russian, must-reread-in-my-life]"
453,Brett,[]
454,Annabelle,[]
455,Rayaan,[]
456,Vice,[]
457,Chris,[]
458,Paul Fleckney,[did-not-finish]
459,Sakura87,"[non-in-libreria, classici, ottocento, autori-russi, 1001list]"
460,Kirsten,[something-borrowed]
461,"Ty Lessner, the author",[]
462,Abdullah Abdulrahman,[]
463,Deniss Rutseikov Ojastu,[fiction-classics]
464,Orestis Dim,"[readed, favorites]"
465,David,[]
466,Vonia,"[the-all-time-favorites, classics, psychology, romance, political, war, philosophy, suicide, russian, everything-changes-on-the-last-page, life-reflections, feminism, saga-like]"
467,Rabeea,[]
468,Amber,[]
469,Melanti,"[e-book, classics, group-reads, 1001-books]"
470,Ehsan Jafarkhani,[]
471,Marija Simić,[]
472,Catherine,"[religion, novels, books-catherine-owns]"
473,Cheryl Terrel,[]
474,Karen Chung,[]
475,John Coolvart,"[russian-lit, favourites, philosophical-lit, read-in-original, 19th-century, audiobooks, fedya]"
476,Andrei Tamaş,[]
477,Ameer,[]
478,Aaron,[]
479,TarasProkopyuk,"[fiction, socionics, russian]"
480,Aisha Al-sulaiti,"[paper-books, arabic, i-own-it, russian, 2015]"
481,[P],[]
482,Kathryn Bashaar,[didn-t-finish]
483,Nargizazimli,[]
484,Marina Padurean,[]
485,Hana,[]
486,Mohmed Abd el salam,"[classic-novels, favorites]"
487,Avanto,"[2015, penguin-classics]"
488,Nikoline,"[own, classics, fiction, russian, 1800s, existentialism, novel, male-author]"
489,Nadine,[]
490,Malinka Reads,"[russian-lit, 2012-reading-challenge]"
491,Russell Romney,[]
492,Momina Masood,"[russian-literature, 500-must-reads]"
493,Davide Nole,[]
494,Fred Kontur,[]
495,Julian Meynell,"[19th-century, reviewed, favorites, russian]"
496,bup,"[2008, audiobook, classic, 1001, novel]"
497,Tam Sothonprapakon,[russian]
498,R3ynara,[]
499,Anna Gabur,[]
500,Frankie,"[russian, mytop10]"
501,Aline Prado,[]
502,Nathanial,[fiction]
503,Ehsan Ghiasi,[]
504,Louise Tobin,"[classics, russian, read-in-2009]"
505,Sooj,[]
506,Rosa Ramôa,[]
507,Leif  Adams,[]
508,Farrokh,[]
509,Kristina,[]
510,Erika,[]
511,Curt Huffman,[]
512,Tatev Kot Vardapetyan,[]
513,Edwin Mcallister,[]
514,Jesse,"[red-october-reading-project, ultimate-book-nerd-challenge-2015]"
515,علی,[classic-fictions]
516,Mostafa Naghizadeh,[]
517,Insaf Badi,[]
518,Roof Beam Reader,[favorites]
519,Iitu,[]
520,Kelv,[]
521,Raiya,[not-completed]
522,Khalaf,[english-books]
523,Marzie taram,[]
524,Jasonlylescampbell,"[literature, favorites]"
525,Jake,[]
526,Damon Galeassi,[]
527,Núria,"[prestados, literatura-rusa, decimononicos, 4-muy-buenos]"
528,سید مرتضی میر,[]
529,Panterzop,[]
530,Andrew,"[russian-fiction, dostoyevsky]"
531,Annika,[]
532,Andrei,[]
533,Dane Pederson,[]
534,Andrea,"[list-1001-books, literature-russian, genre-fiction, read-sorted, 2014-chunkster]"
535,Maria,[2012]
536,Tippy Jackson,[drama]
537,Jennifer Richardson,[]
538,4ZZZ,[my-fiction]
539,Arun Singh,"[favorites, classics, dostoevsky, russian-lit, fiction]"
540,Fernando,[favorites]
541,بهمن بهمن,[]
542,Steven Naude,[]
543,Pradnya K.,"[2015, classic, pending-reviews]"
544,Scott Fishwick,[]
545,Maha Al Ayyoubi,[]
546,Katriina ❆,"[favorites, literature, the-russians]"
547,Scott,[]
548,Jeff Shelnutt,"[classics, fiction, russian-lit]"
549,Nazish,"[books-i-d-kill-for, super-favs, classics, philosophy-digs, own-hardbacks]"
550,Cristina,[]
551,Kadir Kılıç,[2016-da-okunanlar]
552,Emily,[favorites]
