,user,tags
0,Astridlou,[]
1,Bitterstranger,[]
2,Holly,[]
3,Gattomaoz,[]
4,Lark,[]
5,Rukmini Diane,[]
6,Dorian Neerdael,[]
7,Monica Serra,[]
8,0,"[poetry, nihilism-pessimism]"
9,Ammu White,[]
10,Miss Havisham,[]
11,Adamo Lanna,[]
12,Salomé,[]
13,Alberto Facchini,[]
14,Bethany Lang,[]
15,Chiara,[]
16,Eleanor,[]
17,Elaine,[]
18,Antonia Baxter,[]
19,S.mira,[]
20,Chicken Little,[]
21,Kathryn,[]
22,Iole,[]
23,Carlo,"[fiction, poetry, italy]"
24,Silvia,[]
25,Vanesa,[]
26,Myndi,[]
27,Tricia,[]
28,Jessica,[]
29,Mauberley,[]
30,Alessandra Gallo,[]
31,Ors,[]
32,Carla  Casazza ,[]
33,Olivia,[]
34,Lois Manoel,[]
35,Timur Golmezanov,[]
36,Chute,[]
37,Emma,[]
38,Susan,[]
39,Marco Enrico Giacomelli,[]
40,Carol Costley,[]
41,Rita Mescalina,[]
42,Daniel Atzori,[]
43,Amanda,[]
44,Rosenkavalier,[]
45,Lauren,[]
46,Jennifer,[]
47,Phaedra,"[big-read, 2012, ebook]"
48,Francesco,[]
49,Leggere A Colori,[]
50,Tiniqua Frizzell,[]
51,Sharon,[]
52,Giulia,[]
53,julia,[]
54,Nick,[]
55,Book,[]
56,Daniela,[]
57,Breanna,[]
58,Daniele,[]
59,mauroo,[]
60,TalGarik,[]
61,Massimo,[]
62,Katherine,[]
63,Io?,[]
64,Angigames,[favorites]
65,Ben,[]
66,Matteo Galluzzo,[]
67,Jadie,[]
68,Olga,[]
69,Erica,[]
70,Sonia Argiolas,[leopardi-giacomo]
71,Methaphysicus,[]
72,Sexybility,[]
73,Joshlynn,[]
74,Francesco Ursini,[]
75,Tanya,[]
76,Luca Sarcinelli,[]
77,Psychopu,[]
78,Ginny_1807,[]
79,Alessia,[]
80,Tiffony,[]
81,Nicole,[]
82,Enrico Stanic,[]
83,Scott Miles,[]
84,Gregorio Racadio,[]
85,Nora,[]
86,Xoe,[]
87,Vivian Dang,[]
88,Martina,[]
89,Rosie,[]
90,Molly,[]
91,Steinar,[]
92,Yy,[]
93,Flupof,[]
94,gilbo,[]
95,Gretchen,[]
96,Mariavitorino,[]
97,Darla,[]
98,Renee,[]
99,Natalie,[]
100,Don,[]
101,Mirella,[]
102,Ryan,[]
103,Jared ,[]
104,Fergie,[]
105,Lisa,[]
106,Sophie,[]
107,Derrik,[]
108,Ferci,[]
109,Flying Pig,[]
110,Antonio Pagliaro,[]
111,Frostburg,[]
112,read,[]
113,Geordie,[]
114,Enrico Donzelli,[]
115,Irene,[]
116,Valisa Iskandar,[]
117,Jay,[]
118,Andrew Villwock,[]
119,Laurence,[]
120,Valeria M,[]
121,Suzan,[]
122,Darren Hayes,[]
123,Marco,[]
124,Giovolo,[]
125,sheilabeta,[]
126,Kelsey,[poetry]
127,Regis,[]
128,Dora,[]
129,Helen,[]
130,les zephyrman,[]
131,Grace,[]
132,Marie-aimée,"[fr, poetry]"
133,Rayna  (Poindextrix),[]
134,Roxanna Banana,[]
135,Michael,[]
136,Kyle,[]
137,Newwhitebear,[]
138,Walter LaMendola,[]
139,Addison Hart,[]
140,Pasquale,[]
141,Robin,[]
142,Marlene,[]
143,Sam,[]
144,Laura Ann,[]
145,Lucy Chau,[]
146,RRoncato,[]
147,Mysterium,[]
148,abcdefg,[]
149,Robert Covelli,[]
150,Stefano Bussolon,[]
151,Saretta,[]
152,Rose,[]
153,Maateo,[]
154,Caroline,[]
155,Fanny,[]
156,capobanda,[]
157,Shawna,[]
158,John Alba,[]
159,Armando,[]
160,Elizabeth,[]
161,Layne,[]
162,Nur,[]
163,Gina,[]
164,Desiree,[]
165,Bassaimer,[]
166,Josiah,[]
167,Valeria,[]
168,Cynthia Vander Woude,[]
169,Valerio,[]
170,Noreen,"[poetry, books-read-in-2010]"
171,Judy,[]
172,Luigi,[]
173,Stefania,[]
174,Ed,[]
175,Masa Baggio,[]
176,Greg,[]
177,Inna Shpitzberg,[]
178,Dwan Tape,[]
179,Ayan Scratuglia,[]
180,Wanderer,[]
181,Gilly,[]
182,Aziz Krich,[]
183,Cliffton Clyde,[]
184,Franco,[]
185,Matthew Martens,[]
186,Debbie Zapata,[]
187,Vale,[]
188,Michelle Allgood,[]
189,Rosalba,[]
190,Paolo,[]
191,Javier,[]
192,Justin,[]
193,Michael C. Rush,[]
194,COM Library  Rarian,[]
195,Andrea Brown,[]
196,Francesca Giulia,[]
197,Dan Varrette,[]
198,Andrew Schirmer,[]
199,Beverly,[]
200,Rob Tebeau,[]
201,Teresa,[]
202,Arrabbiata von Pasta,[]
203,kaelan,[]
204,F Cats,[]
205,Angelo,[]
206,GONZA,[]
207,Angela,[]
208,Aissela,[]
209,Jody,[]
210,Geoff Wyss,[]
211,Cheryl,[]
212,Régis,[]
213,Christian,[]
214,Hannah,[]
215,Valentina Appolloni,[]
216,-k-,[]
217,Thea,[]
218,Stefano,[]
219,Brendan,[]
220,Guglielmo,[]
221,Mindy,[]
222,Tish,[]
223,Tran,[]
224,Frederick,[]
225,Allison,[]
226,Christy M,[]
227,Grace Caton Caton,[]
228,Giuseppe,[]
229,Lindsay,[]
230,Tiziana,[]
231,Bruno Oliveira,[]
232,Faeriedrama,[]
233,Juliana ,[]
234,Orsa Fra,[]
235,Tommaso Grandi,[]
236,Lauren Blair,[]
237,Stephen,[]
238,Anna,[]
239,Peter Kerry Powers,[]
240,Vanessa,[]
241,Raindrop,[]
242,Sharon Mollerus,[]
243,Tolga,[]
244,Giuliana,[]
245,Mordecai,[]
246,antoniomorales,[]
247,David B,[]
248,J M Falciani,[]
249,Yarb,[]
250,Red Jones,[]
251,Ahmad,[]
252,Linda Stuetz,[]
253,Stella,[]
254,Holly78,[]
255,Magdalena,[]
256,Andrea Tullio Canobbio,[]
257,emm,[]
258,Leslie Seaton,[]
259,Maurizio Vicedomini,[]
260,Geoff,[]
261,Anileve,[]
262,Valdemar Gomes,[estante-literal]
263,Ted,[]
264,Patricia,[]
265,Joachim,[]
266,zoe Ladra,[]
267,Cesare,[]
268,John,[]
269,Charles Seluzicki,[]
270,Rodney Ulyate,[]
271,Griseldo Dule,[]
272,Kristina  UK,[]
273,Idramoro,[]
274,Betulla,[]
275,Rosanne,[]
276,Andrea Taylor,[]
277,Micah,[]
278,Samanta,[]
279,S,[]
280,Dan Gregson,[]
281,Maggie,[]
282,Veronica,[]
283,Jason,[]
284,Laura,[]
285,Lars Bjørn-Hansen,[]
286,Davide N,[]
287,Maggie-Kate,[]
288,Allison Long,[]
289,Timothy,[]
290,Megan Henrich,[]
291,Mia -,[]
292,Alex Kartelias,"[poetry, romanticism, italian-greek-lit]"
293,Maiby,[]
294,Constantin Constantius,[]
295,Zagabra,[]
296,Zana,[]
297,Luca Baraldo,[]
298,Italo  Perazzoli,[]
299,Mariana,[]
300,Koko,[]
301,Caitlin,[]
302,Edma Rita,[]
303,Cari,[]
304,Raffaella Galluzzi,[]
305,David Anthony Saenz,[]
306,Evan,[]
307,charta,[]
308,Nick Moran,[]
309,Brenda Knight,[]
310,Margaretann Rice,[]
311,N,[]
312,Gitta,[]
313,Rob75,[]
314,Donna,[]
315,Vincent,[]
316,Barbara,[]
317,kalishima,[]
318,Dina,[]
319,White  Oleander,[]
320,Nicholas During,[]
321,Elin,[]
322,Alessandro Bonino,[]
323,Cleofis Randolph,[]
324,Angie,[]
325,Manuela,[]
326,Janina,[]
327,Allie,[]
328,Nemanja,[]
329,Giulietta,[]
330,Federico Ruysch,[]
331,Ellie,[]
332,Salvatore Conte,[]
333,Gianluca Moreschi,[]
334,Filippo Sottile,[]
335,Federico Pucci,[]
336,Minttu,[]
337,Tatyana,[]
338,Carol,[]
339,Aragorn,[]
340,Jeremy Johnson,[]
341,Rui Miguel Mesquita,[]
342,Christina2010,[]
343,Shanwow,[]
344,Lorena,[]
345,Juanlobeto,[]
346,Steve,[]
347,stacy,[]
348,Julie Meers,[]
349,Arianna,[]
350,Lavinia,[]
351,Nancy,[]
352,Maya,[]
353,Asma Fedosia,[]
354,Lulu,[]
355,Julia,[]
356,Alan Hardy,[]
357,Nic,[]
358,Astralata,[]
359,Sarah,[]
360,Aleksandra,[]
361,Kathy Conley,[]
362,msv56,[]
363,Daniel,[]
364,Paloma,[]
365,Vasco Ribeiro,[read-in-2015]
366,D'artagnan,[]
367,Jacopo,[]
368,Yumi,[]
369,Steve Love,[]
370,Michael Subrizi,[]
371,Victoria,[]
372,Vincenzo Corvello,[]
373,Marina,[]
374,Andreia,[]
375,Diane Vinesett,[]
376,Roberta,[]
377,F. John,[]
378,Jacques,[]
379,Piccolbo,[]
380,Natalija,[poetry]
381,James,[]
382,Annie Hutchins,[]
383,nevvero,[]
384,Rebecca Blackson,[]
385,Andrea Carolina,[]
386,T,[]
387,Zajec,[]
388,Emilia,[]
389,Silvia Fattori,[]
390,Claudia,[]
391,Marie,[]
392,Carrie,[]
393,Angie Brandt,[]
394,Michael Steger,[]
395,Bradley,[]
396,Kiri,[]
397,Fa.,[]
398,Dustin,[]
399,Samantha Allen,[]
400,AnnaJ,[]
401,uiuisa,[]
402,Carlos Martins,[]
403,Marc,[italian-literature]
404,MeMedesima,[]
405,Mark,[]
406,Ellen,[]
407,Dr.,[]
408,Jessica  Gwen,[]
409,Rabelais,[]
410,Echo,[]
411,Mary,[]
412,Eugene,[]
413,Giulia  Scacchi,[]
414,Mike,[]
415,Mariella,[]
416,Jen,[]
417,ROC,"[poetry, classics, philosophy]"
418,Enrico,[]
419,Arturo Ruiz,[]
420,Tom Schuetz,[]
421,AllyTP ♥sev♥,[]
422,Ml Sjoman,[]
423,David,[]
424,Puzziker,[]
425,Francesca Db,[]
426,Leonardo,[]
427,Eileen,[]
428,Jie Hao,[]
429,Valentina,[]
430,Sue Maisel,[]
431,Lynne,[]
432,Jennifer Defoy,[]
433,Bozz,[]
434,Kineczka Nowakowska,[]
435,Katie,[]
436,Fed,[]
437,Simon,[]
438,Andrea Aramu,[]
439,Corrado Truffi,[]
440,Devon Wiser,[]
441,Krista,[]
442,Aaron,[]
443,Ada,[]
444,Vilfreda,[]
445,Marcele,[]
446,Elizabeth Pyjov,[]
447,Fede,[favorite-books]
448,Megan,[]
449,Gwyneth,[]
450,Amy,[]
451,Lydia,[]
452,Stewart,[]
453,Danilo Bonora,[]
454,Edizioni Marcovalerio,[]
455,Laura Ardoli,[]
456,N.,[]
457,Paul Hirschi,[]
458,Dan Muenzer,[]
459,Guido,[]
460,jennifer,[]
461,Yodit,[]
462,Jenny,[]
463,Jeff,[]
464,Diana,[]
465,Diane,[]
466,Joel Marrs,[]
467,Joanne,[]
468,Erika,[]
469,Tony,[]
470,Sovranalettrice,[]
471,Nata Ruiz-Poveda,[]
472,Letizia,[]
473,Hend,[]
474,Giulio Carini,[]
475,Kristian,[]
476,Josh,[]
477,Kate ,[]
478,Linda,[]
479,Eric Zandona,[]
480,Monica,[]
481,Lina Di,[]
482,Ramona,[]
483,Yvonne,[]
484,Vigil,[]
485,Tracy,[]
486,Andrea,[]
487,Neda,[]
488,Maria,[]
489,Laginestra,[]
490,Alex,[]
491,Steve Morrison,[]
492,Michaela,[]
493,Lucy Pollard-Gott,[]
494,Per,[]
495,Cathy,[]
496,Elisabetta,[]
497,Karie,[]
498,Hanny,[]
499,Ottone,[]
500,Darlene,[first-reads]
501,Scott,[]
502,Karenina,[]
503,Cherie,[]
504,Ragù!,[]
505,Kelley,[]
506,Emily,[]
