,user,tags
0,Shelby,[]
1,Rob Roy,"[classics, 1000-bucket-list]"
2,James Dargan,[]
3,Pat aka Tygyr,[]
4,Hieronymus Murphy,[]
5,Katherine Meyer,[]
6,Robert Irish,[]
7,Christiane Williams,[]
8,Rhianyn,[books-i-own]
9,S.D.,[]
10,Dan,[]
11,Tim Raeuchle,[]
12,Casey,[]
13,Matthew Krause,[]
14,Vanlilith,"[narrativa, finished, classici]"
15,Dominick,[classic-literature]
16,Carrisa,[fiction]
17,Aneel,[acquired]
18,Cia,"[books-for-lit, books-i-wish-to-burn]"
19,Kristen Lumsden,[]
20,Signor Mambrino,[]
21,Dan Verner,[]
22,P,[]
23,Charles Dee Mitchell,[classics]
24,Sebastian,[]
25,Joshua,[favorites]
26,Charlotte,[gedwongen]
27,Melissa Rudder,[master-s-exam]
28,Gwen,[]
29,Carly,[collegereads]
30,Nick Minar,[]
31,Chrissy,"[classics, humor, life-changing, read-for-school, saw-the-movie, experimental, wonderfully-witty, made-me-laugh-out-loud, favorites, british, satire]"
32,btrandolph,[]
33,Paul,"[novels-of-ideas, major-literary-works, great-books, great-novels]"
34,Suzanne,[]
35,Kevin,[]
36,Adriano Bulla,[]
37,Howard,[world-literature-top-100]
38,Claude,[]
39,Ahmad Sharabiani,"[classic, fiction, humor, literature, 1001-book, british]"
40,Matthew,[abandoned]
41,Rick,[fiction]
42,Ross McLean,[top-10-first-half-of-2016]
43,John Sheahan,[]
44,Gilly McGillicuddy,"[read-in-2008, the-booklovers-challenge]"
45,Marisa,"[school-reads, classics]"
46,Andrew Walter,[]
47,Daryl,[]
48,Jessica,[classics]
49,Zulu,[]
50,Bruce,[]
51,J. Alfred,[]
52,Colin Macaulay,[]
53,Alan,[]
54,Kristin,[]
55,Miguel Salgado,[estrangeira-traduzida]
56,Derek Baldwin,[]
57,Czarny Pies,"[favorites, english-lit]"
58,Tess,[literatuurw-inspiratie]
59,Sally,"[2016, classics]"
60,Taru Luojola,[makkelipino]
61,Emma,[uni-readings]
62,David Guy,[]
63,Lazarus P Badpenny Esq,"[stories, england, pre-twentieth-century, a-walk-in-the-metafictional-woods, 2-kewl-4-skewl, oxford-world-s-classics, 2011, favorites, subjectivity]"
64,Susan,[]
65,Charlie,[]
66,Hannah (Filia Libri),"[101-german, 000-blogged, 201-shelfed, 303-adult, 400-stand-alone, 600-fiction, 660-classics]"
67,Amber Tucker,"[as-a-matter-of-courses, postmoddy, what-just-happened, humour, enlightenment-lit, maybe-i-am-a-bad-person-but]"
68,Kristopher,"[classics, formative, 18th-century-novel]"
69,Gary Land,[]
70,Amanda,[]
71,aPriL does feral sometimes,"[awesomely-silly-but-i-loved-it, literary, historical-fiction, metafiction, humor, twisted-my-synapses-peculiar]"
72,Angie,"[owned, 1001-books-to-read-before-you-die, telegraph-100-novels-everyone-shoul, guardian-1000-books-everyone-must-r, guardian-100-best-books]"
73,Jennifer,[]
74,Andrew Darling,[favourites]
75,Naomi,"[gave-up-on, fiction]"
76,Robert,[]
77,Tara S.,[1001-list]
78,Elizabeth Olsen,[]
79,Cherney,[]
80,Reader,[]
81,Jen,[]
82,Philjones62,[]
83,Andee Nero,[favorite-fun-books]
84,Tīna,[]
85,Paul Frandano,"[fiction-literary, literature, humor]"
86,Chad Bearden,[fiction]
87,Katherine,[]
88,Raphaël,[]
89,Cedric,[]
90,Andrew Scholes,[]
91,Ben Gillgan,[]
92,Jason McKinney,[]
93,Ben,[abandoned]
94,Christine,[]
95,Erica,"[candidacy-exams, 18th-century-and-older]"
96,Ashes,[]
97,Claire,"[university-reading, read-2015]"
98,Harry Burnside,[]
99,Rachel Stevenson,[]
100,Bev,"[fiction, classic-lit, 18th-c]"
101,Diego Mora,[]
102,Simon Mcleish,[owned]
103,Ron,"[favorites, classics]"
104,John Cairns,[library]
105,Jessica Hatch,[]
106,Nicole,[]
107,Heather,[]
108,christopher monsour,[]
109,Kathleen,[]
110,Sara,"[fiction, guardian-100-greatest-books, guardian-100-greatest-novels]"
111,Julian Darius,"[martian, best-fiction-ever]"
112,Rowan,[]
113,Justin Evans,[fiction]
114,Liz,"[fiction, gaveup]"
115,Lauli,"[english-lit, 1001-books-eng, 1001-books-sp, blooms-canon]"
116,Sam Pryce,[]
117,Anthony Bloor,[]
118,Lillian,"[doorway-character, doorway-language, comic, classic]"
119,Kat,[1001]
120,Hailey Bruce,[]
121,Kay,[]
122,Greg Fanoe,[]
123,Dylan,[favorites]
124,Natalia,[grad-school]
125,Thais,[]
126,Carolyn Davis,[]
127,Martin,[]
128,Kelly,[owned]
129,Lisa,[]
130,Ea Solinas,[]
131,Lise,"[university-reading, classics, humour]"
132,Janeh227,"[1001-books-you-must-read-before-you, 18th-century, bawdy, britlit-classic, comic]"
133,Leslie,[18th-century-setting]
134,"Elaine Lyons Bach, author",[]
135,lindsay,[]
136,Ursula,"[1001-books, england]"
137,Life Is,[shelfari-favorites]
138,Cosmic Arcata,"[classics, britsh, satire, the-catcher-in-the-rye, humor, literature-18th-century, sexuality, brain-pain, war]"
139,Jan,[]
140,Laurence,"[ebook, 1001]"
141,Jonathan Currinn,[never-finished]
142,Rachel Friars,[]
143,Tristy,[fiction]
144,Crito,[2015-goals-or-anticipated-failure]
145,Benjamin,[]
146,Cinematic Cteve,[]
147,Cecilia,[]
148,Stefan,[]
149,Peter Vandenabeele,[]
150,Darwin8u,"[aere-perennius, 2013]"
151,Perry Whitford,[]
152,Kimi,[]
153,Stefaan Van ryssen,[]
154,~Calyre~,"[1001-books, irish-literature, movies, read-in-2014]"
155,Peggy Aylsworth,[books-i-d-recommend]
156,Ananya,[]
157,Ed Erwin,"[didn-t-finish, hybrid-novels]"
158,Ashley,"[humor, classics, books-about-writers, 1700s-1800s, masters-exams]"
159,Miranda,[]
160,Michael,[]
161,Thomas,[]
162,Mark Bonham,[2013-list]
163,Brittney,[]
164,Adam,[]
165,wally,[sterne]
166,Eric Shaffer,[]
167,Katy,[]
168,Eleclyah,"[abandoned, 1-stella-brutti, classici, autori-britannici, prestito, commentati]"
169,Sam,"[reviews, university, challenge-1001-books, read-in-english, staatsexamen_research, staatsarbeit]"
170,Jason Plein,[]
171,David Schaafsma,"[best-books-ever, fiction-18th-century]"
172,Kingfan30,"[1001-books, telegraph-novels, guardian]"
173,Andres Martinez,[]
174,Michael Smith,[]
175,Jefferson,[classics]
176,Hemantha,[]
177,Wendy,"[classics, books-turned-films]"
178,Garth,[]
179,Stuart Estell,[]
180,Deborah,[18th-century-british-literature]
181,Ross,[]
182,Elizabeth,[]
183,Jimena,[]
184,Sergio Andrés,[]
185,Elijah Kinch Spector,[literature-i-guess]
186,Brendan Brooks,[literature]
187,Joe,[]
188,Valeria,[]
189,Jan Ellis,[]
190,Nick Bond,[]
191,tom bomp,"[humour, english, fiction]"
192,Harold Griffin,[]
193,Judy,[read-classic]
194,Joe Davidson,[]
195,Miskatonic92,[]
196,Anita,"[classics, reviews, english, men-writing]"
197,Mark Konikoff,[]
198,Ed,[]
199,Christopherseelie,[]
200,Erin,[18th-19th-century]
201,Joseph Atkin,"[english, comedy]"
202,Eric,[]
203,Richard Harries,[degree]
204,Lucian McMahon,[]
205,Amy,[]
206,Avril,[]
207,Leggendolibri,[riduzione-tbr-2016]
208,Jane Deaux,[]
209,Yrinsyde,"[1001-books-challenge, 1001-books-author, kindle]"
210,Graham Starfelt,[fiction]
211,Richard Rogers,[]
212,Ronald Morton,"[half-of-1001-books, favorites]"
213,Greg Z,"[reviewed, favorites-of-the-1700s]"
214,Nojavan,[]
215,Rebecca,[classics]
216,Lincoln,[]
217,Ke,"[1001-books-you-must-read, guardian-s-1000-novels]"
218,Mr. Pirkl,"[classics, 2009]"
219,Karschtl,"[classic, didnotfinish, biography, 1001-books, 1000-harenberg, read-in-2012]"
220,Caracalla,[]
221,Alan Alibozek,[]
222,Jen3n,"[literature, humor, classic, art, books-made-into-movies]"
223,Angel Serrano,[821-111-1-3-literatura-británica]
224,Craig,"[favorites, 1001-books-to-read-before-you-die]"
225,Teresa,"[n-irlanda, l-1001bymrbyd]"
226,Jared Miller,[]
227,Rowena,"[classics, own]"
228,Peter,[]
229,Elisa,[couldn-t-finish]
230,Brittanymurray,[]
231,Rhonda,[]
232,1.1,[]
233,Richard,[]
234,Anton,[gave-up-on]
235,GONZA,[]
236,Douglas,[]
237,Mike Marlow,[]
238,Gavin,[]
239,Douglas Dalrymple,[]
240,Eduardo Pereira,[]
241,Hannah,[]
242,Albert,"[literary-fiction, novel, literature, classics, british-literature, humor, 18th-century]"
243,Wyma,[]
244,Stefano,"[letteratura, e-book, lingua-originale]"
245,William S.,[]
246,Asa,[1001-books]
247,Kim,[]
248,Ash,[500-plus]
249,D'face,[]
250,Paul Jellinek,[]
251,William Benson,[]
252,M,[stopped-reading-it]
253,Lucy,[]
254,Guguk,[nasi-goreng-mawut]
255,Heath,[]
256,Fiona T,[]
257,Nocturnalux,[]
258,Wyrmia,"[wishlist, favorites]"
259,Juha,"[1001, satire, humor]"
260,Lindsay,"[bookcrossing, classics, z2007, 1001]"
261,Chisho1m,[]
262,Celeste,[]
263,Mkfs,[brain-pain-reading]
264,Bjorn,[uk]
265,Russell Bittner,[]
266,Roseb612,"[1001-books, favorites, humor, uk-literatura, klasika-16-18-stoleti]"
267,Spike Gomes,[]
268,Desmond White,"[academia, canon]"
269,kaelan,[for-school]
270,Matt,[literature]
271,Ian,[]
272,Gregthory LeBaron,[]
273,Erato,[]
274,Barry,[fiction-18th-century]
275,Regina,[favorites]
276,Akira Watts,[]
277,Roland,"[guardian-100-greatest-novels-of-all, 1001-books-you-must-read-before-you]"
278,Stephen,[]
279,Anne,[]
280,Darrick Taylor,[novels]
281,Stillson Graham,[]
282,Kathy,[]
283,Van Reid,[]
284,Brana,[re-read]
285,David M,[]
286,Jo,"[classics, fiction, humour, 1001-books-before-you-die]"
287,Alex Robertson,[]
288,Brendan Barton,[]
289,Edward Butler,[]
290,Diletta,[]
291,Bri Zabriskie,[]
292,H.J.,[]
293,M. Milner,"[fiction-i-d-recommend, longreads]"
294,Nicki Markus,[read-classics]
295,Rissa,"[2013-reads, for-lit-classes]"
296,Scott Hermiston,[]
297,Gordon Lawrence,[]
298,Denise,[life-is-too-short]
299,Renato Magalhães Rocha,"[the-novel-100, 100-best-books-world-library, all-stars, reviewed, 2015, 1001, absolute-favorites]"
300,Seana,[]
301,Ashkan Nayyeri,[]
302,Barbara Ellison,[]
303,Haukur,[fiction]
304,Ginger Price,[18th-century]
305,Vit Babenco,[]
306,Debbie,[100-most-influential]
307,Sydney,[2015]
308,Dara Salley,[]
309,John,"[own, fiction, mexico]"
310,Auntiem,[books-i-finished-under-protest]
311,Mark Speed,[]
312,cheeseblab,[]
313,Jule,[]
314,Terri,[]
315,Hamish,[lit]
316,Blair,[]
317,Pat Tunstall,[]
318,Anabelee,[clásicos]
319,Tree,[]
320,Zari,"[classic, novel, humor]"
321,Lindsey,[]
322,Joeydag,[]
323,Jason,[read-2016]
324,Paul Bryant,[novels]
325,TBML,[]
326,Laura,"[classics, fiction-for-studying, pre-19th-century]"
327,Karen,[]
328,Fionnuala,"[satire, review-may-contain-comic-content, treasured-reading-experience]"
329,Lemar,[classic-fiction]
330,Maggie-Kate,[home]
331,David Lentz,[]
332,Timothy,[recommended]
333,Jeremy,"[favorites, 1751-1799]"
334,Meredith Links,[]
335,Danny Kuhn,[]
336,Surreysmum,"[1983, classics-british]"
337,Myles,[]
338,Kerry,"[classics, favorite-comic-novels]"
339,Sasha,[grad-school]
340,Caro,[]
341,Carl,"[literature, british]"
342,Eric Miller,[done-listening]
343,Georgia,"[physical-bookshelf, uni-books]"
344,Sharonlee,[]
345,Vicki,[]
346,Rachael,[]
347,Alexandra,[]
348,Tristram,"[classic-english-literature, favourites]"
349,The Usual,[]
350,Jakey Gee,[2014]
351,Jillian,[]
352,Hugo Emanuel,[owned]
353,Ann,[]
354,Rachel,[classics]
355,Harrison,[]
356,Lauren,"[the-novel-2015, 1001]"
357,Hayley,[]
358,Frank Edwards,[]
359,Sam Kabo Ashwell,[]
360,James Klagge,[novels]
361,Tim,"[fiction, filmed]"
362,Danielle,[]
363,Ela Is,[]
364,Linda,[]
365,Shahrzad,[]
366,"Nathan ""N.R."" Gaddis",[]
367,Becky,"[classics, yuck]"
368,Christian Caryl,[]
369,Garrett Cash,"[classics, british, has-a-movie, humor, fiction]"
370,MJ Nicholls,"[novels, sassysassenachs, art-or-illustrated, voluminous, pre-1900s]"
371,Kadbury,[course]
372,Gabriel,[]
373,Amelia,[classics-and-classics]
374,Carol,[]
375,A.L. Stumo,[]
376,Eugenio Fouz,[]
377,Marcus,[]
378,Matt Miles,[]
379,J. Dunn,"[owned, favorite, have-etext, fiction, novels, british, war, bildungsroman, childhood, adventure, humor, relationships, writing, litcrit, family, 18th-century, adolescence, absurdity, favorites]"
380,Jocelyn,[fiction]
381,Lorene,[classic]
382,Nancy,[read-in-2014]
383,Cat,"[18thcenturyenglishliterature, 1001books]"
384,Lisa (Harmonybites),"[classics, humor-and-comedy, 100-significant-books, fiction, novels, ebooks, before-i-die]"
385,Oliver Bateman,[favorites]
386,Julie,"[classics, audiobooks, 1001-books-to-read-before-you-die]"
387,Julia,[]
388,Ian Vinogradus,"[reviews, exert-yourself, reviews-5-stars, re-read, read-2014, sterne]"
389,Steffi,[]
390,ACRL,[motw]
391,Sarah,[]
392,Lotz,"[highly-recommended-favorites, novels-novellas-short-stories]"
393,Geraud,[]
394,Andrea Patrick,[]
395,Andrew,[]
396,Bernard,[]
397,Daniel,[]
398,Pamela,[]
399,David Christian,[]
400,Eric Cartier,[]
401,Kate Goetchius,[]
402,Adrien,[]
403,Zach,[fiction]
404,Roy Kesey,[]
405,Robin,[owned]
406,Margaret,[]
407,Christopher,[]
408,Philip,[]
409,Adam Stevenson,[favorites]
410,Nick Black,[to-acquire]
411,Ronan,[]
412,Tuck,[]
413,James,[classics]
414,B Guttt,[own]
415,Charles Stanford,[]
416,Edward Schroth,[]
417,Carrie,[classics]
418,Alethea,"[not-for-me, guardian-greatest-100-of-all-time]"
419,Liza,[spring-2015]
420,Seong Min,[]
421,Tom,[]
422,Misha,[one-time-reads]
423,Geoffrey,[]
424,David Meiklejohn,[]
425,Andy,[]
426,Ellen,[]
427,Kevin Cook,"[pretentious, classics]"
428,nako h.,[]
429,Jonathan,[]
430,Vera Novitsky,[]
431,Mary,[]
432,Lisa Houlihan,"[novel, male, audio]"
433,Robbie Bruens,"[fiction, novel, classics, meta, public-domain-in-english, european, uk, 18th-century]"
434,Mel,[]
435,Jake Bittle,[]
436,Rusty-11780,[]
437,Kyle Muntz,[]
438,Chris,[]
439,Reese Calpouzos,[]
440,Sakura87,"[autori-inglesi, classici, settecento, umorismo, 1001list]"
441,ba,[]
442,Toonvanelst,[classics]
443,Giovaennchen Lozano,[]
444,David,[]
445,Chrisanne,"[classics, humor]"
446,Rock,[]
447,Bob,[top100]
448,Amber,[]
449,Dayla,"[philosophy, opinion]"
450,Deb Stevens,[]
451,O Babs,[desert-island-reads]
452,Reds_reads,"[2012, humour, 18th-century]"
453,Mostafa,[بریتانیا]
454,Lisa Maruca,[teaching]
455,Sesili Li,[zima-2015-16]
456,Irini Pavlou,[18th-century-novel]
457,Paige,[read-in-college]
458,Ira Bespalova,"[expected-it-to-be-better, had-to-read, didn-t-enjoy]"
459,Hans,[]
460,Natalie Sue,[school-reads]
461,Bradford,[]
462,Bryan,[downtherabbitholebookclub]
463,Stephen Fothergill,[]
464,Brent Legault,[]
465,Fred Kontur,[]
466,Martin Shone,[]
467,Guido,"[favorites, perdere-l-orientamento, regno-unito, irlanda]"
468,Melusine Parry,"[1001-books-you-must-read-before-you, owned, classic, fiction, humour, favorite, literature, laurence-sterne]"
469,Todd Stockslager,[fiction]
470,Caroline Pisano,[]
471,Shadow,[]
472,Beth,[classics]
473,Perrin Lindelauf,[]
474,Lauren Albert,[fiction]
475,Ted,"[classics, lit-irish, 18th-century, have]"
476,Trounin,[]
477,Joseph,[fadiman]
478,Tony,[]
479,Paolo Bugliani,[]
480,MountainShelby,[sacred-monsters]
481,Hugo Filipe,[]
482,Laura Walin,"[drama, 1700]"
483,Melodee,[crap]
484,Nente,"[strangest-books, classics, humorous, read-original]"
485,Alexa Cohen,[]
486,Nate,[]
487,Núria,[]
488,Erin Wyatt,[]
489,Francisca,[read-for-uni]
490,Maddy,"[five-stars, had-to-read-for-bookclub]"
491,John Wiswell,[]
492,Laginestra,"[l, inglese, satura, e, comica, isola, deserta]"
493,Alex,"[2011, favorite-reviews, reading-through-history, metafiction, unreliable-narrators, top-100, rth-lifetime]"
494,GloriaA,[]
495,بهمن بهمن,[]
496,Jan-Maat,"[novel, british-isles, humour, 18th-century]"
497,Abimelech Abimelech,[]
498,Rachel Williams,[]
499,Scott,[]
500,Chernukha,[]
501,Steve H.,[]
502,Emily,"[literature, recommended-to-me]"
