,user,tags
0,Gerbik,[]
1,Perry,"[libri-classici, my-fantasy-roster]"
2,Dan Schwent,"[oldies, 2014]"
3,Caris,[2009]
4,Stephen,"[classics, easton-press, audiobook, literature, 1900-1929, reality-sucks, classics-european]"
5,Holly,[]
6,Brian ,"[favorites, literary, drama, to-re-read, 2016, kafka]"
7,Jonathan,"[classic-literature, 1001-books-to-read-before-you-die, books-with-films]"
8,[P],[bitchin]
9,Fil,"[dystopia, classics]"
10,Huda Yahya,"[philosophy, novels_novellas, franz-kafka, nihilism, dystopia]"
11,Aubrey,"[5-star, reviewed, translated, german, r-2013, r-goodreads]"
12,Zaphirenia,[classics]
13,MJ Nicholls,"[novels, penguin-classics, southern-europe]"
14,Lynn Beyrouthy,[]
15,Mahdi,"[محبوب-ها, عجایب-نگاری-ها, فیلمش-رو-دیدم, داستان-خارجی]"
16,Ümit,"[favorites, fiction, foreign, classics]"
17,ژیار,[]
18,George Georgiadis,[svickova]
19,s.penkevich,"[favorites, crush-yo-soul, society, important, trials, damnation, kafkaesque]"
20,Fernando,[]
21,Joselito Honestly and Brilliantly,[]
22,Henry Avila,[]
23,Bookworm Sean,"[mystery-crime-and-thrillers, folio-society-edition, 5-star-reads]"
24,Nandakishore Varma,"[classic, literature]"
25,Kinga,"[did-i-understand-it, classics, weltschmerz, nothing-happened]"
26,Emilian Kasemi,"[favorites, read-and-reread, ne-plus-ultra, mitteleuropa]"
27,Manny,"[well-i-think-its-funny, too-sexy-for-maiden-aunts, parody-homage, story-review, pooh-dante]"
28,Ian Vinogradus,"[reviews, reviews-5-stars, re-read, read-2015, kafka]"
29,Kaph,"[1000-books, school-made-me, g1000-scifi-and-fantasy]"
