,user,tags
0,Lonnie,[]
1,Felicia,[]
2,Corbin,[]
3,Scott Gates,[]
4,Leah,[]
5,Jim,[]
6,Poppyflower,[]
7,K. M.,[]
8,emily,[]
9,Renata Ferreira,[]
10,Val,[]
11,Mnfruit,[]
12,Vince,[]
13,Dave Lucas,[]
14,Leonard Meyer,[]
15,Ronald,[kobo]
16,Selenay Kaya,[]
17,Peer,"[to-re-read, philosophy]"
18,Kim Krol,[]
19,Elaine,[]
20,Sarah Case,[]
21,Joshua,[]
22,Matea,[read-it-for-college]
23,Gabasita,[]
24,Gwen,[non-fiction]
25,Kenneth,[]
26,§--,[philosophy]
27,Kali,[]
28,Liza Steele,[]
29,Nelson Zagalo,"[literature, non-fiction, literary_canon]"
30,Büşra Saner,[]
31,Kathryn,[]
32,Daniel Toker,[philosophy]
33,Paul,[]
34,Michel Van Goethem,[]
35,Kevin,[]
36,Tehsin Bhayani,[]
37,Inder,"[personalessays, alltimefaves, pre-19th-century, long-term-projects, favorites]"
38,Jeanette Rupel,[]
39,Rico,[]
40,Daphne liu,[]
41,Raymond Rose,[]
42,Gusten Öberg,"[min-bokhylla, filosofi, non-fiction, biografier, historia, superklassiker, franskt, mys, humor, mentioned-in-other-books, essäer, borrowed-books, påbörjad]"
43,Anne,[]
44,Dianne,[]
45,Old-Barbarossa,[]
46,Umut Gökbayrak,[]
47,Jessica,[]
48,Gregorio Pineda,[]
49,Alan,[classics]
50,Meryem Özşahin,[]
51,Massimiliano Bolondi,[]
52,Ali Sait Tanrıverdi,[philosophy]
53,Thomas A Wiebe,"[non-fiction, partially-read, lit-and-philosophy]"
54,Maughn Gregory,"[wisdom-studies, history-biography, philosophy]"
55,Nahal,[]
56,Mo,[]
57,Rosesmoon,[]
58,Guy Cranswick,[]
59,Mete Koçak,[]
60,Alyssa,[]
61,Sam I,[]
62,Angie,[]
63,dusty,[]
64,Justine,[]
65,Jennifer,"[non-fiction, read-2014, gift]"
66,Ron Rice,[]
67,keatssycamore,"[audiobooks, essays, translated-from-a-foreign-language]"
68,Sidney Gaskell,[]
69,Lizzy,"[classics-literay-fiction, nonfiction, stars-5, read-2015, favorites-of-all-times]"
70,Steve P,[]
71,Matthew Gatheringwater,[]
72,Ritz,[]
73,pony,[]
74,Mark Putnam,[]
75,Nick,[]
76,Nico,[]
77,Tom,[]
78,Elizabeth Lund,[]
79,Casey,[]
80,Ben Birnbaum,[]
81,Stacey,[]
82,The,[]
83,Tom Schulte,[]
84,Priya,[]
85,Christina,[]
86,Christine,[]
87,Stanley Lee,[]
88,peaseblossom,[]
89,Darran Mclaughlin,[didn-t-finish]
90,Claire,"[non-fiction, great-book-of-the-western-world]"
91,Roger,[]
92,Brad,[]
93,Paul T,[]
94,justin,[]
95,Marfy,"[philosophy, unfinished]"
96,Adam Russell,[]
97,Jenn,[]
98,Nicole,[]
99,Sharon,[at-cal]
100,Heather,[]
101,Benjermin,[]
102,Sara,[]
103,Brian,[]
104,Damon,[]
105,Liz,[]
106,Mariana Anton,[maestría]
107,Antonio Baclig,[]
108,A Great Book Study,"[twem, classics-club, twem-biographies, own-scanned]"
109,David Williamson,"[philosophy, essential-philosophy]"
110,Nima Khosrowshahian,[]
111,Natalie,[]
112,Nathan,[]
113,Jaycob Izso,[favorites]
114,Alexis,[]
115,Will,[]
116,Lisa,[]
117,Sophie,"[philosophy, 2011, daily-lit]"
118,Brackney,[philosophy]
119,Blake Nelson,[]
120,claire,[]
121,Leslie,"[history, audiobook, philosophy, reading-again, essays, 16th-century-setting, ebook, classics]"
122,Ancient,[]
123,Nurana Axundzada,[]
124,Pearse Anderson,"[school, did-not-finish, essays, nonfiction]"
125,Warwick,"[philosophy, essays, folio-society, favourites]"
126,Fatih Katipoğlu,[]
127,Joseph H,[]
128,Peter Jones,[]
129,Abdul Tabel,[]
130,Juro,[]
131,Terragyrl3,[]
132,EmilyS,[]
133,Daniel Polansky,[]
134,M. Rebekah,[]
135,Ashley,[]
136,Michael,[]
137,Janka,[]
138,Cemre Demir,[]
139,Gustavo Barbosa Ferreira,[philosophy]
140,Ero,[]
141,Mandy Haggith,[mars]
142,Maria Aragon,[]
143,DieFremde,[]
144,Falkor,[]
145,Liam,[]
146,Karen B,[]
147,Joseph,[]
148,Wendy,[ownread]
149,Garth,[]
150,Todd Johnson,[]
151,Shawna,[]
152,Anne Slater,[]
153,Sam Klein,[]
154,Susie,[]
155,Elizabeth,[essay-collections]
156,robert,[]
157,Gina,[]
158,William,[]
159,Yesica,[]
160,Shin Yu,[]
161,Wendy Yu,[]
162,Nick Bond,[]
163,Aaron Gertler,[]
164,Hulya,[]
165,Sean Dunne,[]
166,Elizabeth Horan,[]
167,Shauna,[]
168,Ryan,"[ccc-the-literature-humanities, favorite-books-of-all-time, journals-and-wastebooks]"
169,Ariadna73,[philosophy]
170,Merve,"[2014, classic]"
171,Severine,[]
172,Amy Whipple,[]
173,Peyman,[]
174,ecem,[]
175,Natacha Collas,[]
176,Ebru,[]
177,Erin,[]
178,Shane,[]
179,Greg,[]
180,Sammy,[]
181,Emrah Yiğit,[]
182,David Ranney,[top-50-non-fiction]
183,Mustafa Şahin,"[world-literature, essays]"
184,Katherine Simmons,[]
185,Deb Perry,[]
186,Aziz Krich,[philosophy-unsorted]
187,Vlad Gheorghe,[]
188,Aradia,"[classics, medieval-and-other-history, favorites]"
189,Boris,[]
190,Renée,[]
191,Meghan,[]
192,Selma,[]
193,Kelly Ambrose,[]
194,Daniel Alvarez,[essays]
195,Gloria,[]
196,Murat  Süzük,[]
197,Adnan,[]
198,Rebecca,[]
199,Viktoras,"[filosofija, favorites]"
200,Erik Moore,[]
201,M.,[satin-alinacaklar]
202,Patrick,[]
203,Katherine Duvigneau,[]
204,Paola,"[saggistica, philosophia]"
205,Nikola Jankovic,"[reread, french, non-fiction, philosophy, classics, stories-and-essays]"
206,Zeynep,[]
207,Zach Weiner,[]
208,Kz,[]
209,Marinho Lopes,[]
210,Gena,[]
211,Brittney Hunter,[]
212,Xysea ,[]
213,Maxim,[]
214,Gregory,[]
215,Katerina,[]
216,abersouth,[]
217,Richard,[]
218,Richard Lodge,[]
219,Tori,[]
220,Johannes,[]
221,Andrew Bertaina,[]
222,Gabe Winant,[]
223,Maia,[]
224,Cwl,[]
225,Jody,[languishing-on-my-nightstand]
226,Douglas Dalrymple,[]
227,Pam,[wiill-finish-one-day]
228,J. Kyle,[]
229,Andres Gramajo,[]
230,Altuğ Orgun,[]
231,Chuck Lowry,[]
232,Thea,[]
233,brandon,"[always-reading, my-cannon]"
234,Kim,[]
235,bailey,[]
236,Randal,[]
237,Lynn,[]
238,Boris Belousov,[]
239,Astralzeeke,[]
240,Nami,[]
241,Dilek Yeşil,[]
242,M,[]
243,Michael Fogleman,"[non-fiction, sjc, sophomore-year, 2011]"
244,Ceyhun,[]
245,Allison,[]
246,Rhett Talley,[]
247,William1,"[translation, france, nonfiction, essays, philosophy, 16-ce]"
248,Janet,[philosophy-essay]
249,Pascale Cervantes,[]
250,Tijana,[]
251,Florencia,"[non-fiction, philosophyland, politics-you-necessary-evil, french]"
252,Sarah,[]
253,Matt,[]
254,Scott Kleinpeter,[reference-unfinished]
255,JP,[]
256,Xio,[]
257,Allison Bailey,[]
258,Stephen,[]
259,Loly,[]
260,Lilly,[]
261,Anna,[]
262,Abdulmelik,[]
263,Vanessa,[]
264,Jay,[]
265,betsy,[]
266,Laura Schmidt-Dockter,[]
267,Moo,[]
268,Katie Chenoweth,[]
269,Michelle,[]
270,Hakan Yorgancı,[]
271,Myranda,[assigned-reading]
272,Amie,[]
273,J.nicholas.p,[]
274,Amélie,[]
275,Damla,[]
276,M. Milner,[nonfiction-you-ought-to-read]
277,Muhammed Kardogan,[]
278,Frankie Della Torre,[]
279,oiyio,[]
280,Anthony Land,[]
281,Hansel5,[ultimate-books-to-get]
282,Geoff,"[philosophy, european-lit]"
283,Joshua F,[]
284,Rosa Ramôa,[]
285,Prooost Davis,[]
286,Pj,[]
287,Mulaluzungu,[done-finished]
288,John,[]
289,Josh Meares,[]
290,Marcelo Reis,[]
291,Mr. Mike,[]
292,Tayva Case,[]
293,Blair,"[philosophy, essays-etc, non-fiction, favourites]"
294,Lenny Wick,[]
295,Ariana,[]
296,Maria Madrid,[]
297,David C.,[]
298,Nicholas Whyte,[]
299,Annie,[]
300,Maggie,[]
301,Jason,[]
302,Debi,[]
303,Mstevenbankston,[]
304,Tim Burrington,[]
305,Plusha Belomlinskaya,[]
306,Laura,[]
307,Alessandro,[]
308,Sezer Canbolat,[]
309,Dawn,[]
310,Tom Bisbee,[]
311,Shachar,[]
312,Selen,[owned]
313,Lorri,[]
314,Lily,"[partially-read, reference, own-paperback, library, classic]"
315,Ben Kearvell,[]
316,Fabrice44,[]
317,Spencer,[]
318,Megan McCrady,[]
319,Tylor Lovins,[favorites]
320,Szplug,[]
321,Flora,[]
322,Aysima Beril,[]
323,Emb,[]
324,Lynda,[]
325,Phil,[]
326,Lucy J Jeynes,[]
327,Alden Bass,[]
328,Chander2,[]
329,Yann,"[renaissance, plaisir-de-lire, philosophie, france]"
330,Jillian,[]
331,Salem,[]
332,Adem Kürşat,[]
333,Valentina giura,[]
334,Jim Coughenour,[thinkingcap]
335,Ronan,[]
336,David Sarkies,[philosophy]
337,Robert Szymanski,[]
338,Todd,[]
339,Steve,"[historical, pleasure]"
340,Jenahvieve,[]
341,Tolga Becan,[]
342,Dylan Verrechia,[]
343,Ana Stanojevic,[]
344,Gabriel,[]
345,Phyllis,[]
346,ruth,[]
347,Steve Gordon,[]
348,Matt Miles,[]
349,Arvid Steyaert,[]
350,Jennifer Ambrose,[]
351,jko,[]
352,Bett Correa-Bollhoefer,[]
353,Jared,[]
354,Vanessa Siino Haack,[]
355,Genie McFate,[classics]
356,Papibook,[]
357,Simba,[]
358,Joost,[]
359,Matteo Baldi,[]
360,Julia,[]
361,Dainius Jocas,[]
362,Adam,[]
363,Pete,[]
364,Lotz,"[prose-style, highly-recommended-favorites, man-of-letters]"
365,Alan Vonlanthen,[]
366,Lucas Leite,[]
367,Bernard,[]
368,Daniel,[]
369,Liane,[]
370,Dominic Pettman,[]
371,Jeremy,[]
372,L S,[]
373,Philippe,[]
374,Benjamin Dionysus,[]
375,Zach,[]
376,Randy Elrod,[]
377,Samantha,[]
378,Victoria,[ultimates]
379,Margaret,[]
380,Carolyn Oliveira,[]
381,Robert,[]
382,Chris Doyle,[]
383,SARAH,[]
384,Luís Blue Coltrane,"[on-my-own, 2015, readathon-day-2015, g-philosophy, france-algeria]"
385,Danielle Beinstein,[]
386,James,[]
387,Clif  Wiens,[]
388,Evan Frost,[]
389,Luna Nethera,[]
390,Madeleine,[]
391,Max Maslansky,[]
392,Anoma,[]
393,Perihan,[]
394,Natalie ,"[memoirs, essays-theories]"
395,Brenda,[]
396,Scotty,[things-you-should-read]
397,Josef Humbartz,[]
398,Shon,[]
399,Marc,"[philosophy, ethics]"
400,Entriol,[]
401,Mark,[]
402,Jenyoseph,[]
403,Marti Martinson,[]
404,Jonathan,[]
405,William Bailey,[]
406,Mike,[]
407,Béatrice,[philosophie]
408,Dave,[]
409,Chris,[]
410,Kirsten,[will-finish-some-other-day]
411,Greg Froom,[]
412,Darkcloud,[]
413,Brian Smith,[]
414,Gershom Gannon-O'gara,[]
415,David,[]
416,Rüçhan,[]
417,Chrisanne,"[classics, historical, non-fiction]"
418,Chester,[shelfari-favorites]
419,Rdb,[]
420,Bob,[top100]
421,Leonardo,[maesfilo]
422,Aneece,"[favorites, criticism-essay]"
423,Adam Jacobs,[]
424,Nick Short,"[biography-memoir, philosophy, the-art-of-living, read-in-2015, french]"
425,Ron,[]
426,Deanna Martinez,[]
427,Amrahs Jarihd,[]
428,François-olivier Guay,[]
429,Vladana Perlić,[pour-la-fac]
430,Elizabeth Kimball,[]
431,Ben Doeh,[]
432,Katie,[]
433,Mathieu,[]
434,Hakan,[]
435,lindsie,[]
436,yyy,[]
437,Emese,[]
438,Sonya,[]
439,Jan-Maat,"[france, read-in-translation, autobiography-memoir, 16th-century]"
440,Aaron Crofut,"[classics, did-not-finish]"
441,Andrés,[]
442,Berire Karatas,[]
443,Sarah Bilodeau,[]
444,Jamie,[bedside-table]
445,Megan,"[non-fiction, philosophy]"
446,Amy,[]
447,Eleni,[]
448,Eyup Can,[]
449,Mr. Andrew,[]
450,Jeffrey Reid,[]
451,Dylan,[]
452,Brandon,[]
453,Heather Denkmire,[]
454,Jeff,[favorites]
455,Marlene  Schuler,[reading-for-2015]
456,Diane,[]
457,Britt,[]
458,Fulya,[]
459,Erika,[]
460,Tony,[]
461,Bria,[]
462,Jenna,[]
463,Alison,[]
464,Jesse,[essays]
465,Tyler Malone,[]
466,Claire Kenny,[]
467,Shirleen Chang,[]
468,Josh,[]
469,Deanna,[]
470,Eray ,[]
471,Néstor,[]
472,April West,[]
473,Nate,[]
474,Shahzeb,[]
475,Evo,[favorites]
476,Jorge,[]
477,Andrew,[]
478,Tracy,[]
479,Vignesh Raman,[]
480,Laginestra,"[l, cogito, ergo, sum, francese, scrigni]"
481,Vicki,[favorites]
482,Alex,[]
483,Jonny Berglind,[]
484,Michaela,"[memoir, french]"
485,Ron Banister,[]
486,Juliet Paciotti clawson,[]
487,Daphne Reed,[]
488,Shanamadele,[essays]
489,else fine,[]
490,Oguz Derin,[]
491,Lauren,[]
492,Sociale Zak,[]
493,Jonathan Davis,[]
494,Roxy,[]
495,Malcolm,[]
496,Charles,[]
497,Joshua Casteel,[]
498,Dax J,[]
499,Epicarmo Papoula,[]
500,Aasem Bakhshi,"[classics, essay-collections, owned, favorites]"
501,Jeremiah Brown,[]
502,PJ Jumonville,[]
503,Emily,[]
