,user,tags
0,Katinki,[classics]
1,Northpapers,[]
2,Leah,[]
3,James Violand,[own]
4,Wayne,[]
5,Martin Scharfe,[]
6,emily,[]
7,Stef,[]
8,Val,[]
9,Ernesto,[]
10,Suzanne Moore,[]
11,pani Katarzyna,[]
12,Jon Norimann,[]
13,Chris,[]
14,Kristof Brouwers,[]
15,ultraviolet,[]
16,Keith Wilson,[]
17,Reginacm,[]
18,Amanda BeReckonedwith,[]
19,Markus R.,[]
20,George,[]
21,Kevin,[]
22,Shivani Radhakrishnan,[]
23,Anne-laure,[]
24,Jans,[]
25,Georg,[]
26,Matthew,[]
27,Rick,[]
28,Rich,[]
29,Franziska,[]
30,Jana,[]
31,Federica,[]
32,Jaga,[]
33,Alan,[]
34,Seong Min,[]
35,Juergi,[]
36,Tracyene,[]
37,Susan,[]
38,Francesco D'Isa,[very-short-reviews]
39,Rakesh Khajuria,[]
40,Ben Bohl,[]
41,Ametista,[ebook]
42,Lucas Novaes,[]
43,Corey,[]
44,Aaron Haspel,[]
45,Kucing,[]
46,Naomi,[мозговая-власть]
47,Antonio Iannarone,[]
48,julia,[]
49,Paul Adkin,[]
50,Nico,[]
51,Meka,[]
52,Linny,[]
53,Nathalia K.,[]
54,Michael Greening,[]
55,Tomas Ramanauskas,[gold]
56,Néstor,[]
57,Rhiannon,[]
58,Jostein Saxegaard,"[tysk, 1900-tallet, roman]"
59,Angela Becerra Vidergar,[]
60,Klaus,[]
61,Ben,[]
62,Angela Alcorn,[]
63,Darran Mclaughlin,"[favourites, philosophy, german, modernist, mittel-europe]"
64,Erica,[]
65,Asher,[]
66,Joshua Finnell,[]
67,Guy,[]
68,Tiffany,[]
69,Elizabeth Hills,[]
70,Dingus,[]
71,John Thomas,[]
72,Elia Mirca,[]
73,Bartek,[]
74,Mia,[]
75,ximena,[]
76,Lori,[]
77,Katchoo,[]
78,Justin Evans,[fiction]
79,Julia Dzwonkoski,[]
80,Stacy,[]
81,Jordan,[]
82,Jack,[]
83,Baclofen Gliddon,[]
84,Natalie,[]
85,Joscha,[]
86,Lucas,[]
87,Birgit,[]
88,Joel,[]
89,Thomas Trofimuk,[]
90,Martin,[]
91,Sophie,[]
92,Günther,[]
93,Jeana,[]
94,Ingo,[]
95,Jay,[favorites]
96,Hélène,[default]
97,Chris Oliveria,[]
98,Benjamin,[]
99,Kåre,[litteratur]
100,willow,[]
101,Lizzie,[]
102,Jinx8,[]
103,Sini,[]
104,Miloš Kostić,[]
105,Bill Hutchison,[]
106,Angela Von der Lippe,[]
107,Ronan Fitzgerald,[]
108,Sam,[]
109,Malcolm Creen,[]
110,Kahukusaint,[]
111,Milan,[]
112,Kate,[]
113,khatch ,[]
114,Shawna,[]
115,matt,"[peeked-inside, put-aside]"
116,silvia ,[]
117,Ulrik Andersen,[]
118,Eva Simatou,[]
119,Debasis Mandal,[]
120,Vitali Rabinovich,[]
121,Nina,[]
122,Andy Peters,[]
123,Quinn Slobodian,[]
124,Anita,[]
125,Lee Paris,[]
126,Remarciaf,[]
127,Erin,[]
128,Gilbert Wesley Purdy,[]
129,Inna Shpitzberg,[]
130,Inna,[]
131,Sammy,[]
132,Nancy,[]
133,Duc,[]
134,Yas,[]
135,Till,[]
136,Anthony,[]
137,Meg Tuite,[]
138,Miriam,[]
139,Ronald Morton,"[german, half-of-1001-books]"
140,Daniel Grob,[]
141,Kristen,[]
142,Rebecca,[]
143,Dietmar,[]
144,Justin,[]
145,R,[]
146,tirretiipero,[]
147,Thomas Helle-valle,[]
148,Colin,[]
149,Spinoza spinoza,[]
150,Peter,[belletristik]
151,Anascape Taylor,[]
152,Tami,[]
153,Richard,[]
154,Kevin Holden,[]
155,GONZA,[]
156,Douglas,[]
157,Christian,[]
158,Hannah,[]
159,Albert,[]
160,Hans Van,[abandoned]
161,Kakanier,[]
162,Iain,[]
163,Katalin,[]
164,Pavel Moiseenko,[Художественная]
165,Lawrence A,[fiction]
166,Martine,[]
167,Heidi,[]
168,Ivan,[]
169,Gigio,[]
170,maria,[]
171,Peter Devlin,[]
172,Michael Todd,[]
173,Warren_oates,[]
174,Emilian Kasemi,"[favorites, heavyweights, read-and-reread, inspiring, ne-plus-ultra, mitteleuropa]"
175,Bjorn,[]
176,Matt,[]
177,Ian,"[1001-books, favorites]"
178,Roland,[]
179,Ted Newell,"[current-culture, philosophy]"
180,Anne,[]
181,Jakob,[]
182,Marissa,[]
183,Tesilicious,[]
184,Erwin Maack,[]
185,propellermann,[]
186,Michelle,[]
187,Holger,[]
188,Ahmad,[]
189,Gwendolyn,[]
190,ds,[]
191,Magdalena,[]
192,Martijn Van Duivenboden,[]
193,Manekineko,[]
194,Iana,[]
195,Alex Covic,[]
196,Matthias,[]
197,orsodimondo (a zonzo),[]
198,Russell Olson,"[modern-classic-fiction, fiction, philosophy, economics]"
199,Shane James Bordas,[]
200,Paulo,[]
201,Lori Ehrman,[]
202,Ph,[]
203,John,[]
204,Maï-do Hamisultane,[]
205,Krysta,[]
206,Ronnie Grob,[]
207,Holly Cohen,[]
208,Micha,[]
209,Lynn,[]
210,Katzenjammer,[]
211,Judson,[]
212,Jennifer Mills,[]
213,James Kendley,[]
214,Caro,[]
215,Norbert Lochmann,[]
216,Laura,[]
217,Amina,[]
218,Karen,[]
219,Speranza,"[personal-library, size-matters]"
220,Leo Robertson,"[favorites, reviewtastic]"
221,Jesse,[]
222,Maiby,[]
223,DoctorM,"[favourites, eastern-europe, modern-lit]"
224,Lou,[]
225,Limaeins,[]
226,Mandy Blackburn,[]
227,marc,[]
228,Tryno,[]
229,Melanie,[]
230,Francesco Fantuzzi,[]
231,Chris Leeb,[]
232,Stephen,[]
233,Sandra,"[favorites, mitteleuropa, classicissimi]"
234,Beth,[]
235,CJ,[]
236,Phil,[]
237,Lukas,[]
238,Donna,[]
239,Rory,[]
240,hexaspir,[]
241,Ann Klefstad,[]
242,Matthijs Krul,[]
243,Danny McCaffrey,[]
244,Rubio,[]
245,Briggs,[]
246,Becky,[]
247,Timothy McCluskey,[]
248,Luke,[]
249,MJ Nicholls,[]
250,Christy,[read-2012]
251,Ludmilla,[]
252,Ben-Ami Eliahu,[]
253,Stefan Kuschnig,[]
254,Marcus,[]
255,Michael,[]
256,Coral,[]
257,Szigi83,[]
258,Tracey,[]
259,Sam Thacker,[]
260,Lars Martens,[]
261,Ffiamma,[germanica]
262,Daniel Teo,[]
263,Julie,[]
264,Pierre,[]
265,Kimberly Carson,[]
266,Lula,[]
267,Sarah,[]
268,Sári,[]
269,Ulf Kastner,[]
270,Bronwen,[]
271,Daniel,[]
272,Mark Bold,[]
273,Traishorloff,[]
274,Nicholas,[]
275,Judith,[]
276,Gaz,[]
277,Luca Baraldo,[]
278,Victoria,[]
279,Margaret,[]
280,Kenny Shovel,[]
281,Christopher,[]
282,jenna nims,[]
283,James,[]
284,Josephine Supercalifragilisticexpialidocious,[]
285,Claudia,[]
286,T.P. Williams,[]
287,Michele,[]
288,Dennis James Sweeney,[]
289,Ulrich Sattler,[]
290,Steven,[]
291,Marc,"[german-literature, vienna]"
292,Jacques le fataliste et son maître,"[narrativa, letteratura-tedesca]"
293,Mark,[]
294,Andy,[]
295,Ellen,[]
296,Noel,[]
297,Kristian,[]
298,Jonathan,[]
299,Wolfram,[]
300,Frank,[favourite-books]
301,Kilburn Adam,[favourites]
302,Metamedusa,[]
303,Nothing,[]
304,galya,[]
305,Rev. Iain,[]
306,David,[]
307,Leila,[]
308,Maximilian,[]
309,Bárbara,[]
310,_,[]
311,Amber,[]
312,Bart,[]
313,Rob,[]
314,Loredana Spadola,[]
315,Cameron,[]
316,Jeremy Price,[]
317,Simon,[]
318,Kristi McGuire,[]
319,lindsie,[]
320,Aaron,[]
321,David Michael,[]
322,Ada,[]
323,Kristi,[]
324,Deniz Lala,[]
325,Nelleke,"[classic-literature, philosophy, 20th-century, satire, german-literature, winter-challenge-germany]"
326,Ulrich,[]
327,claude lambert,[]
328,Amy,[]
329,Cari,[]
330,Lydia,[]
331,Nadine,[]
332,Topf,[]
333,Max Goldman,[]
334,Rocky,[]
335,Des,[german]
336,landsend,[]
337,Dev,[]
338,Chelsea,[]
339,lärm,[]
340,Astrid,[]
341,Leo Leuventhal,[]
342,Lorenzo Berardi,[]
343,Dana Miranda,[]
344,Eddie,[]
345,Stujallen allen,[]
346,Kristina,[]
347,Erika,[]
348,Carly Thompson,[]
349,David Bird,"[my-landmarks, in-extremis]"
350,Julebu,[]
351,Abimelech Abimelech,[]
352,Malte,[]
353,RWin Gulag,[]
354,Melissa,[]
355,Sara M.,[]
356,Derek Davis,[]
357,Max,[]
358,Elsa,[]
359,Elalma,[]
360,Andrea,[]
361,Lisetta,[]
362,Clare Shepherd,[]
363,Yen-Rong,[]
364,Alex,[]
365,Awrup,[]
366,Emanuella,[]
367,Karin,[]
368,Katey,[]
369,Cathy,[]
370,Roslinda,[]
371,Laura Young,[]
372,Rkq,[]
373,Aline Correia,[]
374,Vit,[]
375,Alexander Frost,[]
376,Scott,[]
377,Emily,[]
