,user,tags
0,Lars,[]
1,katy,[]
2,Aistė,[]
3,Van,[]
4,Brett,[don-t-recommend]
5,Leah,[]
6,Faft,[]
7,Alana,[]
8,Huw Thomas,[]
9,Sigit  Raharjo,[]
10,Adrijana,[]
11,alana,[]
12,Safitri,[]
13,Wanda,"[book-club, japanese-authors, read-in-2013]"
14,pani Katarzyna,[]
15,Bree,[]
16,Hana  Mertová,[japonská]
17,Dan Warren,[]
18,Jackson Cyril,[japan]
19,Thomas,[]
20,Rachel Hirstwood,[]
21,Manoshree,[]
22,Rani,[]
23,Randy,[]
24,Motorcycle,[]
25,Paul,[]
26,George,[]
27,Howard,[world-literature-top-100]
28,Muhammad Noor,[]
29,Darren,[]
30,pinenutsandrice,[]
31,Juan de Dios Reyes,[]
32,Jane,[]
33,Sylvia,[]
34,Kalina,[]
35,Jory Dayne,[]
36,Sylvie,[]
37,Valerie,"[nobel-laureates, top-100]"
38,Jimson,[]
39,Jessica,[]
40,Lia Alaverdyan,[]
41,Olivia,[]
42,Kaloyana,[]
43,Sarah Szurpicki,[]
44,Lazarus P Badpenny Esq,[]
45,Susan,[]
46,Nick Colaccino,[]
47,Jenn,[]
48,Shory,[]
49,Amanda,[2013]
50,Lachlan,[]
51,Angie,[]
52,Neva,[]
53,Cone,[]
54,cindy,"[about-living, indonesian, org-asian]"
55,Richard Stuart,[]
56,Polina,[]
57,Ariel,[]
58,Minodora,[]
59,Nick,[]
60,Kpaj,[]
61,Shaikha alzaabi,[]
62,Jen,[]
63,Rita,[]
64,sarah,[]
65,Jeffwu,[]
66,Teresa Nguyen,[]
67,Adam Howard,[]
68,مناف زيتون,[japanese-fiction]
69,Menthink,[]
70,Vincent Odhiambo,[own]
71,Andypants,[]
72,Ben,[]
73,Christine,[]
74,Ramona Arsene,[favorites]
75,Guilliean,[]
76,Gus,[]
77,Jayaprakash Satyamurthy,[]
78,Claire,[]
79,The Juggler,[]
80,Brad,[]
81,Tutiki,[]
82,Lieb,[]
83,Esteban del Mal,[]
84,Indigo,[]
85,Illa P,[]
86,Tella,[]
87,LMN,[]
88,mali,[]
89,umberto,"[fiction, japan]"
90,Heather,[]
91,Mia,"[japanese, 2016]"
92,Sara,[]
93,Adrian Fingleton,[]
94,Brian,[]
95,Jessamyn,[]
96,Bruno,[giappone]
97,Wojtek,[]
98,Liz,[]
99,Molly,[]
100,Yeliz,"[author-japanese, novel]"
101,Stacy,[]
102,Kat,[]
103,A,[]
104,Natalie,[]
105,Nathan,[]
106,Ryan,[]
107,Claire S,"[global, on-writing, struggles-of-use, fiction, novel, a-3-ripening-interest, pov-content_global-of-location, events-based-urgency]"
108,Will,[]
109,Thomas Trofimuk,[]
110,Kelly,[]
111,Lisa,[]
112,Kenneth Weene,[]
113,Ian Durham,[]
114,Shin,[]
115,Ali,[]
116,DeAnn,[]
117,Emre Sahin,[]
118,Zachariae,[]
119,Leslie,[]
120,Sean,[]
121,Malcolm Creen,[]
122,Andrey K.,[]
123,Ingo,[]
124,Kris,[]
125,Nikki,[]
126,Aya,[]
127,Nicole~,"[nobel-laureate, japanese-lit, kawabata]"
128,Maeve,[]
129,Rj,[]
130,Elijay,[]
131,David Gan,[]
132,Rhys Higgins,[]
133,Razvan,[]
134,Nena,[]
135,Evan,[]
136,Rosana,[]
137,Wolfe Tone,"[modern-literature-post-1945, favorites, japanese-literature]"
138,Anitra,[]
139,Todd Libasci,[]
140,Craig Werner,[asian-lit]
141,Tashia,[]
142,Michael,[]
143,Kyle,[]
144,Steph,[]
145,Rashida,[unrankable]
146,Andrew Herron,[]
147,Giancarlo,[]
148,Joe Montgomery,[]
149,Elsevire,[]
150,Bernadette,[]
151,Johnld,[]
152,Madziar,[]
153,abcdefg,[]
154,Richard Anderson,[]
155,Kate,[]
156,Big Brother,"[nobel, bestest, sad-lonely-thinking-of-suicide, asia, list-world-library]"
157,Kevin Teixeira,[]
158,Landis,[]
159,Ayleen Julio,"[favoritísimos, maratón-julio]"
160,Agnieszka,"[own, favorites, 2011, japan, reviewed]"
161,deea ene,[]
162,Biondy,"[family, read-in-english, slice-of-life]"
163,Niles Stanley,[]
164,Debra,[]
165,Joseph,[]
166,Derek,[]
167,Wendy,[]
168,Arti,[]
169,Amit Bolakani,[]
170,Alan Smith,"[owned, book-club, fiction, japan]"
171,Markéta,[]
172,Elizabeth,[]
173,Joy,[]
174,Samuel,[]
175,Uswatunww,[]
176,William,[]
177,Madhuri,"[japanese, nobel, family, translation]"
178,Jon,[]
179,dogukan,"[books, favorites]"
180,Judi,[]
181,Tawitti,[]
182,Farrah,[]
183,M. Jundurrahmaan,[]
184,Mariel,[my-love-life]
185,Judy,[fic-cultural]
186,Haavi,[]
187,Salvatore,[]
188,Richard Bentley,[]
189,Julian,[]
190,Rachelle,[]
191,Erin,[]
192,Eric,[]
193,Niratisaya Niratisaya,[]
194,David Ranney,[]
195,Kikukitsune,[]
196,Yas,[]
197,Krystal,[]
198,Hani Iskadarwati,[]
199,Kassie Borreson,[]
200,DIVA Press,[]
201,Miia,"[fiction, authors-jpn]"
202,Adam Sitte,[]
203,Margarita,[fiction]
204,Justin,[]
205,Meredith,"[asian-literature, japan, nobel-prize, reviewed, fiction, library]"
206,Ahmad Sharabiani,"[classic, literature, asia, japan]"
207,Bizaokas,[]
208,Jain,"[fiction, poc-author, japanese-literature, asian, 2009-reads]"
209,Kurt,[]
210,Clara Lee,[]
211,Sean 韓谷陳H (HTCH),"[japanese, old-age]"
212,Galina,"[любими, притежавам-копие, Поредица-Избрани-романи, 2013, японски-автори]"
213,Kyle Muntz,[]
214,Matthieu,[]
215,Kriptonima,[]
216,Vicky Peng,[]
217,Alexander,[]
218,Elisa,[]
219,Cody,[]
220,Pax,[]
221,Izi,[]
222,ann,[]
223,Beezie,[]
224,allen,[]
225,Anya,[]
226,Lance,[]
227,Magdalina,[]
228,Christian,[]
229,Jana,[]
230,Virginia,[]
231,بانَـة,[]
232,Yen-Rong,[]
233,Hypocrite Lecteur,[]
234,Radit Panjapiyakul,[]
235,Tricia,[]
236,Maryam,[]
237,Kurishin,[]
238,Ivan,[]
239,Kashleah,[]
240,Marie,[favorites]
241,Audrey,[]
242,Donald,[]
243,Ryan ,[]
244,Hamid Sattar,[]
245,Pete,[]
246,Matt,[]
247,Jaga,[]
248,Hann Min,[]
249,Anne Pinckard,[]
250,Ryan mehan,[]
251,Wes,[]
252,Luc Meier,[]
253,Waqas,"[日本, kaleidoscopic-kawabata, favorites]"
254,Stephen,[]
255,Anne,[]
256,Anna,[]
257,Kathy,[]
258,Vanessa,"[library-loaned, japanese-june]"
259,Aparna,[]
260,Fred,[]
261,Yuri,[]
262,بثينة العيسى,[]
263,Michelle,[]
264,Brad N,[]
265,Louis,[]
266,Jackie,[]
267,Ahmad,[]
268,Adriana,[]
269,Stephanie Creasy,[]
270,Cristi,[]
271,Bidita,"[classics_including_modern, favorites, original_language_japanese, acquired, about_war_riots_partition_related, geo_eastern_asia, 20th_century, read_2015_yr_of_joyce_tagore, mt_tbr_vancouver_36]"
272,Toshio,[]
273,Tom Newth,[]
274,Denise,"[nobel-laureates, 2009]"
275,J.,[]
276,Pang,[constant-reader]
277,Benjamin Manglos,[]
278,Adrienne Foreman,[]
279,Nanosynergy,[]
280,Helvy,[]
281,Patricia,[japan]
282,Chuybacca,[]
283,John,[]
284,Maegan,[]
285,Paula,[]
286,Elizabeth Adams,[]
287,Rio Rinaldo,[]
288,Dedra,[]
289,Blair,[]
290,Risa,[]
291,Tom Tabasco,[]
292,Apursansar,[]
293,Mónica -,[]
294,Kasia,[]
295,Sarah Simon,[]
296,.: .A.E.R.,[]
297,Adm2001,[]
298,Erika,[]
299,Estefania,[]
300,Joanne Baines,[]
301,Veronica,[]
302,Peter,[]
303,Yen,[]
304,Laura,[]
305,april,[]
306,Lorena Francisca,[]
307,Lauri,[]
308,Scribe,[]
309,Moshin M,[]
310,Rhonda L.,[]
311,Timothy,[]
312,Dani,[]
313,DoctorM,[]
314,David Haws,[japanese-fiction]
315,anthony freda,"[favorites, kindle]"
316,Sacha,[]
317,Cary,[]
318,Oscar Peñaloza,[]
319,Robin ,[]
320,Jagadish,[]
321,Johanna Lehtonen,[]
322,Heather Paxton,[]
323,Melanie,[]
324,Cari,[]
325,GONZA,[]
326,Lamerestbelle,[]
327,D. Pow,[]
328,Phil,[]
329,Trevor,"[kew, kewjapan]"
330,Ian Billick,[]
331,Bethany,[]
332,Rachael,[]
333,Donna,[]
334,Barbara,[]
335,Elia,[]
336,Stéphane,[]
337,Ann,[]
338,Rachel,[]
339,Patrick McCoy,"[japanese-literature, fiction]"
340,Chaosdroid,[]
341,Zeynep Beyza,[japan]
342,Beni Sutrisno,[]
343,Lauren,[]
344,Bridie  Knight,[]
345,Viktor Bach,[]
346,Daniella,[]
347,Mrtmr,[]
348,Courtney,[]
349,Susanne,"[not-finished, japan]"
350,Phoebe Lynn,[]
351,Athena,[]
352,Lela,[]
353,Tg,[]
354,Fernando Chaves,[]
355,Carol,[]
356,Stefan Kuschnig,[]
357,Andra,[]
358,Rick K. ,[]
359,Lalo,"[must-read, nobel, 2015, favorites, 2015-challenge, top100-bokklubben]"
360,Audley Igo,[]
361,Bibliodonna,[]
362,Hollis,[]
363,Francisco,[]
364,Morgan Snook,[]
365,Kristen,[]
366,Minh,[]
367,coffeedog,[]
368,عبدالله العبيد,[]
369,Britta,[]
370,mr.fantasy,[]
371,Sarah,[]
372,Tanuj Solanki,"[japan, nobel-prize]"
373,Cave,[]
374,NoraH,[]
375,Daniel,[]
376,Irukina,[]
377,Whitaker,"[modern-canon, japan, 2009-read, get-hardback, 3965p-box3]"
378,Hadrian,"[fiction, favorites, japan]"
379,María Paz Greene,[]
380,Sophie,[]
381,Dottie ,[]
382,Brandi,[]
383,Jonathan,[]
384,Alp Arslan,[]
385,Steve Love,[]
386,nikki,[]
387,Kenny Shovel,[]
388,Christopher,[]
389,an nhu,[]
390,Mode Che,[]
391,Maggie Jablonski,[]
392,D,[]
393,Nila,[]
394,PriSoares,[]
395,bookyeti,[]
396,Marinad,[]
397,Kasa Cotugno,[location-asia-japan]
398,Sam,[]
399,Brenda,[]
400,Meri Meri,[]
401,Penelope,[]
402,Scarlet,[]
403,لميس يوسف,[]
404,Little,[]
405,Jamie,[]
406,Garrett,[]
407,Mari,[]
408,Mark,[]
409,Mart,"[general-fiction, japanese]"
410,Meiri,[]
411,Andy,[]
412,Janet Leszl,[]
413,peter,[]
414,Jack Ryan,[]
415,Mary,[]
416,Mike,[]
417,Lee,[]
418,Ahmed Sharf Al-Din,[]
419,Minciue,[]
420,Kitty Lu,[]
421,Jisela,"[five-stars, read-in-2016]"
422,Davy,[]
423,Linda,[]
424,Connie,[]
425,Chris,[]
426,Pfattorini,[]
427,Jenessa,[]
428,Barbara Sibbald,[]
429,O,[]
430,David,[]
431,Heather Kerley,[]
432,Audrey Andrews,[]
433, Imene,[كتب-مترجمة]
434,shamrocked,[]
435,Katie,[]
436,Marat M. Yavrumyan,[]
437,Andréa,[]
438,Evan Yakata,[]
439,Aaron,[]
440,Ruth,[fiction]
441,Nithya Kubendran,[]
442,Hani,[]
443,Viet Phuong,[]
444,Emi Bevacqua,"[fiction, classics, asia]"
445,Shawn,[]
446,Jon Levesque,[]
447,Megan,[]
448,L'weasel X,[]
449,Amy,[]
450,Faedyl,[]
451,Suzi,[]
452,Samuel Doyon,[]
453,Bryan,[]
454,Lluís,[]
455,RK-ique,"[fiction, kawabata]"
456,Pranay Gupta,"[fiction, classics, family, nobel-prize-winners]"
457,Realini,[]
458,Linda Miller,[]
459,Antonius Block,[japanese-literature]
460,Ibo Ghazi,[]
461,Hector Maldonado Maldonado,[]
462,Jean,[]
463,két con,"[nobel-laureates, japan]"
464,Richard Janzen,[]
465,Lilah,[]
466,Dana Miranda,[]
467,Joanne,[]
468,Jefferson,[]
469,Jenni,[]
470,Melon109,[]
471,Jenna,[]
472,Becky Ferguson,[]
473,Desilva,[]
474,Josh,[]
475,mike,[]
476,Kate ,[]
477,nole Benlahoussine,[]
478,Ysabet,[]
479,Edward,"[own, fiction, 4-star, translated, japan]"
480,Kelly Jean Egan,[]
481,Lumberjuan,[]
482,Veterini,[]
483,Ricki,[]
484,Anil,[]
485,Praj,"[yk, にほん]"
486,Tasha,[]
487,Max,[]
488,Paraph,[]
489,Andrew,[]
490,Stephen P,[favorites]
491,Ania,[]
492,Emeraldia Ayakashi,[big-in-japan]
493,Mag,"[asia, japan, literary-fiction]"
494,Dara,[]
495,Andrea,[]
496,Кремена Михайлова,[]
497,AC,"[japan, novels-japanese]"
498,Zachary,[]
499,Alex,[]
500,Fernando,[]
501,Chinakom Nakabuit,[]
502,بهمن بهمن,[]
503,Morgan,[]
504,Jason Williams,[]
505,Emu,[]
506,Intery,[]
507,Veronika KaoruSaionji,[]
508,Adelina,[]
509,Al,[2009-books]
510,Bani M,[]
511,Kris Kipling,[]
512,Muhajjah Saratini,[]
513,David Streever,[japanese-literature-war-to-post-war]
