,user,tags
0,Jalila,[]
1,Val,"[fiction, short-story-collections]"
2,Sherri,[]
3,Matt,[]
4,Betsy,[]
5,Lara,[audiobooks]
6,Mahmod Al-mahaden,[]
7,Annette,[]
8,Sherry,"[classics, bingo]"
9,Mmars,"[classics, short-novellas]"
10,Carlos Río,[]
11,Fil,"[sec_ottocento, naz_russia, letti-nel-2016, 1001-libri]"
12,Matias,[]
13,Yogy TheBear,[]
14,Dan,[russian]
15,Mahmoud Saladin,[]
16,Tiago Ramos,[]
17,Bree,[]
18,ablomof,[novel]
19,Ludgero Cardoso,[favorites]
20,Laurie,[classic]
21,Alona Perlin,[]
22,Radwa,"[russian-literature, shot-stories]"
23,Felix Purat,[]
24,Alexandre Rivaben,[]
25,Rana,[2014-classics-and-companions]
26,أحمد أبازيد Ahmad Abazed,[]
27,Nelson Zagalo,[literature]
28,Tracy Reilly,[]
29,selcuk,"[2015, favorites]"
30,Fatemeh Roshan,[]
31,Paul,[novela]
32,Andrew Toh,[]
33,Kevin,[]
34,Dolors,"[best-ever, read-in-2014]"
35,Shane Johnson,[]
36,Ryan Mishap,[novel]
37,Alexander Lisovsky,[]
38,Joana,"[classics, read-in-2011, read-in-portuguese]"
39,Ira Therebel,"[russian-literature, classic-literature, fiction, ex-ussr]"
40,Sue Thornquist,[]
41,Dsinglet,[]
42,Umut Gökbayrak,[]
43,Phil Overeem,[]
44,Stefania Feletto,[]
45,Bruce,[]
46,Jalendhari Tabeeb,[readathon-day-2015]
47,Ronny,[]
48,Mohammad Mirzaali,[]
49,Dario Andrade,[]
50,Susan,[]
51,Filipe Arede,[]
52,Russ,[]
53,Jaka Kun,[2016]
54,Alex Johnson,[]
55,Jennifer,[well-read-mom]
56,Russio,[]
57,Aimee,"[unpopular-opinion, school-reads, snore]"
58,Charnee,[favorites]
59,Victor,[]
60,Tita,"[família, livros-2016]"
61,Rebecca Rosenblum,[]
62,Alice Poon,[]
63,Nick,[russian-winter]
64,Jibran,[fiction]
65,Tom,[]
66,Zahra Fani,[]
67,pinknantucket,[]
68,Joe Williams,[]
69,Caitlyn,[]
70,Katsumi,[classics]
71,Breyaniah,[college]
72,pearl,"[literary-fiction, russia]"
73,İbn Zerhani,"[classics, russian-literature]"
74,Răzvan Molea,[russian-lit]
75,Mozhgan,[]
76,Petar X,[fiction]
77,Alper Çugun,[]
78,Ben,[russian-lit]
79,Alborz Taheri,[favorites]
80,Maha Yehia,[]
81,شبگیر,"[رمان-و-داستان-خارجی, s-th, نمایشگاه-کتاب-95]"
82,A.J.,[]
83,John Pienta,[fiction]
84,Ken Moten,"[russian-stuff, philosophy-stuff, short-story-stuff]"
85,Bram,"[2009, the-russians]"
86,Ammara Abid,[]
87,Ana V,[]
88,Neil,[]
89,Mr.,[]
90,Danae,[]
91,Eva Gogola,[short-stories]
92,Mhinchley,[2011]
93,Carla Coelho,[]
94,Heather,[]
95,Marziye,[]
96,Sara,[]
97,Cristina Darabut,[]
98,Brendan  Muller,[]
99,kaśyap,[classics]
100,midnightfaerie,[classics]
101,Yasiru (reviews will soon be removed and linked to blog),[aim-for-the-year]
102,Wessex Warrior,[]
103,Arjay,"[ebook, russian]"
104,Rosie,"[read-in-2016, classics]"
105,Devi Priya Ponugoti,[]
106,Randilyn,[]
107,Kat,[]
108,Erez Davidi,[]
109,Mohammad,[علایق-ادبی]
110,Γιώρη Μπέλκος,[]
111,Kressel Housman,"[fiction, classics, world-culture]"
112,Gisoo,[]
113,Daren,"[fiction-short-story-ies, fiction, europe-eastern, russian-author, russia, p60s]"
114,Jacqueline,[]
115,Ryan,[shelfari-favorite]
116,Natasha Castillo,[]
117,Saburi,[]
118,Lisa,"[literature, classic, russia]"
119,Sophie,"[classics, russian-literature]"
120,Emir,[]
121,Daniel Lewis,[]
122,Carlos,[]
123,Stevo Ilišković,[]
124,M.G. Bianco,[fiction]
125,Ali,[]
126,An upbeat reader,[]
127,Emrah Karahan,[]
128,Isabel,[]
129,Flyss Williams,[]
130,Amir ,[novel]
131,Elaine,[]
132,Irene,[]
133,Laura Marinkovich,"[classics, short-stories-novellas, 2015]"
134,Marc-Antoine,[yann-martel-book-club]
135,JFN,[]
136,NaomiTheBookLover,[]
137,Nikki,"[classics, short-stories-novellas]"
138,Daniel Pecheur,[russian-literature]
139,Riku Sayuj,[]
140,Simon,[]
141,Jared Shless,[]
142,Natasha Primaditta,"[classics, i-read-as-ebook]"
143,Reza speed,[]
144,Drew,[]
145,Carmo,"[russos, bib-p]"
146,Richard Barager,[]
147,Inês Beato,"[clássicos, owned-paper, 2015]"
148,Helen,[]
149,Luis,[]
150,Sine,"[favorites, to-read-again]"
151,Gary ,"[literature, own, russian-literature, classics]"
152,EGe,[]
153,Sina,[]
154,Tim Petersik,[]
155,Seth,[russian-literature]
156,Can,[]
157,R.,[]
158,Caidyn,"[classics, read-for-school]"
159,Dwight,"[to-read-again, library, audiobook]"
160,Katy,[favorites]
161,Dale Pearl,"[classics, 2015, fiction, y2015-december, dark, russian-writers, tolstoy]"
162,Eleclyah,"[4-stelle-bellissimi, classici, autori-russi, commentati]"
163,Sam,"[classics, shorts, psychology, philosophy, geocaching]"
164,Natasha Harwood,[]
165,Çağdaş,"[classics, hasan-ali-yucel, library]"
166,Tracy St Claire,[]
167,Giada,[]
168,Atilio Frasson,"[clásicos, escritores-y-escritoras-leídos]"
169,Simon Kinsella,[]
170,Hamid Kazemzadeh,[]
171,Anne Zappa,[]
172,Fatih EREL,[klasikler]
173,Rosa,[novella]
174,Mary Dykas,[]
175,☯Emily ,[classics]
176,Jesper,"[russian, 19th-century]"
177,matt,"[fictions-of-the-big-it, worldly-lit, existentialism, shattering]"
178,Farnoosh Brock,[]
179,Elizabeth,"[library-books, 2016-reading-challenge]"
180,Vanita,[]
181,Dark Slayer,[]
182,Vera,[]
183,Jahan,[]
184,Elijah Kinch Spector,[literature-i-guess]
185,Elizabet Lőrincz,[]
186,Maureen,[novel]
187,Eadweard,"[fiction-read, classics, russian, favorites-or-really-liked, leo-tolstoy]"
188,Semih Eker,[kütüphane]
189,Michaela Wood,[]
190,Naveed Nawaz,[]
191,Mike Puma,"[russian-author, 2012, art-of-the-novella]"
192,Milena,[]
193,Tânia F,[owned-books]
194,Miguel,[resenha-sqf]
195,Maritza Buendia,[]
196,Anita,[]
197,Yehia Hassan,[]
198,Juliana,[]
199,Jenn(ifer),"[the-russians, 5-f-ing-stars, dark, read-in-2012, own, my-reviews-that-dont-suck]"
200,Manolito,[]
201,Erin,[]
202,Pooya Kiani,[novel]
203,Gebanuzo,[]
204,rick.,"[classics, realistic-fiction]"
205,Jason Middleton,[]
206,Eric,[]
207,yasar,[]
208,Emadeddin,"[favorites, remarkable, to-buy, life-changing-books, 2014-reads, ramadan-reads-2014, best-of-2014]"
209,Hugo,"[2015, favoritos, biblioteca]"
210,Nuno Miguel,[]
211,Miquixote,"[philosophy, fiction, major-works-500-citations, russian-literature, top-100-world-lit, 400-410]"
212,Theleem,[]
213,Starr,[]
214,Entre Chás e Cafés ❀Renata CR❀,"[favorites, russian-authors, classics, read-in-2011, meus-físicos]"
215,Osman,[]
216,Cem,[]
217,Larry,[owned]
218,GiGi,"[favorites, russians]"
219,Pedro Freitas,[]
220,Shanu,[]
221,Aleksandar Obradović,[]
222,Saeed,[short-story]
223,Kastel,[]
224,Shaimaa Zaher,[]
225,Ahmad Sharabiani,"[classic, fiction, literature, 1001-book, russia, 19th-century]"
226,Abeer,"[favorites, russiamothergloom]"
227,Niniane Wang,[]
228,Mariana Ferreira,[existentialism]
229,Monty Milne,[]
230,Vahid Monfaredi,[]
231,Ângelo,[]
232,Hamid Hasanzadeh,[novel-novella]
233,Lisa Papademetriou,[]
234,Caleb,[]
235,Rowena,"[classics, russian-lit, tolstoy]"
236,Kasia,[]
237,مروان البلوشي,"[روايات, قراءة-ثانية]"
238,Karolyn Sherwood,"[fiction, modern-classics]"
239,Peter,[]
240,Cody,[fiction]
241,Diego,[]
242,Kalpana Mohan,[]
243,Luís Miguel,[]
244,Leanna Kowallis,[audio-books]
245,Cheryl,"[fiction, russian, classics, library, translation, 2014-favourites]"
246,Ece,[]
247,Amir Yaghoubi,[]
248,Duane,"[rated-books, reviewed-books, russian, 2016-book-challenge]"
249,Emma Marx,[]
250,Mahdi,[داستان-خارجی]
251,Morvarid Zandichi,"[persian-books, reread]"
252,Evan Culver,[]
253,Kim,[kindle]
254,Jack Dinkel,[]
255,Dev Jyoti Behera,[russian-literature]
256,Amir ali,[]
257,Maryam,[]
258,Lucas Fernandez-Rocha,[]
259,Carolayne,[]
260,Qi,[re-read-books]
261,Roseb612,"[1001-books, klasika-19-stoleti, ru-literatura]"
262,N.khaki,[]
263,Denae,"[challenge-1010-by-2020, read-in-2011, nook]"
264,Florencia,"[favorites, russian]"
265,Chrissie,"[philo-psychol, soviet-union, short, disliked, life-stages, audible, returned, 2014-read, classics]"
266,João Batista,[]
267,Celeste Corrêa,"[owned-books, rússia, livros-lidos-2015]"
268,Ingrid Joselyne,[2013]
269,Mansour Boostani,[literature]
270,Milton,[]
271,Stephen,[]
272,Angeline Larimer,[]
273,Faith Eccles,[]
274,Vanessa,[read-in-2011]
275,Jill,[]
276,Nádia Batista,[]
277,Kushal Saharan,[]
278,David B,[]
279,Guillermo Macbeth,[]
280,Loraine,[]
281,Ahmad,[]
282,Bogdan Rat,[]
283,Ricardo,[]
284,Billy O'Callaghan,[around-the-world]
285,Amir,[]
286,FanOfWords,[30-day-book-challenge]
287,Jim Ef,[]
288,Dev Nithiavel,[]
289,Dhualfiqar Basim,[]
290,Francene Carroll,[]
291,J.,"[19th-century-genre, favorites, russian-literature, memorable-unique-strange, classics, novellas]"
292,Pang,"[classics, culture-society-travel]"
293,Kaveh,[russia]
294,James Anthony,[]
295,Markus Hammargren,[favorites]
296,Muhammad Arqum,[]
297,Valdemar Gomes,[]
298,Terri Jacobson,"[classics, russian, audiobook, grief-death-and-dying]"
299,Teresa,"[5-estrelas, n-russia, l-1001bymrbyd]"
300,Moad,"[existentialism, russian-literature, books-i-own, death-and-nihilism]"
301,أحمد همام,[]
302,Τζαζίλας Μπάμπης,[]
303,Stella Siasiou,[]
304,Abhishek Anbazhagan,[]
305,John,[]
306,Safae,"[1001, english]"
307,Heather(Gibby),[src-summer-2016]
308,Priti,[]
309,Lucas Silva,[]
310,Tom Tabasco,[]
311,Hussam Ali,[]
312,حسين العُمري,[]
313,Philip Dodd,[]
314,Lukasz Pruski,[]
315,Donatella,"[inner-journeys, classic, literature-fiction, psychological-novel, russian-literature]"
316,Kartik,[]
317,Heba TariQ,"[مكتبتى, تراجم, استعارة-مكتبة, قراءة_مواصلات]"
318,Winered200,[]
319,Ahmed Osama,[]
320,Ghada,[audiobook]
321,Elise,[]
322,Veronica,[]
323,Nicholas Sangiacomo,[]
324,Barry Pierce,"[19th-century, read-in-2013]"
325,Dennis Mitton,[]
326,Yossor Jamal,[]
327,Laura,"[1001-books-you-must-read-before-you, e-books, russian-fiction, novellas, fiction-19th-century, gutenberg, read-2014, mtbr-challenge-2014]"
328,Hjd,[]
329,Karen,"[classics, russian, death-and-dying, aging]"
330,Speranza,"[personal-library, tolstoy]"
331,Alejandra,"[on-my-shelves, favorites-of-all-time, classics]"
332,Franco  Santos,[libros-en-digital]
333,David Lentz,[]
334,Rita Neves,[favorites]
335,Hammam Nimrawi,[]
336,Raheleh pourazar,[]
337,Mesbah Khandan,[]
338,Lou,"[classics, june-read]"
339,Lily,"[classics, russian-literature, short-stories]"
340,Daniel Mendes,[]
341,Ayaz Khan,[]
342,Gregory Conway,[everybody-s-russian]
343,Liv,[russians]
344,Roya,[]
345,Catalin Negru,"[literature, fiction, psychology]"
346,Vanda,[]
347,Ema,[]
348,Ahmed BADRA,[]
349,Donny,[]
350,Elham Ghafarzadeh,"[novel, short-stories, classic, fiction, literature]"
351,Jason,[read-in-2015]
352,Camille,"[classics, book-club-ideas]"
353,Daniel R. Pinto,[]
354,Ana,[]
355,Jeske,"[wish-list, 1001-books-list, favourites, 2016]"
356,Inês,"[classics, owned]"
357,Lázaro de Jesus Beruno Miguel,[]
358,Oriori,[]
359,Komal,[classics]
360,Pequete,[bookcrossing]
361,Sherry Elmer,[]
362,Mohd Tahir,[]
363,Dan Zoeller,[]
364,Monnie,[monnie-s-favorites]
365,Sawsan,[]
366,Ivan H.,[]
367,Tim,[]
368,Emilis Kuke,[classics]
369,Fanficfan44,[]
370,Christi,[]
371,Alessandro,[moral-social-com]
372,Naile Berna,[]
373,Carol,[]
374,Nahid Khasy,[]
375,Baydan Mehmet,[tolstoy]
376,Mohamedmsayed,[]
377,Nancy,[]
378,Michael,[]
379,VJ,"[fiction, kindle-edition]"
380,Justo,[]
381,Fabian,[]
382,Lavinia,"[short-stories, russian]"
383,Tracey,"[classics, 2010-reads]"
384,Kristel,"[1001-books, russian-literature, 1001-challenge]"
385,Julio,[]
386,Marcio Endo,[]
387,Fatemeh,[]
388,Elizabeth Moffat,[]
389,Mina,[]
390,Julie,"[classics, audiobooks, 1001-books-to-read-before-you-die]"
391,Kasper,"[novels, audiobooks]"
392,Karla May Hoffman,[]
393,Ij,"[classics, short-stories, russia, 2013, 1001, fiction, 1001-read]"
394,Ivani Torales,[]
395,Walter Villalobos,[]
396,arcobaleno,[letteraturastraniera]
397,Pink,"[19th-century, translations, russia]"
398,Jorge Maia,[]
399,Ishdolgor,[]
400,Andrew,[book-club]
401,Tyler,"[classics, accs]"
402,Pamela,[]
403,Jeremy,[all-time-favorites]
404,Yasin S.,[]
405,Melora,[]
406,Jackie Harris,[19th-century-russian]
407,Oscar,"[míos, mainstream, drama, clásicos]"
408,Khalid Ghanayim,[]
409,Christopher,"[fiction, russian, 19th-century]"
410,Anirudh,[classics]
411,Andreia,[já-não-tenho]
412,Bethan,"[short-stories-novellas, regular-fiction]"
413,Paritosh,[best]
414,Claudia,"[classics-i-should-have-read-years-b, 2014-book-challenge-150-books]"
415,D,[russia]
416,Abouzar Tamassoki,[roman]
417,محمد ذهني,[]
418,Mohsen,[]
419,Alice,"[russia-russian-russish, the-ones-i-read-for-school]"
420,Jose lana,"[fiction, favorites]"
421,Melika Khoshnezhad,[]
422,Luke Held,[]
423,Elena Yurievna,"[russian, classics, short-stories, think-it-over-books, drama]"
424,Andrea Hitefield,[]
425,Jason Vinje,[]
426,مسعود حسینی,[رمان]
427,Shari,[classic]
428,Alexander Rolfe,[]
429,Alexandria,"[classics, audiobooks]"
430,Babak Habibi,[]
431,Ayse Turan,[]
432,julieta,"[favorites, rusinskis, eslavófila]"
433,Steven Zachary,[favorites]
434,Marianne Søiland,[]
435,Rachel Louise,[]
436,میعاد ,[]
437,Lyn,[]
438,Vipassana,"[philosophy, russia, fiction]"
439,MissMarvelous,[russian-literature]
440,اویس,[]
441,リサ,[]
442,David Martino,[]
443,Mandy,[reviewed]
444,Hilary,"[fiction, 2011]"
445,Mark,[fiction]
446,Trounin,[]
447,Andy,[]
448,Asef Ghabeli,[]
449,Jonathan,[]
450,Vasco Simões,[]
451,Tom Lee,[]
452,Frank,[]
453,Amalie ,[russian-literature]
454,Nishat,"[classic, read-in-2015]"
455,Muhammad  Sabry ,[]
456,André Balaio,[]
457,Χρήστος,[]
458,Neeraj,[novellas]
459,Leanne Shirtliffe,[]
460,Connie,"[classics, fasting, end-of-life, death, russian]"
461,Chris,[]
462,Farnoosh Farahbakht,[]
463,Constantin Gavrilescu,[]
464,Saoirse,"[read-in-2011, classics]"
465,Jason Custer,[]
466,David,"[classic, literary, audiobook, novella, russia, 19th-century, russian-literature, philosophy]"
467,Vonia,"[classics, psychology, short-stories, foreign-translated, medical, grief-death, philosophy, religion, russian, loneliness, life-reflections, propriety, law]"
468,Elizabeth Boyd,[]
469,Rhonda Maydwell,[]
470,Jelena,[favourites]
471,Luan Morina,[]
472,Sareh Ghasemi,[]
473,Noah Richardson,[]
474,Mughees Bukhari,[]
475,Ruth,[]
476,Hesam,[]
477,Óscar Velasco,[]
478,Katie,"[classics, 1001, 19th-century]"
479,Pedro,[do-romance-filosófico]
480,Balaram Briant,[]
481,Heidi,[]
482,Meganw,[]
483,Andrei Tamaş,[]
484,Aylinb,[bookhaul-july-15]
485,Tahereh,[short-stories]
486,Krista,"[audiobook, 2014, classics]"
487,Aaron,[]
488,Sonya,[]
489,ali ammari,[]
490,Pavel,[books-that-defined-my-personality]
491,Kristi,"[1001-books, reading-challenge-2011]"
492,Ashoke,[]
493,Martha,[own-books]
494,Mari Café y Literatura,[]
495,Sundeep Supertramp,[favourites]
496,Anthony,[]
497,Ardeshir Tayebi,[wish-list]
498,Anthony Rivera,[]
499,Huseyn Ahadzade,"[2015-7-july, russian]"
500,Nuska,[2016]
501,Edwin Priest,[1001-best-books-read]
502,J,[]
503,Realini,[]
504,Ian Zimmerman,[]
505,Phan,[]
506,Harry,[]
507,Chelsea,[]
508,Mohamed Elmasry,[]
509,Adam Holmes,[]
510,Allysia K,[favorites]
511,Jerrod Carter,[]
512,Erika,[russian-literature]
513,Tony,[fiction-mainstream]
514,Filipa Cabaça,[standby]
515,Dave Hatt,[]
516,Jerome Kuseh,[]
517,Ruxandra Grecu,[]
518,Fizaah,[]
519,Kendra Vargas,[]
520,Tapasya,[]
521,Justin Jaeger,[]
522,Uzer Khan,[]
523,Núria,"[mios, 2006, literatura-rusa, decimononicos, 4-muy-buenos]"
524,Miguel Dias,[favorites]
525,Stephen P,"[favorites, novella]"
526,Mario,[]
527,Alice Lee,[classics]
528,Zeynab Babaxani,[]
529,Soonhar,[]
530,Maria,[2009]
531,Joshua Stevens,[]
532,Rıdvan,[]
533,Alex,"[russia, rth-lifetime, 2015, novel-a-biography]"
534,Hunt,[]
535,Vishwanath Saragadam,[fiction]
536,Asha,"[owned, tolstoy, philosophy, classics, 2013, wishlist]"
537,April,[]
538,Karim,[]
539,Somayeh,[]
540,Fausto,"[rusia, s-xix, critica-social, realismo]"
541,Malak Ramzy,[]
542,Elizabeth (Alaska),"[1001-books, nineteenth-century]"
543,Nishant Panda,[classics]
544,Raquel Pereira,[]
545,Vedrana Kopić,[ruski-realizam]
546,Carmela,[school]
547,Fateme Shafaei,[askh]
548,Emad,[]
549,Aasem Bakhshi,"[english-literature, owned, favorites]"
