,user,tags
0,Faye,"[world-literature, childrens-literature, 2014-reading-challenge]"
1,Alicia,[]
2,Van,[]
3,Doroti,[]
4,Marcia,[]
5,Leah,"[classics, childrens-young-adult]"
6,Mykee  Tan ,[]
7,Kathleen Galvin,[]
8,Aurelie,"[own, childhood, classics, favorites]"
9,Diana Trăncău,[]
10,AfraA523 AlMajed,[]
11,Portia S,[]
12,Kristin,[]
13,Helen,[]
14,Mohamed Osman,[]
15,Grace,[]
16,Ann L.,[classics]
17,James,[]
18,Bianca Klein Haneveld,[]
19,Michael,[]
20,Jackie,[]
21,Diogo Silva,"[classics, fiction]"
22,Cheryl Gatling,[]
23,Kathryn,[2011]
24,Ashleigh,"[classics, childrens, 2010]"
25,Steven,[]
26,Wrenaria,"[classics, mythology-fairytales]"
27,Ahmad Sharabiani,"[short-stories, childrens-young-readers, literature, fairy-tales, danish, 19th-century]"
28,Caylan Guse,[]
29,Jane,[]
30,Jena Hemsworth,"[favorites, european-lit]"
31,Alma,[]
32,Edlira Dibrani,[]
33,Aubrey,[]
34,Joy,[classic-lit]
35,Risa,[]
36,Juan Pablo Luppi,[cuentos-clásicos]
37,S.J. Pettersson,[]
38, Danielle The Book Huntress (Self-Proclaimed Book Ninja),"[classic, fairy-tale-collection, audiobook, library-checkout]"
39,Rut,[]
40,Sol González,"[cuento, 2015]"
41,Emma,[]
42,Valerie,[]
43,Eden,"[fiction, children-teenagers, classics, fantasy, short-stories]"
44,Sanita,[bernu]
45,Michelle☆Elizabeth,"[read-as-a-kid, fave, read-a-decade-or-more-ago, amazon, reread, life-changing, here-and-there, i-love-you-i-hope-you-dont-mind, anthologies_reading-here-n-there]"
46,Lyndsay,[]
47,Monique ,[childrens]
48,Hannah Lockhart,"[favorites, childhood-favourites, 19th-century, reread, heavy, life-lessons, read-pre-2013, read-in-2016]"
49,Joel ,[]
50,Allison Rockwell,[childrens]
51,Amber,"[fiction, high-school-fun, short-stories, good-for-the-kids, required-reading-for-awesome]"
52,Jason,[badless-sub1k]
53,Lotus,"[favorites, faery-tales]"
54,Kelly K,[2015]
55,Catherine,[]
56,Neri.,[]
57,Katie,"[didn-t-finish, dipped-from, fairy-tales]"
58,Bettie☯,"[denmark, re-visit-2015, fairy-tales, autumn-2015, odd]"
59,Nenad Nesic,[short-stories]
60,Christopher Roberts,[fantasy]
61,Josué,[]
62,Eldonfoil TH*E Whatever Champion,"[favorites, danish]"
63,Carly Krewitsky,[]
64,Katsumi,[fairy-tales]
65,Ely (Tea & Titles),[classics]
66,Rebecca,[]
67,Ashley Leader,"[fantasy, classics, childrens, own, anthology, reviewed]"
68,Sheetal Dash,[]
69,Katia Senff,[]
70,Eve,"[literature, books, classic, fiction, fantasy, fairy, tales, childrens, short, stories]"
71,Mari,"[literary-hurricane-challenge, 2016-classic-challenge]"
72,Stuart,[]
73,Jean,"[read-authors-a-b, children-s-and-ya, classics, fantasy, animals, 19th-century-ish]"
74,Jeske,"[wish-list, 2015]"
75,Diana,[i-own-the-book]
76,Rachel,[]
77,Dimitra,[classics]
78,Walt,[classics]
79,Joelle,[]
80,Siobhan,[]
81,Melanti,"[e-book, classics, anthology, fairy-tales-folklore-and-mythology, children, illustrated, intotheforest-2013, 2013]"
82,Lauren,[]
83,Jenna,"[fairy-tales, favorites]"
84,Shannon,[]
85,Dr.J.G.,[]
86,Heather,"[fantasy, short-stories, 19th-century-fiction, audio-books]"
87,Richard,"[classics, fantasy]"
88,Chris J,[]
89,Keli,"[books-i-have-always-meant-to-read, childhood_rereead, the-world-in-these-pages]"
90,Hector,[anomal-a-trades]
91,Erika Free,[]
92,Allen,[]
93,Thom Swennes,[]
94,Tauriyel {Aka The Mod of Your Nightmares},[]
95,Nancy Burns,"[classics, classic-childern-s-literature]"
96,Patrice,[]
97,Jordan,[]
98,Prashant,[]
99,Sweetpea19811 cummings,[]
100,Carol,[]
101,Brennan Wieland,[]
102,Adam K.,[]
103,E,[]
104,Dilyana Georgieva ,[]
105,Tanya Tabone,[]
106,♔ Jaela ♊ Killer ⚔ QUEEN ,[]
107,Guguk,[kukis-gula-merah]
108,M Blankier,"[fairy-tale-criticism, children-s, magic, 19th-century-fiction, children-heroes]"
109,Lisa,"[children, classic, 501-book-list]"
110,Batgrl (Book Data Kept Elsewhere),"[gutenberg-and-other-free-ebooks, 2013-into-the-forest-type-challenge]"
111,Noelle,[]
112,Nhung Nguyen,"[children-book, classics, favourites]"
113,Sherri Anderson,[traditional-literature]
114,Lv2readB,"[intermediate, traditional-tales-variants-and-ver, primary]"
115,Simona Bartolotta,"[1800, collections]"
