,user,tags
0,Silvia Ivanciu,[]
1,Cynthia Clinkscales,[]
2,Karen,[]
3,Leah,[]
4,Jayme,[]
5,Amal Hashim,[]
6,Aecktan,[]
7,Lark,[]
8,Nancy Wambach,[]
9,Monique Lee,[]
10,Winter,[]
11,mwr,[]
12,John Watson,[]
13,Deina,[]
14,C. Antonicelli,[]
15,Dominick,[]
16,Dione  Alysa,[]
17,Boris Zakharov-Lunev,[]
18,Shekhar,[]
19,Jonathan Spendlove,[]
20,Wolf Blazer,[]
21,Noah,[]
22,Wren,[]
23,Kathryn,[]
24,Sivan,[]
25,Bjepson,[]
26,Linda Redmaster,[]
27,George,[]
28,Chase,[]
29,Ayela,[]
30,Nadia,[]
31,Matthew,[]
32,Sps67,[]
33,Reet,[]
34,Jessica,[]
35,Crazy_margaret,[]
36,Kyndelfire,[]
37,Petru Lupu,[]
38,Roman Clodia,[]
39,Lindzellz,[]
40,David Meijer,[]
41,Jonathan Silva,[]
42,Alexei,[]
43,Margit,[]
44,Elizabeth Cárdenas,[]
45,Jenn,[]
46,Patti,[]
47,Alexey,[]
48,Michelle Ackley,[]
49,Mesci,[]
50,Saeed Kashani,[]
51,Stephanie,[]
52,Alyssa,[]
53,Hassaan Shaheen,[]
54,Regentropfen,[]
55,Jennifer,[]
56,Deborah Ronchi,[]
57,Brittany Bowler,[]
58,Colleen,[]
59,Devin,[]
60,Kaethe,[]
61,Robert,[]
62,Paxxul,[]
63,Jean-yves Guyomarc'h,[]
64,Satenik,[]
65,Tom,[]
66,Carmina Warden,[]
67,Lena,[]
68,Megan O'Brien,[]
69,Kathleen,[]
70,Robin Edman,[]
71,Sharona,[]
72,Katherine,[]
73,Rhiannon,[]
74,Kalana Berry Penner,[]
75,Prince Paradox,[]
76,Pat Griffith,[]
77,Relinquis,[]
78,Alejandro Castaneda,[]
79,Claire,[]
80,Pallavi Sharma,[]
81,So,[]
82,Ella Link,[]
83,Dave Beck,[]
84,Dianna Davis,[]
85,Josephine,[]
86,Jessica Trapani,[]
87,Eileen Binning,[]
88,Ymhelvetican,[]
89,Rebecca Keller,[]
90,Nicole,[]
91,Mary Marshall,[]
92,Sharon,[]
93,Laurie Neighbors,[]
94,Soumya Kanta,[]
95,exorii,[]
96,Abi,[]
97,Roshan,[]
98,Lori,[]
99,Palak,[]
100,Ellie Red,[]
101,Liz,[]
102,Francie Effler,[]
103,Keydot,[]
104,Molly,[]
105,huncka,[]
106,Stacy,[]
107,Brian Jurca,[]
108,Vincent Butitta,[]
109,Jordan,[]
110,Sravya,[]
111,Kat,[]
112,Natalie,[]
113,Mrw,[]
114,Jackie,[]
115,Reese,[]
116,Michał Piachu,[]
117,Sophie,[]
118,Penelope Quero,[]
119,Wendy Byrde,[]
120,Tiana,[]
121,Granuaille,[]
122,Edita,[]
123,Kris,[]
124,Chelsea (CrackABook),[]
125,Janelle,[]
126,Dan Muenzer,[]
127,Maeve,[]
128,Nur Simsek,[]
129,Joanna Kay,[]
130,Katarina Stanojevic,[]
131,Georgina Guns,[]
132,Whitney,[]
133,Luis,[]
134,Grace,[]
135,Ashley,[]
136,Hinata,[]
137,Daina,[]
138,Michael,[]
139,Kyle,[]
140,Steph,[]
141,Asia,[]
142,Bianka,[]
143,Jacquiei,[]
144,Robin,[]
145,Laura Ann,[]
146,Irina,[]
147,Ashley Pryce,[]
148,Andrzej Kubera,[]
149,Dener Pastore,[]
150,Kate Pennington,[]
151,Liam,[]
152,Kate,[]
153,B.m.,[]
154,Karen J,[]
155,Tsjerk Schat,[]
156,Alma Libre,[]
157,Linda Cook,[]
158,Deborah Schuler,[]
159,Erica Kramer,[]
160,Jessica Dotson,[]
161,William Lemus,[]
162,Carolina,[]
163,Joy,[]
164,Millicent Muthoni,[]
165,Theresa,[]
166,Desiree,[]
167,Maureen,[]
168,Dylann,[]
169,Jon,[]
170,Jeanne,[]
171,Valerie,[]
172,Kristina H,[]
173,Lindsay Hiken,[]
174,Nina,[]
175,Judy,[]
176,Miguel,[]
177,Blueberry Proton,[]
178,Sophia Schiesser,[]
179,Nicole Thomason-White,[]
180,Merete Aasen,[]
181,Michael Terry,[]
182,Macky Chuca,[]
183,Chris Mead,[]
184,Zorica Todorovic,[]
185,Erin,[]
186,Lizabeth,[]
187,Hosna Jahan,[]
188,Amr iori,[]
189,James Fleming,[]
190,Fenia,[]
191,Tasniem Sami,[]
192,Ramey Connelly,[]
193,Gus Arnold,[]
194,Maya Roselló,[]
195,Elysse,[]
196,Josecosta,[]
197,Ann-Marie,[]
198,Pål,[]
199,Kasia Rozesłaniec,[]
200,Vasu Kumar,[]
201,Nola-lee,[]
202,Regina-and-regina,[]
203,Alison George,[]
204,Kaley,[]
205,Sonia,[]
206,Candice Opper,[]
207,Miriam,[]
208,Jenn Sandifer,[]
209,Lucía,[]
210,Sunna,[]
211,Wonkyung Lee,[]
212,Twila,[]
213,Kristen,[]
214,Svetlana,[]
215,Meredith,[]
216,Patrick,[]
217,Andrea Kaufman,[]
218,Mark Jones,[]
219,Gilles De neuville,[]
220,Sabrina,[]
221,Susan B.,[]
222,Sugarpuff,[]
223,Cassandra,[]
224,Angelo,[]
225,Pante,[]
226,Marsali Hancock,[]
227,Marita Graudina,[]
228,Chicabilove,[]
229,Chelsey,[]
230,N.,[]
231,Christopher Sanchez,[]
232,Nia,[]
233,Jasmine,[]
234,Virginia,[]
235,Kit,[]
236,Kim,[]
237,Dede,[]
238,Muneesha Goyal,[]
239,Dominik Tomaszczuk,[]
240,Lucinda,[]
241,Lucy,[]
242,Marek Zukal,[]
243,Nurdan Mekan,[]
244,Allison,[]
245,Kass H,[]
246,Martina,[]
247,Monir,[]
248,Anastasia,[]
249,Janet,[]
250,Vanessa Corredera,[]
251,Johnny B3,[]
252,Jenna Silpe,[]
253,Marina Ramsis ramzy,[]
254,Z8z8,[]
255,Mihaela,[]
256,Sarah Anderson,[]
257,Raayna,[]
258,Jen Chapman,[]
259,Florencia,[]
260,Pete,[]
261,Aloysuis,[]
262,Melinda,[]
263,Daifunka_vc,[]
264,Anne,[]
265,Anna,[]
266,Talon Saulk,[]
267,Jennifer O'shields,[]
268,James Bovay,[]
269,Marts  (Thinker),"[classics, horror, edgar-allan-poe]"
270,Shaunaly ~  (A Book Away From An Episode Of Hoarders),[]
271,Bottleupandessplode,[]
272,Thomas Sekula,[]
273,Nicky Dierx,[]
274,Edward Medina,[]
275,Michelle,[]
276,Reggie Husid perotti,[]
277,Joannemarie O'Donnell,[]
278,Lucy Georges,[]
279,Brittany,[]
280,André Balaio,[]
281,Maxime,[]
282,Angel,[]
283,Ireth,[]
284,Leslie Seaton,[]
285,Justin Carroll,[]
286,Nutsa Jorjikia,[]
287,Rebecca Ohlemacher,[]
288,Absolute Zorro,[]
289,Zoe,[]
290,Susana Soares,[]
291,Tammy Carson,[]
292,Genny Mosman,[]
293,Cheyenne,[]
294,Noor Alsajan,[]
295,Tapani,[]
296,John,[]
297,Ventsislava Moneva,[]
298,Redd Tulu,[]
299,Ker21,[]
300,Ala'a Samoodi,[]
301,PJ,[]
302,Sonia M,[short-stories]
303,Jinotaj,[]
304,Dana,[]
305,Sibel,[]
306,Rahat Rafiq,[]
307,Haerhee,[]
308,Bookworm,[]
309,Laura,[]
310,Madeleine Richards,[]
311,Leslie Palacios,[]
312,Jeremy Johnson,[]
313,Victor Sánchez,[]
314,Timothy,[]
315,Gracija,[]
316,Jessie,[]
317,Zana,[]
318,Jaap,[]
319,Danielle Wye,[]
320,katielou,[]
321,Amanda,[]
322,Brandy,[]
323,Sasha,[]
324,M&m's,[]
325,Scout,[]
326,Maheshwar Boodraj,[]
327,Igor Bosnic,[]
328,Beth,[]
329,Vicki,[]
330,Emi,[]
331,Lukas,[]
332,Rachael,[]
333,Yana,[]
334,Alexandra,[]
335,Sandra Lasater,[]
336,Sheikh Tajamul,[]
337,Rachel,[]
338,Sienna,[]
339,Siobhan,[]
340,Shoumik Hassin,[]
341,Lauren,[]
342,Pat Naeve,[]
343,Marc Saumell,[]
344,Tim,[]
345,Ira,[]
346,Hope,[]
347,Tanuj Mathur,[]
348,Jojoak70,[]
349,Bekka,[]
350,Mary Ann,[]
351,Aramcheckk,[]
352,Carol,[]
353,Jaclyn Burr,[]
354,Janis,[]
355,Atheer Al-Suwailim,[]
356,Jared,[]
357,Pulkit Yadav,[]
358,Alissa Elliott,[]
359,Laura Veerbeek,[]
360,Julie,[]
361,Kerrie Hoar,[]
362,Hamlet Knight,[]
363,Sanne,[]
364,Trisha,[]
365,Emma Jean,[]
366,Sneha,[]
367,Jiri Drozd,[]
368,Sarah,[]
369,Megan,[]
370,Jana Boskey,[]
371,Seweryn,[]
372,Ale.maldonado,[]
373,Tyler,[]
374,Andynach,[]
375,Rstaples,[]
376,Camila,[]
377,Kate Marchant,[]
378,Lauren Lawson,[]
379,F. John,[]
380,Buva Wary,[]
381,Kärt,[]
382,Roberto,[]
383,Alice,[]
384,Paulomi,[]
385,Scott L.,[]
386,Steven Quick,[]
387,Drew Stewart,[]
388,Claudia,[]
389,M. Fenn,[]
390,Carrie,[]
391,Brenda,[]
392,Norm Therrien,[]
393,Vili,[]
394,Raquel,[]
395,Steven,[]
396,Michele,[]
397,Antoinette,[]
398,Brie,[]
399,Carlos Martins,[]
400,EmilyRose,[]
401,Mark,[]
402,Tina,[]
403,Lizie,[]
404,Silke,[]
405,Lea,[]
406,Mike,[]
407,Lee,[]
408,Rene Higuita,[]
409,Brett,[]
410,Enrico,[]
411,Blackabsinthe,[]
412,Eirini Grammatikaki,[]
413,Chris,[]
414,Abby,[]
415,Kristin,[]
416,Lexi Schredl,[]
417,Antonio,[]
418,Kendall,[]
419,Leslie Neal,[]
420,Johnny,[]
421,Roo,[]
422,December,[]
423,Bloche,[]
424,Laura Ascheri,[]
425,Lisa ,[]
426,Arianne Spaccarelli,[]
427,Tiffany,[]
428,Katie,[]
429,Maria Dimitrova,[]
430,Kirsten Macdicken,[]
431,Laura Jean,[]
432,Kristy,[]
433,Meltem Günartan,[]
434,Bobbie,[]
435,Shan,[]
436,Debra Daniels-zeller,[]
437,Connor Dempsey,[]
438,Kenny Builes,[]
439,Ciprian,[]
440,Anthony,[]
441,M.L. Rudolph,[]
442,Hans,[]
443,Lindsay,[]
444,CGDvanGeleen,[]
445,Claudia Bedini,[]
446,Carys,[]
447,Christa Hamilton,[]
448,Esperanza,[]
449,J,[]
450,Manal Hafez,[]
451,Realini,[]
452,Melissan,[]
453,June Stevens,[]
454,Azeem Malik,[]
455,Booknblues,[]
456,Deb,[]
457,Chelsea,[]
458,margo,[]
459,Harish Sahani,[]
460,Manfredo Meraviglia,[]
461,Lorenzo Berardi,"[american, 2011, a-my-english-library]"
462,Ingrid Flatland,[]
463,Katelyn Bolds,[]
464,Helene,[]
465,Panagiotis,[]
466,Sydny,[]
467,Alison,[]
468,Chris Waliser,[]
469,Jina Penn-tracy,[]
470,Eliza Langston,[]
471,Anastasia Kostromina,[]
472,Deanne,[]
473,Maiamali,[]
474,Leanna Hughes,[]
475,Becca,[]
476,Melissa,[]
477,Sid,[]
478,Linda,[]
479,Oeildelynx25,[]
480,Ta,[]
481,Juan Diego,[]
482,Ragnhildur Helga,[]
483,Sahar ,[]
484,Robert Pearson,[]
485,Cyndy Otty,[]
486,Diane Said,[]
487,Andrea,[]
488,Larissa,[]
489,Alex,[]
490,James Alexander,[]
491,Jaclyn Bays,[]
492,Janet Emson,[]
493,Morgan,[]
494,Della S.white,[]
495,Surrealmind,[]
496,Teana S,[]
497,Lucile Desligneres,[]
498,Rachel Humphrey,[]
499,Brody Wanner,[]
500,Carly,[]
501,Jessica Crow,[]
502,со фи,[]
503,Emily,[]
