,user,tags
0,Sarah,[arabic-lit]
1,Jim Coughenour,"[arabia, greatfiction, armchairtravel, art]"
2,Gaurav Kumar,[]
3,Ellinor,[]
4,kenneth,[]
5,Timothy Hallinan,[]
6,Edith,[mena]
7,مؤسسة هنداوي للتعليم والثقافة,[]
8,Melanti,"[classics, anthology, fairy-tales-folklore-and-mythology, 1001-books, 2013, 2014]"
9,مهدی پیچک؛ پیچک سر به هوا,[]
10,Ahmad Sharabiani,"[classic, short-stories, fantasy, culture, literature, legends, 1001-book, iranian, 10th-century]"
11,Manar El-moselhey,"[read-favorites, read-arabic]"
12,Veronique,"[owned-books, 2016-reads]"
13,Book Elf,[ebooks]
14,Aaron,[]
15,Scot,[]
16,Madeline,"[the-list, fantasy]"
17,Lauren Schumacher,[]
18,HM,[great-translations]
19,Emtiaj,[arabic]
20,Elizabeth Means,"[goodreads-2016, banned-books, tloaba-reading-group, 2016-year-in-52, classcal-library, 2016-big-books]"
21,Ben,"[middle-eastern-lit, philosophy, religion, short-stories]"
22,Craig,"[favorites, 1001-books-to-read-before-you-die]"
23,Rita,"[own-and-read, classics, short-stories, books-with-films, written-by-poc, translated-works]"
24,Ds,"[classics, books-i-own]"
25,Safae,"[1001, arabic]"
26,Huda Yahya,[أمهات-الكتب_أعمال-خالدة]
27,Vishakha Motwani,[2015]
28,Aubrey,"[4-star, reviewed, translated, arabic, ever-on, reality-check, 1-read-on-hand, person-of-everything, translated-dp, person-of-reality, r-goodreads, person-of-translated, reality-translated, person-of-reality-translated, r-2015, sow15, antidote-think-twice-read, antidote-think-twice-all]"
29,Destiny Dawn Long,"[by-poc, fiction, favorites]"
30,Gregorio Pineda,[]
31,Shovelmonkey1,"[1001-books, bookcrossing-books, read-in-2011, middle-east, fantasy-fantastic]"
32,Megha Chakraborty,[]
33,Lisa Vegan,"[fiction, reviewed]"
34,Megan,[]
35,K.D. Absolutely,"[classics, 1001-core, 501, childrens]"
36,Mahdi,"[فانتزی, شعر-ادبیات, اسطوره-شناسی]"
37,Voldemort,"[antiquity-to-17th-century, classics, must-read]"
38,Whitney,"[reviewed, three-stars, fantasy, books-i-own, protagonists-of-color]"
39,Terry,[]
40,Chris,[]
41,Lau,"[yesss-precioussss, excelente, read-in-2015]"
42,Mahmoud Haggui,[]
43,ميقات الراجحي,[التراث-الكلاسيكيات]
44,Abeer A.,"[classic, read-over, smart-heroine, bad-ass-characters, books-i-own, romantic, all-time-favorites, characters-i-pity, seductive]"
45,Sharyl,[2015-reads]
46,Ana Mardoll,[ana-reviewed]
47,Henry Martin,[permanent-collection]
48,Alex,[]
49,[Name Redacted],"[religion, fantasy, classics, horror, society, politics, comedy, historical-fiction, romance, action, mythology, dark-fantasy, languages, mystery, philosophy, war, poetry]"
50, Danielle The Book Huntress (Self-Proclaimed Book Ninja),"[favorites, folklore, owned-copy, forced-bride, fairy-tale-collection, story-within-a-story, arabian-nights-lore]"
51,Kaela,[]
52,Sunitha Prabhu,[]
53,Fede,[]
54,Chiara Tinelli,[east]
55,Antonio,"[clásicos, fantasía]"
56,April,"[dnf, 2016, around-the-year-in-52-books, classics]"
57,Nicholas Whyte,[]
58,Abdalah Abodief,[]
59,Huda Aweys,[]
60,Jan-Maat,"[novel, read-in-translation, fantasy, middle-east]"
61,Yara Hossam,"[classics, culture, college-reads]"
62,Amber,"[ebooksiown, rfpreads]"
63,Stuart,[]
64,Zorena,"[fantasy, short-story, literature]"
65,Zach,[more-in-heaven-and-earth]
66,Ali,[]
67,Sheila ,"[book-club, classics, big-book]"
68,Mina,"[persian, ebook]"
69,PurplyCookie,"[personal-faves, mythic-fiction, fantasy, short-stories]"
70,Farhad,[]
71,Diba Arjmandi,[]
72,Ayman Zaaqoq,[]
73,Petar X,"[children, books-read-a-long-time-ago, 2015-reviews, reviewed]"
74,Laura,"[1001-books-you-must-read-before-you, audio-books, fantasy, children-ya, mythology, read-2015]"
75,Léonard Gaya,[favorites]
76,Manny,"[well-i-think-its-funny, too-sexy-for-maiden-aunts, parody-homage, why-not-call-it-poetry, older-men-younger-women, translation-is-impossible, islam-and-arabic]"
77,Salem,[الروايات-القصص]
78,Erik,"[classics, detailed-review, crystal]"
79,Powder River Rose,"[overdrive, review-pending, fantasy, nbrc-bingo, female-narrator, classic, mild-religious-content, 2016-classic-bingo-challenge, 2016-explorer-challenge]"
80,JG (The Introverted Reader),"[fiction, classics, anthology, own, z_read_in_2008, reviewed, on_the_screen, 5_stars]"
81,Simona-Elena Cristea,[]
82,Maryam ,[things_i_want_to_re-read]
83,Jawaher,[did-not-finish]
84,Eman,[old-is-gold]
