,user,tags
0,Maarten Kuiper,[]
1,Mohammed Al-Garawi,[]
2,Taka,"[japan_jul07-aug11, other_lit]"
3,Belén,"[poes-a, ficcion, filosofia]"
4,Fil,"[poetry, classics]"
5,Robert Irish,[]
6,Mattia Ravasi,[absolute-best-in-human-fiction]
7,Marvin,[]
8,Kelanth,[classico]
9,Mohamed Osman,[]
10,Well-steered,"[western-canon, books-most-of-us-should-skip, religious]"
11,Honey Jimenez,"[my-library, favorites]"
12,Epicbookaddict,[]
13,Ea Solinas,[]
14,Skuli Saeland,"[fantasy, poetry]"
15,inverted_a,[the-western-canon]
16,Radwa Ramadan ,[]
17,Thomas,[]
18,Wickedshizuku,"[twice-read, reviewed, make-hubby-read, demons, male-lead, life-lessons, 1001-books-to-read-before-i-die, 2016, 4-stars]"
19,Andrés Páez,[]
20,Elliott Bignell,[]
21,Heidi Thorsen,[]
22,Kathryn,"[classics, contribued-to-my-liberal-arts-ma, poetry, spirituality-philosophy-religion]"
23,muhammad lafi,[]
24,Paul,[]
25,Noah,[italy]
26,Kevin,[]
27,Winston,[]
28,Rommella,[]
29,Ana Carolina Moreira,"[books-i-own, fav-2015]"
30,Ahmad Sharabiani,"[historical, poetry, classic, religion, epic, italian, 14th-century]"
31,Rick,[poetry]
32,Alan,[]
33,Czarny Pies,[italian-literature]
34,Erin H,[classics]
35,John Paul,"[read-and-must-read-again-and-again, favorites]"
36,Dalila Aimo,[]
37,Damian,[]
38,Susan,[]
39,Weradi,[1001-books-you-must-read-before-you]
40,Omar  Baraka ,"[2016, owned, with-friends, pdf]"
41,Amanda,[classics]
42,Kevin Kaw,[]
43,Jacqueleen Warsinske,[]
44,Taylor Styes,[]
45,Noor Baher,[favorites]
46,Robert,[]
47,Ala'a,[]
48,Bbrown,[favorites]
49,Nick,[]
50,Andrew Peacock,[]
51,Bill Glover,[]
52,Jen,"[fiction, classic, christianity, poetry, religion, translated-work]"
53,Dionysus,"[favorites, poetry, literature, classics, christianity]"
54,Katsumi,[classics]
55,Frumenty,[]
56,Pablo Pérez,[]
57,Cameron Johnson,[]
58,Theresa Leone Davidson,[]
59,Katherina,[ap-reading-list]
60,Michael Philliber,[]
61,Katherine,"[classics, adult]"
62,Kate Uni,[school-books]
63,Ben,[]
64,Christine,"[philosophy, classics, country-italy, poetry, authors-a-to-d, audiobooks, 25-classics-in-2014, 1001-books-you-must-read-before-you, read-in-2014, romance-lovers-challenge-2014]"
65,أسيل,[]
66,Claire,"[classics, poetry, fanfiction, awesome-illustrations, speculative-fiction, funny-as-hell]"
67,Einar Nielsen,[]
68,C. Michael,[favorites]
69,Stephanie Ricker,"[classics, religion-and-philosophy, medieval]"
70,Gabby,[]
71,Andrada,"[classics, poetry]"
72,Gopal Vijayaraghavan,[]
73,Sharon,"[feel-like-i-should-read-it, italy, 2016]"
74,Evil Cat,[]
75,Pedro Rivera,[]
76,Matīss Rihards Vilcāns,[]
77,Iván Leija,"[favoritos, en-pausa]"
78,Bunny,[read-in-08]
79,Liz,[]
80,Rosie,[]
81,Teryna90,"[romanzi, classici]"
82,Farah Abdessamad,[]
83,Michelle Cano,[]
84,Ale Rivero,[]
85,Christina Icarus,[]
86,Kelly,"[favorites, audiobooks, poetry, religion]"
87,Benja,[]
88,Ale,[]
89,Isabel,[]
90,Radioheadpeter,[]
91,Tiffany Shaw,[]
92,James Capp,[]
93,Nana,"[شعر-وخواطر-ومقالات, الأدب-الأوروبي]"
94,Inge,"[school, classics]"
95,Daniel Pecheur,"[favorite-masterpieces, poetry, epic]"
96,djt,[]
97,Menna,[]
98,Panquequelife,[literatura]
99,Brian Willis,[]
100,Darwin8u,"[aere-perennius, 2014]"
101,Carmo,"[italia, épicos, bib-p]"
102,Cristofer Urlaub,[classics]
103,Kalliope,"[classics, literary, italy, 2014-reading, translation, renaissance]"
104,Ashley,[]
105,Kyle,[]
106,Gyda1992_,[]
107,name,[]
108,Duncan Barford,[]
109,Faisal Alami,[]
110,أحمد أبازيد Ahmad Abazed,[]
111,Lady Jane,[]
112,❅ Eze ❅,[]
113,Zeyabooks,[]
114,Kate,[medieval]
115,·Karen·,[]
116,Ray,[]
117,Andrew John Pixton,"[spiritual, classic-literature, poetry]"
118,Natalie,"[classics, poetry, 2014]"
119,Wendy,"[classics, in-translation, poetry, blooms-western-canon]"
120,Rhea,[]
121,Cliff Watt,[the-50-read]
122,Ross,[]
123,Elizabeth,"[mythology, religious, horror, fantasy, suicide, gay, incest, domestic-abuse, mental-illness, history, politics, gay-minor-character, bisexual, poetry, adultery, misogyny, ghost, torture, homophobia, sectarianism, italian, bisexual-minor-character, 14th-century, setting-14th-century]"
124,Helynne,[]
125,Joe,[poetry]
126,ahmed Eid,[alighieri-dante]
127,Evelyn Eve,[fantasy]
128,Marcel Ozymantra,[]
129,Thoughtdome225,"[reviewed, translated, classics-and-modern-classics]"
130,Farrah,[]
131,Renae,[]
132,Matt Depner,[]
133,Rocio,"[2014, clasicos, audio-libro]"
134,Vivi Vocat,"[classics, favorites]"
135,The Docta,"[afterlife, classic, medieval, dante-alighieri, the-divine-comedy, epic-poem, critisism, italian-literature, italian, italy]"
136,Nigel,[]
137,George,[]
138,Erik,[]
139,David ,"[church-history, poetry]"
140,Poncho,"[favorites, read-in-2015]"
141,Kitten Reads,[]
142,Morgan Blayney,[great-books-course]
143,Caris,"[poetry, 2011]"
144,David Redden,[]
145,Ethan,[]
146,Somejuan,[]
147,Sarah Spelbring,[]
148,Osman,[]
149,Meghan,[]
150,Fran,[owned]
151,Toni FGMAMTC,[classic]
152,Raul,[]
153,Mohammed Arabey,[]
154,Selena,[medieval-brit]
155,Seph,[]
156,Micaela,"[fantasy, poetry, historical]"
157,Justin,[]
158,Claire Gilligan,"[fiction, spiritual-reading]"
159,Patrice,[]
160,Sunil,[classics]
161,Ildar Shakirov,[gave-up-on]
162,AGamarra,[]
163,Kurt,[]
164,Esraa Mohamed,[]
165,Natasha,[early-classics]
166,Benjamin Stocksdale,"[religion, epic, classics, christian]"
167,Brandon Dalo,"[religion-and-spirituality, classics, fiction]"
168,Teresa,[]
169,ايمان,[امتلكها]
170,Colin,[]
171,هاله المسيرى,[]
172,Vahagn Tumanyan,[]
173,Mazel,[]
174,Rendi Hahn,[public-domain]
175,Clint,[]
176,P.J. Cadavori,[]
177,Mohamed Shetaya,[]
178,rofida,[]
179,Angela,[]
180,Keith Kendall,[classics]
181,Ivonne,[]
182,Liz BooksandStuff,[favourites]
183,Mahdi,[اسطوره-شناسی]
184,Adam19,[]
185,Ash,[500-plus]
186,Yoake,[]
187,Azar Hoseininejad,[spirituality]
188,Keri,[]
189,Qi,[]
190,Colin Lamont,[]
191,D.,[school-reads]
192,Sassafras7,[]
193,Ashkan Ansari,[]
194,Dеnnis,[]
195,Letitia,"[classics, poetry, european]"
196,Bjorn,"[italy, florence]"
197,Poiema,"[did-not-finish, classics]"
198,Mark Adderley,[medieval-literature]
199,Elliott Cross,[]
200,zeinab m,[]
201,Aydin Akinci,[]
202,Melinda,"[favorites, historical, paranormal-hotties, historical-hotties, horror, mystery, supernatural, religious, humor, classic, adventure, poetry, dramatic, tragedy, twisty-turny-plot, big-men-w-swords, truly-exciting, exciting, high-society, war, beautifully-written, insane, military, beautiful-3d-characters, beautifully-ended, magic, prophetical, emotional, compelling, violent, murder, deep, moral, evil, political, honorable, thriller, torture, rescue, spies, beautiful-dialogue, beautiful-plot, beautiful-transitions, beautiful-pacing, flashbacks, serial-killer, dream-like, battle-royale, angels-demons-god, immortals, imaginative, evil-animals, black-humor, gods-myths-and-legends, christian, death, love, subversive, genius, healing, enjoyable, society, imagery, cadence, crime, assassins]"
203,Karla,"[classic-lit, audiobook, adaptations-and-abridgments]"
204,JP,[]
205,Malak Czar,[]
206,Andrea Patrick,[]
207,Lavinyaa Pash,"[4-stars, read-2012-or-before]"
208,John P,[]
209,Bronwyn,"[favorites, classics, poetry]"
210,Vane J.,"[classics, philosophical, poetry, 2015]"
211,Aynur Nabiyeva,[favorites]
212,Don't Bother,[]
213,Eric Sullenberger,[]
214,Antonomasia,"[poetry, italy, religion, ebooks-kindle, 2013, medieval-works]"
215,7jane,[in-finnish]
216,Michelle,"[earned-its-fame, enriching-symbolism, vividly-described, long-but-worthwhile]"
217,Hayley McCoy,[]
218,Bogdan Liviu,[]
219,M. Sercan ERDURMAZ,[]
220,Adriana,[]
221,Blanca Estrella,[]
222,نزار شهاب الدين,[]
223,Newton Nitro,[]
224,Marks54,[]
225,Carlos Redondo,[europa-italia]
226,Laurel Hicks,"[audible, 0-kindle, books-read-in-2015, 2015-4]"
227,Brent,[classics]
228,J.D. Clair,[]
229,Nedloha,[]
230,Elyse Hdez,[]
231,Pollopicu,[]
232,Owen Grzywinski,[]
233,Patricia,"[newsweek-s-top-100, kindle-books]"
234,Samia Eliwi,[]
235,Soycd,[]
236,John,[]
237,Petra,[theological-musings]
238,Ea Anita Wirtavuori,[]
239,Terry,"[fiction, audiobook, literature, 2016]"
240,Katherine Holmes,[]
241,David Silva,[]
242,janet,"[favorites, poetry]"
243,Dany,[2013-reading-challenge]
244,Erika,[religion]
245,Dariusz Płochocki,[klasyka]
246,Steven H.,[]
247,Mary Overton,[will-finish-someday]
248,Karey,"[classics, poetry]"
249,Bookworm,[unfinished]
250,Laura,"[classics, 1001-books-you-must-read-before-you, hf-medieval-europe, italian-literature, italy, poetry, read-2014]"
251,Ali Elouafiq,[]
252,Sever,[]
253,Don Weidinger,[]
254,Todd,[]
255,Ivan Perdomo,[]
256,Jennifer Fraser,[]
257,Timothy,[]
258,Alex Kartelias,"[favorites, philosophy, poetry, perennial-philosophy, middle-ages, italian-greek-lit]"
259,Brendan Monroe,"[international, classics, italy, religion, essential, history, great-character-alert]"
260,Adam Floridia,[]
261,Anders Winther,[]
262,Kareman Mohammad,[]
263,Robert Palmer,[poetry-epic]
264,Dalia,"[won-t-complete, 2015]"
265,Andrés Páez Márquez,[]
266,Alex Gherzo,[]
267,P.,[]
268,Melanie,[]
269,Owlseyes,[italian-lit]
270,§--,"[religion, poetry, epic-tradition]"
271,Teri Anderson,"[classic-literature, allegorical-fiction]"
272,Phil,"[poets-and-playwrites, my-library]"
273,Seth Benzell,[]
274,Stuart,[]
275,Alexandra,[]
276,Yani,"[medieval, poesía]"
277,Carolyn,[]
278,Lydia Ingram,[]
279,Kelly Goffin,[]
280,Asmaa Abdel Maksoud,[]
281,Steph!,[]
282,Akshat Solanki,[]
283,Rebecca Manor,[]
284,Skye,[]
285,Lamprini,[]
286,Mckinley,"[audio, poetry, religious, foriegn, must-read, novel]"
287,افشین افشار,[]
288,Fatima kiyan,[favorites]
289,Diamond Cowboy,[]
290,MJ Nicholls,[]
291,Harper Curtis,[]
292,Ken Moten,[poetry-stuff]
293,Scott Webster,[]
294,Carol,[]
295,David Lafferty,[]
296,Kristian Brockmann,[the-great-books]
297,Edward Melendez,[]
298,Angela Blount,[classics]
299,Ilya Kavalerov,[]
300,Chloe Riley,[]
301,Mohammad Ali Abedi,[100-must-read-books-the-essential-m]
302,Kerenmcc,"[art-and-design, classic, poetry, favorites]"
303,Aimee Meester,"[meh, classics, bizarre-but-good, creepy, 2016]"
304,Lisa (Harmonybites),"[classics, fantasy, popular-fiction, poetry, religion, 100-significant-books, favorites, spirituality, fiction, ebooks]"
305,William John Meegan,[]
306,Abdo fayed,"[literatur, die-mein-leben-veränderten]"
307,Peter J.,[]
308,Opalgem,"[nlrp, 2016-reread-queue]"
309,Manny,"[science-fiction, why-not-call-it-poetry, transcendent-experiences, celebrity-death-match, life-is-dante]"
310,Mike,[]
311,Tempo de Ler,[]
312,Monique Gerke,[]
313,Sarah,[]
314,Lotz,"[religion-mysticism-theology, highly-recommended-favorites, best-words-best-order, lets-get-medieval]"
315,Neardey Trinh,[]
316,Russell,[]
317,Amr Khattab,[]
318,Ricardo,[]
319,Georgi Varoshkin,[]
320,Hanieh Fajrak,[]
321,Jeremy,[italian-literature]
322,Heba,[]
323,Whitaker,[]
324,María Paz Greene,[]
325,Allan Reini,[]
326,Melora,[listened]
327,D.e. Varni,[]
328,Yair Ben-Zvi,[]
329,Christopher,[]
330,Nathan Rodeberg,"[own, top-100]"
331,Marina,"[favorites, in-love, favorites-of-2016]"
332,Lurple,[]
333,Roberta,"[italy, poetry, must-read-classics, 2014]"
334,Wilbur,[]
335,Avto Sofromadze,[]
336,Mahmoud mehrabi,[رمان]
337,sologdin,"[literary, sympathy-for-the-devil, medieval]"
338,Solomon,[]
339,J.S. Bailey,[]
340,Emilio,"[lit, classics]"
341,Xime García,[reseñados]
342,Nihan ,[]
343,Alex Gregory,[]
344,Ahmed El-Kelany,[]
345,Maryam Same Same,[]
346,Steven,[]
347, Abril Sol,[]
348,Marc,"[italian-literature, favorites]"
349,Mahfey,[]
350,Fahima Jaffar,[]
351,Ian Florance,[]
352,Brandon,[own]
353,Trounin,[]
354,Erik Malvick,"[print-copy, pre-2010, fiction, favorites, recommended]"
355,Brittany Perry,[]
356,Robby Hunter,[]
357,Kristie Eshelman,[]
358,Chris,[medieval-lit]
359,Ana Mardoll,[ana-reviewed]
360,David,[]
361,Corey,[]
362,77ships,[]
363,Bob,[]
364,David Internicola,[]
365,Dave Jones,[fiction]
366,Yasin Aktimur,[]
367,Igor,"[favorites, poetry, dante]"
368,Rabih Serhal,[]
369,Jeremy C.,[]
370,Neus Cámara gutiérrez,[]
371,Nihi Nihilus,[]
372,Dimage Sapelkin,[]
373,Aprih,[]
374,Fatima Saeed ,[]
375,Sura  ✿,[poetry-شعر]
376,Sue,"[poetry, classics, italy, read-2014, my-own-books]"
377,Pascal Hannerz,[]
378,Vichy,"[fantasy, philosophy, historical, symbolic, lyricism, italian-literature]"
379,Pavel,"[books-that-defined-my-art, classics]"
380,Aaron Novelo,[]
381,Andrés,"[favoritos, grandes-clásicos]"
382,Amy,[]
383,Nikoline,"[own, classics, religion-philosophy, fiction, italian, novel, 1300s, male-author, verse, university]"
384,Doaa,[]
385,Julian Meynell,"[reviewed, favorites, italian, medieval, poetry]"
386,Cameron Milledge,[]
387,Debby Dietrich,[]
388,Ali Alshalali,[]
389,Marianne,"[angels, demons-devils-gargoyles]"
390,Sara Messenger,[]
391,Michael Marstellar,[favorites]
392,Kingsley Kelley,[]
393,Taria0508,"[classic, poetry]"
394,Kevin Hinman,[]
395,Edward,"[own, poetry, italy-rome, 5-star, translated]"
396,Sam Hickey,"[mediaeval-primary, theology, epic, poetry, religion, italian, in-translation]"
397,Jamie Bradway,"[classic, read-harder]"
398,Luke Buckenmeyer,[]
399,Tarun Rattan,[]
400,Robert Sheppard,[]
401,Jess,[]
402,Maria,[]
403,Haaike,[2014]
404,Alex,[favorites]
405,Cindy Rollins,"[2015, audiobooks]"
406,Fernando,[favorites]
407,The Book Queen,[]
408,Troy,[]
409,Sera,"[classics, other-fiction, religious, kindle, series, own, 1001-books]"
410,Hamza,"[religion, fiction, christianity]"
411,Ayeshah,[]
412,Noelle,[]
413,Danial,[]
414,Léonard Gaya,[]
415,Scott,[]
416,Emily,[]
417,محمد العيسوى,[]
418,Will Arnold,[]
