,user,tags
0,Lars,"[classics, kafka]"
1,Alyssa Steel,[]
2,Jim,"[lifetime-reading-plan, author-european, short-stories, bp-2014, 20th-century, nabokov-lectures, read-in-2014]"
3,Taka,"[japan_jul07-aug11, german_lit]"
4,Cecily,"[classics, short-stories, kafka]"
5,Tiffany Funk,[]
6,nazi_n nazi,[]
7,hameshab,[]
8,Alexander Kosoris,"[fiction, literary-fiction, classics, short-stories]"
9,peter,[]
10,Redruth1955,[]
11,vagabonde,[]
12,Dan,[]
13,Maritza Campos,[]
14,Ronald,"[short-stories, fantastika, reviewed]"
15,Hameed شاهکلائی,[هنر-و-ادبیات]
16,Michelle L,"[2013, difficult-reads]"
17,Jami Gigot,[]
18,Kerry Cullen,[]
19,Ducky T,[]
20,Gerald Jerome,[favorites]
21,jacob,[]
22,Hannibal,[]
23,Imran Siddiquee,[]
24,Xio,[booksfromyouth]
25,Marilyn,[]
26,Deepthi Terenz,[classics]
27,Alexander Weber,[]
28,Paul,[]
29,Sandy,[classics]
30,Bahar Ranjbar,[]
31,Ahmad Sharabiani,"[classic, short-stories, fiction, literature, 20th-century]"
32,H Dos Santos,[]
33,Jeff Frank,[]
34,david blumenshine,[favorite-fiction]
35,Stephen Kidson,[abandoned]
36,Gideon,[]
37,Ben Winch,"[czech, german, short-stories, mainland-european, 5-stars]"
38,Eliz Palma,[owned-books]
39,Seth K,[]
40,Reed,[]
41,Peter Orvetti,[]
42,Bill,[]
43,Destin Kozojed,[]
44,Connor B,[]
45,Stephanie,[]
46,Hamid,[]
47,Dean,[]
48,Martinray2,[ray-s-canon]
49,Clark,[made-ups]
50,Cynthia,[]
51,Elisabeth,[haveread]
52,Jimmacc,[]
53,cindy,[]
54,Martin Hernandez,[european_writers]
55,Matt Howard,[]
56,Robert,[]
57,Bbrown,[]
58,Nico,[]
59,Winter Sophia Rose,[]
60,Kaeleigh Forsyth,[]
61,lizzy,[]
62,Jen,[]
63,Austin Schian,[owned]
64,Alex O'Connell,[]
65,E.J. Matze,[german-literature]
66,Abdallah Mostafa Fayed,[]
67,Mammals,[]
68,Jeff Veesenmeyer,[]
69,jonathan,[]
70,Amar Kamat,[german]
71,Ben,[]
72,Chuck,[]
73,Mass,[]
74,V,[]
75,Nick Riso,[]
76,Stewart Mitchell,[]
77,Sheila,[]
78,C. Michael,[]
79,jersey9000,[favorite-classics]
80,Julie Suzanne,[]
81,Tanya,[]
82,Eric Kolb,"[fiction, horror, short-stories]"
83,Jenn,[for-fun]
84,folasade,[]
85,Jared Colley,[fiction]
86,Nicole,[]
87,Hunter James,[]
88,Heather,[literature]
89,Sara,"[fiction, guardian-100-greatest-books]"
90,Elham,[]
91,Brian,[]
92,Mr.,[]
93,Jnotes99,[]
94,Brian ,"[favorites, literary, short-stories, favorites-of-favorites, drama, poetry-poetic, to-re-read, 2016, kafka]"
95,Jose Luis,[favorites]
96,Aitor,[]
97,Kam,[]
98,Michael Tabor,[]
99,Kay,[]
100,Erik,[]
101,elizabeth,[favorites]
102,Steven Veshkini,[]
103,Joel,"[literature, philosophy]"
104,Ryan,[]
105,Emanuel,[]
106,Kelly,[]
107,Lise,"[1001-books-to-read-before-you-die, favourites, short-story-collection, collection, classics]"
108,Sophia,[]
109,Mattt,[]
110,Titas Biswas,"[political-science, fiction, philosophy, absurdist-fiction]"
111,mohsen,[]
112,Meter,[]
113,Logan,[]
114,Leslie,[]
115,Sean,[]
116,Roza Dimka,[2014-reads]
117,David Melbie,[]
118,Laurie,[]
119,shadi,[]
120,Arbi,[]
121,Thomas Baughman,[]
122,Rob the Obscure,[]
123,Peter Federman,[]
124,Baiocco,[fiction]
125,Leif,[]
126,Trinity,[]
127,leanne,[]
128,Felix Purat,[favorites]
129,Cecilia,[]
130,nima,[]
131,Hussein Dehghani,[داستان]
132,Jennie,[]
133,Dennis Weiser,[]
134,Hil,[]
135,Jin-Ya Huang,[]
136,yyy,[]
137,Seth,[]
138,Gordon,[]
139,Robin,[]
140,Summer,[]
141,Sam,[]
142,Matt Giles,[]
143,Sahil,"[own-it, classics, short-stories]"
144,J-Man,[]
145,Kate,[]
146,Motheaten,[fiction]
147,Big Brother,"[europe, short-stories-avaliable-online, short-stories, bestest, sad-lonely-thinking-of-suicide, list-world-library]"
148,Sanjay,[]
149,zeina,[]
150,Joseph,[borrowed]
151,Derek,[]
152,Duncan Koebrich,[]
153,Shawna,[]
154,bo bedingfield,[]
155,Elizabeth,[]
156,omid johari,[]
157,Anna Blanchard,[favorites]
158,Gina,[]
159,William,[]
160,Elijah Kinch Spector,[literature-i-guess]
161,Alison Jepsen,[]
162,Joe,"[fiction, philosophy]"
163,Maureen,[own-it]
164,Kev,[]
165,Roland Allnach,[]
166,Hiva,[]
167,Valerie,[my-most-prized-books]
168,Nina,[]
169,Salvatore,[]
170,kathrine,[]
171,Ismael Hinojosa,[]
172,Trang Le,[]
173,anique Halliday,"[fiction, shortstory]"
174,Jason Goodman,[]
175,Chad,[]
176,Prakash,[]
177,Reeder,"[classics, short-stories]"
178,Erin,"[20th-century, 0-short-stories, g-gothic-and-horror, l-german, 00-these-delighted-me]"
179,Robert Vogt,[]
180,Dylan ,[favorites]
181,Kevin,"[centralandeasterneurope, highbrow, fantastical]"
182,alka Adhikari,[]
183,Eric,[]
184,bill greene,[]
185,Jason Nolen,[]
186,Christopher Roberts,"[20th-century, realistic-fiction]"
187,Robert Costic,[]
188,Jenny Park,[]
189,Amirmasoud AMAH,[]
190,Boris,[absurd]
191,Justin Kern,[]
192,SorNBold,[favorites]
193,Matthew Balliro,[2010]
194,Naser Farzinfar,[]
195,Josephus FromPlacitas,[]
196,Rebecca,[]
197,Luis Kalaf,[owned-books]
198,bahman shahravan,[]
199,Meredith,[]
200,Patrick,[]
201,Jason Gibbons,[]
202,Idleprimate,[the-books-that-drove-me]
203,Thamew,[]
204,Obada Farsakh,[]
205,Mark Sacha,"[favorites, deutsche]"
206,jordan,[]
207,Darren,[]
208,Lettie Prell,[fantasies-and-oddities]
209,Matthew,[]
210,Chris brown,"[favorite-books, modern-lit-fiction, shelfari-favorites, shelfari-wishlist]"
211,Rowena,"[amusing, hmm, good]"
212,Lauren Mcclusick,[school]
213,Simone Davies,[]
214,Gabriel Valjan,[]
215,Pascale,"[collectedworks, german]"
216,Marika,[]
217,Ali Entezari,[]
218,Cody,[]
219,Gordon Benett,[]
220,Clint,[]
221,Richard,[so-glad-i-read]
222,Floor,[]
223,Fernando,[]
224,Douglas,[fiction]
225,Kimberly,"[southern-fiction, chick-lit, fiction, friendship, college, southern-writer]"
226,kevin,[]
227,Allyson,[]
228,Anastasja Kostic,[]
229,Albert,[]
230,Moony,[]
231,Çağatay,[]
232,Wingedbeaver,[]
233,Ash,[recs]
234,Mellissa,[]
235,norman,[]
236,Ata,[]
237,Nima Hosseini,[]
238,Allison,[]
239,Taraz,[]
240,Tam Sothonprapakon,"[favorites, german]"
241,Rosemary,[]
242,Rhys,[]
243,Will Vickers,[]
244,Larry Boggan,[]
245,Donald,[]
246,Dreia,[]
247,David Glenn Dixon,[cockroach-related]
248,Florencia,[kafkaesque-err-ism]
249,Leigh Forsstrom,[]
250,Matt,[]
251,JP,[]
252,Emily Sterjo,[]
253,Rian,[loved]
254,Bert,[]
255,Charles Keatts,[]
256,Taylor Napolsky,[]
257,Will Boncher,[library]
258,Jacob,[classic-fiction]
259,monica,[]
260,Peter J,[]
261,Jackie,[]
262,Aaron Wolfson,"[fantasy, fiction, satire, favorites, own, horror]"
263,beniamin,[]
264,ElHaM Y,[]
265,Amir,[]
266,sanaz,[]
267,Geoff,[infinite-books]
268,Kaveh,[]
269,Johny Kariath,[]
270,amanda,[]
271,Franco,[]
272,Grant,[]
273,Patricia,[classics]
274,Friedrich Kauder,[]
275,hagar,[]
276,John,[]
277,Rizo,"[2014, not-finished, not-graphic]"
278,Melissa stefanec,[]
279,amirsj,[]
280,Blair,"[fiction, short-stories, favourites]"
281,Rajneesh,[]
282,Jonas,[]
283,Abbie,[]
284,J.M.,"[classic, stories, magical-realism, jewish, german, fiction]"
285,Viviane,[]
286,azar,[]
287,Jessica,[]
288,Annie,"[fiction, shortstorycollections]"
289,Alyssa L,[]
290,Jason,[]
291,Rgoldenberg,"[my-faves, short-stories]"
292,Anders,[]
293,Steve,[short-fiction]
294,Ryan Andrew,[]
295,Todd,[]
296,Zak J,[]
297,Franco  Santos,[libros-en-digital]
298,Scartowner,[couldn-t-finish]
299,Simeon,[]
300,محمد عبادة,[short-stories]
301,ahmad s,[]
302,Spencer Thompson,[]
303,Lorraine,[essentialformymentalhealth]
304,Eldonfoil TH*E Whatever Champion,[eastern-european]
305,Gregg,[]
306,Amanda,[]
307,Zane Akers,[]
308,Shadan,[]
309,Sara Sams,[]
310,Carl,[]
311,Sandra,[classics]
312,Justin Mitchell,[]
313,Laura Walin,[1900]
314,Anadelle Ramirez,[]
315,Marc,[]
316,andrew,[]
317,L. Hager,[]
318,Genaiya,[]
319,Vincent,[]
320,R. Steven,[]
321,char,[]
322,Kenneth,[]
323,Ann,[]
324,Elvira,[]
325,azadeh,[]
326,James Spada,[at-one-point-favorate]
327,Salem,[]
328,Surhita,[]
329,Shannon,[]
330,Göktuğ Demiralp,[]
331,Michael,[]
332,majid,[]
333,Alex Obrigewitsch,[]
334,Tim,[]
335,Mandy Catalfamo,[]
336,Peterh,[]
337,Jennifer,[literature]
338,Matthew Leroy,"[existential, short-stories]"
339,Luke,[]
340,juan,[]
341,Muna,[]
342,matthew,[]
343,Oz Sultan,[]
344,Becka,[]
345,Matt Miles,[]
346,Alyona Sevidova,[]
347,Max Daniel,[]
348,Lalo Rascón,[]
349,Greg,[]
350,Nancy,"[unfinished, short-stories, read-in-2010, gr-bookclub]"
351,toph,[]
352,zach willett,[]
353,Kristen,[]
354,Alex Radcliff,[magical-realism]
355,Julie,[]
356,Simon A. Smith,"[favorites, short-fiction, assigned-in-college, experimental]"
357,Gavin,[]
358,Debby Nguyen,[]
359,Ed Petersen,[]
360,Payam,[]
361,Sarah,[]
362,Goya Champuru,[]
363,Josh Trapani,[2012]
364,Meg ,[]
365,kali,[]
366,gavin,[]
367,Daniel,[continually-reading]
368,Ryan Guide,[]
369,Michael Scott,"[thought, my-favs, fiction]"
370,Seema,[]
371,Vivian,[]
372,nikki,[]
373,alise,[]
374,Christopher,[]
375,courtney,[]
376,Ofelia Hunt,[]
377,James,[]
378,Jessica ,[classics]
379,Lars K Jensen,"[classics, kafka]"
380,Billy,[]
381,CherylFaith Taylor,[]
382,Nelson,[]
383,Liene,[]
384, _ ,[]
385,Joshua Burns,[]
386,Diocletian,"[fiction, philosophy, short-stories, library-books, existentialism, classics, kafka]"
387,T.D.,[]
388,Michele,[]
389,Sancho Lestache,[]
390,Bradley,[]
391,Sasan Ghafarnian,[]
392,Marilynrood,[]
393,Steven,[]
394,parissa,[]
395,Josh Lantz,[]
396,Kiof,[]
397,Ryan Snyder,[]
398,Wael Mahmoud,"[fiction, translated]"
399,Mark,"[stories, religious]"
400,Andy,[]
401,Siv30,[short-stories]
402,Jonathan,[]
403,Mike,[]
404,jeremy,"[translation, shortstories, fiction]"
405,Frank,[]
406,Wiley,[]
407,Brett,"[short-stories, classic, postmodernism]"
408,Zanna,"[short-stories, to-re-read, translated]"
409,Mer,[]
410,Chris,[weird-fiction]
411,Anfarina,[]
412,peg,[]
413,Keith,[]
414,Vipan,"[magical-realism, favorites]"
415,Shobeir,[]
416,Henry Martin,[]
417,Shaimaa Ali,[]
418,Angel Lambertz,[]
419,zaK young,[]
420,Brownguy,"[favorites, short-stories]"
421,shandiz shahram,[]
422,Mills College Library,[]
423,Bob,[]
424,Goya,[fiction]
425,Chethan,[]
426,justin,[]
427,Leigh,[]
428,Igor,[novels]
429,Jens Peters,[]
430,Sarah Gibson,[fiction]
431,Cameron,[]
432,Shelley,"[period-modern, geo-german-nordic]"
433,Simon,[]
434,Dallas,[]
435,Narissa,[]
436,Justin Hardy,[]
437,Grig O',[all-time-fav]
438,Aaron,[]
439,miaaa,"[ophelia-s-library, fictions-others]"
440,Ivor Hartmann,[]
441,Debra Daniels-zeller,"[fiction, classic, short-stories]"
442,Nikita Golubov,[]
443,Shawn,[]
444,Erik Cameron,[]
445,Jamie,[]
446,Megan,"[got-distracted-or-gave-up, reviewed]"
447,Amy,[]
448,Lydia,[]
449,Dan Kugler,"[tales-that-fly, the-best]"
450,Nadine,[2012-challenge]
451,Alexandar Geshkov,[]
452,Ohyassi,[]
453,Sabrina,[]
454,Momina Masood,"[favorites, short-stories-novellas, classics, german-literature, existentialism-absurdism]"
455,Bryan,[]
456,Tom Davenport,[absurd]
457,Julian Meynell,"[20th-century, reviewed, german, eastern-european]"
458,Tommy,[classick_rock]
459,Brandon,[]
460,Jordan Tuchman,[]
461,Jeff,[]
462,Arjun,[]
463,Jenni,[fiction]
464,Jessnuss,[]
465,John Lucy,[]
466,George Williams,[]
467,علی,"[world-modern-literature, collection-of-stories]"
468,shadi mn,[]
469,C.T. Hutt,[]
470,Manik Sukoco,[]
471,Edward,[classic]
472,Gharonk,[incrediblewords]
473,David Rugge,[classics]
474,Dwarkesh,[]
475,Weinz,[favorites]
476,Jake,[]
477,Curtis,[]
478,Núria,"[mios, 5-favoritos, read-more-than-once, literatura-en-aleman, siglo-xx, cuentos, 2009]"
479,Andrew,[]
480,booklady,"[classic, literature, fantasy, fiction]"
481,tim,[]
482,Tracy,[]
483,Mariel,[]
484,Nicholas,[]
485,Maurizio Codogno,[narrativa]
486,Alex,[]
487,Hanna,[]
488,matt,"[fictions-of-the-big-it, top-shelf, worldly-lit, existentialism, re-readers]"
489,Eve,[]
490,marusya,[]
491,brandy,[]
492,Ash Ponders,[]
493,Lavina,[]
494,Turan,[]
495,Tedopon,[fiction]
496,fatemeh kh,[finished]
497,Ayse,"[favourites, classics, germanophone, fiction, short-stories]"
498,Nora W,[exeter]
499,Hasan,[kafka]
500,Cristina,[]
501,Maira Llamas,[]
502,Emily,[]
