,user,tags
0,Heath Workman,[]
1,Leah,[]
2,Rob Roy,"[classics, 1000-bucket-list, ancient-lit]"
3,Isabel Jane,[]
4,Holly,[historical-fiction]
5,Jessica Cook,[]
6,Tamra Karl,[]
7,Angelina,[dnf]
8,Dan,[]
9,MrsQ,[]
10,Miriam Fitting,"[fiction, translation, japanese, early, novel]"
11,Jil,[school]
12,Harperac,[japan]
13,Rebecca Hill,[]
14,Tannie,[]
15,Snail in Danger (Sid) Nicolaides,"[east-asia, cover-missing]"
16,Rift Vegan,[2011]
17,Ruddy,[badbooks]
18,Henry,[12-13-adv]
19,Noam,[favorites]
20,Ruby,[books-read-in-2012]
21,Carla,[]
22,HealthyUnhealthyCat,[japan-i-love-you]
23,Susan Gardner,[]
24,Paul,[]
25,D Goode,[]
26,George,"[japan, historical, samurai]"
27,Kevin,[novel]
28,Chase,[]
29,Arielle,"[2015-reading-challenge, own]"
30,Priyanka Gupta,[too-boring]
31,Bill Currie,[fiction]
32,Matthew,[]
33,Kaion,"[premodern, essential, asia, 2016]"
34,Courtney Reed,[]
35,Sylvia,"[romance, 2014, clasico, japon]"
36,Sookie,"[classics, translated, 2016, fiction]"
37,Zaara,[]
38,Avery,[100-best-books-of-all-time]
39,Olivia,[classics]
40,Ameliedanjou,"[classics, asian, medieval]"
41,Czarny Pies,[asian-literature]
42,Geoffrey Waring,[]
43,David Meijer,"[classic, beyond-children]"
44,Emma,[]
45,Susan,[was-unable-to-read-it]
46,Charlie,[]
47,Ron Tuohy,[]
48,Elise Baker,[classics_favorites]
49,Amanda,[]
50,Scarlett Fu,[]
51,Mark Patton,[]
52,Jennifer,[]
53,Andre,[]
54,Nicole T. Cunha,"[read-for-school, classics]"
55,Aimee,"[classics, romance, historical-fiction]"
56,Nynke,[]
57,G.G.,[japanese-literature]
58,Nick,[]
59,Judith Merson,[]
60,Nico,[]
61,Tom,[]
62,Morgan,[]
63,Jen,[favorites]
64,Theresa Magario,[don-t-want-to-read-any-more]
65,Michael Keerdo-Dawson,"[the-telegraph-top-100, classic]"
66,Margareth8537,"[historical-fiction, classics, 1001-books-to-read]"
67,Amy Beck,[asian-novels]
68,Rosamund Hodge,[japan]
69,Iris,[]
70,Christina,[]
71,James Eckman,[fiction]
72,Christine,[]
73,peaseblossom,[]
74,James Nicolay,[]
75,Alicia Reese,[literature]
76,Julia Lanter,"[literary-classics, fiction]"
77,Gus,[]
78,Claire,[did-not-finish]
79,Smenkhare,[]
80,Ryo Hatsuki,[]
81,V,"[historical, classic, ancient, favorites]"
82,James Violand,[own]
83,Bryan,[]
84,Sheila,[]
85,Jade Dela Torre,[]
86,Fiona Robson,[1001-books]
87,Meri,"[history, japan]"
88,Jenn,[]
89,Rebecca Huston,"[keepers, japan, 11th-century, literature]"
90,Snilbert,[]
91,Nicole,[]
92,Gordon Christy-Stefanik,[]
93,Heather,"[school-books, loathed-books, classics]"
94,Carina,[]
95,Isidro Rivera,[]
96,Rachel (Sfogs),"[1001-books, bookcrossing]"
97,Sara,[]
98,Li,[]
99,umberto,"[classics, japan]"
100,Justin Evans,[fiction]
101,Liz,[]
102,Moose,[]
103,Corinne Orquiola,[]
104,Molly,[]
105,Dell,[]
106,Janelle,[]
107,Frances,[kindle]
108,Miranda,[]
109,Kay,"[world-lit, japan, favorites, fiction]"
110,Mariah,"[asia, love]"
111,Liss,[]
112,Tania,[didntfinish]
113,Ryan,[]
114,Q,"[did-not-finish, randomhouse, ebook]"
115,Roseanne,[]
116,Reese,[]
117,"CJ -Doctor can you help me, 'cause somethin' don't feel right",[]
118,Daisy,[]
119,Lisa,[]
120,Lise,"[1001-books-to-read-before-you-die, favourites, classics]"
121,Janeh227,"[1001-books, 11th-century, ancient-japan, ancient-japan-courtly-behaviour-pal, classic]"
122,Madeline,"[classic, literature, japanese]"
123,Sarah Beaudoin,[]
124,Mark Sacha,"[nippon, oldies]"
125,Lieke,[]
126,Dmitri Wolf,[]
127,Jaime,[]
128,Leslie,[asian]
129,Sean,[]
130,Faye,[asian-literature]
131,Nana,[]
132,Caleb Stimmell,[]
133,Kelly Mcknight,[]
134,C.B.,[]
135,Jan,[kindle]
136,Ryan Handermann,[to-read-about-asia]
137,Rob Scharf,[]
138,LawStudent Reader,[]
139,Ananko-san,"[japan-centric, purpose_studies, mein-bücherregal, genre_classics, genre_history, translation-from-japanese, format_softcover]"
140,Kimi,[]
141,Harris,[]
142,Evan,[]
143,Naomi Williams,[]
144,Michael,[]
145,Stashu,[]
146,Adam,[]
147,Suzanne Morgan,[]
148,Robin,[]
149,Katy,[]
150,Rae,[own]
151,Marina Sofia,[rereading]
152,Sam,[]
153,Chanté,[asian-literature]
154,Paul Kishimoto,[owned-books]
155,Kylie,[hint-of-japan]
156,Ary Nilandari,[]
157,Gary,[japanese]
158,Kaitlyn Utkewicz,[]
159,Kate,"[classics, couldnt-slog-through-yet, folk-fairy-myth-legend]"
160,R.K. Cowles,[fiction]
161,Aethyreal,"[historical, ebook, hardcopy]"
162,Rhonda Hankins,[attempted-to-read]
163,Ahmet Uçar,[]
164,Fanny,[]
165,Deborah,"[want-to-buy, library]"
166,Elizabeth,[]
167,Aubrey,"[5-star, reviewed, translated, books-are-the-best-invention, japanese, ever-on, reality-check, 1-read-on-hand, person-of-everything, pure-power-of-gr, 500-wm-added, person-of-reality, r-goodreads, person-of-translated, reality-translated, person-of-reality-translated, r-2015, antidote-think-twice-read, antidote-think-twice-all]"
168,Viktor,[japansk-fiction]
169,Joy,[]
170,Theresa,[review]
171,Tyler Hochstetler,[]
172,Anna_schtr,"[favorites, reviewed]"
173,William,[]
174,Maureen,[]
175,Jee Koh,[]
176,Kristy Ann,[]
177,Jon,[]
178,Valerie,[]
179,Dora Okeyo,[]
180,Aisha,[]
181,Zazu,[]
182,Salvatore,[]
183,Melody,[]
184,Em,[college]
185,Janie,[]
186,Jason Goodman,[book-read]
187,Erix,[]
188,Elyse,[read-literature]
189,Masa Baggio,[]
190,Jesus,"[historiography, narrative]"
191,Erin,[]
192,Yvonne Bastian,[]
193,Eric,[japanese-poetry-and-tales]
194,Vrixton Phillips,[long-works-epics]
195,Sonny Ramelan,[]
196,Charlie Canning,[]
197,Ingen,[]
198,Beth Slucher,[]
199,Alexisisadora,[]
200,Bridget Cameron,[]
201,K8,[unfinished-wont-finish]
202,Silvio Curtis,[]
203,MissNYix,[]
204,Doug Eisner,[]
205,♔ Jessica Marie,[asian]
206,Rebecca,[]
207,Riana Elizabeth,[]
208,Nurhazlinda Mazlan,[]
209,Brendan,[]
210,Leajk,"[female-author, asia, classics, around-the-world-fem, classic-classy-canon]"
211,Norikob,[]
212,Beverly,[favorites]
213,Monty Milne,[]
214,Janne,[historical]
215,Finbar,[fiction]
216,Chloe,[]
217,Liz Marnell,[japanese-fiction]
218,Craig,[1001-books-to-read-before-you-die]
219,Conor Finnegan,[]
220,Peter,[non-genre]
221,Ingmar,[]
222,Alejandra,[]
223,Rhonda,[novel]
224,Richard,[]
225,LOL_BOOKS,"[fiction, historical-fiction, classic, japan]"
226,Ginger K,"[fiction, historical, japan]"
227,Tori,[fiction]
228,Eclectic Indulgence,[ancient-classics]
229,Angela,[]
230,Gideon,[]
231,Philana Walker,[]
232,Ad Blankestijn,"[japanese-literature, sexual-relationships, genji, philanderer, comedy-of-manners, courtship, voyeurism, memory]"
233,Tominda Adkins,[]
234,Akemi G,"[read-fiction, japanese-lit]"
235,Cheryl,[jp-other-japanese-literature]
236,Sandra Trevino,[]
237,Hannah,[]
238,Banaticus,[]
239,Alicia,[]
240,Jasmine,"[classic, romantic, couldn-t-finish, japanese-in-translation]"
241,Duane,"[rated-books, reviewed-books, historical-fiction]"
242,Kim,[]
243,Sara Sumpter,[]
244,Marc Gerstein,[ancient-classics]
245,Lynn,"[read-in-2008, tried-to-read, book-club]"
246,M,[didn-t-bother-finishing]
247,Allison,[]
248,Nozomi,"[own, japan]"
249,Adam Walker,[literature]
250,Jessica,[]
251,Bridge,[i-give-up]
252,Courtney,[classics]
253,Anne-Marie,[]
254,Pato Myers,[]
255,Audree,[young-adults-reads]
256,Wifey,[]
257,Cornelia,"[paperback, fiction-essais-classics]"
258,Ambra,[]
259,Shinay,[]
260,Aurora,[]
261,Florencia,"[japanese, if-only-i-were-a-cat]"
262,Pete,[]
263,Ian,[]
264,Meagan Boeff,[]
265,Jennah,[]
266,Melinda,[]
267,Anna C,[]
268,Annm,[fiction]
269,Stephen,"[japanese-literature, classics, epic]"
270,Anne,[]
271,Anna,[]
272,Jitlapawn Okamura,[]
273,NatashaSonya,"[classic, historical]"
274,Ju,[historical-fiction]
275,Meotzi,[]
276,Black&white,[]
277,Roy Huff,[]
278,Laurin Peets,[]
279,Michelle,[]
280,bookczuk,"[taught-me-something, read-eons-ago]"
281,Edward Butler,[]
282,Louis,"[books-given-up-part-way-through, japanese]"
283,Alex Diaz,[]
284,Lori (Lara Britt) Sailiata,[to-reread-eventually]
285,Stephanie Simmons,[]
286,Manekineko,[]
287,Zoha Khan,[]
288,De,[could-not-finish]
289,J.M.,"[classic, romance, borrowed, japanese, fiction]"
290,Rin,[]
291,Xanat Meza,[books-that-marked-me]
292,Kristen Lindquist,[]
293,Patricia,[japan]
294,Toni Trees,[]
295,Sydney,"[classics, read-for-school]"
296,John,[]
297,Sean Garrett,[finished]
298,Rayna,[]
299,Mai Gharieb,[]
300,Caitlin Powell,[]
301,Lissa Bryan,"[historical, translation]"
302,!Tæmbuŝu,"[classics, japan]"
303,Isabelle,[]
304,Tom Davis,[]
305,Nick Klagge,[]
306,Victoria Law,"[books-i-read-the-first-months-of-ne, book-by-writer-of-color]"
307,Annie,[japanese]
308,Dana,[]
309,Neil,[]
310,Amanda Spacaj-Gorham,[]
311,Richard ,[]
312,Laura,"[japan, historical, unique]"
313,judy weaver,[]
314,Karen,[]
315,Darbus,[japan]
316,Abigail (42stitches),[]
317,Hripsimee,[]
318,Velvetea,"[classics, japanese-literature]"
319,Jeremy,[]
320,Squire,"[favorite-books, classics-challenge-2015]"
321,Sheralyn Belyeu,[]
322,lamarcus brown,[]
323,Lily,[book-club]
324,Paul Xylinides,[]
325,Huda Yahya,[أمهات-الكتب_أعمال-خالدة]
326,Jacquelyn,[]
327,Gregg,[asian-studies]
328,Philip Thiel,[]
329,ayanami,"[1001-books, classics]"
330,Melanie,[]
331,Yuki,[]
332,Ashlyn,[]
333,Cornerofmadness,[]
334,Carol,[]
335,Olivia Andem,[]
336,Ema,[]
337,Georgie,[fiction-and-folktale]
338,Glenna Barlow,[]
339,Emma Couperus,[]
340,Inigomontoya,[]
341,Erick Flaig,[top-100]
342,Vicky,"[classic, own]"
343,Sylla,[]
344,Adam Gutschenritter,[historical-fiction]
345,Jillian,[]
346,Ann,[]
347,Rachel,[japanese]
348,Patrick McCoy,[japanese-literature]
349,Revellee,[]
350,David Guy,[]
351,Clifford Browder,[]
352,Ray Noyes,[]
353,Terrangirl,[unfinished]
354,Toshio,[]
355,Ann Klefstad,[]
356,Moey,[]
357,Skye,[]
358,Brianna,[]
359,Tim,[]
360,Danielle,[]
361,DW,"[window-on-another-world, dutiful-classics, fiction, japanese, good-to-know, surprisingly-good]"
362,"Nathan ""N.R."" Gaddis","[pretty-old-stuff, japan, moore-novelnovel]"
363,Becky,[fiction]
364,Paul Leitner,[]
365,Phillip Kay,[]
366,Markus Sakoschek,"[classic, romantic]"
367,Philip Cherny,"[unfinished, fiction, classic-literature, japan]"
368,Megan Douglas,[]
369,Eadweard,"[japanese, fiction-read, classics, favorites-or-really-liked]"
370,Paul Haspel,[japan]
371,Josh Eustis,[]
372,Tracey,[]
373,Manuel,[]
374,Lisa (Harmonybites),"[classics, romance, fiction, novels]"
375,Gloria,[]
376,Kristen,"[z-list-1001-books-to-read, library]"
377,Nikita Gurnani,[]
378,Elizabeth Moffat,[]
379,Julie,[]
380,Ed,[]
381,Spike Gomes,[]
382,Sarah,"[fiction, japan, historical]"
383,Sarah Helser,[]
384,Fraser Kettle,[]
385,Russell,[]
386,Marcin,[japanese]
387,Sean Brown,[]
388,Ricardo,[]
389,Sali Pachkoria,[]
390,Adrian Colesberry,[]
391,Nicholas,[]
392,Judith,[]
393,Hadrian,"[epic, fiction, japan]"
394,Brandi,"[classics, fiction, home-library]"
395,Madhulika Liddle,[]
396,Margaret,"[fiction, classics, 2011]"
397,Katie Grainger,[]
398,Marina,[]
399,Ariel,[]
400,Andrew Weitzel,[]
401,Mary Spielmann,"[classics, japanese-literature]"
402,James,[]
403,LemontreeLime,[fiction-old-and-new]
404,Facundo Martin,[]
405,Emilie,[]
406,Wanda Brenni,[favorite-books]
407,Shari,[classic]
408,Avis Black,[classics-i-loathed]
409,Richard Derus,[]
410,Brenda,[]
411,Robyn,[my-books]
412,Bradley,[read-but-do-not-own]
413,AC,[for-university]
414,Irina T,[]
415,Vaughnda Johnson,[gave-up-for-now]
416,Sam Gilbert,[]
417,Ian Zimmerman,[]
418,Ross-Barry Finlayson.,[donated-to-library]
419,Ellen,[]
420,John Porter,[]
421,Carola,"[owned, japanese-literature, classics, 2013, read-in-english, 2-stars, life-is-too-short]"
422,Jonathan,[]
423,Mary,[]
424,Lee,[fiction]
425,Annabelle,[]
426,Hitsuji,[japan]
427,Connie,"[fiction, japanese-lit]"
428,Chris,[]
429,Sheri,[no-desire-to-read]
430,Kirsten,[]
431,Abby,"[japanese-lit, fiction, women-novelists]"
432,Eden,[]
433,Bill,[]
434,David,[]
435,Rock,[]
436,Bob,[asia]
437,Amber,[boxall-1001]
438,Liann McCreery,[]
439,Bart,[]
440,Dayla,[]
441,April,[]
442,Rob,"[literature, classics]"
443,KristenR,"[classics, female-author]"
444,Autumn,[]
445,Shelley,"[classics, japan, read-in-2011]"
446,Katie,[]
447,Angelica,"[2015-women-only-reading-challenge, fa]"
448,Heatherwilliamson,[]
449,Pyqos,[]
450,Heichu-chan,[i-ll-finish-it-sometime]
451,Kajon,[wishicouldread]
452,Uschi,[]
453,Gregory,[]
454,brotagonist,[literature]
455,Kitty,[]
456,Megan,[]
457,Lydia,[books-and-ideas-course]
458,Lindsay,"[japan, kindle, z2012]"
459,フィル,[japanese]
460,Sarah White,[reading-women]
461,Julian Meynell,"[reviewed, medieval, japanese]"
462,bup,"[2008, not-1001-but-the-list-is-stupid]"
463,Modernsinglemomma,[]
464,Sassyfrazz,[]
465,Jennifer Hu,[]
466,Chelsea,[]
467,Jeff,"[classics, textbooks]"
468,Diana,[]
469,Kristina,[]
470,Erika,[]
471,Ryan Patrick,[]
472,Claudia,[]
473,Jesse,[historical-fiction]
474,Jessie,[]
475,Wendy,[can-t-finish-it]
476,Ty,[]
477,Deanna,[]
478,Delicious Strawberry,[historical-fiction]
479,Melissa,[]
480,Linda,[]
481,Steven Felicelli,[]
482,Indah Threez Lestari,"[in-english, i-lost-it]"
483,Jessiy,[]
484,Nate,[]
485,Roxana-Mălina Chirilă,[]
486,Debbie,[100-most-influential]
487,Francisco,"[clasicos, novela, oriental]"
488,Lana,[classic-literature]
489,Robert Sheppard,[]
490,Tasha,"[dnf, classic, japan]"
491,Never,[]
492,Debaparna,[japanese-literature]
493,Annika,[books-and-ideas]
494,Andrea,[]
495,Matteo Cesari,[]
496,Tony Derricott,[]
497,Alex,[]
498,Michaela,[]
499,Angela Alcorn,"[fiction, history, second-hand-bookshop-wishlist, classics, middle-ages, 20-essential-japanese-works]"
500,Cathalijn Brunner,"[ancient-japan, japanese-culture]"
501,Scott Forbes,"[foreign-fiction, owned]"
502,Catherine Corman,[]
503,Cindy,"[romance, 999, abandoned, hist-fiction]"
504,Thea Jarvis,[]
505,Penniphurr,[]
506,Claire Staley,[]
507,Elizabeth Reuter,[]
508,Mohammad Awny Hamouda  El-Mesallamy,"[روايات, japanese, books-i-own]"
509,Patty Cottrell,[]
510,Jess,[fiction]
511,Emily,[]
