,user,tags
0,NS - Cami Houston,[traditional-literature]
1,Val,[]
2,Toti,[]
3,Jim,[]
4,Matt,[]
5,Teji,[2016]
6,Kevin Larsen,[english-literature]
7,Katie Schwab,[]
8,Tristram,[classic-english-literature]
9,Dávila,[]
10,Heath Workman,[]
11,S.D.,[]
12,Dan,[]
13,Shonali,"[classics, 2009-reads, borrowed-books]"
14,Petruccio Hambasket IV,[]
15,Pat Murphy,[]
16,Yoke,[9th-books]
17,David Bales,[2012]
18,Hannah Fabry,[]
19,Macey Schoenick,[]
20,Suzie Martin,[]
21,Natali,"[lit-core-hell, lit-core-read]"
22,Ardyth,"[format_audio, set_uk, set__europe]"
23,Mohammed Al-Garawi,[]
24,Chris,"[poetry, arthur-king-of-the-britions, chaucer, favorites, lit-fiction-english]"
25,Jackson Cyril,"[books-everyone-needs-to-read, philosophy-religion, books-i-own, classics]"
26,Georgy,[]
27,Thomas,[western-canon]
28,Joyce Votipka,[]
29,Carly,"[historical-fiction, classics]"
30,Grant Kanigan,[]
31,David Martinez ,[]
32,Suzanne,[]
33,M.,[]
34,Matimate,"[humour, fiction_general, 2014]"
35,Christie,"[classics, romance, big-books, england, poetry, middle-ages, 2015-read-harder-challenge]"
36,Matthew,[2011]
37,Elena Popova,[]
38,Jana,[fiction]
39,Verena,[university]
40,Lady Dixie,"[british, chaucer, essential-reading, men-writers, i-have-taught, own, read-multiple-times, poetry, medieval, poet-laureate, travel-writing]"
41,Jessica,[]
42,Bruce,[]
43,J. Alfred,[]
44,Alan,[]
45,Catherine Sanchez,[]
46,Czarny Pies,[english-lit]
47,Katherine Martin,[gilmore-challenge]
48,Emma,[2015]
49,John Pistelli,"[fiction, poetry, short-stories, medieval]"
50,Susan,"[audio, read-2014]"
51,Fishface,"[humor, poetry]"
52,ثامر الحمدان,"[في-مكتبتي-قرأتها, english-books]"
53,Elissa,[fiction]
54,Stephanie,[]
55,Lauren,[]
56,Alexandra Freire,[]
57,Clark,[]
58,Jaret,[4-5-star-books]
59,Erik Graff,[literature]
60,Jennifer,[]
61,Mairi Kilaine,[]
62,Colleen,[]
63,Victoria Tsonos,"[classics, school-reads, adult, rory-gilmore-reading-challenge]"
64,Martin Hernandez,[historia_literatura]
65,Alvaro Navas,[]
66,Nenad Nesic,"[old-klasik, short-stories]"
67,Bbrown,[]
68,Kirk,[classics]
69,Reader,[]
70,Hannah Glenn,[]
71,Heidi'sbooks,[]
72,Becky Fields,[]
73,E.J. Matze,"[stories, classical, english-literature]"
74,Tabby Larson,[]
75,Virgilio Machado,[]
76,Ariadna73,[]
77,John Levi Masuli,[]
78,Matthew Smothers,[]
79,Rob McKenna,[]
80,Lola,"[reviewed, read-in-brit-lit, fiction, owned, classic-literature]"
81,Ben,"[western-canon, world-library-100]"
82,Markus,"[historical-fiction, classics, medieval-mania, window-to-the-past, 2016]"
83,Tanner,[]
84,Kaylee Messman,"[poetry, classics, my-library]"
85,Jaimie Foster,"[classicbooks, toread]"
86,Courtney Stephens,[]
87,Lady E,[]
88,Tim,[]
89,Fiona Robson,[]
90,Lois,[]
91,Gopal Vijayaraghavan,[]
92,Telans,[]
93,Sarah (thegirltheycalljones),[]
94,Sara,[]
95,Melissa Ferraro,[]
96,Wakako Natsume,[]
97,Jason Pettus,"[classic, pre-renaissance, stories]"
98,Nancy Burns,[classics]
99,John Yelverton,[]
100,Nathan Burton,[]
101,Mike Macdonald,[]
102,Mohamed Gamal,[]
103,RUSA CODES,[listen-list-2013]
104,Djenifer,[]
105,Ryan,[]
106,Cameron,[]
107,Kelly,[]
108,Lisa,[]
109,Briana,"[classics, anthologies-short-stories, my-reviews]"
110,Destiny Jackson,[]
111,Silvia Santipolo,[]
112,Alayna,[]
113,Logan,[]
114,Harajyuku,"[translated, good-reading]"
115,Leslie,"[university-scholars, college-books]"
116,Sean,[]
117,Lafatm3,[]
118,Aleta,"[classics, read-2014, in-by-about-britain, chivalric-and-arthurian, comedy-and-humor, myths-and-legends, road-trip, gilmore-challenge, 15th-4th-century-ad, romance]"
119,Hunter,[]
120,Nikki,"[poetry, medieval-literature]"
121,Karyna,[]
122,Heather Scheer,[]
123,Cami Putnam,[]
124,Jeff Beland,[christian-fiction]
125,Abdul Tabel,[]
126,Nicholas Armstrong,[]
127,Hayat,[]
128,Helen,[newsweek]
129,Steve Hemmeke,[]
130,Grace,[]
131,Octavio Villalpando,[]
132,Petter Häggholm,[]
133,Ashley,[favorites]
134,J.M. Hushour,[]
135,Michael,[]
136,Breianne Ehigie,[]
137,Richa,[]
138,Justine Arndt,[]
139,Robin,[]
140,Huw Rhys,[]
141,Devan Bennett,[]
142,Angela Joyce,[classics]
143,Valerie Carpenter,[]
144,George King,[]
145,Viktor Malafey,[]
146,Kate,[brit-lit]
147,Rose,[i-own-it]
148,Edward Cheer,[]
149,Wendy,[]
150,Isaac Danke,[]
151,Quirky,[]
152,Eclarep,[11th-grade-02-03]
153,Stefan Yates,[classic-literature]
154,Elizabeth,"[mythology, religious, fantasy, romance, short-stories, british, suicide, child-abuse, humour, domestic-abuse, loss, rape, antisemitism, english, class, adultery, misogyny, sexism, sexual-assault, disability, torture, death-penalty, imprisonment, fairytale, 13th-century]"
155,Aubrey,"[4-star, reviewed, poetry, 1-read-on-hand, r-goodreads, school, r-2016]"
156,Gina,[]
157,Lorena,[british-american-lit]
158,Chris Guevara,[]
159,Jeanne,[]
160,Tammy Schoen,[]
161,Valerie,[]
162,Judy,[]
163,Kevin Tucker,[]
164,Cécile C.,[english-literature]
165,Vivi Vocat,[classics]
166,anique Halliday,"[fiction, classics]"
167,Leah Bird,"[read-in-2015, school-books-2015]"
168,Clinton,"[classics, historical, pretentious-binges, racey-and-inapro-pro, lit-tra-cha, world-library]"
169,Lily Calder,"[poetry, classics, historical-fiction, owned]"
170,Loes M.,[school]
171,Erin,[]
172,Erik,[]
173,Joshua Savage,[]
174,Michael Kneeland,[comic-masterpieces]
175,Lorian Jones,[]
176,Alford Wayman,[]
177,Briynne,[]
178,Megan,[good-old-classics]
179,Mercurialgem,[]
180,Jenae,[the-list]
181,James Biser,[]
182,Madison Hanneman,[]
183,Meghan,[]
184,Mitchell,[]
185,Chrissy DeMarco,[]
186,Rebecca,"[british, adult-fiction]"
187,Billymeyer,[]
188,Justin,[]
189,Kate Neher,[]
190,Jennifer Lavoie,"[classics, books-i-would-teach, person-library, historical]"
191,Claire-Michelle Mann,[]
192,Ahmad Sharabiani,"[poetry, classic, short-stories, fiction, literature, bilingual, farsi, 20th-century, english]"
193,Valerie Malott,[2015-challenge]
194,Chloe,"[books-for-school, ehh-probably-won-t-read-this-again]"
195,Tom Brennan,"[classics, england, four-stars, 2015, audiobook, medieval, geoffrey-chaucer]"
196,Selena,[medieval-brit]
197,Fernando Fernández,[]
198,Alejandro,[]
199,Jeanne (Such a Bookaholic) ,[favorites]
200,Marika,[]
201,Patricia Graham,[classic]
202,Toni Trees,[]
203,Celine Jewell,[]
204,Leilani,[]
205,Jesse Zellmer,"[classics, poetry]"
206,Hannah,[books-i-read-in-high-school]
207,Matt Smith,[]
208,keatspring,[]
209,Meredith,"[short-stories, classic]"
210,Kim,[]
211,Emma Anderson,[]
212,Kevin Oyster,[]
213,Sofia T. (♥ Dimitri Belikov),[]
214,Jake Maguire,"[poetry, medieval-works, famous-or-classic, masterpiece]"
215,Cody Tucker,[]
216,Mercedes,[]
217,Rhys,[]
218,Sandra Bašić,[]
219,Wliam,[]
220,Victoria Schwab,"[classics-2011, kindle]"
221,Michael Pauls,[]
222,Audrey,"[classics, read-for-school]"
223,inverted_a,[the-western-canon]
224,Trish S.,[]
225,Mark Adderley,[medieval-literature]
226,Riannon,[]
227,stuti,"[read-in-2015, required-reading]"
228,Leigh Stuart,[]
229,Sean O'kane,[]
230,Andy Ibañez,[]
231,Crixly Viera,[]
232,Anna,[]
233,John P,[]
234,Joel Julian,"[humour, poetry, classics, short-fiction, satire, meta, 14th-century, social-commentary, posthumous, provoked-audible-merriment]"
235,Joe Martinez,[]
236,Brian Levinson,[]
237,Nicole McElhose,[]
238,Mary Bronson,[]
239,Micah Burnham,[]
240,Emma Brown,"[historical-fiction, poetry]"
241,SiggsXYZ,[]
242,Janice,[]
243,Beata,[]
244,Juergen John Roscher,[read_2012]
245,Geoff,[the-classics-club]
246,Travis Ristau,[]
247,The Book Lender,[read-in-2015]
248,Brent,"[fiction, literature]"
249,Zoe,[]
250,Aaron Zimmerman,[]
251,Patricia,"[newsweek-s-top-100, horror]"
252,Madeline,"[poetry, assigned-reading]"
253,John,[]
254,Linden,[classics]
255,Bobi,"[read-books-in-2016, classic]"
256,Alexis Johnson,[classics]
257,Aurora,[]
258,Ariana,[]
259,Opetoritse,[]
260,Travis Bughi,[]
261,Light,[]
262,Trevor Fitzpatrick,[]
263,J.M.,"[classic, stories, poetry, british]"
264,Lisa Cook,[college]
265,Halo Gonzalez,[]
266,Jordan Wallace,[audiobooks]
267,Jeroen Lemmens,"[geschiedenis-en-politiek, in-bezit, english]"
268,Nicholas Whyte,[]
269,Dani,[]
270,Sena Honda,[]
271,Veronica,[]
272,Janelle Miles,[]
273,Maan Kawas,[]
274,Laura,"[favorites, classics]"
275,Karen,[]
276,Todd,[]
277,Cody,[]
278,Jay Wright,[]
279,Sidney,"[school-books, meh, historical-fiction]"
280,Sue Smith,[books-read-in-2015]
281,Stephy,"[theology, poetry, have_to_be_able_to_think, funread, classics]"
282,DeAnne,[]
283,Tyler Steinback,[]
284,Samuel Oluwatobi Olatunji,[]
285,Nathanbenz,[]
286,Melanie,[classics]
287,J.L. Burger,[personal]
288,Georgia,[books-i-teach]
289,N,[]
290,Rachael,[]
291,Yann,"[moyen-âge, angleterre, sexisme, chevalerie, fiction]"
292,Trevor Durham,"[lit-core-race, lit-core-second-trial]"
293,✶Ellie✶,[read-in-english-class]
294,Rachel,[]
295,Robyn Blaber,"[british-literature, favorites]"
296,Tejas Janet,[]
297,Ying,[]
298,Amanda Catalina,[]
299,Jim Coughenour,"[justforfun, classics]"
300,Quirkyreader,[]
301,B the BookAddict,[]
302,Richard Tolleson,[]
303,jersey9000,[favorite-classics]
304,Ellie,[2015]
305,Jacinta,[]
306,Paul Taylor,[]
307,Eloquin,[]
308,Sara Balmuth,[]
309,Steve,"[fiction, telegraph-perfect-library-2008, newsweek-top-100-books-meta-list, guardian-top-100-books-2002, norwegian-bc-top-100-world-lit, zero-to-well-read-100-br2013, college-board-101-great-books-for]"
310,Becky,[]
311,Michael Jones,"[fiction-that-is-more-historical, classics, history, people-do-it, human-drama, funny-in-a-stinky-sort-of-way, heroism]"
312,Jim Mann,[]
313,MJ Nicholls,"[short-stories, sassysassenachs, poems, pre-1900s, penguin-classics]"
314,GoldGato,"[literature, spring, poetry]"
315,Sean Higgins,"[fiction, omnibus]"
316,Ron Grunberg,[poetry]
317,Megan Villasenor,[]
318,Mike Fiorentino,[]
319,Kyrsten,[]
320,Lizette,[]
321,Rowland Bismark,[]
322,Lisa (Harmonybites),"[classics, poetry, short-stories, 100-significant-books, fiction, ebooks]"
323,Ayne Ray,[]
324,Cresta,[classics]
325,Julia,[]
326,Manny,"[strongly-recommended, well-i-think-its-funny, too-sexy-for-maiden-aunts, why-not-call-it-poetry, older-men-younger-women]"
327,Jenny Maloney,"[have-read, classics, poetry]"
328,Cassandra Lê,[]
329,Sarah,[]
330,Veronica Lutz,[books-read-for-school]
331,David Joshua Pineda,[]
332,Daniel,[]
333,Steven Wedgeworth,[]
334,Mohammad Ali,"[فرهنگ, داستان-خارجی]"
335,Joe Foley,[]
336,Samantha,[]
337,Dee Renee  Chesnut,"[ebooks, 2011]"
338,Tianna,[2014]
339,Hannah Young,[]
340,Brandt,[]
341,James,"[study-group, u-of-chicago, poetry]"
342,Alice,[]
343,Steven Peterson,[]
344,John Devlin,[]
345,Sam,[classics]
346,KVS,[]
347,Finn,"[classics, history-for-you]"
348,Galicius,"[list-for-people-desiring-higher-edu, english, poetry]"
349,Hilary,"[fiction, history, own, poetry, humor, sociology, reference, short-stories, 2013]"
350,Mark,[classic]
351,Andy,"[fiction, translations-into-english, short-stories, love-stories, poetry, middle-ages]"
352,Bill Glover,[]
353,Jonathan,[]
354,Suz,[2011-jan-june]
355,Lee,[poetry]
356,Kerrigan Davis,[]
357,Brett,"[poetry, classic, translation]"
358,English Education,"[canonical, pat, historical, socio-enconomic-status, class, christian, feminist-lit, morality, mixed-race, adventure, classic]"
359,Kaushalya,[mine]
360,Keith,"[favorites, partial-read]"
361,Mary Pat,[]
362,Les Wilson,[owned]
363,Alyssa Archambo,"[humor, mystery, horror, thriller, contemporary]"
364,Edlira Dibrani,[]
365,Bill,[]
366,David,[]
367,Daniel Clark,[]
368,Laurie Chipman,[]
369,Willem,[]
370,Jimmy,"[ebook, barnes-and-noble-classics-series, classic]"
371,Jazmine,[]
372,Catherine,"[english-edition, literature-class]"
373,Amalia,[2010-tbr-challenge]
374,Carla Pitre,[]
375,Desclian,[medieval-literature]
376,Dorothy,"[english-classics, poetry]"
377,Shelley,"[classics, pre-1500s, 2016]"
378,Katie,[]
379,Sophia Ramos,[]
380,Michael Kelly,[]
381,Karin,[]
382,Saskia,[franklin-library]
383,FictionalPhenomena,[read-for-school]
384,Aaron Mcilhenny,[]
385,Meaghan,[]
386,Sasha,[2011]
387,Jason Gusman,[]
388,Lawrence,[]
389,Shawn,[]
390,Spyros Blackfinch,[]
391,Krys Gut,[classics]
392,Caitlin,[]
393,Lydia,[]
394,Bill V,[]
395,AdN,[not-owned]
396,Elena,[]
397,Bryan,[novels]
398,Everyman,[]
399,Paul Mazzuca,[]
400,Misha,"[classics, college, high-school]"
401,David Garza,[]
402,Nathanial,[]
403,Erika B. (SOS BOOKS),[classic]
404,Barbara Bradley,[]
405,Diana,"[classics-read, read-in-2015]"
406,Belf,[]
407,Joanne,[required-read]
408,Joanna,"[old-timey-classics, gre-prep, poetry]"
409,Tony,[poetry]
410,John Lucy,[]
411,Jesse,[favorites]
412,Aleesha Bass,[]
413,Brittany Barth,[]
414,TWD,[]
415,Josh,[traditional-literature]
416,Beatrice Miranda,[]
417,Melissa,[]
418,Linda,[]
419,Mom2cgpdcd,"[british-literature, canterbury-tales, chaucer, classic-literature]"
420,Lena Haloway,[]
421,Lada,[]
422,May,[]
423,Núria,"[2006, prestados, literatura-en-ingles, edad-media, cuentos, 4-muy-buenos]"
424,Andrew,[]
425,Marie,"[classics, tales, middle-ages, favorite-books]"
426,Nancy Mildebrandt,[]
427,Aaron Spence,[]
428,Alex,[favorites]
429,Sarah Maddaford,"[literature, historical, stopped-reading, belton]"
430,Joseph R.,[read-2013]
431,Christian Hannemann,[]
432,بهمن بهمن,[]
433,Cindy,"[classics, poetry, short-stories, religion, 999, hist-fiction]"
434,Morgan,"[books-i-own, classics, verse-poetry]"
435,Jan-Maat,"[british-isles, 14th-century, medieval-history, poetry]"
436,Jonfaith,[]
437,Tess Mertens-Johnson,[]
438,Shannon (Giraffe Days),"[short-stories, classics]"
439,Jay Daze,"[poetry, literature, di-filippo-branch]"
440,Charles,[]
441,Clifton,[]
442,Karina Vargas,"[epub, vintage-classics, rory-gilmore-reading-challenge]"
443,Scott,[myth-legend]
