,user,tags
0,Lars,"[classics, kafka]"
1,Josh Mings,[favorites]
2,notgettingenough ,"[modern-lit, pairs]"
3,Rob Tapper,[]
4,Heath Workman,[]
5,Karen,[]
6,Michinio Camorelli,[]
7,Leah,"[german-classics, fragment]"
8,Taka,"[german_lit, 2013]"
9,Jody Sperling,[]
10,Cecily,"[favourites, kafka, aaa-tbr-very-soon]"
11,Chenggong Zhang,[]
12,Maharah Jones,[]
13,Pinkyivan,[]
14,Zadignose,"[stuff-to-share, 20th-century]"
15,T4ncr3d1,"[classici, tedeschi, sfida-classici, cechi, sfida-100wl, sfida-100dorfles, sfida-1001]"
16,Justin Burt,[read-in-2014]
17,Ann-Cathrine (Literamour),[philosophy]
18,Gallermic Mabuse,[]
19,Ansham,[]
20,Li'l Vishnu,[]
21,Arnab,[read-this-year-2013]
22,§--,[novel]
23,Peter Walker,[]
24,Kathryn,[]
25,Ismail,[]
26,Carla Krueger,"[dystopia, classic, fthm]"
27,Risky Rahmalia Sofyan,[hilariously-bizarre]
28,George,[]
29,Gergana,[]
30,Simon Clare,[]
31,Danny Tyran,[]
32,Lobstergirl,[fiction]
33,Romone,[]
34,Matt Heavner,[]
35,Ahmad Sharabiani,"[classic, fiction, literature, 1001-book, german, european]"
36,Rick,[completed]
37,Cerisaye,"[don-t-expect-an-ending, baffled-by]"
38,Aika Orozobekova,[]
39,Andrew Walter,[]
40,Umut Gökbayrak,[]
41,Saman Kashi,[novel]
42,Olivia,[]
43,Czarny Pies,[german-lit]
44,Agv,[done]
45,Oleksandr Lyashenko,[]
46,David Karam,[]
47,Javier Jiménez,"[classics, magic-fantasy-surreal]"
48,A.N. Sinner,[]
49,Jason Williams,[modernist-fiction]
50,Charlie,[]
51,Quiet,[tiffling-twenties]
52,Dan Richter,"[read-more-than-once, deutschland]"
53,Stephanie,[classics]
54,Adam Davis,[]
55,Lisa Marie,[]
56,Jennifer,[]
57,Travis,[]
58,Sebastían Kristinsson,[]
59,Eetu Kirsi,[]
60,Ayoub Tantaoui,[]
61,Qisheng Xie,[oxford-world-classics]
62,Ariel,[]
63,Robert,[]
64,Tom Ireland,[]
65,Nick,[1920s]
66,Alberto,[]
67,Anton Lemeshchuk,[]
68,Romain,[]
69,Bill Glover,[]
70,Vel,[]
71,Casey,"[classic, 1001-books-to-read-before-you-die, 20th-century-czech, 1920s]"
72,Sachin Bhagat,[]
73,Nickolette,[classics]
74,Katherina,[]
75,David Matthews,[]
76,Inês Agudo,[]
77,Stewart Cotterill,[]
78,Lamski Kikita,[]
79,Torsten,[]
80,Christina,[]
81,Beate Matvejeva,[]
82,Ben,[to-read-summer2011]
83,James Eckman,"[horror, fiction]"
84,Joe Harris,[]
85,Gui,[]
86,Jovana Vesper,"[owned-books, strange-and-creepy, top-notch, strong-good-book]"
87,Nick Riso,[]
88,Miguel Ramos,[]
89,Simon Mcleish,[owned]
90,Dayla,"[fiction, literature]"
91,زهراء الموسوي,[]
92,E. Kimble,[]
93,Nicola,[]
94,Mohammad Magout,[literature]
95,Nicole,[]
96,Vafa,[]
97,Rachel (Sfogs),"[1001-books, bookcrossing]"
98,Sara,"[fiction, guardian-100-greatest-books]"
99,Tranlinh,[]
100,Nora,[]
101,Internallogic,[]
102,Cymru Roberts,[20th-century-elsewhere]
103,Kobe Bryant,[]
104,Liz,[]
105,Tristan,[]
106,Dacod,[]
107,Luís,[]
108,Naessens,[]
109,Mike Steven,[]
110,Jack,[]
111,İlhamə,[]
112,Mahyar Mohammadi,[]
113,Behzad,[]
114,Mike Jensen,[]
115,A,[]
116,Inderjit Sanghera,[]
117,Nathan,[]
118,Lucas,[]
119,Ondrej Lomsky,[]
120,Ryan,[shelfari-favorite]
121,Will,[]
122,Mariam Okasha,[]
123,Lahierbaroja,[]
124,Josh Marcus,[]
125,Mad Dog,[]
126,Mark Sacha,[deutsche]
127,Sashinka,[1001-books]
128,Candace Larson,[]
129,Sean,[]
130,Behrang Behrouznia,[]
131,Nurana Axundzada,[]
132,Mark Joyce,[]
133,Jan,[]
134,Dana West,[]
135,Isabel Caldeira,[take-it-isa]
136,Crito,[2016-goals]
137,Benjamin,[]
138,Eliška,[]
139,Bushn,[]
140,Tom Lichtenberg,[twentieth-century-literature]
141,Darwin8u,[2011]
142,Perry Whitford,[]
143,Moso99,[]
144,Michael,[]
145,Augusta,[1001-books]
146,Tereza Fuková,"[university, original-language]"
147,Ansherli,[]
148,Mänsomläser,[klassiker]
149,Gustavo Barbosa Ferreira,[fiction]
150,Romi,[did-not-finish]
151,Rae,[]
152,Jordan Forster,[fiction-european]
153,Grantreid,[]
154,Jeroen,[fiction]
155,Douglas Dalrymple,[]
156,Stephanie Roth,[]
157,Gary,[]
158,Milad,[]
159,Big Brother,"[europe, list-guardian-1000, list-thousand-and-one, bestest, list-world-library]"
160,Otakore Literantadodist,[]
161,Mustafa Aiglon,[czechian-literature]
162,miaaa,"[ophelia-s-library, fictions-others]"
163,Κώστας,[]
164,Henna,[]
165,Zahra R,[]
166,Michael William West,[abandoned-bookwrecks]
167,Wendy,"[1001-books, classics, in-translation, blooms-western-canon, 2015]"
168,Daniel Garrison,[]
169,Amester,"[alienation, bureaucracy, kafka]"
170,Israa,[]
171,Driton Alili,[]
172,Deborah,[serious-fiction]
173,Edoardo,"[classici, romanzi, deutsche-literatur]"
174,ёжики,[]
175,matt,"[fictions-of-the-big-it, existentialism, shattering]"
176,Altay Aktar,[]
177,Samuel,[]
178,Athira,[books-i-own]
179,Katrina,[]
180,Joe,[]
181,Vishal,[]
182,Mizuki,[do-not-finish]
183,أحمد الحقيل,[]
184,Ziggy,[]
185,Felipe,[]
186,L.S.,[2009]
187,Nicola D'Ugo,[]
188,Mentes Literarias,[]
189,Isairon,[pre-2013]
190,Ivona,[]
191,Nanette,[]
192,Trevor Maloney,[did-not-finish]
193,Maru Pan,[]
194,Josh Friedlander,[]
195,Cherchirish,[]
196,zozo,"[the-best, 2015]"
197,Dũng Nguyễn,[]
198,Lisanne,[]
199,Duy,[]
200,Zzoeeeee,[]
201,Boris,[]
202,Justin Kern,[]
203,Briana,[]
204,Jeff Jackson,[]
205,Jonathan Ball,[]
206,Fran,[]
207,El Zuco ,[]
208,Ronald Morton,[]
209,mohab samir,"[favorites, أدب-عالمى]"
210,Mesh,[]
211,incipit mania,"[incipitinlinguaoriginale, kafka-f]"
212,Rebecca,[]
213,Wayland Smith,[]
214,Saeed,[]
215,Nimish Adhikari,[]
216,Christie,[2014]
217,Célia Loureiro,[]
218,Surina Thapar-Masih,[]
219,Saurabh Sharma,[]
220,Charles Maranto,[]
221,Marinho Lopes,[]
222,Cristian,"[mindscrew, emoscrew, comedy, social-comment]"
223,Hamid Hasanzadeh,[novel-novella]
224,Craig,[1001-books-to-read-before-you-die]
225,Colin,[]
226,Peri Kitapları,[]
227,Ella Eli,[extraordinary-and-hypnotizing]
228,Kasim,[]
229,Peter,[unfinished]
230,Patrick Robitaille,"[1001, en-français, 1001-challenge]"
231,Cassandra,[secular-fiction]
232,Luciano Losiggio,[]
233,Richard,[]
234,Seba,[]
235,Rima Ibrahim,[مفيش-نصيب]
236,Angela,"[fiction, 2015]"
237,Vatroslav Herceg,[]
238,Irwingb,[]
239,Ash Ryan,"[literature, fiction, german, bureaucracy, audio, surrealism, existentialism, absurdism]"
240,Christian,[]
241,Νεκτάριος Καλογήρου,[]
242,Amir Yaghoubi,[favorite]
243,Albert,[]
244,ViReza,[]
245,Stefano,[]
246,Aldo Marchioni,[]
247,Robert Gudmundsen,[]
248,Denis,[]
249,Nikzad,[]
250,Hector Ibarra,[]
251,Szplug,[]
252,Anne Mcadoo,[classics]
253,Yasemin,[yabancı-roman]
254,Ivan,[]
255,Trung Rwo,[]
256,Jessica,"[dystopia, main-character-has-obvious-psycholo]"
257,Karyn,[2009]
258,Dragomir Alexandru,[]
259,Danyellemastro,"[1001, freaky-fridays]"
260,Louis,[]
261,Κρίτων Κανάκης,[]
262,Cliff Moyce,[]
263,Daniel Duarte,[]
264,Carlos Burga,"[literature, fiction]"
265,Ricardo Loup,[]
266,Lolo,[]
267,Denty One,[]
268,Sophiebird,[]
269,Stephen,[]
270,David Ramirer,"[early-readings, favorites, kafka]"
271,Anna,"[mindfuck, psychology, 2011, austria, franz-kafka]"
272,Herman Gigglethorpe,[why-is-this-a-classic]
273,Vlad,[closed]
274,Shubhra,[]
275,John Brubaker,[]
276,Taylor Napolsky,[]
277,Black&white,[]
278,Plop Cristian,[]
279,Martti,[]
280,Jacob,[]
281,Thomas Strömquist,[book-collection]
282,Michelle,[]
283,Анна Попова,[]
284,Tom Heughan,[]
285,Brittany,[]
286,Stella,[czech-writers]
287,Yumi Kaioh,[]
288,Janice,[author-love]
289,Juan C,[]
290,Gabrielle-Kasia,[]
291,Tuğba,[]
292,Farrahnanda Farrahnanda,[]
293,Russell Olson,"[modern-classic-fiction, fiction, patalit]"
294,DRM,[]
295,Leona ,[]
296,Jackson,[]
297,إيمان عبد المنعم,[]
298,Gleb,[fiction]
299,Vit Babenco,[]
300,John,[]
301,Robert Poortinga,[]
302,Kristine,[]
303,Hamish,"[re-read-lit, lit]"
304,Blair,[]
305,Clémentine Vulliet,[]
306,Jonah,"[dystopia, tedium-ad-nauseum]"
307,অপরিচিত আবির,[]
308,Huongta,[]
309,Jenaeth,[]
310,Trung,[]
311,Sonia M,[novels]
312,Dan'l,[literary-fiction]
313,Maria del Pilar,[]
314,C,[1001]
315,Sadiq sagheer,[]
316,Saul Levene,[favorites]
317,Kristen Dayna,[]
318,Maggie,[literature]
319,Jason,[]
320,Bookworm,[]
321,Laura,[]
322,Kostas Papadatos,[]
323,Jack Gattanella,[audio-yo]
324,Leo Robertson,"[owned, important]"
325,Turtelina,"[kindle, uni-leseliste, 2013]"
326,Shadazz,"[2010, bookcrossing]"
327,Cody,"[favorites, modernism, mittel-europe]"
328,Jeremy,[]
329,Bettie☯,"[play-dramatisation, one-penny-wonder, published-1922, translation, paper-read, tbr-busting-2013, czech-prague, summer-2013, lit-richer, unfinished-by-author, re-visit-2015, spring-2015]"
330,Tuba Yerliyurt,[]
331,Adam Floridia,[]
332,☽ Moon Rose ☯ ,"[kindle, 2012-shelf, fiction]"
333,Aziz Morfeq,[]
334,Sean Wilson,"[german-literature, fiction, modernism]"
335,արմին վիշապաքաղ,[]
336,Palivo,[czech]
337,Skouliko,[]
338,Paul Bard,"[not-to-be-read, books-that-kill-the-spirit]"
339,Francesco Santilli,[]
340,Lăcră Grozăvescu,[]
341,Adriane Devries,[classics]
342,Caitlin,[]
343,Sandra,[]
344,Bogdan,[central-europe]
345,Mel Bossa,"[0012-to-buy, 0008-fiction]"
346,Ema,[]
347,Tso William,"[fiction, kafka]"
348,Dave H,[]
349,Wreade1872,"[league-of-extraordinary-gentlemen, 1920s]"
350,Mike Hricik,[]
351,Elham Ghafarzadeh,[novel]
352,Anubhav Srivastava,[in-possession]
353,Xandra,"[1900-1949, surreal-fantasy-magic, czech, european, 1001-books]"
354,Thomas Johnson,[]
355,Barbara,[2015-p-r-c]
356,mohammad,[]
357,Kieran,[]
358,Yona,[]
359,Boris Tsygurov,[]
360,Jillian,[]
361,Rachel,"[c, male-author, 2015]"
362,Paul Gaya Ochieng Simeon Juma,[]
363,Derek Folder,[]
364,Hennie,[existentialism]
365,Shannon,[fiction-magical-realism]
366,Ben Boocker,[]
367,Adrienne Olejnik,[audiobooks]
368,Tim,[]
369,Danielle,[]
370,Phoebe Lynn,[]
371,Tsengoz,[]
372,Steve,[]
373,Alfonso Ayón,[]
374,MJ Nicholls,"[novels, oxford-classics, southern-europe]"
375,Alessandro,[confusing]
376,Aleksandar Janjic,[]
377,Christy,[read-2009]
378,Joe Krudys,[literary-fiction]
379,Ba Jin,[fiction]
380,Volodymyr Stoyko,[]
381,Karam,[]
382,Ed Homenick,[]
383,a bene placito,[books-i-own]
384,Nicholas Karpuk,[]
385,Maa jed,[]
386,Can Küçükyılmaz,[]
387,Nancy,[]
388,Христо Блажев,[]
389,Mazzoot,[]
390,Les Abernathy,[]
391,Farhan Khalid,"[favorite, novel, existential, surreal, bleak, european, humor]"
392,Carter,[]
393,Martyn,"[fiction, 2011]"
394,William Ramsdell,"[fantasy, classics]"
395,Chris Gloom,[favorites]
396,Jerry Levy,[]
397,Dennis,[]
398,Sarah,[2014]
399,Christina Wang,"[1-star, 2015]"
400,Ted Child,[]
401,Eren İmdat,[]
402,Kozba,[]
403,Tyler,"[fiction, audible, 2009]"
404,Challopea,[]
405,Vasilios Kats,[]
406,David Antonelli,[]
407,Gill,[]
408,Vivian,[]
409,Yair Ben-Zvi,[]
410,Marini,[]
411,jcg,[]
412,Abhiram,[]
413,Álvaro Martín Rodríguez,[]
414,Nick Black,[]
415,Luís Blue Coltrane,"[favourites, on-my-own, 1001-done, 2015, g-philosophy, g-science-fiction, germany-austria-czech]"
416,Carl Ingebretsen,[]
417,Sven Anton,[]
418,Oliver Twist & Shout,"[deutsch, eastern-europe]"
419,Dia,[]
420,Lars K Jensen,"[classics, kafka]"
421,Anna Domestico,[]
422,Dominika,[]
423,Joshua Burns,[]
424,blakeR,[literature-classic]
425,Kamil,[]
426,Brenda,"[dead-boring, disappointment]"
427,Elena Panarina,[]
428,Diocletian,"[philosophy, library-books, utopian-and-dystopian, existentialism, classics, kafka]"
429,Sentimental Surrealist,"[literature, classics, existentialism, franz-kafka, philosophy, 1926, 1920s, novels, read-2013, high-rating, 1001-books]"
430,Ahmed Attef,[روايات]
431,Descending Angel,[classics]
432,John Drumm,[]
433,Marianne Søiland,[]
434,Steven,"[german, literature, czech, kafka]"
435,Chahrazad,[book-i-gave-up-reading]
436,Devyn Duffy,[]
437,Yaqiao Li,[]
438,AC,[novels-german]
439,Mark,[]
440,Andy,[]
441,Dr.Abdulkarem,[]
442,Christopher Athey,[2014]
443,Jonathan,[translated-lit]
444,Chris Appel,[]
445,Yevhenii Tseluiko,[]
446,Albina,[couldn-t-finish]
447,Mike,[]
448,Ahmed El,[]
449,Stephen Durrant,[]
450,Cintia Andrade,[novels]
451,Zanna,"[inter-war, favourites, translated]"
452,Dave,[]
453,Chris,[weird-fiction]
454,Antonia,[]
455,Peter Fogtdal,[]
456,ناديه,[]
457,Yasmin,[]
458,David,[]
459,Richard F. Schiller,"[novels, west-european]"
460,Rhianna,[]
461,Bob,[]
462,Ahmad Zaki,[]
463,Castor Luwian,[]
464,Aethir,[]
465,Quân Khuê,[masterpieces]
466,Johnny,[]
467,Sooxanne,[]
468, Imene,[كتب-مترجمة]
469,Iulia,[]
470,Ruby_blue,[]
471,thím Tô,[]
472,María,[]
473,Christina Skans,[]
474,Ayline,"[2015-challenge, kafka, authors-bohemian]"
475,José,[]
476,Jason Downey,[audiobooks]
477,Steve Chong,[]
478,Nelleke,"[classic-literature, philosophy, government, 20th-century, surrealism, german-literature, winter-challenge-germany]"
479,Debra Daniels-zeller,[classic]
480,Filip Đukić,[]
481,Shaimaa Ali,[]
482,Elvin,[]
483,Daphne,"[own-audio, quest, uno2016]"
484,Sartaj Saifi,[]
485,Veronica Harris,[]
486,Fémi Peters,[]
487,Paul Lee,[]
488,Julian Meynell,"[20th-century, reviewed, eastern-european]"
489,Filip Pettersson,[]
490,Realini,[]
491,Dewi Pusparini,[]
492,Sarah Smith,[]
493,Sridatta,"[classics, 2012]"
494,Muhamed Omran,[]
495,Radoslav Gramatikov,[]
496,Mason,[]
497,Chelsea,[]
498,Yegana Abbaszade,[]
499,Beth,[]
500,Alliebear,[]
501,Jenny,[]
502,Yasmine mostafa,[]
503,Jeff,[]
504,Rosa Ramôa,[]
505,John Kitcher,[]
506,Paul Bartusiak,[]
507,Nasse,[]
508,Bob Hartley,[]
509,Denise DeSio,[]
510,Panagiotis,[]
511,Jesse,"[classics, fiction]"
512,علی,[novels]
513,Eadie,"[eadie-s-1001-books-to-read-challeng, 1001-books-to-read-challenge]"
514,Sikata,[]
515,Josh,[]
516,Delicious Strawberry,[]
517,Edward,[literature]
518,Virginia Baker,"[fiction, translated]"
519,Reddleman,"[english, novel, 1001-books]"
520,Monica,[]
521,Hamed ,[novel]
522,Andrew,[]
523,Sonky,[]
524,Andrei,[]
525,nico,[]
526,Andrea,[]
527,Larissa,[not-finished]
528,Mary Kinietz,[]
529,Rıdvan,[]
530,Alex,[]
531,Jennifer Richardson,[]
532,Conor,[read-fiction]
533,Fernando,[favorites]
534,Chris Lee,[]
535,Sergey Bakhtiyarov,[]
536,Cathy,[1001-books-to-read]
537,Jonfaith,[]
538,Diogo,[ethics]
539,Frederiqueeilish,"[german-authors, classics]"
540,Chouche Pharm,[]
541,Jess,[]
542,Kolitude,[]
543,SpaceBear,"[classic-literature, existentialism, fiction, german-literature]"
544,Aron Kerpel-Fronius,[]
545,Emily,[]
