,user,tags
0,Ratatoskr,[]
1,Kilburn Adam,[favourites]
2,Jeff Keehr,[favorites]
3,Jim,[]
4,Gonzalo Villava,[]
5,Harald,[romaner]
6,Dieu-Hoa Nguyen,[]
7,Χρήστος,[]
8,SooYoung,[]
9,Sabine,[2013-read]
10,Yelena Malcolm,[]
11,R. Shurmer,"[great-books, euro-lit]"
12,Leah,[]
13,Egbert Starr,[]
14,Elaine,[classics]
15,Daniel Leverquin,[]
16,Joshua,[favorites]
17,Charlotte,[]
18,Thomas,[literary-fiction]
19,Noah,"[2-5, modernism, read-in-2016]"
20,Nelson Zagalo,"[top_70_general, literature, literary_canon, reler, top_10_fiction]"
21,Stephen Curran,[]
22,Kirsten,[]
23,Kathryn,"[european-literature, favorite-books]"
24,Dan Frey,[]
25,Abby,"[fiction, german-lit, nobel-laureate]"
26,Trisha Owens,[]
27,Marsha,[]
28,Paul,"[novels-of-ideas, serious-fiction, great-novels]"
29,DROPPING OUT,[]
30,André,[]
31,Sander,[]
32,Ami Iida,[]
33,Dolors,"[read-in-2013, read-before-2011]"
34,Andrei Badilla,[]
35,Michael DiLeo,[]
36,Lobstergirl,[fiction]
37,Howard,[world-literature-top-100]
38,Joana,"[classics, read-in-2011, read-in-portuguese]"
39,Ahmad Sharabiani,"[classic, fiction, literature, 1001-book, german, european]"
40,Joseph Weyek,[]
41,Phil James,[]
42,Jane,[]
43,Lucrezia,[]
44,Andrew Walter,[]
45,Janet,[]
46,Manuel Naranjo,[]
47,Alan,[adult-fiction]
48,Federico,[]
49,Nev Percy,"[modern-literature, classics]"
50,Artificialbrain,[]
51,Angela Lewis,"[classic-german-literature-english-t, educated-opinions, friendship, tuberculosis]"
52,Cooper Renner,[]
53,Janek,[]
54,Vizvizi,[]
55,John Pistelli,"[fiction, philosophy, twentieth-century, favorites]"
56,Karl H.,[]
57,Nimbex,[2014]
58,purplechick,[]
59,Sevenfootjew,[]
60,Lachlan,[]
61,Beatrice,[precious]
62,Jennifer,[]
63,Raully,[fiction]
64,Colleen,[]
65,Martin Hernandez,"[european_writers, nobel-winners]"
66,Craig Soffer,[]
67,KT Mcintyre,[]
68,Boris Limpopo,[]
69,Kirk,[]
70,Joerg,[]
71,Victor Zlov,[]
72,Alberto,[]
73,Tom,"[fiction, dutch, germany]"
74,Serrano Nouaille,[]
75,Jen,[2013-2014-afternoon-book-club]
76,aya,[self-help]
77,K.D. Absolutely,"[1001-core, 501]"
78,Mary Siebert,[]
79,Benjamin Farmer,[]
80,Everyman,[]
81,Priya,[german-literature]
82,Ben,[favorites]
83,[Name Redacted],[]
84,Anca,[]
85,Chuck,[]
86,Cosey,[]
87,James Violand,[own]
88,Mark Matthews,"[classics, multiple-editions-owned, translated-to-english, books-originally-in-german, multiple-translations-owned]"
89,Bookaholic,[]
90,Libby,"[year-of-dead-white-male-european-au, summerreading09]"
91,Hal Shanis,[shelfari-favorites]
92,Pierre E. Loignon,[litterature]
93,Gustav Dinsdag,[romans]
94,Jean-Paul Werner Walshaw-Sauter,[fiction-germany]
95,Terence Carlisle,"[1920s, 20th-century, german, modernism, modernist, philosophical-novel, switzerland, thomas-mann]"
96,Amanda Ellison,[book-list-2015]
97,Per Kraulis,[literature]
98,Thomas P,[]
99,Nicole,[]
100,Karel-Willem Delrue,[]
101,Eman Alshareef,"[borrowed, fiction]"
102,Sara,"[glbt, 2009]"
103,Barnaby Thieme,[literature]
104,Xon,[]
105,Mr.,[]
106,Leo Walsh,[]
107,Christine Shan,[cream-of-the-crop]
108,Cymru Roberts,[20th-century-elsewhere]
109,Justin Evans,[fiction]
110,Bunny,[]
111,Sandrine,[]
112,Leah Sosewitz,[]
113,Tinka,"[reviewed-books-new, school-university, read-in-german, stand-alone, classics, paperback-hardcover, 1-star-you-suck]"
114,Kristin Lyon,[]
115,Miranda,[]
116,David Hambling,[]
117,Natalie,[]
118,Nancy Sansone,[]
119,Mahmood666,[]
120,Ryan,"[20th-century-classics, german-literature]"
121,Andrei Turcu,"[classics, exquisite]"
122,Kevin Robin,[]
123,Lisa,"[501-book-list, 1001-books-to-read-before-you-die, novel-100]"
124,Sophie,[favorites]
125,Grigoria,"[favorites, owned]"
126,Mark Sacha,[deutsche]
127,Eric Rocha,[]
128,Thomasvv,[]
129,Dridge,[]
130,Sean,"[un-finished, 20th-century, read-in-2013, german]"
131,Margarita Morris,[classic-fiction]
132,James McLaughlin,[]
133,Pedro Limeira,[favorites]
134,Jan,[]
135,Steven Weinstein,[]
136,Daniel Pecheur,"[favorite-masterpieces, modernism]"
137,Bill Wallace,[]
138,Warwick,"[fiction, switzerland, first-world-war, bildungsroman, graubuenden]"
139,Lance Greenfield,[gave-up-on]
140,Iman,[books-taking-me-forever-to-finish]
141,Crito,[2015-goals-or-anticipated-failure]
142,Alasse,[]
143,Sujith Ravindran,"[philosophy, classics, german]"
144,Tangerine,[]
145,Vitor Marques,[]
146,Miroslaw,[]
147,Helen,[putting-this-aside-for-now]
148,Rafael Montenegro-Fausto,"[ツ-owned_iveread-tenhoeli-mihavas, 1920s-30s, ф-prose_fiction-prosa_ficção]"
149,Kalliope,[]
150,Nabila,[could-not-finish]
151,Bumbierītis,[]
152,Laura  Yan,[]
153,J.M. Hushour,[]
154,Michael,[]
155,Maryanne Southgate,[]
156,Marguerite,[bailed-out]
157,Tatiana,[]
158,Steve Gordon,[]
159,alexis,[20th-century-literature]
160,Marja,[favorites]
161,Kate,[]
162,·Karen·,"[in-german, best-of-2014]"
163,Tayfun SURUCU,[]
164,Willy Schuyesmans,[]
165,Thai Son,"[classics, novels]"
166,Debra,[]
167,Dylan,[]
168,Wendy,"[1001-books, doorstops, classics, in-translation, blooms-western-canon, 2015]"
169,Emily Grelle,[]
170,Ian Nisbet,"[fiction, period, nobel]"
171,Ken,[novels]
172,matt,"[fictions-of-the-big-it, worldly-lit, shattering, shaggy-monsters]"
173,Ruth,[dof-didnotfinish]
174,Aubrey,"[5-star, to-re-read, reviewed, nobel-prize-people, translated, books-are-the-best-invention, german, ever-on, 1-read-on-hand, r-2011, think-twice, r-goodreads]"
175,Vera,"[books-i-own, classics, 2016-reading-challenge]"
176,Maureen,[]
177,Brad Lyerla,[favorites]
178,Soren Sondergaard,[]
179,Manuel Antão,[2009]
180,Esdaile,"[german, my-50-favourite-novels]"
181,Milena,[]
182,Lauren K.,[]
183,Abner Rosenweig,[]
184,Miguel,[]
185,must-have,"[perfect, owned]"
186,Carlos Vazquez,[]
187,Vivi Vocat,[classics]
188,Nino,[classic]
189,Mala,"[classic-ever-enduring-appeal, nobel-prize-winner]"
190,El,"[20th-centurylit-early, wanderlust, 1001-books-list, big-effing-books, library-borrow]"
191,Capn Midnight,"[antisemitism, existential, freemasonry, illuminati, intellectual, jesuits, judaism, opera, time, world-war-1]"
192,Immaneul,[]
193,Breanna Hill,[]
194,Simone,[2016]
195,Leif Kendall,[]
196,Erik,[]
197,Josh Friedlander,"[modernist, mais-o-sont-les-neiges-d-antan, sad-young-literary-men, aesthetes-hedonists-bohemians]"
198,Eric,[]
199,Cherchirish,[]
200,Mariya,[]
201,David Ranney,[top-100-fiction]
202,Hugh,"[favourites, classics, translations]"
203,Carol Baptista,[]
204,Brian,[]
205,Duy,[]
206,Roxann Keating,[]
207,Riet,[]
208,Lucian McMahon,[]
209,Sunny,[german-literature]
210,Luis González,[]
211,Vale,"[german-swiss-literature, favorite]"
212,Ben Loory,[]
213,Ronald Morton,"[german, half-of-1001-books, pre-gr-archival]"
214,Nojavan,[]
215,Ahmed,[]
216,Malinda,[]
217,Maarten,[favorites]
218,Patrick Gibson,[classic-literature]
219,Caracalla,[]
220,Aditya Mallya,[]
221,Edward Jawer,[1001-books-you-must-read-before-you]
222,Catalina,[]
223,Matthew,[]
224,Craig,"[favorites, 1001-books-to-read-before-you-die]"
225,Vit Babenco,[]
226,Rowena,[]
227,Alma Vētra,[]
228,Ovidiu,[]
229,Peter,[]
230,Mazel,[roman]
231,Andrew Wright,[owned]
232,Oliver,[]
233,1.1,[]
234,Richard,[]
235,Ha Doan,[]
236,J.T. Wilson,[]
237,Negative Creep,[]
238,Holly,[classic-lit]
239,Adam Calhoun,[]
240,Selina,"[deutsch, 100_klassiker_der_weltliteratur]"
241,نضال,"[كتب-مهمة, كتب-مميزة, روايات-٢٠١٦]"
242,Cyanide Bunny,[]
243,loobeensky,[]
244,Kim,[fiction-y]
245,RachelSundance,[]
246,Szplug,[]
247,Megha,[reviews]
248,Elizaveta Belugina,[]
249,AJW,"[philosophy, 20th-century-classics]"
250,Pascal Hannerz,[]
251,Duntay,"[1001-books, nobel-winners-bookgroup]"
252,Jessica,[]
253,Lostinanovel,[]
254,Esther Mateo,[]
255,Alex Onôv,[]
256,Mario Grella,[]
257,Emilian Kasemi,"[favorites, heavyweights, inspiring, ne-plus-ultra, mitteleuropa]"
258,Juliet,[]
259,Roger Feitor,[]
260,Matt,"[media-ebooks, eyes-on-the-prize, awing, mannomann, germany-emporer-ww1, rez-auf-deutsch]"
261,Ian,[]
262,Charles Kerns,[20th-century]
263,Barry,[fiction-20th-century]
264,وليد الشايجي,[]
265,Stephen,[]
266,Anne,[]
267,Jeruen,[]
268,D.S. West,[]
269,Fred,[]
270,David M,[]
271,Jill,[]
272,BrokenTune,[reviewed]
273,Dirk Buken,[]
274,Megan Baxter,[]
275,Thomas Glahn,[overige-talen]
276,Sébastien Wielgoss,[]
277,Kris McCracken,[]
278,Alex Labant,[]
279,Jackie,[]
280,Cristobal,[]
281,Yazeed Bader,[]
282,Iñaki Tofiño,[]
283,Czarny Pies,[german-lit]
284,Amit,"[classic, german]"
285,Hakon,[]
286,Clarke Owens,[]
287,Scuppers,[]
288,Geoff,"[favorites, infinite-books]"
289,Benjamin Kahn,[]
290,Pedro Ferreira,[]
291,Brent,[]
292,Laceyhas,[]
293,Fátima,[]
294,Jed L,[]
295,Debbie,[100-most-influential]
296,Debora Steele,[]
297,John,[]
298,Lindsay Haber,[]
299,Anna Ball,[]
300,Hamish,"[re-read-lit, lit]"
301,Filip Klaučo,[]
302,Sheri-lee,[]
303,Jonas,[]
304,Justin,[]
305,Micha,[]
306,janet,"[favorites, books-given-or-loaned-to-me]"
307,Piperitapitta,[]
308,Luanne Castle,[fiction]
309,Omksavant,[]
310,Nick Klagge,[]
311,Johnathan Yao,[]
312,Elise,[]
313,Sheyda Heydari Shovir,[unfinished]
314,Erick Flaig,[top-100]
315,Denis Materna,[]
316,Matthew Allison,[]
317,Steve,[]
318,Steffi Jochim,[]
319,Fionnuala,"[mann-and-related, translated-from-german, treasured-reading-experience, metamorphosis]"
320,Lawyer,"[world-war-one, death, sexuality, 20th-century, war, humanism, freedom, dark-humor, irony, human-behavior, group-read, 2013, the-thomas-mann-group, sickness, time-as-theme, temptation, bacchanlia, german-folklore-and-fairy-tales, absolutism, bildungsroman]"
321,Susan Laddon,[]
322,Alejandra,[]
323,David Van acker,[]
324,poingu,"[favorites-of-all-time, books-i-ve-read-at-least-twice, magnificent-translations, favorite-book-i-read-this-year, germany, europe, male-identified-authors, original-language]"
325,Jeremy,[]
326,Bill Guinee,[]
327,☽ Moon Rose ☯ ,"[kindle, purchased-from-amazon, reading-on-kindle, fiction, 2016-shelf]"
328,Mehdi Ash,[]
329,Nina1982,[]
330,Cher Staite,[]
331,Tuomas,[german-classics]
332,Aaron Meyer,[fiction]
333,Souri,[]
334,Nicolas  Vargas,[]
335,Caitlin,[]
336,Pietro,[]
337,Viktoria,"[classics, 2012]"
338,Khải Đơn,[]
339,Garrett Dunnington,[wishlist]
340,Lynne-marie,[]
341,Elena Druță,[]
342,Razi,[]
343,Baudolino,"[2013, romana]"
344,Donna,"[classic-books, 1001-books, germany, nobel-prize, switzerland]"
345,Jason,"[dead-tree-edition, reviewed, 2013, groupthink]"
346,Adrik,[]
347,Barbara,[]
348,David Kleppe,[]
349,Ana,[]
350,Bleak Mouse,[]
351,Ann,[2014]
352,Rachel,[modern-classics]
353,Ani,[]
354,Anna-Maija Tähkävuori,"[luettu, filosofia, ulkom-klassikot, eurooppalainen-kirjallisuus, suosikit]"
355,Lucian Mihai,[]
356,Ignacio,[]
357,Timothy Dymond,[]
358,Arianna Suduc,[]
359,robxyz,"[finished, jan, on, 2012, 31]"
360,Pewterbreath,[]
361,Edwarda,[]
362,Dirk Vedder,[]
363,Laura,[]
364,Becky,[]
365,Carol Harrison,[]
366,Alfonso Ayón,[]
367,Christy,[]
368,Frederik,[]
369,Kaisa,[]
370,Danny,[]
371,Karen Mead,"[stuff-i-read-to-feel-intelligent, needs-to-be-edited-with-an-axe]"
372,Geraldine,[couldn-t-finish]
373,Francesco,[]
374,Margaret Guss,[]
375,Terry Earley,[]
376,Greg,[]
377,Nancy,[]
378,Richard C.,[]
379,Anesa,[]
380,Ffiamma,[germanica]
381,Dolmar,[alemania]
382,Jim Smith,[]
383,Julie,"[classics, 1001-books-to-read-before-you-die]"
384,Julia,[2014]
385,Chris Duval,[lit-modern-europe]
386,eleonora - ,[2015]
387,Ian Vinogradus,"[reviews, reviews-5-stars, mann, read-2013]"
388,Max,[european-fiction]
389,Levon,[]
390,Lotz,"[highly-recommended-favorites, novels-novellas-short-stories]"
391,Andrew,[one-book-per-week-08-09]
392,Armin,[]
393,Daniel,[]
394,Razvan Zamfirescu,"[in-biblioteca, literatura-universala, nobel-pentru-literatura, favorite, must-read-in-a-lifetime, to-re-re-re-read]"
395,Diannemason,[]
396,Hadrian,"[german, fiction, favorites]"
397,Stavros,[hall-of-fame]
398,Bob Peru,[]
399,Leonard,[literature-german]
400,Margaret,[]
401,Cardoso84,[]
402,T.D. Whittle,[reviews]
403,Christopher,[]
404,Nathan Rodeberg,"[own, top-100]"
405,Nick Black,[read-multiple-times]
406,Luís Blue Coltrane,"[2013, on-my-own, g-philosophy, le-monde-s-100-books, more-than-500, germany-austria-czech]"
407,Roberta,"[2007, classici, mitteleuropea]"
408,Gaby,[]
409,James,[]
410,sleeps9hours,[]
411,Susan Messer,[]
412,Mateus Pereira,[]
413,Avd.Reader,"[20th-century, classic, german, literature, 20th, century]"
414,Nina M.,[]
415,Erjon 7,"[memorable, favorites]"
416,Nick,[]
417,Richard Epstein,[]
418,Lauragais,[fiction]
419,blushenka,"[timeless, worth-re-reading]"
420,Thebluecat,[literature]
421,Sue,"[classics, germany, literature, read-2013]"
422,Michael Austin,[read-in-2013]
423,London Literary,[]
424,Anda,[]
425,Ian Zimmerman,[]
426,Mark,[]
427,martinjost.eu,"[pendelb-cher, tausendseiter]"
428,Lee Lacy,[]
429,Mary,[]
430,Kailey,[didn-t-finish]
431,Lea,[]
432,Mike,[]
433,Samrat Ashok,[]
434,Lee,[]
435,Purdeyblackcat,[read-in-2016]
436,Frank,[]
437,Stephen Durrant,[]
438,Annabelle,[]
439,Kayla,[]
440,Dave,"[library-book, read-in-2014]"
441,Chris,[]
442,Keith,"[5-star-reading, fiction, ebooks, in-translation, 2013]"
443,Dale Muckerman,[]
444,Bryant,[]
445,Sue Pit,[german]
446,Vold Kira,[]
447,Feliks,"[favorites, international]"
448,Álvaro,[]
449,Gerrit,[]
450,David,[literature]
451,Corey,[literary-classics]
452,Nirmala Vasigaren,[]
453,Jimmy,"[germany, novel, male, and-a-half-stars, year-1920s]"
454,Ron,[]
455,Rob,[]
456,Meagan,"[read-for-school, books-i-own]"
457,Tristan Burke,[]
458,Konrad,[]
459,Simon,[disappointed-first-read]
460,Andrei Tamaş,[favorites]
461,Lynne King,"[classics, germany, own-book]"
462,Felipe Miranda,[]
463,Aaron,[]
464,Carita,"[favorites, 2013]"
465,Martha,[]
466,[P],[bitchin]
467,Elisabeth Schinagl,[]
468,Amy,[]
469,Faedyl,[]
470,Michael Clement,[classics]
471,Ipsith,[favorites]
472,Elena,[]
473,Stephen Paul,[]
474,Spilloz,[narrativa]
475,Julian Meynell,"[20th-century, reviewed, german]"
476,Stfrnz,[]
477,Mercè Pujadas,[]
478,Marilyn Moreau,[german-literature]
479,Diane Barnes,[]
480,Rich Jurnack,[]
481,Scott Cox,"[european-literature, fiction, nobel-prize, favorites, literature]"
482,Teodora,[]
483,Melusine Parry,"[a-favourite-book, german-literature, classic, fiction, nobel-prize, favorite, philosophy]"
484,Bill Homan,[]
485,Jacob Russell,[]
486,Jeff,[]
487,Diana,[gave-up]
488,Ted,"[lit-german, multiple-reads, classics, boat-of-a-million-years]"
489,Maximilian Schwarz,[]
490,Beka Sukhitashvili,[german]
491,Maura Rafelt,[]
492,Erika,[]
493,Bill Bruno,[]
494,Kurtbg,[fiction]
495,Praveen,"[classics, nobel-literature]"
496,Stenwjohnson,[]
497,McKenzie,[20th-c-lit]
498,Ginny,[]
499,Ailee Feber,[almost-fantasy]
500,Adam Dalva,[]
501,Francisco,"[clasicos, novela, alemanes]"
502,Lai,[book-club]
503,Lubov,[]
504,Tasha,"[1001-books-to-read-before-you-die, nobel-prize-winners]"
505,Núria,[mios]
506,Samadrita,"[nobel-laureates, timeless-classics, humour-of-the-dignified-kind, european-literature, 1001-and-more, adoration, germany, behemoth, group-reads]"
507,Chridman,[]
508,Mag,"[germany, literature]"
509,Nicole G.,"[0-atw, 2015, german-literature]"
510,Andrea,[]
511,John Wiswell,[]
512,Larissa,[]
513,Laginestra,"[l, germanica]"
514,Alex,"[favorite-reviews, to-read-next, rth-lifetime, 2015]"
515,BΞN,[]
516,Andrii Mironchenko,[classical-literature]
517,Freja,[]
518,Krzysztof Chodkowski,[]
519,Jan-Maat,"[novel, 20th-century, read-in-translation, germany]"
520,Ruth Sierra,"[es-una-de-los-libros-màs-agradables, no-es-compleja, pero-sì-con-muchas-reflexiones-el-u, como-dirìa-el-autor-pocos-personaje, y-algo-que-me-encanta, apela-al-lector-de-verdad-lo-recomi, is-a-excelente-book-i-m-happy-for-t]"
521,Al,[]
522,Ioana,[]
523,Podiceps,[]
524,Mokrani-Mouna,[]
525,Cristina,[books-read]
526,Emily,[german-lit]
