,user,tags
0,Oscar Calva,[ebooks]
1,Krisette Spangler,[classics]
2,Alex Miller,[]
3,Winter,"[2015-read, 1001-books-you-must-read-before-you]"
4,احمد فضيل,[أدب-العمالقة]
5,Jim,"[novels, author-african, first-novels, 20th-century, read-in-2015]"
6,Matt,[]
7,Kushal Srivastava,[]
8,Stacey (wanderlustforwords67),[]
9,Bailey,[]
10,Drahmed55,[books-2015]
11,Subbu,[]
12,Liadan,[favorites]
13,أَحْمَد,[]
14,Marvin,[]
15,Dan,[]
16,Casey,"[the-serious-lit, dear-ones, all-around-the-world, 1001-books]"
17,Chinelo,"[rainy-days, african-literature]"
18,Krishna Sruthi Srivalsan,[]
19,LMN,[]
20,Meghan Schuyler,[]
21,Zadignose,[20th-century]
22,Sephiran Belial,[]
23,Liya,[]
24,Osama Ibrahim,[]
25,Tariq Alferis,[]
26,Connie,"[historical-fiction, classic, africa, book-club, 1001-books, winter-2013-14, nigeria, nobel-prize-author]"
27,Qassas,[]
28,Elaina,[]
29,(;Missy.Lala;),"[books-with-reviews, school]"
30,Laurie,"[historical-fiction, fiction, race-racism, classism, classics, families]"
31,Kelly Marianne,"[2015, lido-en-español]"
32,J.G. Keely,"[contemporary-fiction, novel, reviewed, africa]"
33,Bookworm Sean,"[4-star-reads, modern-lit]"
34,Thomas,[things-fall-apart]
35,Kendall Smith,[]
36,Katie Griffin,[]
37,Rachel Hirstwood,[]
38,Toby,[]
39,Tad,[]
40,Robert Beveridge,"[finished, owned-and-gave-away]"
41,Murat,[]
42,Fiona,[]
43,Paul,[african-novels]
44,Suzanne,[things-fall-apart]
45,Kevin,[own-books]
46,Zac T.,[]
47,Noor Hanis,"[borrowed-from-library, malay-books]"
48,Geek Lee,[]
49,Ahmad Sharabiani,"[historical, fiction, literature, 1001-book, african]"
50,Mesa Ribordy,[]
51,Jane,[]
52,Sookie,"[2015, novella]"
53,richard,[]
54,Grace Mc Gowan,[]
55,Kristin,"[fiction, bookclub]"
56,Olivia,[]
57,Linda Howe Steiger,[]
58,Kelsey Hanson,[fiction]
59,Lina,"[english-edition, your-buttocks-love-this, my-buttocks-agree]"
60,Emma,[]
61,Gadi,[]
62,Lala Kebadirang,[]
63,Mohammed,[]
64,Krista the Krazy Kataloguer,"[read-adult-fiction, read-classics]"
65,Arun,"[favorites, historic-fiction]"
66,Stephanie,[]
67,Alyssa,[]
68,Malak Alrashed,[]
69,Lagullande,"[finished-in-2015, 2016-africa, 2016-group-reads]"
70,Anwaar,"[mythology, grandparents]"
71,Melissa (ladybug),"[1001-adult, 50-books-lists, fiction, all-time-100-novels, radcliffes-best-novels, yearly-challenge, series]"
72,Sarah Shelton,[]
73,Qais,[favorites]
74,Ginger,[left-me-thinking]
75,Jennifer,[]
76,Jared,[]
77,Aimen,[]
78,Devin,[]
79,Chelsea Mcgill,[]
80,April Helms,"[fiction, multicultural, classic]"
81,Robert,[]
82,Stephanie Tan,[]
83,صفوق الدوغان,[]
84,Ann Al-Bahish,[around-the-world-in-52-books]
85,Karen Mardahl,[]
86,Jen,"[1001, 1001-challenge]"
87,Raya Al-Raddadi,[]
88,Rebecka,"[read_in_english, postcolonial-literature, africa]"
89,Robby O,[]
90,K.D. Absolutely,[]
91,Theresa Leone Davidson,[]
92,Clif Hostetler,[novel]
93,Brandon,[]
94,Ebtihal Abuali,[africa]
95,Christina,"[park-ridge-book-club, classics]"
96,Ben,"[favorites, college, adulthood, re-read]"
97,Jake Victrum,[]
98,Christine,[ah-memories]
99,أسيل,[]
100,Chuck,[]
101,Roger,[]
102,Kira Simion,[]
103,زهراء الموسوي,[]
104,Ruby Chung,[]
105,Amanda Patterson,[books-i-remember]
106,Ahmedragab,[]
107,طاهر الزهراني,[]
108,Nicole,"[1001-list-books, audible, historical, africa, 2016]"
109,Chakib Bahbaz,[]
110,Ved Gupta,"[favorites, africa]"
111,Renate,"[fiction, historical-fiction, africa, literature, bookclub]"
112,Jarred Viola,[]
113,Brian,[read-2008]
114,Ulia,"[classics, fiction]"
115,Douglas  ,[]
116,Palak,[]
117,Avispon,[]
118,Shonna Froebel,"[classic-fiction, historical-fiction]"
119,pani Katarzyna,"[own-it, african, 2016]"
120,Molly,[]
121, Imene,[انقليزي]
122,Kennedy Ifeh,[]
123,Ahmed Oraby,[]
124,Nasia,[readathon16]
125,Kay,"[world-lit, africa, fiction]"
126,Curtis Ackie,[]
127,Mohammad,[]
128,Nathan,[novels]
129,Mariam,[]
130,Heath Kennedy,[]
131,Ryan,[]
132,Tehya,[]
133,Hermione,"[historical, academic-classic, better-than-expected]"
134,Marty Ross,"[history, fiction, classic]"
135,Jocelyn Lee,[]
136,Tom Lombardo,[]
137,Lisa,"[times-100-greatest-novels, guardian-1000, new-1001-before-you-die, 2013, social-commentary, been-around-the-world-and-i-i-i, family-business]"
138,Esther Adegoke,[]
139,Issy Britton,[]
140,Faller Clementine,"[books-with-merit, classics]"
141,Leslie,"[social-commentary, guardian-1000, african, around-the-world]"
142,Adam Woolsey,[eng408]
143,Polytimi,[african-literature]
144,Ab2y ,[]
145,Mahmoud Abu Adi,[]
146,Dorothea,[]
147,Nicholas Neu,[]
148,Nikki,[classics]
149,Melodie M,[]
150,Hoda Elsayed,"[أدب-مترجم, قراءات-عام-2015]"
151,Skylar Burris,[classics]
152,C. Derick,[]
153,طَيْف,[]
154,Nichole,[]
155,Kristy Miller,[]
156,Samir Nammoor,[]
157,Kelsey,[]
158,Drew,[]
159,Darwin8u,"[2012, 1001-ante-mortem]"
160,Jesse Field,[]
161,Ghina,[]
162,Nabz28,[]
163,Bethany Fair,[]
164,Jackie Deleon,[]
165,Michael,[general-fiction]
166,Kyle,[]
167,Cat,[]
168,Gwen,"[literary-spinach, favorites, 1000-book-challenge, must-read-more]"
169,Adam,[history]
170,melmarian,"[1001-books, cultural, reread-in-english]"
171,RaZ,[]
172,San,"[fiction, classics]"
173,Liza Miller,[]
174,Khalid,[already-read]
175,Bernadette,[]
176,Ntollett,[]
177,Sarah ~,"[favorites, classic, ebook, 2015]"
178,Markus Molina,[]
179,Carly,"[2009, 1001-must-read-books]"
180,Aliaa Mohamed,[2015]
181,A,"[favorites, life-and-death, history, religion-and-mythology, socio-political-commentary, classic, africa]"
182,Dr. Lloyd E. Campbell,[]
183,Deborah,[]
184,Kee Saitama,"[classic-contemporary, my-reviews, book-diet-2015-2016]"
185,Sonja Arlow,"[africa-themed, creepy, historical-fiction]"
186,Elizabeth,[]
187,Darkowaa,[]
188,Nella,[school-made-me-read-it]
189,Benjamin Epstein,[]
190,William,[summer-2013]
191,hayden,[]
192,Hannah Grippo,[]
193,Joe,[]
194,Jon,[]
195,Judy,[]
196,erinbobarin94,[]
197,Aliya Kassam,[]
198,El,"[20th-centurylit-late, 1001-books-list]"
199,Darya Conmigo,"[africa, 1950-60s, 2011]"
200,Maryam ElHawary,[]
201,Yorkshiresoul,[]
202,Erin,[adultfiction]
203,Shane,[]
204,Fahad,"[fiction, favorites]"
205,Gita Madhu,[africa]
206,Mr. Brammer,[]
207,rachel,"[nice-cover, 2011, africa, black-lit]"
208,Kelly,[]
209,محمد سيد رشوان,[ورقى]
210,Krystal,[]
211,Alex Kirshner,[]
212,Tim Otting,[]
213,Jelinas,[]
214,Meghan,[]
215,Fran,[]
216,Aric Cushing,[]
217,Greg Z,[reviewed]
218,Ahmed,[]
219,Pedro Cabiya,"[novel, colonial]"
220,Leajk,"[africa, suggestions, colonialism]"
221,Paola,[2013]
222,Maram Alawad,[]
223,Raghad Jafar,[]
224,Robert S,[]
225,Timothy Taylor,[]
226,Kurt,"[fiction, classics, historical-fiction]"
227,tysephine,"[classics, fiction]"
228,Hannah Norris,[]
229,Isra'a,"[توصيات, 2015]"
230,Teresa,"[n-nigeria, l-1001bymrbyd]"
231,Eric Simmons,[]
232,Chris brown,[]
233,Lauren Ciccarelli,[]
234,kaelan,[]
235,Peter,[]
236,Madeline,"[the-list, assigned-reading, ugh]"
237,Mary Havens,[]
238,Bethlehem Seifu,[]
239,Richard,"[favorites, 2012]"
240,Marcos,[]
241,راضي النماصي,[]
242,Claudia-Il giro del mondo attraverso i libri,[letteratura-nigeriana]
243,Archana Sivassubramanian,[2016]
244,Amerynth,"[1001-books, fiction, africa, religion, read-2014, nigeria]"
245,Obote O.clause,[]
246,Cheryl,"[world-lit, fiction, africa, literature, nigeria]"
247,Marwa الإتربي,[]
248,Glenn Stephens,[]
249,Liz BooksandStuff,[favourites]
250,Thea,"[owned, black-literature]"
251,İsmail Avcu,[favorites]
252,الخنساء,[للمطارات-ورحلات-الطيران]
253,Mohamed Salem EL HINANI,[]
254,Amy Hengst,[]
255,Langdon Drewett,[]
256,eman,"[أعشقها, روايات]"
257,زهرة منصور,[]
258,David Bennatan,"[guardian-100, fiction, africa]"
259,Karla Pennetta,[]
260,Arathi Mohan,[]
261,Kelly O'Dowd ,"[fiction, male-author, library, nigerian]"
262,Cristobo De,[]
263,Radiah,[]
264,Herdis Marie,"[classics, nigerian]"
265,marie,[]
266,Roberto Aponte,[]
267,Rosie Arteaga,[books-i-have-to-read-for-school]
268,Zee,"[1001challenge, contemporary, booksread2010, african]"
269,Barroca,[autores-africanos]
270,Kathy Manus,[]
271,Audrey,"[favorites, best-books-ever, good-writing, type-other]"
272,Matt Kelly,[]
273,Amelmag,[kenya-reading]
274,Chrissie,"[hf, nigeria, audible, series, classics, 2015-read]"
275,Tara,[]
276,Anna C,[]
277,Mohamed Ateaa,"[owned, reviews]"
278,حسن عدس,[]
279,Stephen,[]
280,Anne,[]
281,Zainab Mahdi,[]
282,Anna,[]
283,Tess,[]
284,Kathy,[all-time_100_novels]
285,Dini Azmi,[]
286,Chelsea,[for-class]
287,Chaitra,"[read-before-2012, 1001-books, literary-fiction, religion, missionaries, christianity, african-literature]"
288,Sherif Metwaly,[أدب-مترجم]
289,Black&white,[]
290,Adil,[10th-grade-advisory]
291,Michelle,[]
292,Khaled Eider,[أدب-عالمي]
293,H,[]
294,Brittany,"[classics, historical-fiction, reviews, would-not-read-again, spiritual, fiction, 2015-challenge]"
295,Dalia Abdullah,[]
296,Jesseehenthorn,[]
297,Kelly McCloskey-Romero,[]
298,Adriana,[]
299,Aaron Wolfson,"[fiction, own, exile, africa, imperialism]"
300,Dioni (Bookie Mee),"[1001-books, guardian-1000-novels]"
301,dianne,"[other-subsaharan-africa, around-da-world, mandatory-reads-in-a-perfect-world]"
302,987643467881,[literature-african]
303,Hossain Salahuddin,[philosophical-fiction]
304,Tocotin,"[historical-fiction, used-books, my-own-books, contemporary-literature, africa]"
305,Enas,[روايات-افريقية]
306,Quo,[]
307,Carlee,[]
308,Trupti Dorge,[i-own]
309,Max Hammerberg,[]
310,Laurel Hicks,"[audible, 0-kindle, books-read-in-2013]"
311,Chloe Forgie-williams,[]
312,Book Concierge,"[concierge, library, tragedy, nature, social-commentary, culture, africa, audio]"
313,Annette Mackey,[]
314,Pete Marchetto,[]
315,lisa_emily,[2014-read]
316,ALEXH,[]
317,Pa,[]
318,Yahya,[]
319,Sydney,[]
320,Scott Hayden,[cross-cultural]
321,Deyanne,[african-literature]
322,Rowena,[african-lit]
323,Tatjana,[fiction-general]
324,Terri,[africa]
325,Josh Bauder,[]
326,Pam Learned,[audible-read]
327,Justin Limardo,[]
328,Ilse Nicole,[]
329,Colin McKay Miller,[novels]
330,Barbarac,"[africa, atw13]"
331,Davin O'regan,[]
332,Heba TariQ,"[مكتبتى, حلويات, تراجم, قراءة_مواصلات]"
333,Lindsey,[]
334,Athol-mary,[geelong-lib-book-kit]
335,Brady Tolan,[]
336,Iman  Al_kindia,[]
337,Barry Pierce,"[20th-century, read-in-2014]"
338,Craig Fiebig,[]
339,Brigid Keely,"[fiction, historical-fiction]"
340,Yavuz PALA,[]
341,Coffee Bean ,"[ebooks, oriental-and-african, borrowed, part-of-a-group, series-part-of-a]"
342,Madhurabharatula Pranav Rohit Kasinath,[african-literature]
343,Jim B,[]
344,Laura,"[classics, historical-fiction]"
345,Karen,[]
346,Ben Babcock,"[historical-fiction, owned, postcolonial, 2014-read]"
347,Paul Bowler,[]
348,David Lentz,[]
349,Lola Allen,[]
350,Zane,[]
351,Moe Ellis,[]
352,Tonya,[]
353,Milica,"[books-i-own, 2014, african-lit]"
354,Sincerae,"[reading-again, african-literature, african-history, african-writers-series]"
355,a k u a ✿,[my-teen-years]
356,MacK,"[favorites, world-lit]"
357,Ahmad Al-eskafi,[روايات]
358,Rick Rider,[]
359,Amanda,[]
360,Catherine Banner,[]
361,Beth,"[classics, historical]"
362,Arnab Das,[]
363,Flora,"[historical-fiction, africa, on-kindle, serious-lit]"
364,Savannah Harriott,[]
365,Phil,"[bt-book-club, fiction, library-loan]"
366,Angela,[]
367,Jason,[]
368,Barbara,"[around-the-world, audiobooks, on-my-shelves, library-book, 2015-reads]"
369,Heba Fikry,[]
370,Cf,[]
371,Paul Gaya Ochieng Simeon Juma,[]
372,J Beckett,[]
373,Anas Abu Samhan,"[my-pdf-library, novels, sociology, world-literature, my-favorites, recommended-by-alaa, 2015list, postcolonial-literature]"
374,Brett Young,[]
375,James Zhan,[]
376,Sanaa Shaltout,[]
377,هشام العبيلي,[]
378,David Sarkies,[modernist]
379,Mckinley,"[historical-fiction, must-read, multiculture, novel, africa]"
380,Isaac Hamlet,[]
381,Nandan Dubey,"[must-read, classic, literature, favorite]"
382,Becky,[classics]
383,Lela,[books-read-for-school]
384,Thalia,"[e-ufh, lmyccelc, daync-fana-crat]"
385,Kartik Sharma,[]
386,Sofia Theos,"[crafted-gold-gifted-from-the-gods, favorites, thought-provoking, must-own, characters-i-hate]"
387,James,"[college, african-lit]"
388,Chin,[advisory-10-2007-2008]
389,Andrea (Catsos Person) is a Compulsive eBook Hoarder ,"[classic-literature, z2015-reads]"
390,hope mohammed,[]
391,Bucket,"[reviewed, 1001-read-all-editions, history, classic, diversity, religion, culture, life-and-death, race]"
392,Reid,[]
393,Morris,[]
394,Greg,[]
395,Nancy,"[2013-read, mr-lit-2013, africa]"
396,Shanae,"[male-writers, books-about-men, favorites]"
397,Shaikha Alkhaldi,[read-2015]
398,Lisa (Harmonybites),"[classics, literary-fiction, historical-fiction, popular-fiction, fiction, novels, 2012-around-the-world, ebooks, before-i-die]"
399,Manno,"[classics, own]"
400,Julie,"[classics, would-recommend, audiobook, reading-bingo-2016, read-in-2016, author-male, bechdel-test-fail]"
401,Anna Pravdica,"[favorites, will-reread, mixed-feelings, classics, historical-fiction]"
402,Linda ,"[read-2015, adult-2015, young-adult-2015, multi-cultural-2015]"
403,Trisha,[ultimate-teen-books]
404,Gorfo,"[historical-fiction, classic, where-did-my-face-go, black-gold]"
405,Sarah,[]
406,Lotz,[novels-novellas-short-stories]
407,Ptreick,[books-i-ve-taught]
408,Daniel,[]
409,Razvan Zamfirescu,"[literatura-universala, nobel-pentru-literatura, favorite, must-read-in-a-lifetime, to-re-re-re-read, literatura-africana]"
410,Oscar,"[sexiest-book-covers, school-made-me-read-it]"
411,Madhulika Liddle,[]
412,Santiago L. Moreno,[]
413,Nidhi Singh,"[africa, 2015]"
414,Christopher,[on-temporary-hiatus]
415,Mohammed Yusuf,[]
416,Philip,"[classics, jordabecker-book-club, possible-ss-7th-grade, favorites, jordabecker-philip]"
417,Bethan,[regular-fiction]
418,Sarah Anne,"[classics, author-male]"
419,Amir Mojiry,[]
420,Kim,"[classics, historical-fiction, favorites]"
421,Kirsty Potter,[uni]
422,Fhd,[]
423,Carol Storm,[]
424,Carrie,[]
425,Nour Al-Ali,[political]
426,Swankivy,[]
427,Sam,[]
428,Emad Alamoudi,[]
429,Ann Bjerregaard,[]
430,Erin Underwood,[]
431,snackywombat (v.m.),[]
432,Mark,"[bookclub-reads, books-to-unsettle, good-grief-of-course-i-must-have-r]"
433,Eldonfoil TH*E Whatever Champion,[sub-sahara-african]
434,Jendella,[african-literature]
435,Ellen,[favorites]
436,عهود العامرية,[]
437,Praj,[]
438,Sakshi,"[fiction, classics, anthropology, 2016]"
439,Ashley Wang,[]
440,Mike,"[realistic-fiction, classics, worst-of-the-year, z2015-debut-challenge]"
441,Dalia,[2015]
442,Shovelmonkey1,"[1001-books, bookcrossing-books, read-in-2011, africa]"
443,Len,[]
444,Gehna,"[buddy-reads, my-reviews, golden-classics, finished-brunch-book-challenge-2015]"
445,Chris,"[classicsilove, books-i-teach-or-have-taught]"
446,Chris Gager,[]
447,Antonia,[]
448,Saoirse,[1001-books-before-you-die]
449,Flesheating D-Ray,[]
450,Homeschoolmama,[]
451,David,[]
452,Sipho,[]
453,Saul Glist,[]
454,Lyndi Dather,[]
455,Sarah Guinee,[]
456,Fatin,"[reviewed, owned, needs-a-trigger-warning, read-this-you-will-thank-me]"
457,Mohamed Safwat,[]
458,Elise Miller,[]
459,Roy,[africa]
460,Mostafa,[آسیا-و-آفریقا]
461,Li Seagull,"[reviewed, classics, meh, wtf, own-hardcopy, historical-fiction, diversify-your-shelves]"
462,Persephone,[]
463,Jo Highton,[]
464,محمد المغازي,[]
465,Katie,"[pre-2013, africana]"
466,Cindy,"[fiction, 1001-books, own, historical-fiction]"
467,Harry Connolly,[]
468,Krista,"[africa, classics, 2015]"
469,Jeanie Phillips,[]
470,Ada,[5-stars]
471,ياسمين خليفة,[]
472,Courtney Umlauf,"[20th-century, classics-bingo-challenge-2016, read-in-2016]"
473,Robert Fischer,[fiction]
474,Ryan Charles,[]
475,Eli M,[]
476,Amy,"[yal, read-in-local-ms-hs]"
477,M.L. Rudolph,[]
478,Amr,"[owned-books, روايات-مترجمة]"
479,jana,[read_2013]
480,Sabrina,[]
481,Julie Reinhart,[]
482,Nagm Alkamali,[روايات]
483,Bubesh Kumar,[]
484,Lissa,[]
485,رباب كساب,[]
486,Nithesh Satish,"[favorites, owned]"
487,Jean,[]
488,Z,[2011]
489,Austin,[]
490,Anita Pomerantz,[1001-books-challenge]
491,مريم ماهر,[]
492,Thepocobookreader,"[post-colonial-lit, my-must-reads]"
493,Diana,[favorites]
494,Malcolm Everett,[reviewed]
495,Diane,"[africa, colonialism]"
496,Ibrahim Jabarin إبراهيم جبارين,[2014]
497,Babydoll,[]
498,Kai Patterson,[]
499,Thinn Thinn,[]
500,Michael ,[]
501,Rana Heshmati,"[دارمشان, رمان]"
502,Eldan Goldenberg,[]
503,David Santiago,[assigned-reading]
504,Linda,"[historical-fiction, africa, political, audio]"
505,Debbie,[]
506,Azzageddi,"[20th-century, nigerian]"
507,Nada Elfeituri,[short-stories]
508,Mukikamu,[]
509,Andrew,"[audio-book, mystery-africa]"
510,booklady,"[2008, classic, literature, historical-fiction, adventure, fiction, worth-reading-over-and-over]"
511,Renz Homer Cerillo,"[classics, favorite, historical-fiction, african-stories]"
512,Will Saunders,[]
513,☯Emily ,"[imperialist-literature, african-author]"
514,Nicole G.,"[book-club, 2015]"
515,Maria,[2015]
516,Nicholas Michael,[]
517,Madi Echelman,[]
518,Alex,[]
519,Will Byrnes,[]
520,Timmy Solimine,[]
521,Sheryl Mallory-Johnson,[]
522,WARDA  AS' SAEEDI ,[]
523,Melaslithos,[africa]
524,Sera,"[literary-fiction, library, audio, series, 1001-books]"
525,Cathy,[]
526,Mustafa Hamdy,[]
527,Duaa,[novels]
528,Sarah Cullen,[]
529,Charles,"[favourites, classics, tragedy, african-literature, postcolonial]"
530,Elena (Gone Bookserk),[]
531,Ebtihal,[]
532,Darth J ,[better-than-i-thought-it-would-be]
533,Eman,[]
534,Emily,"[audible-sale, on-the-messy-business-of-god, unlikable-main-character, family-matters]"
