,user,tags
0,Tatyana Naumova,[]
1,Leah,"[my-library, 2016]"
2,Jim,[]
3,Jessica W,[]
4,Felix Zilich,[]
5,Lesle,"[woolf, read-in-2016]"
6,Darin Bradley,[]
7,J. Schlenker,[]
8,Ciara Madigan,[]
9,Sara Steger,[kindle-purchase]
10,M.B. Vigo,[]
11,Monique,"[classics, fiction, 2014]"
12,Tom Weaver,[]
13,João Fernandes,[]
14,Meriam Kharbat,[favorites]
15,Shirley,[read-in-2014]
16,Giuls,[]
17,Divya Kesaraju,[]
18,Manoj Venkat,[]
19,Angus,"[book-club, read-novels, 2014, radcliffes-rival-100, all-time-100-novels, 2011, blogged, lss-2014, modern-library-100, novel-125, reread]"
20,Ritwik,[]
21,Fabrice Conchon,[]
22,Noha,[]
23,Seraphina,[2015-reads]
24,Laurie,[]
25,Thomas,"[lit-outside-of-school, own-electronic]"
26,Lewis Weinstein,[fiction-general]
27,Nelson Zagalo,[literary_canon]
28,Poet Gentleness,[]
29,Paul,"[book-vipers-monthly-read, books-read-2015]"
30,George,[2015-read]
31,Tatiana,"[classics, abandoned, 1001]"
32,Dolors,"[read-in-2013, best-ever]"
33,Sarah (Presto agitato),"[bloomsbury-etc, favorite-books]"
34,Syahira Sharif,"[literary-fiction, fiction-of-relationship]"
35,Cecily,[miscellaneous-fiction]
36,tee,[i-own]
37,Eve Kay,[must-re-read]
38,Resonating ,[]
39,Ingeborg (Ivy),"[books-i-own, favourites, want-to-re-read, forever-reread, uni]"
40,Audrephilia,[]
41,Emma,[]
42,Susan,[fiction]
43,Omar  Baraka ,"[2016, owned]"
44,Amanda,[classics]
45,Cheryl Tipp,[]
46,Shilpa,[delights]
47,Shel,[]
48,Beatrice,[]
49,Ciera,"[liked, literature-and-non-fiction, read-in-2016, classic-bingo-challenge-2016]"
50,Elisha,"[reviewed, owned, classics, will-revisit-one-day, not-my-cup-of-tea]"
51,Richard Stuart,[]
52,Blake,[modern-classics]
53,Alice Poon,[]
54,Giulia,[]
55,Nick,"[read-in-2013, srs-litry-bsns, soc-monkeys, classics, xx, wicked-pissah]"
56,S.,[dutchess]
57,Tom,[favorites]
58,Shayantani Das,[]
59,Emanuela,[narrativa-straniera]
60,K.D. Absolutely,[]
61,Lisa (lblovesbooks),[]
62,thehalcyondaysofsummer,"[the-modern-librarys-100-best-novels, woolfalong]"
63,Iris,"[ap-lit, favorites, to-reread]"
64,Christina,[]
65,Ben,[]
66,David Beavers,[]
67,Arwen56,[]
68,Gus,[]
69,Rachel E. Gross,[]
70,Brad,[traditional-fiction]
71,Bookaholic,[]
72,Bram,"[2009, favorites]"
73,Eamonn Marra,[]
74,Alessia,[]
75,Bill Kupersmith,[classics]
76,Nahla,[favorite-books]
77,Yara,[modernism]
78,Kathleen,[women-writers]
79,Elham,"[women-s-writings, england, favorites, classics]"
80,Nada Sobhi,[studied]
81,umberto,[fiction]
82,Lucynell ,[]
83,Maida,"[books-set-in-europe, dysfunctional-individuals-families, modern-library-s-100-best-board-s, art-aesthetics, socio-economic, socio-psychology, british-literature, female-issues-liberation-oppression, societal-commentary-criticism, classics, time-magazine-top-100-novels, religion-philosophy, moral-dilemmas, war, issues-of-class-or-social-standing, trauma, 2014-reading-list, 20th-century-literature, academia-student-teacher, maida-s-modern-library-challenge]"
84,Justin Evans,[fiction]
85,W.B.,[]
86,Tristan,[classic]
87,Alfredo Sherman,[fiction]
88,Molly,[]
89,Emily Polson,"[favorites, university]"
90,Guy Portman,[]
91,Nathan,[novels]
92,James Murphy,[]
93,Will,[]
94,Frank Terry,[]
95,Daisy,"[england, to-re-read, classics, house, audio-library-books, knitters-mentioned, scotland]"
96,Kelly,"[fiction, 20th-century-early-to-mid, vita-virginia-violet-and-kindred, grande-dames, mawwiageiswhatbringsustogethertoday]"
97,Jeanette,[]
98,Ali,[]
99,Alayne,[reviews]
100,Simona Bartolotta,[1900]
101,Jeana,[classics]
102,Barney,"[classics, uk, sadness, 2016]"
103,Chance Maree,"[kindle, literary]"
104,Aya,"[classics, favorites, third-year]"
105,Melissa Jackson,[]
106,Jenny (Reading Envy),[read09]
107,Riku Sayuj,"[lit-crit, history-europe, r-r-rs, biographies, ww1, war, lit]"
108,Nilay,[]
109,Mela,"[favorites, historical-fiction, psychological, really-squeezing-my-heart]"
110,Katri Alatalo,[]
111,Elizabeth A,"[audio, 2014]"
112,M. F.S,[]
113,Aung Kaung,[]
114,Michael,"[classics, 1001-books-to-read-before-you-die, literary-fiction, modern-classic, 1920s]"
115,Cirtnecce,[]
116,Seonad,[]
117,Plucino,[literature-english]
118,Dominic,"[classic-literature, favorites]"
119,Laala Alghata,[]
120,Dale Pearl,"[terrible, historical-fiction, 2014, y2014-april, time-magazine-s-all-time-read]"
121,Jessica Bicking,"[owned-in-paper, woman-writers]"
122,Edel Henry,[]
123,Kate,"[classics, british-lit]"
124,Louize,[tfg-f2f]
125,Sidra,[]
126,Rakhi Dalal,"[favorites, to-re-read, woolf]"
127,Joseph,"[british, bloomsbury]"
128,Ken,"[in-collection, classic, modern-library-100, 1927]"
129,matt,"[fictions-of-the-big-it, worldly-lit, shattering, ladies-night, modern-library-100]"
130,Aubrey,"[5-star, reviewed, heartbreak, prose-prose-prose, books-are-the-best-invention, reality-check, cross-my-heart-and-hope-to-die, life-after-life, 1-read-on-hand, r-2013, 500-wm-added, r-goodreads, antidote-think-twice-read, antidote-think-twice-all]"
131,Shanmugam,[]
132,Rafa ,[]
133,Mikella Etchegoyen,[books-i-read-for-school]
134,Dianna,[classic-literature]
135,Estelle,"[read-in-2015, fiction, 05-star, classic, prize-winner, scotland, written-1920-1929]"
136,Raül De Tena,[2007]
137,knig,"[2012, do-you-take-me-for-an-idiot]"
138,Mariel,[]
139,Salvatore,[]
140,Melody,"[books-to-read-for-uni, classics-i-want-to-read, favorites, tbr, books-that-i-own, favorite-protagonists, classics, read-in-2016]"
141,Hanaa Mansouri,[]
142,Chad,[]
143,Jenn(ifer),"[the-tops, you-should-read-this, game-changers, 5-f-ing-stars, read-in-2012, summer-of-women-2012, own, brits, xx, my-reviews-that-dont-suck]"
144,Pooya Kiani,"[favourites, novel, art, modern-modernism, modern-classics, feminism, stream-of-consciousness]"
145,Erik,"[classics, bepretentious, detailed-review, crystal]"
146,Poncho,"[favorites, read-in-2015, english, by-women]"
147,Eric,[]
148,Mr. Brammer,[]
149,Tharwat,[]
150,Caris,[2010]
151,Anushka,"[i-own, literary-classics, not-my-types, most-annoying-fandoms, books-that-must-be-on-everyone-s, me-likey, more-than-like-less-than-love, 1001, worth-the-hype, catchy-titles]"
152,NocturnalBlaze,"[classici, letture-in-inglese]"
153,Shana,[my-bibles]
154,Miriam,[gender]
155,Vale,"[english-literature, favorite, woolf, women]"
156,Dalia Ismail,[need-to-reread]
157,Rebecca,"[fiction, beyond-awful]"
158,Marc Kozak,[]
159,Ahmed,[]
160,Javier,[]
161,Jacqueline Escobar,"[classics, disappointed, owned-books, reviewed]"
162,Patrick,[]
163,Dan Porter,[]
164,Abeer,"[favorites, vaginaprotineshake, wherethesunneversets]"
165,Selena,"[thebest, 2010]"
166,Teresa,[]
167,Brixton,[modernism]
168,yix,"[4-star, fiction, classics]"
169,Peter,[]
170,Richard,"[british-literature, reviewed, by-women, 2011-2015]"
171,Nate D,"[read-in-2009, favorites, interwar-maladies]"
172,Vegantrav,[]
173,Douglas,[read-in-2008]
174,Holly,[fiction]
175,Cheryl,"[fiction, literature, classics, library, british, both, times-colonist-2015]"
176,Caterina,"[favorites, book-group]"
177,Jasmine,[could-not-finish-it]
178,Kim,"[cultured, gr-friend-recommendations, about-fucking-time]"
179,Szplug,[]
180,Bernabé Borrero,[]
181,Bonn,[lieblings]
182,Violetique,[]
183,Henry Avila,[]
184,Christy B,"[classics, fiction]"
185,Rosemary,[]
186,Alison Niblock,[]
187,Letitia,"[favourite-fiction, literary, british-uk, under-300-pages, book-club, 1001-books, emotional-punch, fascinating-characters, modern-classics, family-drama]"
188,Emilian Kasemi,"[read-and-reread, ne-plus-ultra]"
189,Joyce,[]
190,beentsy,[2013-done]
191,Jemma,"[2011, own-a-copy, classics]"
192,Sarah,"[modernism, england]"
193,Chrissie,"[great-britain, relationships, scotland, audible, herbrides, 2014-read, classics]"
194,Ellioth Mess,[biblioteca-fisica]
195,Celeste Corrêa,"[inglaterra, biblioteca, livros-lidos-2016]"
196,Mairéad (is roaming the Undying Lands),"[university-textbook-reads, classics]"
197,Faith-Anne,"[modern-literature, my-favorites, virginia-woolf, 2010]"
198,Ahmad Sharabiani,"[classic, fiction, literature, 1001-book, 20th-century]"
199,Fatima,[]
200,Roya Eve,[]
201,Stephen,[]
202,Marcello,"[narrativa-straniera, 0-ebook, 2016]"
203,Anna,"[54tasks, classici-16, traboccante-16, sconosciuto-16]"
204,Kathy,[]
205,Gemma,"[kuyh-book-club-reads, books-read-in-2016]"
206,Alexus R,[]
207,7jane,[]
208,Michelle,"[novels, book-club]"
209,Roger Brunyate,[top-reviews]
210,Mónica Mar,[]
211,Crystal,"[favorites, fiction]"
212,Adriana,[favorites]
213,Margot,[favorites]
214,Iva,[favorites]
215,Sharman Russell,[]
216,Tocotin,"[ebooks, early-20th-century]"
217,J.,"[favorites, 2010-reads]"
218,Roderick Vincent,[]
219,Tove,[]
220,Jed L,[100-best-books-list]
221,Madeline,[the-list]
222,Sydney,"[2015, didnt-finish]"
223,Soycd,[]
224,Yennie,[book-club]
225,Dusty,"[read-in-2009, carly-dusty-book-club]"
226,lauren kellie,"[classics-2015, 2015, classics, ebook, fiction, before-i-die, reviewed]"
227,Mehlika,[]
228,Autumn Doughton,[]
229,Lindsey,[]
230,Ellie Sorota,[read-fiction]
231,Jason,"[modernism, modern-library-100-best-novels]"
232,Paul Bryant,"[modern-classic, novels]"
233,Maria Nicolaou,[]
234,Hoda Marmar,"[overrated, didn-t-finish, bookoholics, own, hate-list]"
235,Laura,[lecturas-no-acabadas]
236,Camille Stein,[]
237,Ashley Adams,"[feminism, fiction, art]"
238,Fionnuala,"[woolf-and-related, woolf-novels]"
239,Lemar,"[fiction, classic-fiction, novel, brit-lit]"
240,Todd,[]
241,Monty,[]
242,Jandri,[]
243,Dillwynia Peter,[]
244,Adam Floridia,[1-star-books]
245,☽ Moon Rose ☯ ,"[2011-shelf, masterpieces, fiction]"
246,L.M. Tuwah,[]
247,Sean Wilson,"[favourites, english-literature, fiction, modernism]"
248,Macoco G.M.,[]
249,Laurie Notaro,[]
250,Sergio  Mori,[]
251,Roya,[]
252,Sandra,[]
253,charta,"[narrativa, europa]"
254,Teresa Jusino,[readandreviewed]
255,Emi,[favorites]
256,Emiley,[generalfiction]
257,Ishita Sood,[]
258,Donna,[]
259,Mary Ronan Drew,[]
260,Kyriakos Sorokkou,[]
261,Myra,[]
262,Cait Squires,[]
263,Dina,[feminism]
264,Stéphane,[not-the-continent]
265,Salma Hasan,[favorites]
266,Haaris Mateen,[]
267,Ycel,"[favorites, classics, brit-lit]"
268,Noel J,[]
269,Jen Francis,[]
270,Tim,[favorite]
271,Tin,[]
272,brian   ,[]
273,David Sarkies,[modernist]
274,Bat-Cat,[2016-bingo-challenge]
275,"Nathan ""N.R."" Gaddis",[100-mccaffery-read]
276,Katie Bierach,[]
277,James,"[lincoln-park, u-of-chicago, books-of-the-century]"
278,Carol,"[favorites, modernism, woolf, autobiographical-fiction, stream-of-consciousness-writing]"
279,Ygraine,[]
280,Ranee,[]
281,Marco Tamborrino,[]
282,Jennifer (aka EM),[]
283,Julie,"[on-the-shelf, favorite-books, fiction-classics]"
284,Asma Fedosia,[]
285,Manny,[]
286,Ian Vinogradus,"[reviews, reviews-5-stars, read-2013, woolf]"
287,RandomAnthony,[]
288,Pink,"[20th-century, england, aab-bingo-challenge]"
289,Lotz,[novels-novellas-short-stories]
290,Κατερίνα Μαλακατέ,[]
291,Gisela Hafezparast,[i-finally-get-my-turn-bookshelf]
292,Mahima,[]
293,Hadrian,"[british, fiction]"
294,Matt,"[big-let-down, read-in-2013, meh-so-what]"
295,Nene La Beet,"[fiction, england, family, british, audiobook, 1900s]"
296,Polly Clarke,"[classics, library-orders, penguin]"
297,Jafar,[]
298,Leonard,"[literature-english, favorite]"
299,Margaret,"[classic, all-time-favorites, ending-so-sublime]"
300,Christopher,[hospitalized-approaching-perfection]
301,Robert,"[favorites, read-those-classics]"
302,Sarah Anne,"[audio, classics, author-female]"
303,Oliver Twist & Shout,[british]
304,Elizabeth Douglas,[]
305,Alice,"[would-reread, 2016-bingo]"
306,amy,[favorites]
307,sologdin,[literary]
308,Melika Khoshnezhad,[]
309,Eddie Watkins,[uk-fiction]
310,Madeleine,"[head-in-the-clouds-nose-in-a-book, our-libeary, maybe-it-s-time-to-live, 2014]"
311,Amy McLay Paterson,[]
312,Richard Derus,[]
313,Victoria Kellaway,[]
314,Sentimental Surrealist,"[college, favorites, stream-of-consciousness, modernism, literature, classics, time-top-hundred, virginia-woolf, top-twenty-five, gender-n-whatnot, everything-i-wanted, 1927, 1920s, female-author, novels, read-2013, not-written-by-white-male, 1001-books, rating-too-low, collection, best-ever-ever]"
315,karen,[littry-fiction]
316,Masoud Niazi,[]
317,Steven,"[british, women]"
318,Vipassana,"[owned-books, female-perspectives, intimate, people-relationships]"
319,Sue,"[novels, lgbt]"
320,Mason,[]
321,Stephanie Marie,"[modernism, grad-schoolery, woolf]"
322,Jen Hirt,[]
323,Jonathan,[]
324,Dhanaraj Rajan,"[favorites, literature]"
325,Mike,[]
326,bardamu,[]
327,Stephen Durrant,[]
328,Zanna,"[art, england, 500mab]"
329,Chris,[]
330,Haley Renee,[]
331,Ileana,[]
332,David,[]
333,Garrick Anderson,[]
334,Daniel Clark,[]
335,Ardà Rbo,[]
336,towner77,[classics]
337,Leigh,"[genre-novels, rating-five-stars, assigned-high-school, assigned-undergrad, 1925-1949]"
338,Vasileios,"[read-in-greek, modern-postmodern-course]"
339,Melanti,"[e-book, classics, group-reads, 2016]"
340,Cangül Yurtdaş,[]
341,Celine,"[historical, stand-alone, literary-fiction, 50-classics-challenge, adult-fiction]"
342,Katie,"[classics, literature, fiction, dnf]"
343,Rashika (is tired),"[classics, read-2015, boring]"
344,Aaron,[]
345,Sonya,[]
346,Laney,[]
347,Xavier Guillaume,[classic-literature]
348,Jonfaith,[]
349,Nick Craske,[]
350,William1,"[fiction, 20-ce, uk]"
351,Jamie,"[favorites, 1001-books]"
352,Amy,[]
353,Momina Masood,"[british-literature, 500-must-reads]"
354,Bookmaniac70,[]
355,Guido,"[abbandonati, regno-unito]"
356,Alice Lippart,"[classics, read-in-2015]"
357,JJ Kells,[]
358,Nikki D,"[classics, fiction]"
359,Arta,"[books-i-own, classics, uni]"
360,Anita Pomerantz,[1001-books-challenge]
361,Alex ,"[fiction, 20th-century]"
362,Jeff,[]
363,Rosa Ramôa,[]
364,Diane,"[favorites, british-charm, classics, gorgeous-prose, stream-of-consciousness]"
365,Kirstine,"[classics, own, reviewed, 1-women]"
366,Tony,[]
367,Wes Townsend,[]
368,Xueting,"[beautiful-writing, school]"
369,Josh,[]
370,Xandra,"[1900-1949, favourites, british, european, 1001-books, woolf-and-joyce]"
371,Edward,"[own, fiction, 5-star, uk-ireland]"
372,Parthiban Sekar,"[favorites, classics, read-again, british]"
373,Melissa,[]
374,Linda,[books-read-in-2016]
375,Ankur,[2013]
376,Mat,[]
377,Derek Davis,[]
378,Samadrita,"[timeless-classics, cherished, feminism-feminist-undertones, european-literature, 1001-and-more, re-readable, britain, adoration, by-women-who-matter, 500gbbw]"
379,tim,[]
380,Stephen M,"[obras-maestras, poetry, ocean-of-noise, everything-everything-everything]"
381,Abhishek,[]
382,Laila,[novel]
383,Maria,[]
384,s.penkevich,"[favorites, death, europe, woolf]"
385,AC,[novels-english-written-in]
386,Alex,"[2015, novel-a-biography]"
387,Emmet,[]
388,Sarah Beaudette,[best-friends]
389,Fernando,[favorites]
390,David Stephens,[british-classics]
391,Lauren,[]
392,Zorena,"[classics, literature, 1001]"
393,Sparrow,"[favorites, classic-or-cannonical, girls-rule, reviewed, motherless-daughters]"
394,Abimelech Abimelech,[]
395,Jordi Via,[]
396,Hajer Elmahdi ,"[classics, feminism, favorites]"
397,Emily,[read-in-2010]
398,Cristina,[]
399,Mil Norman-risch,[]
