,user,tags
0,Kris43,"[hated-it, classics]"
1,Roxanne Russell,[lit-canon]
2,Jim,[penny-bet-books]
3,Rob Roy,[1000-bucket-list]
4,Shagbark Hickory,[]
5,Anna-Kathrin,"[literary-fiction, classics, banned-books, modernism, experimental, irish-literature]"
6,Sean Stewart,[]
7,Vincent,"[classic-literature, e-read-book, door-stops]"
8,Nicole Iverson,[]
9,Sergio Andrés,[]
10,Dan,[favorites]
11,Elle,"[course-books, classics, could-not-finish]"
12,Gabriel Soll,[]
13,Kevin K,"[bucket-list, literature-criticism]"
14,Mark Peters,[]
15,Elaine,[read-2012]
16,Ldygray,"[own, the-novel-2015, 2015]"
17,Ryan Milbrath,[]
18,Leola,"[fiction, epic-fiction, classics]"
19,Thomas,[]
20,Noah,"[4-0, modernism, read-in-2016]"
21,Wren,[]
22,Tracy Reilly,[]
23,Kaylee,[]
24,Esme M,[]
25,Paul,[classic]
26,George,[2015-read]
27,Kevin,[]
28,Ben De Bono,"[classics, drama, western-canon, read-in-2015, new-authors-read-in-2015]"
29,Muhammad Nusair,[]
30,Sarah (Presto agitato),"[favorite-books, joyce, ireland]"
31,Dan Porter,[]
32,Marc Livingstone,[]
33,Valdimar,[novels]
34,Syzygous Zygote,[]
35,Dokusha,[classics]
36,Jessica,[must-reread]
37,Nilesh,[]
38,Alan,[]
39,Carla Patterson,[]
40,Brian Middleton,[]
41,Marta,"[Ķ-bibliotēka, neizlasītās, lasīts2015, skolai]"
42,Amanda,[]
43,Andrada,[modern-classics]
44,Patty,[]
45,Jeni Enjaian,"[classics, ireland, goodreads-100, read-in-2013]"
46,Cole,[]
47,Doug D'jay,[genius]
48,Doris Jean,"[fiction, memoir]"
49,Tim Engle,[]
50,Baxevanidou Faye,[]
51,Ibis3,"[canonical, classic, twentieth-century, writing, women, language, 2005, ireland, modern, family, fathers-and-sons, irish]"
52,Cynthia,[]
53,Tim Heath,[]
54,Alvaro,[novel]
55,Bastet,"[guinness, master-piece, classics]"
56,Lauren Brady,[all-time-favourites]
57,Ariel,[]
58,Robert,[]
59,Nick,"[read-in-2013, srs-litry-bsns, soc-monkeys, classics, those-crazy-irish, wicked-pissah, the-nerdface-book-club]"
60,Tom,[]
61,Dale,[]
62,Mike Scinto,[the-boulder-is-conflicted]
63,Arsalan,"[favorites, always-reading]"
64,K.D. Absolutely,"[classics, 1001-core, challenging]"
65,Clif Hostetler,[novel]
66,Răzvan Molea,[]
67,Isaac Cooper,[abandoned]
68,Petar X,"[fiction, reviewed]"
69,Charity,[1001books]
70,Iris,[novels]
71,Ben,[]
72,Kevin Hull,[]
73,Keane Ingram,[]
74,Brad,"[own, project-gutenberg, fiction, ebook]"
75,Bram,"[favorites, 2010]"
76,Simon Mcleish,[owned]
77,Jim Barton,[]
78,thalakii,[]
79,Mikko,"[favorites, prose, novels, modernism, essential-reading-for-everyone, fiction]"
80,Ben Flanagan,[]
81,Nicola,[1001-books]
82,Swarnadeep Banik,"[favorites, big-bigger-biggest, maatrachhara, brainstormer, poetriarchy]"
83,Shane Mcparland,[]
84,Sara,[books-i-own]
85,Brian,"[must-read, cover-art, challenge-accepted]"
86,Mr.,[]
87,Roger Brunyate,"[top-reviews, ireland, sui-generis]"
88,Sheila ,"[book-club, classics, banned-challenged, stream-of-consciousness]"
89,Maida,"[books-set-in-europe, dysfunctional-individuals-families, modern-library-s-100-best-board-s, modern-library-s-100-best-audience, socio-psychology, female-issues-liberation-oppression, classics, religion-philosophy, sexual-psychophysiological, trauma, 20th-century-literature, maida-s-modern-library-challenge, radcliffe-rival-top-100-novels-list]"
90,Justin Evans,[fiction]
91,Joe Hay,[]
92,LC,[]
93,Mary Moore,[]
94,Mariano Hortal,"[irish-literature, genre-classics]"
95,Miranda,[]
96,W.M. Driscoll,[]
97,Molli,[]
98,Dionysis,[favorites]
99,Jeff Greenberger,[]
100,Nathan,[]
101,Niklas,[favorites]
102,Will,[]
103,Lowed,"[books-read-2011, favorites]"
104,Francine,[modernism]
105,Martin,[]
106,Kelly,[]
107,Lisa,"[1001-books-read, c20th, ireland]"
108,Marius van Blerck,[]
109,Kelly Ambrose,[]
110,Carlos,[]
111,Mark Sacha,[]
112,Maxwell,"[i-own-it, classics, ireland, 2015]"
113,Norman Cook,"[e-book, newsweek-top-100-books]"
114,Isabel,"[favourites, to-reread, 1900s, 2016-reads]"
115,Leslie,[arlington_book_group]
116,Jenny (adultishbooks),[]
117,Irene,[]
118,Zé Pedro,[]
119,Gabriele,"[owned, letteratura-irlandese]"
120,Katya,[]
121,Paul Gelsthorpe,[]
122,Seattle Al,[]
123,Jenny (Reading Envy),"[read2011, around-the-world, location-ireland, mighty-tomes, modern-library-100-best-novels, banned-books]"
124,Riku Sayuj,"[favorites, craved-but-feared, myth-religion, philosophy, lit-crit, history-europe, spiritual, extra-creative, epic-stuff, direct-phil, epic-related, lit, religion, great-books-quest, politics]"
125,Crito,[favorites]
126,Teona,[]
127,Dave Logghe,[]
128,Drew,"[big-and-supposedly-difficult, modern-library-top-100, irish-lit, the-eller-cellar]"
129,Darwin8u,"[2011, aere-perennius, 100-mccaffery, 100-modern-library]"
130,Carmo,"[favoritos, irlanda, vi-o-fime, bib-p]"
131,Evan,[abandoned]
132,SCARABOOKS,[]
133,Kalliope,"[classics, fiction-english, ireland, 2014-reading]"
134,Bas,[]
135,Gail,[classics]
136,Michael,[]
137,Kyle,"[fiction, literary-fiction]"
138,Adam,[]
139,Leonie Byrne,[classics]
140,Nostalgebraist,"[modern-lit, favorites]"
141,Sam,[]
142,Kylie,[]
143,Jessica Bicking,[owned-in-paper]
144,Gary,[]
145,Liam,"[c20th-prewar, trippy]"
146,Kate,[]
147,Judyy,[]
148,Seemita,"[for_legacy, favorites, mammoth, fiction, alpha-meta-drama, sharp_sword, ireland, conversations]"
149,Willy Schuyesmans,[]
150,Sam Keays,[]
151,Rose,[]
152,Angela M,[]
153,Joseph,[]
154,Cosmic Arcata,"[irish, books-with-book-list, banned-books, 2016-book-riot, 2016-bingo-challenge, audible, 2016-reading-challenge, 2016-old-and-new-classics-challenge, 2016-classics-for-beginers-challeng, 2016-dws-different-genres, 2016-dws-author-birthday-month, 2016-the-challenge-factory, 1922, 2016-literary-birthdays]"
155,Kathryn,[]
156,matt,"[fictions-of-the-big-it, top-shelf, worldly-lit, shaggy-monsters, eire, joycenalia, modern-library-100]"
157,Aubrey,"[3-star, reviewed, ever-on, r-2012, r-goodreads]"
158,Therese,[]
159,Gina,"[novels, brit-lit]"
160,Emma Wallace,[classics]
161,ATJG,"[2011, 2012]"
162,Aaron Aoyume,"[fiction, modernism, favorites]"
163,T4ncr3d1,"[strano-forte, classici, preferiti, sperimentale, irlandesi, sfida-classici, sfida-mattonazzi, sfida-comodino, sfida-1001]"
164,Andy Madajski,[book-club]
165,Jon,"[historical, 1001-must-reads, spring-challenge, classics, bbc-big-read]"
166,Mantsch,[]
167,Raimy,[]
168,Shoaib Nagi,"[favorites, mental-masturbation, read-in-2016, literary-orgasms, would-read-again]"
169,Miguel,[]
170,Stephanie,[]
171,Chad,[]
172,ReemK10 (Paper Pills),[]
173,David Alexandre Silva,[]
174,Graham Tapper,[]
175,Jenn(ifer),"[you-should-read-this, read-in-2012, beach-reads, own, brits, gr-group-coreads, my-reviews-that-dont-suck]"
176,Erin,[favorites]
177,Erik,[]
178,Eric,[art-literary-art]
179,Michael Kneeland,[comic-masterpieces]
180,Felix Dance,[]
181,Caris,"[kindle, 2011]"
182,Chuck Bennett,[]
183,Myriam,[novel]
184,Lucian McMahon,[]
185,Георги Стоянов,[favorites]
186,Andre Odysseus,"[favorite-books-of-all-time, modern-classics, irish-literature]"
187,Jeff Jackson,[]
188,Shane,"[funny, ireland, avant-garde]"
189,Miriam,[]
190,Marialyce,"[may-2012, june-2012]"
191,Marc Kozak,[]
192,Ahmed,[]
193,Ginger Price,[20th-century]
194,Justin,[]
195,Patrick,[]
196,Sunil,"[word-wines, reviews, favorites]"
197,Ahmad Sharabiani,"[classic, fiction, literature, irish, modern]"
198,Miles,[]
199,Kurt,[]
200,Bogdan Liviu,[]
201,Michael Linton,[]
202,Teresa,"[favorites, 5-estrelas, n-irlanda, l-1001bymrbyd]"
203,Zoey,"[for-school, ugh, classics, full-of-wtf, zzzz]"
204,Rowena,"[favorites, classics, banned-book-challenges, bookclub-reads]"
205,Evelyn,[]
206,Peter,[belletristik]
207,Nate D,"[post-modernism, read-in-2008, ireland, favorites]"
208,Emily May,"[classics, 2013]"
209,Emilie Andersen,[books-for-school]
210,Mike Gilbert,[literature]
211,Bryan Murphy,[]
212,Maya at Von Reuth,"[literary-fiction, classics, modernist]"
213,Holly,[]
214,Mahmoud Zaki,[]
215,Giorgi,[]
216,Lucie Novak,[]
217,Shaun,[]
218,Brian Murray,"[classics, 20th-century, read-in-2015, irish-literature, adult-fiction, film-adaptation, major-works]"
219,How_sven,[]
220,Jasmine,[irish]
221,Antonio Vallenilla,[]
222,Rhianna (Little Library),"[re-read-books, classics, books-i-own]"
223,Duane,"[rated-books, reviewed-books, irish, guardian-1000]"
224,Kim,[audiobook]
225,Szplug,[]
226,Megha,"[reviews, kickass]"
227,Jared Busch,"[alltimefavorites, joyce]"
228,Temz,[]
229,Alexandra ,"[belletristik, nicht-beendet, verrisse-enttäuschungen]"
230,William1,"[fiction, 20-ce, ireland]"
231,Lostinanovel,[]
232,Tyler ,[]
233,David Mitchell,[]
234,Vincent Abbin,"[favorites, stream-of-consciousness, modernism, post-modernism]"
235,Emilian Kasemi,"[favorites, heavyweights, read-and-reread, ne-plus-ultra]"
236,Katia Nosenko,[]
237,William Krause,[]
238,Tyson Heck,[never-finished]
239,Sarah,[read-in-2013]
240,Matt,[]
241,Hugo Barine,[]
242,Ksenia Anske,[]
243,Matthew White,[awful]
244,JJVid,"[favorites, must-reread-to-understand]"
245,Vanessa,[classics]
246,Alexis Hall,[srs-fiction]
247,Chaitra,"[1001-books, stream-of-consciousness, classic, irish-literature, banned-books]"
248,Fred,[]
249,Marts  (Thinker),"[classics, 1001-books-you-must-read, e-reader, 2015]"
250,Jacob,[]
251,Michelle,[]
252,Megan Baxter,[]
253,Nikki,"[modernism, postmodernism, owned]"
254,SurferRosa,[europea]
255,Liedie,[]
256,Brittany Bond,[]
257,H.J.,[]
258,Amélia,[classics]
259,Navaneeta,"[modern, epics, ebooks, abandoned-midway, tezpur, 1000-massive, to-read-2015, root-canal-ish]"
260,Jan,[]
261,orsodimondo (a zonzo),[irlandese]
262,Ce Ce,[]
263,Renato Magalhães Rocha,"[the-novel-100, 100-best-books-world-library, 2014, all-stars, reviewed, joyce, 1001]"
264,Geoff,"[favorites, infinite-books]"
265,Daniel Pecheur,"[world-literature, favorite-masterpieces, modernism]"
266,Marks54,[]
267,Graham Wilhauk,[read-in-july-2016]
268,Kristin Boldon,"[own, shelf-sitter, book-scouts, 2015]"
269,Melissa Rudder,[master-s-exam]
270,Terri Jacobson,"[classics, literary-fiction, aab, unique, irish-fiction, 5-star-only]"
271,David Oskutis,[]
272,Donald Nadreau,[]
273,David Cerruti,"[favorites, s-o-c]"
274,Patricia,"[newsweek-s-top-100, 100-greatest-novels]"
275,Simin,[]
276,Vit Babenco,[]
277,John,[]
278,Petra,"[book-i-own, floor-joists, favorites, effort-required-but-so-worth-it]"
279,Raine,"[bbc-2012-list, bbc-2011-list, 100-books-to-read-before-you-die, raine-s-2013-personal-challenge, bbc-2013-list]"
280,PR,[]
281,Elizabeth Adams,[]
282,Bob Hartley,[]
283,Tiffany France,[]
284,Padraic,"[read-and-loved, ireland, poetry, irish-language, let-the-mystery-be, words-words-words]"
285,Nicholas Whyte,[]
286,Lindsey,[]
287,Jonathon Dyer,[]
288,Barry Pierce,"[20th-century, read-in-2014]"
289,Paul Bryant,"[really-big-timeconsumers, novels, joyce]"
290,ياسر ثابت,[]
291,Tiredstars,[]
292,Steve,[]
293,David Beeson,[]
294,Fionnuala,"[joyce-and-related, joyce]"
295,Leo Robertson,"[favorites, to-read-again, reviewtastic]"
296,David Lentz,[]
297,Daniel Taylor,"[literature, imaginative, 1001-books-you-must-read-b4-you-die, classics, great-books-of-the-twentieth-centur, great-books-of-the-western-world]"
298,Jeremy,[irish-literature]
299,J.,"[five-star, eire, modernica, re-read, in-the-trunk, jimmy-craick-corn, on-the-street-where-you-live]"
300,Bettie☯,"[classic, fraudio, britain-ireland, epistolatory-diary-blog, poison, published-1920, roman-catholic, film-only, paper-read, eire-dublin, summer-2012, anti-semitic, re-visit-2015, spring-2015]"
301,Collin,[didn-t-finish]
302,Sultan Alrumaithi,[]
303,Harsha Varma,"[5-f-ing-stars, classics, the-maestro, favorites, joy-of-literature, read-in-2016]"
304,Stephanie Rodriguez,[]
305,vivliovision,[]
306,Juan Carlos Santillán,[2-estrellas]
307,Henrik,[06-stars]
308,Meera,"[classics, male-author]"
309,Sandra,[classicissimi]
310,Anirban Nanda,[]
311,Owlseyes,[irish-lit]
312,Beka Sukhitashvili,[irish]
313,Cait,"[classics, owned, 1001, lost-lit, read-in-2010, bloom-canon, modern-library-100-list]"
314,Phil,[plus-half-a-star]
315,Jure Godler,[]
316,Kunal Sen,[]
317,Ashley Smith,[]
318,Luke Harris,[modern-classics]
319,Stuart,[]
320,Jason,[]
321,Yann,[read-another-edition]
322,Dina,[good]
323,Hugo Emanuel,"[favorites, owned]"
324,Rachel,"[blows-my-puny-mind, ireland, six-stars]"
325,Melissa Storm,[the-1-001-book-challenge]
326,Priya Narayanan,[]
327,Lauren,[so-bad-i-couldn-t-finish]
328,CV Rick,[literature]
329,Douglas Hayes,[literature-classic]
330,Ellie,"[2015, 2015-crème-de-la-crème]"
331,brian   ,[]
332,David Sarkies,[modernist]
333,Jennifer,"[classics, drama]"
334,Laura,"[1001-books-you-must-read-before-you, audio-books, fiction-20th-century, drama, ireland, read-2012]"
335,"Nathan ""N.R."" Gaddis","[rejoyce-again-again, 100-mccaffery-read, cnp-review, annotations-please]"
336,Becky,[]
337,MJ Nicholls,"[novels, pogue-mahone, voluminous, worshipped]"
338,Ally,[]
339,Ike,[]
340,James,"[modernism, favorites]"
341,Dane Bernhardt,[]
342,Anna Graham,[]
343,Cindy Newton,[owned-books]
344,Hollis,[literary-fiction]
345,Yorkshiresoul,[]
346,Greg,"[classics, literature]"
347,i!,"[to-reread, joyce, novels-novellas, annual-reads]"
348,Lisa (Harmonybites),"[classics, literary-fiction, popular-fiction, 100-significant-books, fiction, novels, ebooks, before-i-die]"
349,Kristel,"[1001-books, irish-literature, 1001-challenge, stream-of-consciousness, modern-library]"
350,Kristen,[8-read-2015]
351,Theo Logos,"[classics-canon, abandoned-efforts, audio-books]"
352,Mina,[]
353,Julie,[]
354,Manny,"[well-i-think-its-funny, too-sexy-for-maiden-aunts, parody-homage, why-not-call-it-poetry, mentions-twilight, older-men-younger-women, transcendent-experiences, life-is-joyce, not-the-whole-truth, if-research-were-romance]"
355,Ian Vinogradus,"[reviews, read-2011, exert-yourself, reviews-5-stars, joycean-tales-of-brave-ulysses]"
356,Baylee,"[classics, 1001]"
357,Pink,"[classics, 20th-century, ireland]"
358,Lotz,"[over-my-head, novels-novellas-short-stories]"
359,Neil Strauss,[]
360,dragonhelmuk,[]
361,Tyler,[favorites]
362,Hadrian,"[ireland, fiction]"
363,Gill,[]
364,Carrie Lorig,[]
365,Nene La Beet,"[fiction, ireland, religion, ebook, classic, 1900s]"
366,Dobrin Yungarev,[]
367,Stavros,[hall-of-fame]
368,Yair Ben-Zvi,[]
369,Kaethe,[challenged]
370,Christopher,[hospitalized-approaching-perfection]
371,Philip,[]
372,Luís Blue Coltrane,"[on-my-own, 2015, le-monde-s-100-books, more-than-500, ireland-scotland]"
373,Isabela Călinoiu,[]
374,Oliver Twist & Shout,[]
375,Dave Hill,[]
376,Allan MacDonell,[]
377,Elena Yurievna,"[classics, go-britain]"
378,Foteini Daila,"[owned-books, irish-literature, favorites, classics]"
379,John Devlin,[]
380,Matt Margo,"[five-star, drama, fiction, read-for-school]"
381,Sentimental Surrealist,"[college, satire, favorites, stream-of-consciousness, modernism, literature, classics, doorstopper, james-joyce, top-twenty-five, need-to-reread, see-this-is-how-you-do-it, fun-with-metafiction, everything-i-wanted, 1922, 1920s, novels, read-2012, 1001-books, rating-too-low, collection, best-ever-ever]"
382,Chet Makoski,[]
383,Steven,"[novels, irish]"
384,Pip,[1001-books-challenge]
385,Lyn,[]
386,Sue,"[classics, literary-fiction, ireland, kindle, read-2014]"
387,asunshine,[]
388,Hilary,[]
389,Mark,[]
390,Genni,[]
391,Geoffrey,"[fiction-contemporary, fiction-classics]"
392,Andy,[]
393,Hossain Salahuddin,[philosophical-fiction]
394,Tina,"[recommend-only-to-jake, author-i-love, interesting-structure, profound, modernism]"
395,Jonathan,"[lit-uk-ire, seen-the-film, library, wonderfully-weird, cool-covers, 20th-century, book-type-novel]"
396,Mary,[]
397,Adele Symonds,[]
398,Mike,[re-read]
399,Lee,[]
400,Mike Moore,[]
401,Frank,[]
402,Kilburn Adam,[]
403,Zanna,[wm]
404,Steerpike,[]
405,Chris,[]
406,Sheri,[male-female-power-sex-attractivenes]
407,Wicked Incognito Now,[]
408,Chris Gager,[]
409,lyell bark,[]
410,Ari Eris,[]
411,Bill,[]
412,Ydentyti,[]
413,David,[fiction]
414,Dennis Scharff,[favorites]
415,Chester,[]
416,Stratos,[favorites]
417,Jim Hale,[fiction]
418,Carey Shea,[classics]
419,Jimmy,[]
420,Rob,[]
421,Lisa ,"[classics, b-n-50, guardian-1000, bbc-100]"
422,Dorothy,[english-classics]
423,Мария Куманова,[]
424,Shelley,"[own, 2015, classics, 1900s, 5-star]"
425,Marius,[bibliothèque-personnelle]
426,Hakan,[favorites]
427,Lāsma,"[read-more-than-once, favorites, books-i-own, fiction]"
428,Kaju Janowski,[classics]
429,Aaron,[]
430,Martha,[]
431,Irini Pavlou,"[classics, postmodernism]"
432,Megan,[]
433,Lisa Kay,"[genre-fantasy, genre-classic, authors-j, length-chunkster]"
434,Sonja Tapio,[fiction]
435,Nadine,"[favorites, group-reads, read-in-2013]"
436,Michael Kroft,[]
437,Robert Hyman,[]
438,J,[]
439,Stacey Franklin,[]
440,Bülent Çallı,[]
441,Jenny,"[english-irish, 2013, mythology]"
442,Jeff,[]
443,Diana,"[unfinished, waste-of-time]"
444,Diane,[]
445,Helena,[essentials]
446,Eddie,[]
447,Kristina,[]
448,Kirstine,"[classics, own, reviewed, for-uni, 1-men, r-2015]"
449,Panagiotis,[]
450,Oana,"[dnf, i-just-can-t, why-the-hype, everybody-is-praising-it-but-me]"
451,Jenna,"[adult, classics]"
452,Alison,[]
453,César,[literature]
454,علی,"[classic-fictions, great-ones]"
455,Louise,"[mindblowing, doorstopper, epic, life-changing, stream-of-consciousness, irish-literature, reviewed, james-joyce, comic-fiction, experimental, top-five, 1922]"
456,Josh,"[owned-and-unread, amazing-covers, barnes-and-noble-posters]"
457,Xandra,"[1900-1949, favourites, humour, irish, european, religion-atheism-myths, big-books, 1001-books, woolf-and-joyce]"
458,Linda,"[gr-boxalls-1001-books-before-death, 2015, gr_classics-and-the-western-canon]"
459,Danny Taylor,[]
460,Nate,"[read-2013-cycle, reviews]"
461,Lada,[]
462,Mat,[]
463,El alquimista del tedio .,[]
464,Andrew,"[all-timefavorites, classics]"
465,Stephen M,"[obras-maestras, metafictive-madness, tears-of-beautiful-laughter, 3-cheers-4-complex-characters, mind-expanding, save-me-from-what-i-want, mentions-mitchell, everything-everything-everything, milk-for-the-pussens, the-megha-novel]"
466,أحمد ناجي,[]
467,s.penkevich,"[favorites, times-100-best, dear_dirty_dublin]"
468,AC,"[modernism, novels-english-written-in, james-joyce]"
469,Alex,"[irish, 20th-century, favorites, available-at-college-library, college-higher-english-reading-list, weird-shit]"
470,Susan Zhuang,[]
471,Pavle,[nezavrsene-epopeje]
472,Trevor,[1922]
473,Morgan,[]
474,Jan-Maat,"[novel, 20th-century, british-isles]"
475,Joe Davis,[]
476,Jonfaith,[]
477,Mike Maxwell,[]
478,Ahmed Azimov,[]
479,Bachir Lagsal,[]
480,Slim Khezri,[]
481,Al,[]
482,Mel,[]
483,Darth J ,"[slow, longer-than-necessary]"
484,Emily,[read-in-2009]
