,user,tags
0,notgettingenough ,[russian]
1,Sherri,[favorite-books]
2,Leah,"[classics, fictional-literature, reviewed, russian-literature]"
3,Jim,[]
4,Suzy.,"[fiction, favorites, 1001-books, war, would-kill-if-thrown, history, classics, contemplating-life-and-existence, favorite-characters]"
5,Taka,"[russian_lit, japan_jul07-aug11]"
6,Sara Steger,"[serious-fiction, classics, historical-fiction, bingo-2016]"
7,Uttiya Roy,[]
8,Marvin,[]
9,Dan,[]
10,Annalisa,"[historical-fiction, classics, literary, guy-lit]"
11,Kelanth,"[classico, narrativa]"
12,Coleccionista  de finales tristes ,"[míos, rusos]"
13,Wanda,[]
14,Мартин Касабов,"[classics, personal-library, novels]"
15,Candy,[favorites]
16,Erwin,"[historical-fiction, classics, russia-russian]"
17,Sebastian,[]
18,Seth Kanor,[]
19,Joshua,[]
20,Mamdouh Abdullah,[favorites]
21,K.P. Ambroziak,[]
22,Max Ostrovsky,"[classics, fiction, philosophy, historical, russian, translated-foreign-language, favorites]"
23,Paul,[]
24,Ivan Hernandez Chacín,[]
25,Dolors,"[read-in-2013, best-ever]"
26,Ahmad Sharabiani,"[historical, classic, fiction, literature, 1001-book, russia, 19th-century]"
27,Jean-Paul Werner Walshaw-Sauter,"[favorites, fiction-russia]"
28,Matthew,[]
29,Silvana,"[classics, lovey-dovey]"
30,Giovanna,[]
31,Jessica,"[kind-of-depressing, leetle-boys, groups-of-people, love-and-other-indoor-sports, war-is-hell]"
32,Bruce,[]
33,Travelling Sunny,"[1305-read, nook]"
34,Alan,[books-read-in-original-language]
35,‎Seth,[favorites]
36,Cooper Renner,[]
37,Emma,"[paid, classic, audio]"
38,Jenn,"[classics, historical, in-translation, in-2016]"
39,Margie,[classics]
40,Russ,[]
41,Jaylia3,"[2015, literary-birthday-2015]"
42,Mete Oguz,[]
43,Amanda,[]
44,Mady,"[read-along, e-book, 2012]"
45,Gautham Vasan,[favorites]
46,Camila Villate,[]
47,Francesco,[]
48,Seth,"[russian-literature, favorites]"
49,Robert,[russian]
50,must-have,"[perfect, owned]"
51,Vladimir Boronenko,[]
52,Jeb,[]
53,Nick,"[russian-winter, spring-2016]"
54,Brian Tucker,[]
55,Maxim Horion,[]
56,Jen,"[classics, fiction, russian-history, read-harder-challenge-2016]"
57,Inge Weyers,[bingo-card-1]
58,Labeba Salameh,[2015-labeba-reading-challenge]
59,K.D. Absolutely,"[classics, 1001-core]"
60,Clif Hostetler,[historical-fiction]
61,Bart Davis,[]
62,Charity,[1001books]
63,Samantha Kilford,[]
64,Ben,[favorites]
65,Christine,"[chunksters, own-physical]"
66,Peeyush Kumar,[classics]
67,Jenniet Galvan,[]
68,Darran Mclaughlin,"[war, russian, classic]"
69,Claire,"[novels, 19th-century, my-favourites, russia, historical-fiction, classics, read-in-italian, read-in-2015, read-in-2016]"
70,Hajarath Prasad Abburu,[]
71,John Mckinney,[]
72,catechism,"[fiction, mother-russia]"
73,Sanabel Atya,"[novels, pdf, برائحة-الورق, تاريخ]"
74,Daniela Melis,[books-on-the-top]
75,Ed,[]
76,Heather,[history-lit-major]
77,Michelle,[]
78,Sara,[]
79,Layla,[]
80,Friki Girl,[]
81,midnightfaerie,[classics]
82,Betül,[]
83,Molly,[classics]
84,David Williamson,"[philosophy, great-fiction, essential-philosophy]"
85,Teryna90,"[romanzi, classici, 2015]"
86,Inderjit Sanghera,[]
87,Gisoo,[]
88,Kathy Chumley,[read-in-2015]
89,Ryan,"[classics, historical-fiction]"
90,Kelly,"[fiction, the-continent, worlds-lost-dead-and-dying, owned, 19th-century, international-affairs, russians, cultural-meetings, philosophy-theory-criticism, great-and-terrible-men, grand-opera]"
91,Lisa,"[1001-books-read, c19th, russia]"
92,Ilaria,[]
93,Kallie,[]
94,sepehrdad,[]
95,Khadija Haque,[]
96,Ala,[]
97,Aspho,[]
98,Leslie,"[kindle, guardian-1000, russian]"
99,Jenny (adultishbooks),[own]
100,Keenan Johnston,[]
101,Jeana,"[beloved-classics, classics, favorites]"
102,Deea,[]
103,A Great Book Study,"[tbr-challenge-2014, classics-club, epic, own-scanned]"
104,Nikki,[classics]
105,Mahmoud Homsi,[]
106,Derek Johnson,"[historical-fiction, classics]"
107,Evan,"[world-literature-top-100-list-poll, epic, russian-soviet-etc, big-ass-summer-read, __8000-meter-peaks-of-literature]"
108,Katie Herring,[]
109,J.M. Hushour,[]
110,Michael,[]
111,Thomas,"[literary-fiction, western-canon, russian]"
112,Luke Blackamore,[classics-to-read]
113,Ameerah Ain,[]
114,Gary,[]
115,Ray,[]
116,Helena Silva,[classic-literature]
117,Wendy,"[fiction, classics]"
118,Pamela_b_lawrencemsn.com,[]
119,Ken,[classics-read-long-ago]
120,Apatt,[classics]
121,Aubrey,"[4-star, reviewed, translated, russian, ever-on, 1-read-on-hand, r-2014, r-goodreads]"
122,Newton Nitro,[]
123,Shanmugam,[]
124,Elizabeta,[]
125,Emma Wallace,[classics]
126,Juliette,"[historical-fiction, required-reading, how-to-write-well, 2015]"
127,Elijah Kinch Spector,[historical-fiction]
128,Eadweard,"[historical-fiction, fiction-read, military-war, classics, favorites-or-really-liked, leo-tolstoy]"
129,Meen,"[own-it, fiction]"
130,G,[high-caliber]
131,Kimley,"[19th-century, russian-lit]"
132,Ana Maria Rînceanu,"[classics, 19th-century, read-in-2014, fiction, russian-literature, european-literature]"
133,Huda Aweys,"[historical-fiction, literature, contemporary-issues, influenced, classics, cultural]"
134,Melody,"[historical, war, second-monday-bookgroup]"
135,El,"[19th-centurylit-late, 1001-books-list, big-effing-books]"
136,A.J. Howard,"[finished-in-2010, 1001-books, bookshelf-fiction, six-stars]"
137,Ivana,[]
138,Eric,"[reviewed, writing-inspiration, 2016-reading-list, philosophy, epic, historical-fiction, favorites]"
139,Jamie,[the-essentials]
140,Neena,"[classic, my-most-favourite, russian-literarure, epics, rereads]"
141,Kalen,[2011-reads]
142,Briynne,[]
143,Morgane,[]
144,Zahra Rhm,[classic]
145,Zuberino,[]
146,Adele Jones,[]
147,Boris,[]
148,Eduardo,[]
149,Debbie Zapata,[pg]
150,Miriam,"[2014, best-of-2014, 2014-12-book-challenge]"
151,Ben Loory,[]
152,Greg Z,[reviewed]
153,Marialyce,"[classics, hyped-books-that-were-only-so-so, november-books-2010, december-reads-2010]"
154,Rebecca,[classics]
155,Ahmed,[روسى]
156,Justin,"[classics, 1001-books-to-read]"
157,Meredith,[]
158,Ophelinha,[]
159,Nilesh Kashyap,"[goodreads, 1001-books, russia, translated, favourite]"
160,Nathan Griffin,[]
161,AGamarra,[]
162,Timothy Taylor,[]
163,Besa Kasapi,[]
164,Azita Rassi,[]
165,Chloe,"[fiction, classics, 1001-list, russia]"
166,Craig,"[favorites, 1001-books-to-read-before-you-die]"
167,Jorge Cienfuegos,[]
168,Teresa,[]
169,Rowena,"[classics, russian-lit, tolstoy]"
170,Wealhtheow,[historical]
171,Peter,[]
172,Ellinor,"[1001-books, 1001-books-2006, the-ultimate-teen-book-guide, unsere-besten-das-große-lesen, guardian1000, guardian1000_warandtravel, bbc-big-read, 501-must-read-books, 501-must-read-books-classic-fiction, 1001-books-core-list, 50-tough-books-for-extreme-readers]"
173,Renee M,[1001-list-finished]
174,Narges,[seen-the-movie]
175,Chiara Pagliochini,"[letteratura-russa, romanzi-storici]"
176,Emily May,"[classics, 2012]"
177,Zuzana Valachová,[favorites]
178,Angela,[classics]
179,Philippa Mary,[]
180,Nadia King,[]
181,Nikos Tsentemeidis,[russian-literature]
182,Hannah,"[19th-century, romance, historical-fiction, classics]"
183,Alicia,"[adult-fiction, history, classics]"
184,Mahdi,"[محبوب-ها, داستان-خارجی]"
185,Kim,[]
186,Patrick,[classic-fiction]
187,Amir ,[novel]
188,Eric North,[]
189,Daniel Villines,[]
190,Burak Alparslan,[]
191,Francesca Levi,[]
192,Jelena,"[favourites, own]"
193,Martini,"[historical-fiction, classics, lovelovelovethisbook]"
194,Thy Ngân,[]
195,Frankie,"[russian, mytop10]"
196,Emilian Kasemi,"[favorites, heavyweights, read-and-reread, inspiring, ne-plus-ultra, history, socio-politics]"
197,Russell Bittner,[]
198,Yousra,[]
199,Sead,[]
200,Jason Koivu,[fiction]
201,Sugeeban,[]
202,Matt,[]
203,Ben Payne,[]
204,وليد الشايجي,[]
205,Ashley Chidzero,[]
206,Karene,[]
207,Joe Gola,[own]
208,Greg Strandberg,[historical-fiction]
209,Akshay Narayanan,[]
210,Alessandra R.,"[favorites, russian-literature]"
211,Jill,"[2008reads, books-i-own]"
212,"Captain Sir Roddy, R.N. (Ret.)","[european-literature, favorites, historical-fiction, russian-literature, napoleonic-wars, read-in-2009, my-western-canon, translations, kindle-fire, author-leo-tolstoy]"
213,Navessa,[classics]
214,Antonomasia,"[c19th, historical-fiction, central-eastern-europe, divine-comedy-booklovers, ebooks-kindle, 2013, 1001-books, 2014, russia]"
215,Yara,[books-i-own]
216,Diletta,[]
217,Fergie,[]
218,Eirini,[favorites]
219,H.J.,[]
220,Joshua Treviño,[]
221,نزار شهاب الدين,[]
222,Wayne Barrett,"[classics, historical, 2015, war]"
223,Renato Magalhães Rocha,"[the-novel-100, 100-best-books-world-library, 2014, all-stars, reviewed, 1001, tolstoy]"
224,Geoff,[]
225,Kaveh,[]
226,Laurel Hicks,"[audible, books-read-in-2013]"
227,Michelle Curie,"[classics, historical-fiction]"
228,Erika Barbero,[]
229,Naimah,[]
230,Soycd,[]
231,Phil Villarreal,[]
232,John,[too-long]
233,Petra,[floor-joists]
234,آلاء  بن سلمان,[]
235,Joseph Fountain,"[western-canon, 4-stars, war, realism, epic, 19th-century, russian-literature, leo-tolstoy, historical-fiction]"
236,FenristheWolf,[]
237,LemonLinda,[]
238,Chris Blocker,[]
239,خُزامَى,[]
240,Taylor Thomas,[]
241,Kar Wai Ng,[]
242,Zari,"[classic, literature, novel, history, sociology]"
243,Jay Rubenstein,[]
244,Amir Hossein,[رمان]
245,Arno,[favorites]
246,Dana,[]
247,Jan Rice,[history]
248,Jason,[read-in-2014]
249,Graeme Somerville,[]
250,Maria Nicolaou,[]
251,Laura,"[historical-fiction, classics, 1001-books-you-must-read-before-you, hf-napoleonic-era, russian-fiction, book-and-movie]"
252,Karen,"[adult-fiction, classic]"
253,Ben Babcock,"[own, historical-fiction, literary-pretentious, translated, russian-literature, 2013-read, 2013-best10]"
254,Fionnuala,"[war, translated-from-russian, treasured-reading-experience]"
255,Speranza,"[favourites, personal-library, tolstoy, size-matters]"
256,Dawn,"[classics, own, audiobook, favorites, read-2013]"
257,Aman Mittal,[]
258,David Lentz,[]
259,Jeremy,[russian-literature]
260,Bettie☯,"[slavic, historical-fiction, lifestyles-deathstyles, classic, play-dramatisation, re-read, fraudio, one-penny-wonder, adventure, war, filthy-lucre, published-1865, napoleonic, families, summer-2010, medical-eew, epic-proportions, gambling, autumn-2010, winter-20102011, paper-read, fradio, eye-scorcher, cults-societies-brotherhoods, politics, betrayal, lit-richer, games-people-play, cousin-love, winter-20142015, re-visit-2015, winter-20152016, re-visit-2016, lit-richer-jan-2016]"
261,Sam Klemens,[]
262,Harsha Varma,"[5-f-ing-stars, classics, russian-literature, favorites, read-in-2015, to-read-2015, joy-of-literature]"
263,Tweedledum,"[classics, war, russian-ussr-authors, 2015-books-read, bingo-2015]"
264,David Hammond,[]
265,Sean Wilson,"[philosophy, russian-literature, historical-fiction, realist]"
266,Lily,"[audio-own, classic, read-2015]"
267,Raissa Pinto,[]
268,Gregg,"[classics, historical-fiction, russian_lit]"
269,Mia (Parentheses Enthusiast),"[to-borrow-from-library, goodreads-favourite-books]"
270,mark,"[relationships, men-s-fiction, war, favorites]"
271,Sandra,[fiction-lit-in-translation]
272,Greg Deane,[]
273,Emma Deplores Goodreads Censorship,"[historical-fiction, 5-stars, literary-fiction, russia, classics, world-books-challenge, best-10-books-read-in-2009, read-in-translation, favorites]"
274,Polly,"[polly, polly-s-best-books]"
275,Cait,"[classics, favorites, owned, 1001, historical-fiction, bloom-canon, war, floor-joist, covers-i-love, read-in-2011, russia, cold-weather-reading, bookish-big-reads]"
276,Junta,"[russian, translated]"
277,JSou,"[classics, 1001]"
278,Rachel,[popsugar-2016]
279,Paul Gaya Ochieng Simeon Juma,"[favorites, historical-fiction, religion, philosophy, romance, fiction, family-saga, war, psychology, russia, very-long, difficult-to-put-down, regrettably-no-award]"
280,Peter Mcloughlin,"[1960-to-1989, fiction, philosophy, general-history, warfare, european-history, intellectual-history, world-history, 1801-to-1900, owned-books, religion-or-not, 00002both]"
281,Kurt Reichenbaugh,[high-brow]
282,Francesco Morra,[]
283,Angie,[]
284,Shannon,[4-stars]
285,Jim Coughenour,[]
286,Amanda Ritson,[]
287,Chris Chapman,[]
288,Gautam,"[inspiration, favorites, russian-literature, epic, war]"
289,Sparkle,[]
290,Ellie,"[fiction, 1001-books, russian]"
291,Courtney,[]
292,Becky,"[classics, librivox-gutenberg-for-free]"
293,Tatuu,"[classics, owned, russia]"
294,GoldGato,"[historical-fiction, literature, winter]"
295,James,"[popular-recs, war, best-translations, favorites, russian-literature, 2016-reads]"
296,Tarannom,[]
297,Lucie Novak,[]
298,Lorena,[eastern-europe-lit]
299,Lavinia,"[fiction, 2016]"
300,Marie Williams,"[the-19th-century, 1001-books]"
301,Masumeh,[favorites]
302,Aysha,[]
303,Killthepopular,[novels]
304,Jennifer (aka EM),[2013-gr-challenge]
305,Julie,"[classic, historical-fiction, east-central-europe, read-2011, best-of-2011]"
306,Terence,[historical-fiction]
307,Peter Meredith,[]
308,4ZZZ,[my-fiction]
309,Núria,"[2006, prestados, literatura-rusa, decimononicos, 3-buenos]"
310,Sarah,[]
311,Lotz,"[highly-recommended-favorites, novels-novellas-short-stories]"
312,ماهر Battuti,[life-long-readings]
313,Hayden,[classics-club-2012-2014]
314,نورة عبدالملك,[]
315,Hammam Nimrawi,[]
316,Whitaker,"[canon, would-kill-if-thrown, russia, 2009-read, 3965g]"
317,Brandi,"[i-heart-gutenberg, classic-roast-coffee]"
318,Samantha,[]
319,Leonard,"[literature-russian, favorite, literary-novels]"
320,Racheal Jackson,[]
321,Dave Cullen,[]
322,Philip,"[classics, jordabecker-book-club, jordabecker-nat]"
323,Alice Poon,"[favorites, historical-fiction]"
324,Erica (Flavia) Zahn,"[with-film-adaptations, collector-s-library, classics, over-500-pages, bbc-books-list]"
325,Roberta,[]
326,D,[russia]
327,David Downie,[]
328,Christine Blachford,[]
329,Saoirse Sterling,"[own, champion, telly, russian, masculine, ce19, 2016, bookshelf]"
330,Steven Peterson,[]
331,Yooperprof,"[russia, fiction, classics, military-history]"
332,Margery,[]
333,Babak Habibi,[]
334,Xime García,[]
335,Veeral,"[historical-fiction, classics, woolly-mammoths, 1000-pages, easy-peasy]"
336,John Devlin,[]
337,Art,[fiction]
338,Steven,[eastern-european]
339,Ania Pazio,"[historical-fiction, classics, culture, history]"
340,Tim Jin,[]
341,Rida Hariri,"[favorites, novels]"
342,Mark,"[war, historical-fiction]"
343,Mike,"[fiction-favorite, historical-fiction, classics, fiction, 1001-before-you-die]"
344,Lee,[favorites]
345,Kayla,[]
346,Chris,[]
347,Nerdish Mum,"[owned-books, the-classics-club, readathon-day-2015, read-2016, buddy-reads]"
348,Chris Gager,[]
349,David,[]
350,Marieke,"[fiction, history, europe, russia, military, books-i-never-read-but-shoulda, e-book, bookish, epic-like, 2011, western-civ, w11, soap-operas-for-the-cerebral-set, eastern-europe-challenge-11, floor-joist]"
351,KiplingKat,[historical-fiction]
352,Lyn,[]
353,Carol Rodríguez,"[narrativa, ficción-histórica, 2016, historia]"
354,Quân Khuê,[masterpieces]
355,Valentina,[]
356,Abubakar,[]
357,QNPoohBear,[]
358,Cameron,[]
359,Katie,[]
360,Jenette,[]
361,Vickii,[classics]
362,Aya Lawliet,[favorites]
363,Lynne King,[]
364,Krista,[]
365,TarasProkopyuk,[fiction]
366,Ahmed Sanny,[]
367,Michael Clausen,[]
368,Martha,"[my-favorites, own-books]"
369,Andrés,[]
370,Alexa,"[favorites, 2016-faves, never-silent-classics]"
371,Maria Beltrami,"[grandi-classici, narrativa-russa]"
372,Romantical Skeptic,[]
373,Megan,[]
374,Leanne (Booksandbabble),[]
375,Amy,[favorites]
376,Evripidis Gous.,[]
377,Nadine,"[read-in-2014, altlasten-2014]"
378,Katharine,"[my-literary-education, 2016-52-books]"
379,Ana Díaz,[absolut-favourites]
380,Răzvan Molea,"[favorite, war, 19th-century, special-list, russian-lit]"
381,Gary Daly,[]
382,Micha,"[books-what-i-liked, 19th-century, family-shelves]"
383,Dem,[favorites]
384,Alice Lippart,"[classics, read-in-2016]"
385,Sanjay Varma,[novels]
386,Tez,[]
387,Gary Christensen,[]
388,MaDoReader,[]
389,Jeff,[]
390,Ted,"[lit-russian, fiction-of-wartimes, classics, boat-of-a-million-years, have, reviews-most-liked]"
391,Rebekah Morgan,"[2016, every-country]"
392,Erika,[]
393,Oana,"[that-man-makes-me-melt, love-and-war, beautiful-writing, russian-classics, needs-re-read, favourite-love-stories]"
394,Alison,[]
395,Jose,"[in-spanish, ebook, read-in-2016]"
396,Maria Elisabeth,[absolute-favorites]
397,Roof Beam Reader,[favorites]
398,Deanne,"[classicliterature, 1001bookstoreadbeforeyoudie, 1001-books-2008]"
399,Manuel Alfonseca,[]
400,Josh,[]
401,Edward,"[own, russia-ukraine, fiction, 5-star, translated]"
402,Melissa,[]
403,Jake,[]
404,Lada,[]
405,Chun,[]
406,Max,[russian]
407,Hazel,"[historical-fiction, all-time-favourites]"
408,Andrewh,[]
409,booklady,"[2006, classic, historical-fiction, adventure]"
410,Rikke,"[classics, historical-fiction, war, owned-books]"
411,Alex,[]
412,Ace,[]
413,Beth Bonini,"[classics-that-i-m-just-now-reading, historical, classic, war]"
414,My Inner Shelf,[classiques]
415,Cindy,"[fiction, 1001-books, book-club, ebook, in-translation, does-my-book-look-big-in-this]"
416,Sera,"[favorites, literary-fiction, kindle, own, 1001-books]"
417,Jan-Maat,"[19th-century, novel, read-in-translation, russia-and-soviet-union]"
418,Elizabeth (Alaska),"[1001-books, nineteenth-century]"
419,Tanja,"[19th-century, classics, war, historical-fiction, awesome, read-in-2016]"
420,Ramon4,"[fiction, historial-fiction, russia, own]"
421,Hajer Elmahdi ,"[classics, russian-literature]"
422,Noells,"[favorites, narrative, russian-literature, nineteenth-century]"
423,Eman,[19th-century-literature]
