,user,tags
0,Paquita Maria Sanchez,[literature]
1,Jim,"[novels, lifetime-reading-plan, author-european, first-novels, 19th-century, xx]"
2,Roberta Dellabora,[]
3,J.D.,"[absolute-favourites, i-like-these-a-lot, 1800s]"
4,Alana,"[books-to-film, classics, boxall-s-1001-books, 2016-books-to-film, 2016-dusty-books, gothic]"
5,Fil,"[gen_sentimentali, sec_ottocento, 1001-libri, naz_british]"
6,MizzSandie,"[bored-so-bored, characters-that-annoy-me, own, dissappointed, why-the-hype, books-everyone-loves-but-me, overrated, classics, why-is-this-a-classic-why, no-thank-you, had-high-expectations, youre-doing-it-wrong]"
7,Francisca Viegas,"[must-read, read-in-portuguese, owned, 2007, romance, classics]"
8,Timo,[]
9,Annalisa,[classics]
10,Himanshu,"[favorites, hulk-smashed-my-mind]"
11,T4ncr3d1,"[inglesi, classici, preferiti, sfida-1001]"
12,Мартин Касабов,"[classics, romance, personal-library, novels]"
13,Moiraine,[favorites]
14,Jonnie,"[romance, classics, favourites-2015, buddy-reads]"
15,Elaine,"[audio, 2016]"
16,Eda** # Dax Lahn's Golden Tigress  # ,[favourites]
17,Rusalka,"[classics, uk, ylto-challenges, overhyped, own, jennifer-byrne-presents, ylto-special-events]"
18,Charlotte,[]
19,Mamdouh Abdullah,[]
20,أحمد أبازيد Ahmad Abazed,[]
21,Nelson Zagalo,"[bloom_list, literary_canon]"
22,Kathryn,[classics]
23,Shriya,"[favourites, books-i-own]"
24,Vanja Kalinac,[]
25,Sarah ,"[1001-books, anglophilia, saw-the-movie, lovey-dovey, 2009]"
26,Fiona,"[kindle-books, comfort-zone-stretchers, highbrow-literachoor, the-past, read-in-2015, work-not-teaching]"
27,Suzanne,"[audio-cd, gave-away]"
28,André,[]
29,Zahra-T,[رمان_خارجی]
30,Shruthi Mudireddy,"[bbc-top-100, bbc-big-read-top-100]"
31,Arielle,[]
32,María Clara,"[2015, club-de-lectura, español, on-my-shelf]"
33,Joana,[]
34,Ahmad Sharabiani,"[classic, fiction, literature, 1001-book, romance, gothic, 19th-century]"
35,Silvana,"[classics, lovey-dovey, dark-and-depressing, used-to-own, donated]"
36,Giovanna,[]
37,Jessica,[]
38,Melda,"[best-of-all, owned, british-lit, fiction]"
39,Aj the Ravenous Reader,"[classic, physically-owned-books]"
40,Γκέλλυ,"[classics, reread, gothic, everloving]"
41,Emma,"[favorites, romance, classics, historical-fiction, history, gothic]"
42,Lazarus P Badpenny Esq,"[stories, england, pre-twentieth-century, penguin-classics, nature, death, 1001-before-i-die, littlekrakowton-litchat-chit-chat, hopeless-romantics, 2-kewl-4-skewl, 2010, u_grad_set_text, enl219_genre_prose_fiction]"
43,Susan,[audio]
44,Krissy,"[audiobook, audible-library, pgs-400-499, tagged-classics]"
45,Sónia,[2016]
46,Stephanie,"[classics, 2014, book-club]"
47,Nahed.E,[إنجليزي]
48,La Mala  ✌ ,"[libros-favoritos, classic, villano-mas-malo-q-la-peste, releido-varias-veces, archirecontra-favorito-absoluto, everything-bronte, books-i-m-obsessed-with]"
49,Forrest,[]
50,Gé,[]
51,Patríciaacc,"[favorites, favorite-books]"
52,ياسمين ثابت,[]
53,Billie Lawson,[]
54,Mia Prasetya,"[cerita-cinta, bikin-sesak-nafas, pushin-my-self-hard-enough, classic, bbi]"
55,Kaethe,"[ghosts, gothic]"
56,Robert,[read-those-classics]
57,Yuki Black,[]
58,Rita,"[origem-comprados, tipo-romance, tipo-clássicos, 2016]"
59,سل الماء,[]
60,K.D. Absolutely,"[classics, 1001-core, 501, gothic, saddest, love-story]"
61,Chris_P,"[classics-and-modern-classics, 5-star-diamonds]"
62,Clif Hostetler,[novel]
63,Katherine,"[classics, historical-fiction, 2006, gothic-fiction, literature-british]"
64,Jemidar,"[seen-the-movie, classics, english-authors, buddy-reads-with-kim, ghosts-horror]"
65,Charity,[1001books]
66,Angigames,[ma-anche-no]
67,Ben,[read-in-2010]
68,Eva,[]
69,"Camila, the opinionated Catruler","[adult, classics]"
70,Kerenza,[]
71,Brad,"[faves, classic, to-read-again, personal-mythology, sick-and-twisted, one-of-the-greats, kept-me-up-at-night, problematic-narrative, i-named-my-daughter]"
72,Amirabbas Baharfar,[]
73,Giuls,[ii-gara-di-lettura-goodreads-italia]
74,Laura V.,"[i-own, book-to-movie, con-reseña-viene-la-cosa, 2015, reto-contrareloj, classics, nook-challenge, posible-relectura, buddy-read]"
75,Vanessa Duarte,"[classic-literature, on-my-bookshelf]"
76,Joshie,"[classics, 4-star, 1001-books]"
77,Sotiris Karaiskos,[]
78,Kaph,"[1000-books, cream-of-the-crop, g1000-love, penned-by-a-lady]"
79,Nicole,[]
80,Heather,"[aab-group-reads, reading-the-classics, guardian-100-best-novels]"
81,Grace Elliot,[]
82,Sara,"[favourites, currently-own, reviewed]"
83,Miss Cathy Winter,"[clásicos, favorites]"
84,Elham,"[women-s-writings, england, classics]"
85,BrokenTune,[reviewed]
86,Liv,[]
87,Aldi,"[classics-and-plays, creepy-gothic-delight, delightfully-dysfunctional]"
88,Aisha Adnan,"[خمس-نجوم, أدب-أنجليزي]"
89,Salha,[]
90,Barb,"[classics, read-in-2009]"
91,Sally Howes,"[reviewed, book-vipers-magic-square-2014, read-classics-pre-1900, owned-read]"
92,Joaquin Garza,"[audiolibros, clásicos]"
93,Mayra,[excellent]
94,Alicia O'Carrick,"[classics, lol-you-failed, feel-the-need-to-reread]"
95,Ryan,[]
96,ᴏᴍᴀɪʀᴀ,[gótico]
97,Eman Dahma,[]
98,Aamil Syed,[130-challenge]
99,Isabel,[]
100,Che Adventure,[literature]
101,Denis,[]
102,Jenny (adultishbooks),"[classics2015, 30booksin30days-round-1]"
103,Filipa,"[own, portuguese-books, 5-stars, classics, 2011-reads, 1001-books]"
104,Jyoti,[]
105,Isabella Janx,[]
106,Marco,"[romance, in-english, 2013-reads, favorites, classics, historical, 4-or-more-stars]"
107,Ayu Palar,"[favorites-ever, classics, bronte-sisters]"
108,Τζο,[]
109,Annisa Anggiana,"[classics, suspense, drama, ghotic, family-relationships]"
110,Evan,"[world-literature-top-100-list-poll, my-faves, __in-my-collection]"
111,Bookworm Sean,"[classics, horror-gothic, romance, 2-star-reads]"
112,Aurora Dimitre,"[dear-god, eesh, november-2015]"
113,Sissi,"[la-litterature-la-vraie, personnages-reussis, succes-merite, litteraire, best-sellers]"
114,Sub_zero,"[reto-10clasicos, reto-2013]"
115,Michael,"[classics, favorites, bucket-list]"
116,Thomas,"[five-stars, lit-outside-of-school, romance]"
117,Arlina,[classics]
118,Eliszard,[]
119,Maddie ♪ Loves♪ ┼ Music = Books,[hr]
120,Sam,[]
121,Stepheny,[classics]
122,Christina Wilder,"[unsettling, women-authors, gothic-literature]"
123,Gary,[]
124,Liam,[]
125,Sanaa,"[2013-read, read-books-i-own, favorites]"
126,Shakira,"[read-don-t-own, 2015, x-classics]"
127,Gozde Turker,[my-favorites]
128,Zerah,"[classics, jackie-and-sarah-buddyreads]"
129,Sarah saied,"[favourites, classics]"
130,Rose,[]
131,Debra,[]
132,Caroline Mitchell,[favorites]
133,Brooklyn Tayla,"[spooky-ish, favourites, classics, rory-gilmore-book-list, my-own-book-collection, june-reads-2016, bronte]"
134,Carolina,[2014]
135,Agustina,"[favorites, 2016, kindle]"
136,Apatt,[classics]
137,Aubrey,"[5-star, reviewed, books-are-the-best-invention, reality-check, 1-read-on-hand, virago, r-2013, 500-wm, r-goodreads, r-2015, antidote-think-twice-read, antidote-think-twice-all]"
138,Joe,"[own, 101-of-1001, classics]"
139,Maureen,[]
140,Phil Jensen,"[classic, classic-bingo]"
141,Sonia Cristina,[]
142,Kellie,[books-that-should-cease-to-exist]
143,Mariel,[]
144,Omid Majidy Pour,[]
145,Miguel,[]
146,Maryam Shahriari,[رمان]
147,Anka Räubertochter,"[flops, hörbuch, classics]"
148,Vina,"[dark-twisted, classics, favorites-heroes]"
149,Erika,[]
150,Fenia,[favorite-classics]
151,Karly *The Vampire Ninja & Luminescent Monster*,"[classy-to-the-core, nostalgia-re-reads, buddy-reads]"
152,Emadeddin,"[favorites, remarkable, to-buy, watched-its-movie, i-need-six-stars-for-this, books-i-should-re-read, كتب-أبكتني]"
153,Neil Fox,[]
154,Delos,[1001librosqueleerantesdemorir]
155,سارة درويش,[كُتب-أحبها]
156,K.,"[this-shelf-is-divine, brit-lit, the-gothic, own, the-victorian, the-romantics, goosebumps, 19th-cent, major-head-fck, identity-and-psychology, society-culture-and-politics]"
157,Maria João,[]
158,Ashleigh,[own]
159,Shellie (Layers of Thought),"[favorites, genre-classics, challenge-fill-in-the-gaps-read, element-dark-disfunctional, country-uk-ireland, spec-fic-horror, books-1001-list, read-in-2011, spec-fic-horror-by-women]"
160,Jasmin,"[romance, historical-romance, classic, 1001-books, fiction, historical-fiction, adult, reviewed-by-me, five-stars, 501-books, bbc-top-100, favorites]"
161,Lisa - (Aussie Girl),"[classics, best-ever-reads, tower-teams-iii-soaring-eagles, read-in-2015]"
162,Jana Roiger,[]
163,❀Julie,"[gothic-romance, classics, favorites-classics]"
164,Kim-kers,[]
165,Rebecca,[winter]
166,Ahmed,"[novels, fiction, translated]"
167,Justin,[booksiwillneverreadagain]
168,Célia Loureiro,"[favoritos-favorites, meus-books-i-own, classicos-classics]"
169,Kristin ❋extols death with luminescent brilliance❋,"[own, need-to-re-read, buddy-read, rory-reads, classics, historical, 1001, 2015-popsugar]"
170,Salma,"[classic-lit, favorites, bronte-philia]"
171,Katharina,"[books-i-own, read-2012]"
172,Nimue,[owned-books]
173,Teresa,[]
174,Vessey,"[romance, drama, 5-stars, dark, deep-and-challenging]"
175,Rowena,[classics]
176,Katerina,"[favorites, classics]"
177,Jess Zahra,"[owned-books, books-i-want-to-reread, 2015, reviewed, to-be-updated]"
178,Richard,[]
179,IlariaAlways,[favorites]
180,Emily May,"[classics, favourites]"
181,Calypso,"[borrowed, emily-bronte]"
182,Holly,[]
183,Nickolas the Kid,"[masterpieces, classical, important, gothic, beloved-and-more, love-amour-liebe]"
184,امتياز,"[favorities, movies, added-it]"
185,Hannah,"[classic, romance, favorites, gothic]"
186,Jasmine,"[favourites, in-english, classics, fiction, 2015, victorian, the-brontë-sisters]"
187,Duane,"[rated-books, reviewed-books, english-calssics, 5-star-books, guardian-1000]"
188,Elizabeth,[fiction]
189,Arwen56,[]
190,Alayne,[]
191,Alexandra Bradan,[classic]
192,Samira,[]
193,Tea Jovanović,[read-for-pleasure]
194,Lucy,[]
195,Heidi,[]
196,kat,[re-read]
197,Henry Avila,[]
198,Nataliya,[2013-reads]
199,Cemre,[]
200,Sean Kennedy,[]
201,inverted_a,"[vivliocafe-s-greatest-novels, 19th-century-novels]"
202,Liesa,[]
203,Amanda Lila,[]
204,Jason Koivu,[fiction]
205,Matt,[classic-novels]
206,Celeste Corrêa,"[owned-books, livros-lidos-2015]"
207,Stephen,"[literature, audiobook, books-read-in-2011, tally-1001-books-list, tally-50-book-list, and-saw-the-movie]"
208,☆☽Erica☾☆,"[fave-love-stories, classics, all-time-favorites, dark]"
209,David Ramirer,[favorites]
210,Anna,[cactus-book-challenge]
211,Vane J.,"[favourites, classics, gothic, 2014, all-the-feels, dark-as-my-soul]"
212,Carol Brill,[]
213,karenology,[]
214,Navessa,[]
215,rahul,[]
216,Lucy Ibn al-Rashid ,"[classics, historical-fiction, romance, heroes-i-wanna-bitch-slap, heroines-i-wanna-bitch-slap, everyone-loves-a-tortured-hero, tortured-heroines, huge-disappointments, way-too-much, not-for-me, train-wreck-romance, too-much-fucking-drama, standalone, adult]"
217,Michelle,"[classic, makes-me-think, read2016, experimental-reading]"
218,هدى ناصر,[]
219,Tim Green,[]
220,BosqueInvierno,[]
221,Trelawn,[]
222,Maury,[]
223,Renato Magalhães Rocha,"[the-novel-100, 100-best-books-world-library, kindle-ebooks, 2014, reviewed, 1001, brontë]"
224,Werner,"[classics, historical-fiction, books-i-own]"
225,Seyed Mohammad,[]
226,Stacey (prettybooks),"[classics, read-in-my-twenties, adult-fiction, classics-challenge]"
227,"Amelia, the pragmatic idealist","[classics, required-reading, annoying-characters]"
228,Elyse Hdez,[]
229,Lucinda Elliot,[]
230,Lisachan,[favorites]
231,Nina Rapsodia,"[no-propios, favoritos, english, 2016]"
232,Madeline,"[the-list, ugh]"
233,HacheC,"[favorites, clásicos]"
234,Arybo ⑯,"[gliimmortali, librilettinel2014]"
235,Paula,[]
236,Nereia,"[women-challenge-2015, ammazza-to-be-read]"
237,Nhi Nguyễn,"[favorites, favorite-romance, classics, seriously-devoured]"
238,Gabri,[good]
239,Joan Sebastián Araujo Arenas,"[clásicos, novelas-psicológicas, romanticismo, adaptados-al-cine, en-digital]"
240,Sonia M,"[favourite, novels]"
241,KatLynne,"[classic, gothic-dark, 2011-reads]"
242,Zeek,"[hist-rom, classics, literary, fiction, romance]"
243,Sarah Brocious,[classics-originals]
244,Ceecee,"[5-star, 1001-books, read-in-grade-school, lovely-prose, exceeded-expectations]"
245,Marty :},"[classics, 1001-books-to-read-before-you-die, read-in-romanian]"
246,Laurie –A Court of Books–,"[read-in-2014, read-in-french, buddy-reads]"
247,Camie,[]
248,Barry Pierce,"[19th-century, read-in-2013]"
249,Paul Bryant,[novels]
250,Anshu,"[romance, classics, favourites, historical-fiction]"
251,Jacqueline Quackenbush,"[favorites, classics]"
252,Dawn,[]
253,Maria Thomarey,[]
254,poingu,[uk]
255,Squire,[classics-challenge-2015]
256,denise,"[gave-up, book-book]"
257,karen,"[littry-fiction, smotherings, favorites]"
258,Serkan,"[classics, historical-fiction, novel]"
259,⊱ Irena ⊰ ,[classics]
260,Suneha,[]
261,Lexxie (un)Conventional Bookviews,"[school-stuff, i-own]"
262,Marija,"[read-in-english, borrowed-from-library, classics, read-in-2016]"
263,Guenda Ferri,[favorite]
264,Antonella,[]
265,Ema,[favorites]
266,Megan Helke,[2016-reads]
267,Patve,[abc-challenge]
268,Wreade1872,"[victoriana, 19th-century, gothic]"
269,Nariman,"[classics, 2015, four-stars]"
270,Mariam Hamad,[]
271,Yani,[favorites]
272,Ana,[]
273,Anne  (Booklady) Molinarolo,"[favorites, great-literary-fiction, classics, permanent-library, womens-fiction, spring-2012]"
274,Rachel,[popsugar-2015]
275,Paul Gaya Ochieng Simeon Juma,"[philosophy, classic, literature, romance, fiction, psychology, sorrowful, british]"
276,✔Jasmine✔,"[thought-provoking, will-reread, classics, realism, sad-story]"
277,E. Chainey (Bookowski),[]
278,Oly,[favoritos]
279,Irs,[]
280,Danielle,[classics]
281,David Sarkies,[romance]
282,Esrafurkanyigit,[]
283,Susanne,[audiobooks]
284,Buse,[]
285,Becky,[]
286,Gaby,[]
287,Kiki,[]
288,Morgan F,"[romance, classics, school-required, 1800s, lets-reminisce, its-a-boy, read-2010, medium-sized]"
289,Angela Blount,[classics]
290,Ebrahim Khodadady,[]
291,Kat (Lost in Neverland),"[depressing, classics]"
292,Fabian,[]
293,Tracey,"[audio, contemporaraneous, oh-that-s-why-i-never-read-this, 1-star]"
294,Kirsti (Melbourne on my mind),"[classics, to-review, classics-club, own-it-hard-copy, 2016, setting-uk]"
295,Kristen,[3-star]
296,Jennifer (aka EM),[2014-b-list]
297,Betza Chial,[clásicos]
298,Anna Burns,[]
299,Brian Murray,"[british-literature, classics, 19th-century, adult-fiction, film-adaptation, major-works, read-in-2016, summer-reading]"
300,eleonora - ,"[classici, preferiti]"
301,❁ بــدريــه ❁,"[favorites, نسخ-ورقية, 2015, في-مكتبتي]"
302,Haya ∞Δnother book Junkie∞,"[romance, read-in-2013, made-me-cry, blew-my-mind, broken-soul, academic, british-literature, favorite, best-of-the-best, classics]"
303,Crystal Starr Light,"[classics, romance, so-bad-it-s-good, audiobook]"
304,Sarah,[]
305,helen the bookowl,[]
306,Russell,[]
307,Vicki Wilson,[]
308, Ƹ̴Ӂ̴Ʒ Yosbe  Ƹ̴Ӂ̴Ʒ,[]
309,Pamela,[]
310, ♥♥Mari♥♥ ,"[literary-fiction, historical-fiction, books-reviewed, gothic-fiction]"
311,Whitaker,"[canon, recommended-unreservedly, e-book, united-kingdom, 2012-read, get-hardback]"
312,Hadrian,"[british, fiction]"
313,Vivian,[classic-literature]
314,Samantha,[]
315,Victoria,"[young-adult, i-own, awesome-to-the-infinity, sad-depressing-books, lovely-prose-worth-noting, classics, cover-i-love, treasure-keeps]"
316,Christopher,"[classics, fiction, british, 19th-century]"
317,aguir Rim,[]
318,Basuhi,[classics]
319,carol ,"[dark, emotional, historical-romance]"
320,ray angel,"[r-g-classics, r-e-perfect-till-cries, r-e-fave-authors, r-g-romance, r-e-my-suggestions, r-e-meaningful, r-e-breeze-mood, r-g-coming-of-age]"
321,Kirsty Potter,[]
322,Tuçe Kibar,[classics]
323,tiss (lavidaenquotes),"[classics, rorygilmoresbooks, owned-books, reviewed]"
324,Gabi,[2016]
325,Xime García,"[love-love-love, leídos-en-inglés, reseñados, se-merecen-10-estrellas]"
326,Claudia,"[na-minha-estante, 2016]"
327,Swankivy,[favoritebooks]
328,Michela,[hearts-books]
329,Scarlet,"[classics, rich-prose, best-of-2016, 2016-challenge, books-i-own]"
330,Lyn,[]
331,Vipassana,"[owned-books, female-perspectives, europe, people-relationships, fiction]"
332,Ebster Davis,[]
333,Emer (ALittleHaze),"[5stars, its-complicated, 2016-reads]"
334,Sue,[]
335,Perry,[amados-libros]
336,Melvina Kelmendi,[]
337,Mark,[]
338,Maru,"[favorites, clasico, books-i-own, fave-of-favorites, 2015-favoritos, two-copies, cute-cover]"
339,"Jackie ""the Librarian""","[classics, gothic, hated-it]"
340,Ellen,[]
341,Stela,"[romanticism, reviews, gothic-urban-gothic, gdl]"
342,Sonja - Intellectual Badass,"[classic, own, read-for-school, gothic, dark]"
343,Logan Keys,[]
344,Mike,[]
345,Shovelmonkey1,"[1001-books, almost-chick-lit]"
346,Lucinda,[]
347,Safa,[started-but-stopped]
348,CalypK,[]
349,Gary  the Bookworm,[]
350,Dante Love Fisher,[favorites]
351,Olivia McCloskey,"[not-for-me, classic, huge-disappointments, ghosts, high-school, school-reading, social-issues]"
352,✞Ƙєℓℓу✧Sтєℓℓαя Scяυтιηу✞,[classics]
353,Kerstin,[]
354,Alison Fairleigh,[]
355,David,"[ebook, classic, literary, romance, 1001-books-to-read-before-you-die, victorian, british-literature, female-author, gothic, great-villains, 19th-century, england, anti-heroes]"
356,Text Addict,"[mainstream, classics, british]"
357,Carol HJ,[]
358,César Lasso,[brit-lit]
359,Emma Chase,[]
360,April,"[classics, gothic]"
361,Andrea Poulain,[favs]
362, ᴍɪᴄs ✖shut me up already✖,"[2015-reading-challenge, buddy-reads]"
363,María,[2016]
364,Karlyne Landrum,[]
365,T-bone,[]
366,Sonya,[]
367,M.J. Johnson,[favourites]
368,Lindsey Rey,"[classics, 2015]"
369,Inés Izal,[lectura-escolar]
370,Vani !,[]
371,[P],[bitchin]
372,Amy,"[to-read-with-hope, classics, classic-lit]"
373,Amr,"[este3ara, روايات-مترجمة]"
374,Paula ★Ackerman Jaeger★,[]
375,Lissa,[2011]
376,J,[]
377,Jean,"[read-authors-a-b, classics, ghost-horror-supernatural, 19th-century-ish]"
378,Z,[i-have-this]
379,Chelsea,"[own, fiction, anti-recs, classic, romance, multiples, toswap, 2006]"
380,Arah-Lynda,[i-said]
381,Rikke Simonsen,"[owned-books, classics, university, reviewed]"
382,Jeff,[literature-classic]
383,Diana,[]
384,Diane,"[classics, love-stories, movie-adaptation, gothic]"
385,Belf,[]
386,Jane S Morrissey,[]
387,Thành Trung,"[favorites, romance, classics, mystery-thriller-horror, best-characters-ever, masterpiece]"
388,Aoibhínn,"[2012, physical-books, reviewed, favorites, classics]"
389,Kirstine,"[classics, own, reviewed, 500-gbw, 1-women, r-2016]"
390,Jenna,[fiction]
391,Jesse,"[brit-lit, women-writers]"
392,htanzil,[]
393,Nati,[]
394,Edward,"[own, fiction, 5-star, uk-ireland]"
395,Linda,"[fiction, classics, 2016-classics-challenge]"
396,Jake,[favorites]
397,Samadrita,"[timeless-classics, cherished, masterpieces, romance, bygones-are-never-bygones, melancholia, european-literature, 1001-and-more, re-readable, britain, adoration, by-women-who-matter, 500gbbw]"
398,Mihail Kostov,[Радина_препоръча]
399,Laz,"[classics, books-i-own, romance, literature, all-time-favorites]"
400,Devika Fernando,[]
401,Lau,"[lit-exp-2013-hard, excelente, read-in-2013]"
402,Andrea,"[period-fiction, not-worth-it]"
403,Larissa,"[2007, read-together]"
404,Maria,[]
405,s.penkevich,"[death, cold-and-dark, classics]"
406,Alex,"[2011, favorite-reviews, reading-through-history, gothic, top-100, rth-lifetime]"
407,♛Tash,"[classics, heartrenders]"
408,Jess ❈Harbinger of Blood-Soaked Rainbows❈,"[own-it, saw-the-film, on-deck, the-list, classic, buddy-reads]"
409,Fernando,[favorites]
410,Pupottina,"[grandi-classici, 1001]"
411,Ishita,"[all-time-favs, gr-1001-books-list, 500-great-book-by-women, absolute-favorites, genius]"
412,Erica,"[suspense, unengaging, meh, evil-creatures, historical-fiction, uk, women-and-girls, love-and-romance, dead-friends-and-family, men-and-boys, girlfriend-power, terribly-disappointing, mothers-and-their-kids, daddies-and-daughters, classics_that_made_me_sick]"
413,Eira,"[owned-books, read-in-2016]"
414,Brittany (Brittany's Book Rambles),"[horrible, classic]"
415,Shannon (Giraffe Days),"[book-club, classics, re-read, 2009]"
416,Sparrow,"[favorites, monsters, motherless-daughters, audio]"
417,Gabi Graceffo,[]
418,- Fey - Es,[favorites]
419,Faeze Taheri,[]
420,Emily,"[my-favorites, books-to-read-2010]"
