,user,tags
0,Genevecg,[classici]
1,Joje,"[to-reread, put-aside-to-start-over]"
2,Jim,[20th-century-lit]
3,Silvia Gonella,[]
4,Blakely,[]
5,Andy Mascola,[]
6,Mattia Ravasi,[]
7,Dan,[]
8,Moeen,[novel]
9,Mike Jones,[]
10,Delphine,[]
11,Ells,[]
12,Hala ,[]
13,SirHermes Marana,[]
14,Giuls,[]
15,Gobasso,[fiction]
16,Annarita,[]
17,Wanda,[not-going-to-finish]
18,Darby,[]
19,Chiara,[]
20,Zcosini,[]
21,jacob,[]
22,Charles Dee Mitchell,[modern-fiction]
23,Ayreon,"[classics, italian-lit, read-in-2015]"
24,Joshua,[]
25,Scott Lapierre,[]
26,Al Maki,[story]
27,Anne Pytlak,[]
28,Paul,[]
29,Suzanne,[fiction]
30,Carlo,[]
31,George,[]
32,Chase,[]
33,Jose Moch,[]
34,Howard,"[europe, world-literature-top-100]"
35,Jans,[]
36,Georg,"[german, classic]"
37,Evahausegger Hausegger,[]
38,Jane,[italo-file]
39,Giovanna,[]
40,Jessica,[]
41,Elisa Grandi,[]
42,Alan,[books-read-in-original-language]
43,Czarny Pies,"[favorites, italian-literature]"
44,Lyanne,[2015]
45,Susan,[]
46,Rachel Kowal,[]
47,Benny,[]
48,John Hovig,[]
49,Fabiana,[]
50,Amanda,"[16, 2016readings]"
51,David Noven,[]
52,Uros Hladnik,[]
53,Dominique,[]
54,Sharad,[]
55,Cristina - Athenae Noctua,[]
56,Kellan,[]
57,Dan Prichard,[]
58,Kevin Yang,[]
59,Francesco,"[xx-secolo, classical, scuola, italia]"
60,Silvia Angeli,[]
61,Reuben Borman,[]
62,Nada alhamad,[]
63,Nick,[]
64,Rhoda,[]
65,Tom,[]
66,Bradley Nelson,[]
67,Gabriel Jones,[]
68,Kate Levin,[]
69,Severine,[]
70,Christina,[]
71,Денис Бурчаков,[fiction]
72,Dennis Noson,[]
73,Gilles Dazord,[]
74,Jacob,[]
75,Silvia May,[]
76,James Violand,[own]
77,Bookaholic,[]
78,عاطف عثمان,"[owned, arabic, swap-or-sale]"
79,Peter Crofts,[]
80,Sonia Argiolas,[svevo-italo]
81,Well-steered,"[western-canon, funny-20th-century-italian-fiction]"
82,gabriel,[]
83,Tiffany,[]
84,Susannah,[]
85,Nicole,[]
86,Belsherj,[]
87,Sara,[]
88,Brian,[]
89,Bruno,[]
90,Ann M,[]
91,Kobe Bryant,[]
92,Liz,[]
93,Phoenix,"[classics, italian-lit, character-i-identify-with]"
94,Dalì,[]
95,Soobie's heartbroken,"[language-italiano, classici, geo-italy, school-related, literature-italian, stand-alone-novel]"
96,Jordan,[]
97,Jack,[]
98,jenny scott,[]
99,frisco - فریسکو,[la_biblioteca_di_repubblica]
100,Dirk-Jan,[]
101,Natalie,[book-club]
102,Nathan,[]
103,Natalia,[]
104,Matteo,[]
105,Marya Gates,[]
106,Ryan,[]
107,Emanuel,[henry-miller-list]
108,Chaz,[]
109,Mark Hughs,[]
110,R. Peligro,[]
111,Lisa,[]
112,Carlos,[favorites]
113,Isabel,"[1ls, 2rmn, 2buy, it, z2014]"
114,Tosh,[]
115,Amir ,[novel]
116,Sean,[]
117,Gwendolyn,[]
118,Nonethousand Oberrhein,"[italiano, scholastic]"
119,Simona Bartolotta,[1900]
120,Jason Loeffler,[]
121,James M,[x-france-philosophy]
122,Charleen,[]
123,Johnathan,[]
124,Luis Galveias,[]
125,the ,[]
126,Beth Roberts,[]
127,Shuyler,[letti-per-scuola]
128,Liz Levacy,[]
129,Andrea Bovino,[]
130,Piperitapitta,[]
131,Serena,[classicidaleggere]
132,Andrea,[]
133,Brooke,[]
134,~Calyre~,"[1001-books, italian-literature]"
135,Debbie Hu,[]
136,SCARABOOKS,[]
137,Cescuschrist,[opus-magna]
138,Alok,[]
139,Robert Wechsler,[italian-lit]
140,Michael,[]
141,Pasquale,[]
142,Fabio Carta,[]
143,wally,[]
144,Carolyn Mck,[]
145,Mandarine,[]
146,Dwight,[]
147,Huvith,[]
148,Mateus Pereira,[]
149,Behzad,[]
150,Morgane,[]
151,Olly,[]
152,Giada,[]
153,Kate,[]
154,Big Brother,"[europe, list-guardian-1000, list-thousand-and-one, list-501, around-the-world, unreliable-narrator, economics-marketing-management, list-world-library]"
155,Bethanne,[]
156,Jérémie Moenne Loccoz,"[drama, italy]"
157,Jack Lindgren,"[italian, 20th-century, 1920s, favorites]"
158,Jos,[italian-lit]
159,Giovanni Gregory,[]
160,Joe,[]
161,Brad Lyerla,[]
162,Davide,[kindle]
163,Fabio,[]
164,Alexis,[]
165,Quinn Slobodian,[]
166,Basak Tekin,[]
167,Mauro Kleber,[]
168,Vic,[]
169,Stefania,[]
170,Jairo Tenorio,[]
171,Masa Baggio,[italian-lit]
172,Ettore.bilbo,[]
173,Erin,[]
174,Gnuvolante,[narrativa]
175,Pete mohan,[]
176,Josh Friedlander,"[most-loved, modernist, mais-o-sont-les-neiges-d-antan]"
177,Eric,[]
178,Ayan Scratuglia,[]
179,المنتصر ابومليانه,[100]
180,blisster,[]
181,Asia,[]
182,Jeff Drucker,[]
183,Tricia Carey,[]
184,virgodura,"[2010, novel-novella, italian-lit, did-i-miss-something]"
185,Ethan,[]
186,Nicholas During,[]
187,Silvia Sirea,[]
188,Anthony,[]
189,Paola Cavallo,[classici]
190,Sonia,[]
191,Mehdi,[]
192,Basim Mahmoud,"[owned, masterpiece]"
193,Sherry Fyman,[]
194,Sunny,[italian-literature]
195,Miriam,[]
196,Ronald Morton,"[half-of-1001-books, pre-gr-archival]"
197,Larry,[]
198,Mark Popham,[]
199,amirali,[]
200,Kristen,[]
201,Donnalee,"[abandoned, exclusive]"
202,Alexander,[nederlands]
203,Muauia Alabdulmagid,[]
204,Doogyjim,[favebooks]
205,David Treuer,[]
206,Brendan,[italian]
207,Katherine Duvigneau,[]
208,Paola,[]
209,Raúl Sánchez,[]
210,Darren,[]
211,Neil,[]
212,Matthew,[]
213,Craig,[]
214,Teresa,[]
215,Mr. Mike,[]
216,pamela,[]
217,Cathy Vincevic,[]
218,Peter,[]
219,Elisa,"[school, classics, 2016]"
220,Cody,[]
221,Rhonda,[classic-fiction]
222,Oliver,[]
223,rene,[]
224,Richard,[]
225,Kevin Holden,[]
226,Zuzu Burford,[translated]
227,Antonella,[]
228,Claudia-Il giro del mondo attraverso i libri,[letteratura-italiana]
229,Johannes,[]
230,Shampoo Per Menti Marce,[]
231,Chris P,[]
232,Maia,[]
233,Allyson,[]
234,Arybo ⑯,"[gliimmortali, librilettinel2013]"
235,Christian,"[european, really-not-worth-the-effort]"
236,Zvia,[]
237,Alton,[]
238,Kübra Narci,[]
239,Virginia,[]
240,Lieke Kleinsmann,[]
241,Lucia,[]
242,eleonora - ,"[classici, italiani, 2010]"
243,Kim,[]
244,Luca Lesi,[]
245,Marie Angeline,[]
246,Eric Z,[]
247,Hardik,[]
248,Pierce,[]
249,Alexandra Bradan,[classic]
250,Federica,[]
251,Quarantadue Larisposta,[]
252,Kirstie,[]
253,Martina,"[classic, https-www-goodreads-com-review-li]"
254,Heidi,[]
255,Conrad,[]
256,Iman Faraji,[]
257,D.,[]
258,Lostinanovel,[]
259,*Rigel,"[italia, letteratura-italiana, per-la-scuola, classici]"
260,Mari!,[]
261,Roseb612,"[1001-books, it-literatura]"
262,Christine Cordula Dantas,[]
263,Hamid Sattar,[]
264,Sarah,[]
265,Matt,[]
266,John Finnell,[]
267,Nora Barnacle,[]
268,Sinem,[]
269,Stephen,[]
270,Anne,[]
271,SP,[]
272,Kathy,[]
273,Giulia Galbarini,[]
274,Vanessa,[]
275,Fabiola,[]
276,Black&white,[]
277,Mimi,[]
278,monica,[]
279,عمرو عبد الكريم,[]
280,Estherparker,[]
281,Aaron,[]
282,Andrew Kubasek,[]
283,Margot,"[preferiterrimi, riletti]"
284,katnissbraid.,[]
285,L.T. Hewitt,[]
286,Salim,[]
287,Maurizio Vicedomini,[]
288,Dvebeau,[]
289,Lauren Albert,[fiction]
290,Bill Millard,[]
291,Yunus Yunustur,[]
292,Kris Poorbaugh,[]
293,Santana,[]
294,waynedpj,[]
295,Grant,[]
296,John McDonald,[]
297,Debbie,[]
298,Ph,[]
299,John,[]
300,rmn,[fiction]
301,payman,[]
302,Nicholas,[]
303,dalnim,[100-classic-books-challenge]
304,Hamish,[lit]
305,Mr 5x5,[]
306,M. Sarki,[]
307,محمد النعيم,[]
308,Micah,[]
309,Gareth,[]
310,Dany,[disperatamente-abbandonati]
311,Vivi,[]
312,Soetkin Hoessen,[]
313,Zari,"[novel, biography, memory, psycology]"
314,Nicholas Whyte,"[non-genre, xd, 2013, 1307, fiction]"
315,Sara Comuzzo,[]
316,Nadasuad,[]
317,c,[]
318,Jason,[]
319,Jafar,[]
320,Kris ,[]
321,Laura,[]
322,Karen,[]
323,Iván Ramírez Osorio,[]
324,Lorena Francisca,[]
325,poingu,"[bookclub, italy, europe, male-identified-authors, read-in-translation]"
326,Sidney,[]
327,Sean Wilson,"[fiction, modernism, italian-literature]"
328,Vivek,[]
329,Lou,[fiction]
330,Thomas James,[]
331,Mariana,[2013]
332,Tommaso,"[narrativa-italiana, classici, drammatico, psico-analisi]"
333,Stephanie,[]
334,Henrik,[]
335,Massimiliano Mauriello,[]
336,Mojgan,[]
337,Marcello La,[]
338,hanan al-herbish al-herbish,[]
339,Phil,[]
340,Peg Gjertsen,[bookclub]
341,andrew,[]
342,Donna,[]
343,Unbridled,[]
344,Dena,[]
345,Elif,[]
346,Ana,[]
347,Kimberly,[]
348,Hoor,[2016]
349,Rachel,[]
350,will,[]
351,Lorena Porto,[italian-literature]
352,maryam,[]
353,Ştefan Bolea,"[fiction, summer-vacation-2012]"
354,Allie,[]
355,Kelly Paprocki,[]
356,ilya,[]
357,Danielle,[]
358,Maryam Golpayegani,[]
359,Anna Erwin,[]
360,Aysenur,[]
361,MJ Nicholls,"[novels, penguin-classics, southern-europe]"
362,Vincent Noel,[]
363,Al-anoud Al-Sarhan,[]
364,James,[]
365,Aimee,[]
366,Esceilenn,[]
367,nebula91,"[l-italiana, 1001-books]"
368,Bastet,"[my-favourites, italian-literature]"
369,Danny,[]
370,Katlyn,[]
371,Lavinia,"[2009, fiction]"
372,Dominique Jacques,[]
373,Costanza Stefanini,[]
374,Marco Tamborrino,[]
375,Toon Pepermans,[unfinished]
376,Maria Pallozzi,[]
377,Julia,[]
378,Alan Hardy,[]
379,TheCoevas,[]
380,Pete,[]
381,Richard Houchin,[philosophy]
382,Hannah Sikorski,[]
383,Christos,[]
384,Blake Brownrigg,[]
385,Christopher Jarvis,[]
386,Daniel,[]
387,Pamela,[]
388,Ivy13,[]
389,Miumiu,[]
390,Gláucia Renata,[]
391,L S,[]
392,Hadrian,"[italian, fiction]"
393,Gill,[]
394,Vivian,[]
395,Steve Love,[]
396,Yair Ben-Zvi,[]
397,Elvin ,[]
398,Margaret,[]
399,Kenny Shovel,[]
400,Jm_oriol,[]
401,Christopher,[]
402,Claudia,[]
403,Roberta,"[2012, reread, classici, italiano]"
404,Die,"[bettbuch, bahnbuch]"
405,Andrea Patruno,[favorites]
406,Donato,[]
407,Josephine Supercalifragilisticexpialidocious,[]
408,Monika Maric,"[g-bibl-od-25-9-2012, italian]"
409,T,[]
410,Amanda Alexandre,"[classic, xx-century]"
411,frankie leone,[]
412,Werehare,[abbandonati]
413,Federico Trejos,[metaphysical-mystery]
414,Rachel Persad,[italy]
415,Marissa Morrison,[tried-to-read-it-didn-t-work-out]
416,Michele,[]
417,julieta,"[favorites, europa]"
418,Penelope,[]
419,Liza,[]
420,Zahra,[]
421,Steven,"[classic, fiction, italian]"
422,Pip,[1001-books-challenge]
423,S.,[]
424,Nel,"[favorites, the-bookclub]"
425,Marc,[italian-literature]
426,40 Forte,[too-often-overlooked]
427,Kristin Nichole,[]
428,Nicholas L,[]
429,Mark,[]
430,Dania,[]
431,Francisco Tapiador,[novel]
432,Ingrid Kirkegaard,[]
433,Mike,[]
434,Jen,[]
435,Annabella,"[school, classics]"
436,Stephen Durrant,[]
437,Samuela Zella,[]
438,Dave,[]
439,Chris,[]
440,Sheri,[addiction]
441,Benay Durmaz Güner,[]
442,Kave,[]
443,Nate Pontious,[]
444,Bill,[]
445,reza,[]
446,David,[]
447,Mills College Library,[fiction-new-books]
448,Lindu Pindu,"[psychology, fiction, quo-fata-ferunt]"
449,Bob,[]
450,Valentina,[]
451,Cris,[]
452,Katie,[]
453,محمد,[]
454,Simon,[]
455,Niki,[]
456,Leticia,[]
457,Kristi,"[1001-books, reading-challenge-2015]"
458,Fede,[narrativa-italiana]
459,Oksenja Viktor,[]
460,Jamie,[]
461,Megan,[]
462,Amy,[]
463,Addie Cole,[]
464,Alvino Boero,[]
465,surd,[]
466,jana,[read_2014]
467,Sabrina,[]
468,Bryan,[]
469,Davide Nole,[]
470,RK-ique,[fiction]
471,Doug Tidwell,[]
472,ringoallavaniglia,[]
473,Joselito Honestly and Brilliantly,[]
474,Brandon,[]
475,Maryka Biaggio,[]
476,Jeff,[]
477,Diana,"[2015reads, to-buy]"
478,Joseph,[]
479,Tony,[]
480,Bill FromPA,"[modern-novels, translation]"
481,Ivy,[]
482,Jesse,[]
483,Carol Peters,[]
484,Jon G,[]
485,Luisa,[]
486,Jake,[]
487,Mat,[]
488,Núria,"[mios, 5-favoritos, literatura-italiana, siglo-xx, para-la-isla-desierta]"
489,Andrew,[]
490,Thurston Hunger,[]
491,Matt Norwood,[]
492,Stefania Druga,[]
493,Marie,[]
494,Deborah Guarnieri,[]
495,Maria,[]
496,Nora Dillonovich,[imaginary-bffs-live-in-these-pages]
497,Laginestra,"[l, italiana, isola, deserta]"
498,Alex,[]
499,AJ,"[do-not-own, fiction, 2012, da-leggere-in-italiano-un-giorno, trieste-italia]"
500,Coffee,[]
501,Charles Samuels,[2011]
502,Somayeh,[]
503,Martina Tanga,[]
504,Henk,[]
505,Peter Klopfenstein,[]
506,Printable Tire,[grunge-slacker-twentysomething]
507,Susu,[]
508,Roberto Rho,[]
509,Emily,[]
510,Jim Talbott,[]
