,user,tags
0,Rob Tapper,[]
1,Hà Nguyễn,[]
2,Alyazi,[favorites]
3,Tuba,[]
4,Mohammad Aref,[]
5,Asséil Bokharouba,[]
6,Nadia,[inspiration]
7,Feisty Harriet,"[book-club-selections, fiction]"
8,Ahmedou,[]
9,Drahmed55,[books-2015]
10,فاروق الفرشيشي,[]
11,Slavo Ingilizov,[]
12,Gamal elneel,[]
13,محمد على عطية,[روايات-أجنبية]
14,Dr Ayyam,[2014]
15,Ibrahim Saad,[]
16,Maryam Essam,[]
17,Lora Grigorova,[]
18,Arezu Wishka,[]
19,Abdullah Alansari,"[novels, classic-novels-project]"
20,Alex is The Romance Fox,"[favorites-books, authors-i-o, classics-poetry-philosophy, historical]"
21,Anthony Landahl,[classic]
22,Sara Abdulaziz,[]
23,Mamdouh Abdullah,[]
24,الشَّيمَاء الغِرياني,[]
25,أحمد أبازيد Ahmad Abazed,[]
26,Marwan Alamoudi,[]
27,Lubna ALajarmah,[قرأته-pdf]
28,Georgia Kapitsaki,[]
29,Sandy,"[2016-reads, 2016-tbr]"
30,Sinem,[]
31,Alecu Matraguna,[]
32,Khulood,"[arc, read-in-2015]"
33,Ahmad Sharabiani,"[classic, novel, fiction, literature, modern, greece, 20th-century]"
34,Mahsa.Rmt,[]
35,هاجر بلحاج,[]
36,Helen Stanton,[]
37,Mira ,"[favourites, own-it, 2011]"
38,Kaloyana,[favorites]
39,وضحى,[novels]
40,Reem,"[translations, ebooks, novels]"
41,Mohammad Mirzaali,[]
42,Mohammed,[]
43,ديـــــنا العثامين,[pdf]
44,Μιχάλης Μανωλιός,[]
45,Asaad Alsayer,[]
46,Arakah Mushaweh,[]
47,محمود حسني,[]
48,Mohamed Shady,[]
49,Haman,[world-novel]
50,Che  Hypatia,[favorites]
51,Lammoth,[]
52,Aju Krishnan,[]
53,ميس  أكرم,[]
54,Stosch,[european]
55,منعم ,[]
56,Jamal Esam,[]
57,Nick,[]
58,Meseceva Reka,[favorites]
59,onejusthead,"[prix-du-meilleur-livre-Étranger, 1888-1955, films-interesting-films, greece, soldiers-of-fortune]"
60,Fx,[favorites]
61,Roaa ali,[]
62,Chris_P,"[classics-and-modern-classics, 5-star-diamonds, greek]"
63,Nour ,[]
64,Kayra,[]
65,Afshar,[]
66,أسيل,[]
67,Ranya Mandilla,[]
68,Jeannette Nikolova,[]
69,Brad,[classic]
70,Tariq A,"[روايات-وقصص, 2013]"
71,Stephanie Ricker,[classics]
72,Ali Alghanim,[]
73,Mostafa Mostafa,[]
74,Shabnam,[]
75,Бранимир Събев,[favorites]
76,Yaman Aldous,[]
77,عائشة,[]
78,Carla Coelho,[]
79,Kaph,"[1000-books, less-novel-more-lecture, g1000-love]"
80,mala,[]
81,Nada Al-Ghamdi,[]
82,Elham,[]
83,Özge İnci,"[favorites, readingchallenge-2015]"
84,Natheer Malkawi,[favorites]
85,Ahmed Maarouf,[]
86,Meetu,[]
87,Yeliz,"[author-greek, novel, sexism-at-its-best]"
88,Amira,[]
89,Ahmed Oraby,[]
90,Erez Davidi,[]
91,Monika,[]
92,Behzad,[]
93,Milad Soor,"[باید-دوباره-بخونمش, فیلمشو-دیدم, رمان, مورد-علاقه]"
94,MahYa,[]
95,Aziz Alawadhi,[]
96,محمد الهاشمي,[favorites]
97,L.,[]
98,Lisa,"[audio-book, c20th, greece]"
99,Brielle,[]
100,Boyan,[]
101,Mariya Alsadiq,[]
102,kostas  vamvoukakis,[]
103,Waleed Alfakih,[]
104,Somaye Homayoun,[]
105,Amir ,[novel]
106,Sujood amro,[]
107,Huthaifa Alomari,[]
108,Mahmoud Abu Adi,[favorites]
109,Gabriele,"[owned, letteratura-greca]"
110,Aya,[]
111,Hoda Elsayed,"[أدب-مترجم, قراءات-عام-2015]"
112,Ceyda,[]
113,Safaa Ihmaed,[]
114,Little Stana,[stana-banana-reading-list]
115,حسين إسماعيل,[]
116,Ahmad Aryaei,[]
117,MashailGhammas,[]
118,Evan,"[world-literature-top-100-list-poll, my-faves, 2009-reads, __in-my-collection, yearning, favorites, evans-alternative-100]"
119,Koky Mostafa,[]
120,toqa glal ,[]
121,EGe,[]
122,Sarah Harb,[]
123,Andrei Tamaş,[]
124,Basma shalaby,[]
125,سمارا البياتي,"[favorite, national-library]"
126,Mohammad Alassaf,[]
127,Huda,[]
128,Thomas,[]
129,Hadil Zawahreh,[]
130,Mohamed Al Marzooqi,[روايات]
131,Samin,[novel]
132,Mohamed Khaled,[قرأت-في-2013]
133,Halil,[izledim-de-bunları]
134,Irini,[]
135,Kate,[]
136,Agnieszka,"[own, 2014, reviewed]"
137,samar salman,[]
138,Sara Adel,[]
139,محمد سيد رشوان,[ورقى]
140,Obaydah Amer,[]
141,Tarek Abady,[]
142,Murtadha,[]
143,علاء,"[في-مكتبتي, روايات, المفضلة, to-read-again]"
144,إبراهيم   عادل ,[]
145,Johnny Notte,[]
146,Nojood Alsudairi,"[arabic-books, fiction, translations, 2011-readings]"
147,mai ahmd,[روايات]
148,Noah Gittell,[]
149,sidana,[]
150,Vera,[favourite]
151,fatimah razzaq,[]
152,ahmed Eid,[kazantzakis]
153,Ali AlShewail,"[روايات, مترجم]"
154,بشاير عَلي,[]
155,Zainab,[]
156,hamed,[]
157,Christopherseelie,[]
158,Haneen,[]
159,Kerfe,[fiction]
160,رؤى سلطان,[]
161,Fahad,[]
162,Doa'a Samara,[]
163,هالةْ أمين,[]
164,Eric,[]
165,Hanaa Walid,[done-reading]
166,Tharwat,[]
167,Masumeh,[ادبیات-شفاگر]
168,Thaer Dieb,"[2012, روايات]"
169,Amal 88,[]
170,Basim Mahmoud,[masterpiece]
171,Angie Palau,[]
172,Serem,[kitaplık]
173,Husna,[]
174,Margarita,[fiction]
175,Ahmed,[]
176,Nancy Ibrahim,[]
177,Saeed,[]
178,Mohammed Hussam,[]
179,ناصر اليامي,[]
180,Khaled Al Sharqawi,[]
181,Beverly,[1001-bymrbyd]
182,مؤيد المزين,[]
183,Arun Divakar,[favorites]
184,khashayar,[]
185,Hamza Senhaji,[]
186,Jared Wellman,[]
187,ايمان,[]
188,Gozde,[]
189,Faisal,[]
190,Sadiq sagheer,[]
191,Gussie,[]
192,Ali Jamal,[]
193,Jackie Petroulias,[2016-to-read]
194,Ahmad Badghaish,[]
195,kaire,[]
196,Maryam gh,[]
197,Achref,[]
198,İsmail Avcu,[favorites]
199,Raghad Ashoor,[]
200,Turky Fathaldin,[]
201,Mody,[]
202,Boni,[]
203,Maryam,[]
204,Pinar Cag,[]
205,Pardis Parto,[]
206,Esraa Ghannam,[]
207,فيولّآ مُونروْ,"[2013, fav]"
208,Demetrios,[favorite-fiction]
209,Chrissie,"[fiction, philo-psychol, religion, greece, audible, 2014-read, classics]"
210,وليد الشايجي,[]
211,Molook,[favorites]
212,Fatima,[]
213,Ezgi,[]
214,Magdalen Kara,[]
215,أحمد جابر,[greek-library]
216,Stephen,[]
217,wasan bahir,[]
218,Chocolaa,[the-worst-ever]
219,Anna,[favorites]
220,Ahmed Aljabery,[روايات]
221,بثينة العيسى,[]
222,Michelle,[]
223,Hesham,[]
224,Ahmad,[]
225,سندس أبوغوش,[]
226,Majed AlShehri,[to-get]
227,Al-anoud Al-jarbou,[]
228,رذاذ اليحيى,[]
229,Cady Ali,[]
230,Aljoharah Alobaikan,[]
231,Abdulhakeem AL-DAKHIL,[]
232,mahad,"[novel, greek-literature]"
233,Euphoric,[favourites]
234,فاتن,[]
235,Emad Omary,[]
236,Lazaros Karavasilis,"[books-i-own, favorite-books]"
237,أسماء | ASMA,[]
238,Jumana,[]
239,Rihab,"[favorites, arabic-books]"
240,Hiba,"[favorites, novels, cultural]"
241,Naim Elmehdi,[]
242,6aif,[]
243,Heba TariQ,"[مكتبتى, حلويات, تراجم, قراءة_مواصلات]"
244,Ioan Suhov,[]
245,Mary Overton,[]
246,Jason,[]
247,Yavuz PALA,[]
248,Hoda Marmar,"[bookoholics, own, arabic, around-the-world-in-books]"
249,Steve,[greek]
250,Nour AlHaj Yehia,[]
251,مریم ملکیان,[]
252,Shokufeh شکوفه  Kavani کاوانی,[]
253,Aman,[]
254,نبال قندس,[]
255,Dr.Abdulkarem,[]
256,Rasha Alagha,[]
257,Ali Al Hadad,[]
258,Rawan Albadain,[]
259,Eman Dubul,[]
260,Aziz,[]
261,Greg Deane,[]
262,Marwan tantour,[]
263,Justin Mitchell,[]
264,Mehmet,[]
265,Elham Ghafarzadeh,"[novel, favorites, re-read, classic, fiction, literature, philosophy]"
266,Hassan,[]
267,Alhamza.Fadil,[]
268,Bahadir Arslan,[]
269,Mohammad Dawood,[2013]
270,Parnian,[]
271,Sonduus,[]
272,Zuhair said,[]
273,Areej Ibrahim,[]
274,منال,[]
275,Pequete,[]
276,Samer,[]
277,mohamadadali abtahi,[]
278,Lauren,[]
279,محمد فوزى,[]
280,Maysoon Alshaheen,[]
281,Zachary Karabashliev,[]
282,Fatma Adel,[]
283,Amirhossein Zakerin,[]
284,Afrah,[]
285,Heba ʚϊɞ,[]
286,Magda mostafa Hemdan,[ورقي]
287,هــالــه بــاقــر,"[novels, favorites]"
288,عبدالله ,[]
289,Jacqueline,"[favourites, movies, strong-souls, balkans]"
290,Aaron Wheeler,[]
291,ريما الشيخ,[]
292,Hossein,[رمان-خارجی]
293,Fatima Mohamady ..,[]
294,Sarah Shahid,"[read-in-2012, historical-fiction, literature, novels, philosophy, culture, classics]"
295,Eadweard,"[fiction-read, greek]"
296,Tulip,[أدب-عالمي]
297,عائشة العبدالله,[]
298,Mohammed Al Otaibi,[]
299,Moshtagh ghurdarvazi,[فیلمشم-دیدم]
300,Kristel,"[1001-books, greece, 1001-challenge]"
301,Fatemeh,[]
302,hayatem,[رواية]
303,Eylem T,[]
304,❁ بــدريــه ❁,"[نسخ-ورقية, 2015, في-مكتبتي]"
305,Jihad B.Youness,[]
306,Sarah,[في-مكتبتي]
307,Omnia,"[e-books, 2011]"
308,أفنان,[favorites]
309,عبدالكريم الخليفي,[favorites]
310,Amal,[]
311,Batool,[e-book]
312,Helmut,[favorites]
313,Shahad alkhenizan,[]
314,Wesam Mahmoud,[]
315,Mahmoud Saladin,[]
316,Alhashimi Mustafa,[]
317,Roberta,"[2012, classici]"
318,Hülya Midilli Meier,[]
319,Ngan Pham,[]
320,Ala'a,[]
321,Melika Khoshnezhad,[]
322,shaihanah,[favorites]
323,Menna Eltellawy,[]
324,Temmuz Can Gezer,[]
325,Amanda Alexandre,"[xx-century, cult, disappointments]"
326,arash,[]
327,Mohammed Alsalik,[أدب-روايات]
328,Robert Case,[fiction]
329,Ioana Crețu,[]
330,Zahra,[]
331,Shoshi ♥~,[روايات-مترجمة]
332,Steven,[ancient]
333,wickedfarmgirl,[]
334,Rida Hariri,[novels]
335,Shahram Keivani,[]
336,Sorana,[]
337,Amal Alfaouri,[]
338,Hawra,[]
339,Daniela,[read-as-a-student]
340,Shahd Bensaoud,[]
341,Damiana,"[ebooks, grecia]"
342,Mike,[]
343,Ráid,[]
344,Moayad,[]
345,Tamara Sapaneh,[]
346,Mahsa,[]
347,Lina AL Ojaili,[كتب-منوعة]
348,Chris,[]
349,Bashir Alsamani,[]
350,روان طلال,[]
351,Abdullah Abdulrahman,[]
352,Antonia,[very-special]
353,Giedrius Padriezas,"[phylosophy, e-books, great-ideas, fiction]"
354,A-Ile Self-hallucination,[greek-literature]
355,Quân Khuê,"[favorites, read-more-than-once, masterpieces]"
356,Ahmad Alahmadi,[]
357, Imene,[كتب-مترجمة]
358,Cameron,"[literature, favorites]"
359,Oğuzhan Eser,[favorites]
360,Ahmad Zarzoor ,[favorites]
361,Sura  ✿,[novels-روايات]
362,Salam Ch,[bookoholics-list-2016]
363,Chee  Guevara,[]
364,Ameen,[]
365,Batoul Yakti,[]
366,Ruba Sheikh Abdo,[]
367,Khaled Yeslam,[]
368,SENEEN ,[]
369,Salsabil Emam,[]
370,سلمى الجابري,[]
371,Anthony,[]
372,Suzi,[]
373,Spiros,"[chasingmytail, remainders, cinerelated]"
374,Momina Masood,[greek-literature]
375,Ed Hyde,[]
376,Realini,[]
377,Tommy,[]
378,Bagher (BFZ),[]
379,Snotchocheez,[]
380,Asim Alzou'bi,[novels]
381,Emy Jabran,[]
382,Marianna,"[all-time-favorites, classics]"
383,Jenny,[]
384,Dr Ebtisam,[]
385,اتنا,[]
386,Thành Trung,"[favorites, historical-fiction, classics, best-characters-ever, philosophy]"
387,Reyhaneh,[]
388,Razan,[]
389,Nada EL Shabrawi,"[في-مكتبتي, مترجمات]"
390,علی,[novels]
391,أحمد مصلح,[]
392,Camille,[]
393,Barahir Gray,[]
394,FeReSHte,[greece]
395,Danial,[]
396,Abdullah Yacoub,[]
397,Andres,[fiction]
398,Mounia Hannachi ,[]
399,Dania Shrbaji,[]
400,ghyath,[]
401,Elalma,[]
402,ولاء,[]
403,Laila,[]
404,Bayan Al-Dakheel,[2011]
405,Θεώνη Μπριλή,[]
406,أقمار المسيري,[]
407,Hamza,[]
408,نائلة حلتوت,[]
409,Houry Keshishian,[greek-literature]
410,Waheba,[]
411,Thanh Nguyen,[]
412,Gypsy,[]
413,جابر طاحون,[روايات]
414,محمود أغيورلي,[]
415,haripriya,[favorites]
416,تهاني عبدالواحد,[owned-books]
