,user,tags
0,أحمد زهران,[نجيب-محفوظ]
1,Omar Salem,[]
2,Basel,[]
3,Nourhan,"[arabic-novel, 2014]"
4,Anwar fath elbab,[]
5,maحmoud Badr,[نجيب-محفوظ]
6,Mai Sweed,[]
7,Shrief Khamis,[]
8,أَحْمَد,[كتب-سيئة]
9,وائل عبدالرحمن قريطم,[نجيب-محفوظ]
10,Ahmed Ellaithy,[]
11,Gamal elneel,[]
12,MǿĦãmêð Ħãłĭmǿ,[]
13,Omar Zydan,[]
14,Mohamed Osman,[]
15,عبدالرحمن خضارى,[]
16,هاشم السداوى,[]
17,Sara Hussein,[]
18,إسراء مقيدم,[]
19,Tariq Alferis,[]
20,Mohamed Jemy,[]
21,Ali Korkor,[]
22,محمد الناغي,[]
23,ahmad  galal,[2014]
24,Radwa,[]
25,Einschrein,[]
26,Mona Ali,[]
27,Sahar,[كتب-عندى]
28,Mahmoud,[مثير-للجدل]
29,Esraa,[novel]
30,Salah Mohsen,[]
31,Noor,[]
32,Howard,[world-literature-top-100]
33,Ahmad Sharabiani,"[classic, novel, religion, culture, african, egyptian-literature, 20th-century]"
34,Larbi Gouzal,[افضل-ماقرات-في-2015]
35,هدى البرعى,[]
36,أَحمَد إبرَاهِيم,[]
37,lolla,[]
38,Yousra,[]
39,Qabas Albawy,[]
40,Youmna Higagy,[]
41,Abdullah M. Khalaf,"[رواية, أدب]"
42,Mohamed Mostafa,[]
43,Hamada99,[]
44,Marwa Abdullah,[]
45,Ahmed Sami,[]
46,Ahmed Sleet,[i-own]
47,Abdalla Basiony,[]
48,Mohammed,[]
49,Maryam Rajee,[short-stories]
50,أحمد عبدالحي,[]
51,خَـــالِــدٌ المُقَـــــــدِم,[]
52,Karim Bazan,[]
53,Ahmed Samy,[]
54,Omar  Baraka ,[]
55,Khallaf Eisa,[]
56,Malak Alrashed,[]
57,Mady,[]
58,Hazem Ashraf,[]
59,Yassmeen Altaif,[]
60,Basma Maged,[]
61,Mohamed Shady,[]
62,Mohamed zidan,[]
63,Un Reviví,[]
64,Engy Effat,[]
65,Ahmed Silfasi,[أولاد-حارتنا]
66,Mustafa Rizq,[]
67,Odai Alsaeed,[]
68,Ahmed M. Abdallah,[]
69,اسماء,[]
70,Hisham Al-adeeb,[]
71,Omar Saeed,[]
72,Mai Tarraf,[]
73,Waled,[قرأتي-في-2015]
74,Zainab Mirah,[]
75,Jibran,"[fiction, nobel, arabic, 100-works-of-world-lit]"
76,Lolita Saleh,[]
77,Ahlam,[]
78,FN,[لم-يرقني]
79,Alfredo Scognamiglio,[]
80,Salma Abu-zeid,[]
81,Mohamedsalman,[]
82,Kyrelloss Nashaat,[]
83,Nour ,[]
84,Eman Nassar,[]
85,Mohammed Radhi,[]
86,Mahmoud Fared,[]
87,che mahmoud,[]
88,Fara7,[]
89,Fatimah,[]
90,Amr Rashad,[]
91,Tariq A,"[روايات-وقصص, 2012]"
92,أحمد عقل,[]
93,Imen Hamdouni,[]
94,Mohamed Salah El Den,[]
95,Behnam Tehrani,[]
96,Mohamed Abdelaty,[روايات]
97,Farzat AL Chayah,[]
98,Abdelhamed,[روايات]
99,Besho Ebrahim,[]
100,Ahmed Mahmoud Gamal,[naguib-mahfouz]
101,Mohamed Abed,[]
102,Mohamed IBrahim,[روايات-عربية]
103,Muslim Al-Bahrani,[]
104,Aya El_Tabey,[]
105,علي حسين,[]
106,Menna Elsayed,[]
107,Eslam Jossip,[]
108,Ahmed ,[]
109,Mohammad Elsheimy,[misc]
110,Syrian_researchers,[الروايات]
111,Mahmoud Gamal,[]
112,islam Sabry,[]
113,Mohamed Alakak,[]
114,Nathan,"[nobel-laureates, abandoned, spirituality, translated]"
115,Mariam,[close-to-my-heart]
116,Maha,[]
117,Bazza Al-khayyat,[]
118,Muaz Ref,[]
119,Soukaina ashour,[]
120,Lisa,[]
121,أحمد نفادي,"[سأشتريه, محفوظ]"
122,Ahmed Said,[]
123,Mohamed Gamal ,[]
124,محمود خواجة,[]
125,Fady Youssef,[]
126,Ahmed Younes,[]
127,KNIGHT Alfayyad,[روايات-عربية]
128,Nesma Elgamal,[]
129,Aly,[favorites]
130,Mohammad Jamal,[]
131,Nouran Hany,[]
132,Shikoz,[]
133,Hussain Buhlaigah,[]
134,Mostafa Darsh,"[الأفضل, نجيب-محفوظ]"
135,Basma Ismael,[favorites]
136,Aya,[]
137,Awni F.,[]
138,Ahmed Elsebay,[favorites]
139,رشا خطاب,[]
140,Samir Nammoor,[searching-for-faith]
141,Ahmad أحمَد,"[المفضلين-و-كدة, نجيب-محفوظ]"
142,Abd El-halim,[]
143,Saba Eldesukey,[]
144,Ahmed Diab,[]
145,toqa glal ,[]
146,Karim gamal,[favorites]
147,Hadeer,"[my-library, 2014]"
148,Huda,[]
149,Mahmoud keshta,[]
150,Caroline ,[very-good-books]
151,Mohamed Al Marzooqi,[روايات]
152,Eslam,[]
153,Enas Dawood,[]
154,عبدالرحمن أبوذكري,[fiction]
155,Ebrahim Ahmed,[owned]
156,Wael El-attar,[]
157,هند ,"[2013-list, hard-copy]"
158,Sara Gawish,"[own, my-2013-reads]"
159,Fayyad N.,[]
160,Engy Tarek,[]
161,Nadhir Mindfreak,[]
162,Maryam  Zubeir,[]
163,Amgad Muhammad,"[arabic, winners-of-the-amgad-award]"
164,دينا نسريني,[]
165,Tamara,[]
166,Tahani Sleim,[]
167,Ahmed Nassar,[نجيب-محفوظ]
168,محمد الحمراوي,[]
169,سامح شاهين,[]
170,Engy Habib,[]
171,Maha Maged,"[_, mahfouz-naguib]"
172,Rim Abdelmone'm,[]
173,Obaydah Amer,[]
174,Lainie,[abandoned-or-set-aside]
175,Osama Abdelghany,[]
176,Mohamed Abd elwhab,[]
177,ياسمين خليفة,[]
178,Taha Sewedy,[]
179,حسين السيد,[]
180,Mustapha Amin,[]
181,Ahmad Farid,[]
182,عمران سليمان,[في-مكتبتي]
183,فاروق الفرشيشي,[arabic-fiction]
184,Sandy Abdel Khalek,"[i-recommend, books-i-own]"
185,Manalcoholic,[favorites]
186,هديل خلوف,[]
187,ahmed Eid,[mahfouz-naguib]
188,Islam Emara,[]
189,Sara Mehrez,[]
190,Maro Ahmed,[]
191,سا ره,[]
192,Ahmed Salem,[]
193,AHMED ADEL SALAMA,"[philosophy-cal, نجيب-محفوظ]"
194,Ammar Madan,[2016]
195,Eslam Ahmed,[نجيب-محفوظ]
196,Yossra,[]
197,Ahmed Saed,[]
198,Judy,"[literature-in-translation, 20th-century-fiction, books-from-1959]"
199,أحمد متاريك,[]
200,✾ بسام ✾ RIHANI ✾,[رواية]
201,Zoha Trabelsi,"[novels, boring, ebook, egyptian-literature, read-in-2013]"
202,Amany Omar,[]
203,Hülya Balcı,[]
204,Safy magdy,[]
205,Selvana Jehad,[2016]
206,Mohamed Abdulaziz,[]
207,Mohamed Elhoshy,[]
208,Mona Keshta,[]
209,Mhmod Shora,[]
210,Emadeddin,"[favorites, remarkable, i-need-six-stars-for-this, life-changing-books, نقد-السلك-الكهنوتي, for-my-future-hypothetical-wife, في-الطريق-إلى-الإيمان, books-i-own, 2016-reads, best-of-2016]"
211,Tharwat,[]
212,Usama,[]
213,Raafat,[]
214,Ahmed Assar,[]
215,Moaz Mohamed,"[2015, نجيب-محفوظ]"
216,Evey,[]
217,محمد سيد رشوان,[محفوظ-إمام-الأدباء]
218,Khaoula  Dahia,"[نجيب-محفوظ, paper-book]"
219,Ahmad Hamdy,[]
220,Mahmud Elyyan,[]
221,Yasser El Zahhar,[]
222,Basim Mahmoud,"[نجيب-محفوظ-و-لا-منجيبوش, masterpiece]"
223,Sabeeka Al,[]
224,Serem,"[kitaplık, favorites]"
225,Ahmed Ramadan,"[favorites, استعارة, نجيب-محفوظ]"
226,Ahmed nazzal,[]
227,mohab samir,[أدب-عربى]
228,ضُحى,[]
229,Eman Osama,[]
230,Mohammed Arabey,[]
231,محمود قدري,[]
232,Ahmed,[]
233,Esraa Abbas,[]
234,Mohamed samir msf,"[favorites, نجيب_محفوظ]"
235,Shimaa Adel,[]
236,Caracalla,[]
237,Emy Emy,[]
238,Menna Yousef,[]
239,Ahmed Mohsen,[نجيب-محفوظ]
240,مؤيد المزين,[]
241,Jaber  ,[]
242,ايمان,[امتلكها]
243,Faisal,[]
244,Lujin Al badawi,[]
245,Reham Mohssen,[novels]
246,Khaled Elaswad,[]
247,Mais,[bad]
248,DỘn Mando,[]
249,Ali Jamal,[]
250,Aya Ehab,[]
251,rofida,[]
252,Kamal,[]
253,Felisberto,"[2011, favorites]"
254,shima Zaki,[]
255,Ahmed Faid,[]
256,Mahmoud Haggui,[arab-literature]
257,Marouan Abed,[]
258,Mohamed Elshobaki,[]
259,Sheref Younan,[]
260,Abeer Suliman,[]
261,Ahmed Ewida,[نجيب-محفوظ]
262,Πάνος Τουρλής,[]
263,Ahmad Abdelhady,[]
264,Hesham Khaled,"[literature-الأدب, الأدب-العربي, novels-novellas]"
265,Salah Mortaja,[]
266,Ayman Grais,[]
267,Tyler ,[]
268,Sul6an,[]
269,Omar Soliman,[]
270,حازم,[]
271,Youanna Nabil,[]
272,علا قحطان,[]
273,Amged,[]
274,Marco Maged,[]
275,MOHAMMAD SOLIMAN,[]
276,Mohamed Ateaa,[owned]
277,Wefak Lkadmiri,[]
278,E_h,[]
279,Mohamed Yehia,[]
280,أحمد,[]
281,Ahmed M. Gamil,[favorites]
282,Wisal,[]
283,Mohamed El-Attar,"[in-my-library, novels, مولانا_نجيب_محفوظ]"
284,Mohamed Nabil,[]
285,احمد الانصارى,[]
286,Mostafa ,[]
287,لقاء السعدي,"[owned-books, روايات, نجيب-محفوظ]"
288,بثينة العيسى,[]
289,Ahmad Kadri,[]
290,Mohammed El hamawy,[]
291,آية عبد الصمد,[]
292,عبد الرحمن محمد,[]
293,عبدالرحمن,[نجيب-محفوظ]
294,Hesham,[]
295,Aya Hassan,[]
296,Sarah Samir,[]
297,Donabilla,[]
298,Afnan Mahmoud,[]
299,Nazmi Yaakub,"[sastera, terjemahan, mesir, nobel]"
300,ياسمين الشام,[]
301,Ayman Saeyeldin,[]
302,Khaled harby,[]
303,Sirin,[]
304, Δx Δp ≥ ½ ħ ,"[a-day-in-the-life, things-we-said-today]"
305,Ahmed Reda,[]
306,Abdo Mousa,[]
307,محمود القرضاوي,"[روايات, نجيب-محفوظ]"
308,Ola Ghobachi,[]
309,Zohra Ouahabi,[]
310,فهيمة محمود,[]
311,Yasmine El-deeb,[]
312,Amr Fahmy,[]
313,Zahraa,[dnf]
314,Ahmed ramzy,[]
315,Bassel Al-Araby,[]
316,Oelnoury,[]
317,Moad,"[egyptian-literature, books-i-own]"
318,Rosa Rose,[]
319,مروة الجمل,[]
320,Rain drop ,[]
321,eman,[]
322,شيرويت ,"[ورقيه, did-t-complete]"
323,Aml Aly,"[أدب-عربي, favourite, owned]"
324,Marwa Talaat,[]
325,ghada magdy,"[2011, owned]"
326,Dalia Mahmoud,[]
327,Alabbas Fadhel,[]
328,Muhammad Samir,"[e-books, naguib-mahfouz, egyptian-novels, nobel-prize, philosophy, egyptian-literature, summer-2013, egyptian-theatre, published-1959, egyptian-classics, egypt, religion, egypt-literary-fiction]"
329,Nizar Sammak,[]
330,Sara Salah el bahrawy,[]
331,حمزه جمعه,[]
332,Mohamed Ali,[]
333,Aisha Aldossari,[مفضلتي]
334,Abdullah Garatli,[]
335,عبد الرحمن  علي,[]
336,Ghada,[]
337,Mohamed Aldiastty,[]
338,Menna,[]
339,Yasmin Ghareeb,[]
340,SheRif  ElBaz,[نجيب-محفوظ]
341,Ahmad  Ȝoqda ,[]
342,Eyüp Aygün Aygün,[]
343,Youmna,[]
344,Mohamed Rashad,[]
345,Deezer,[classics]
346,عيسى,[reviews-s]
347,Mohamed,[]
348,Jeremy,[arabic-literature]
349,Fady Samir khella,[]
350,Sara Mohsen,[]
351,Shaimaa Rady,[]
352,fathi esam,[]
353,Abanoub Ibrahim,[naguib-mahfouz]
354,Huda Yahya,"[نجيب-محفوظ, philosophy, novels_novellas, عن-الأديان-والنقد-الديني]"
355,Shaza ╭♥╯,"[e-books, نسخة-ورقية, روايات-عربي]"
356,mark,[]
357,Aziz,[]
358,Kholod,[]
359,Doaa Ahmed,[favorites]
360,Hagar Shaheen,[]
361,Mohamed Abdelkader,[]
362,Umnia,[]
363,Esraa Kamal,[]
364,Enas Ahmed,[]
365,SalmaDahi,[]
366,Hassan,[]
367,Feras,[2016]
368,Ahmed Ashour,[]
369,Alhamza.Fadil,[]
370,Muhammed Mamdouh,[]
371,Haytham Lashin,[owned]
372,Hend awad,[]
373,Mai Mahrous,[]
374,ِAhmed  AboELkheir ,[]
375,Dalal Alqusair,[]
376,عمر عصام,[]
377,Hassan Ali,[]
378,Gautam Bhatia,[]
379,Ali Wael,[]
380,Karim Karawya,[]
381,Sawsan,[]
382,Ahmed Gamal,[]
383,Khaled Adawy,[mine]
384,Mahmoud Zhran,[favourite-books]
385,بلال طه,"[read-in-2012, روايات]"
386,Magda mostafa Hemdan,[ورقي]
387,هــالــه بــاقــر,[novels]
388,Zahra Taher,[روايات]
389,Asmaa,[]
390,Mary Ellen,[]
391,Alireza Sahafzadeh,"[sepid-book-group, africa]"
392,Yazeed,[]
393,Mohamed Al Sayyah,[]
394,Nashwa Medhat,[novels]
395,Semsema Sami,[favourite]
396,Wa3d,[]
397,رامي,[]
398,Mohammad.F Jaber,[books-that-will-change-your-life]
399,Kristen Northrup,"[fiction, fromlibrary]"
400,Hassan Mohammed,[]
401,Sara Alawneh,[]
402,Shaikha Alkhaldi,[read-2016]
403,Sherif Azer,[]
404,Samar,"[i-own, 2014-books]"
405,Mahmoud Elsheikh,[]
406,Doaa Hassan,[owned-books]
407,Yasmin Mohamed,"[روايات, نجيب-محفوظ]"
408,الرُوض المهيري ,[]
409,أحمد البرعي,[]
410,Hadeer abd el fattah,[]
411,تهاني الهاشمي,[]
412,Mohamed Alwakeel,[]
413,Sarah,[]
414,Osama Shata,[]
415,David Gavilan,[]
416,Ahmed Younis,[]
417,Hayder,[]
418,Youssef Raouf,[نجيب-محفوظ]
419,Hamad Mansour,[]
420,Suhib,[]
421,محمد حمدي,[]
422,Shrooq Hisham,[]
423,Don Tito,[]
424,John Romany,[]
425,Amira Mahmoud,"[نسخ-ورقية-واستعارة-مكتبية, أدب-روايات]"
426,Menna Kh.,"[books-i-own, 2012]"
427,Ahmed Sayed,"[روايات, مكتبتى, نجيب-محفوظ]"
428,Superbty,[electronic-book]
429,Ayman  Agour,[نجيب-محفوظ]
430,Aïman Raad,[]
431,محمد ذهني,[]
432,Ali Adham,"[أرشحه-لك, روايات]"
433,Mohammed Hussam,[]
434,Reham Seria,[نجيب-محفوظ]
435,Omniya,[]
436,Maria Gad,[روايات-عربية]
437,Johan Radzi,[]
438,Mohamed Adam,[]
439,Berry Adel,[نجيب-محفوظ]
440,Rema Syr,[]
441,Abdullah Soliman,[]
442,Ahmad Mahmed,[]
443,Shady Salah,[]
444,Ahmed Qamesh,[]
445,محمود  حسين ,[]
446,Diaa Eldin,[روايات-_قصص]
447,Sue,"[classics, religion-spirituality, literary-fiction, read-in-2011, library-book, egypt]"
448,Sarah Milad,[]
449,محمد مختار,[]
450,Abdullah Bureak,[]
451,Omar Abdelaziz,[محفوظ]
452,Kareem brakat,[رواية]
453,Khaled,[]
454,Walid jeve,[]
455,Hanadi Khayran,[]
456,Shahd Bensaoud,[]
457,Ahmed Rayan,[]
458,Asmaa Abdelkader,[]
459,Ah Mad,[]
460,قمر محمد,[]
461,Rana Ayman,[]
462,راضية عشي,[]
463,Ahmed elmohamedi,[]
464,Wafaa ,[]
465,Najla Hammad,[]
466,Chris,"[egypt, lit-fiction-african, religion, poc-on-cover]"
467,Mohammed Al-Kurbi,[نجيب-محفوظ]
468,Walaa Shaaban,[]
469,Joseph Sverker,[novels-arab-world-and-turkey]
470,نجلاء سعيد,[نجيب-محفوظ]
471,Dina Omar,[مفضلتى]
472,Sar,[أدب-عربي]
473,Al-waleed Kerdie,[]
474,Ahmed Atef,[]
475,I_afnan_,[]
476,Mohamed Safwat,[]
477,Mohammed Boulemzaoud,[]
478,Mostafa,[آسیا-و-آفریقا]
479,Bola Shokry,[novels]
480,Muhannad saad,[]
481,غادة إبراهيم,[]
482,Muhammed Mustapha,[]
483,Engsheva,[]
484,Samar Abo el-sood,[]
485,Neveen,[]
486,Ahmed Alaa El-din,[]
487,Abdullah,[]
488,Reta,[]
489,عبدالرحمن الدلال,[]
490,Marwa Fathy,[مكتبتي]
491,Ahmad  Ebaid,"[أدب, فلسفة]"
492,هدير,[]
493,Ruth,[]
494,Peter Emad,[]
495,Moatazz Nawwarah,[]
496,Imane El Marzouki,[]
497,Mohmed Abd el salam,[arabic-novels]
498,Yasmine Alaa,[favorites]
499,Mai Maged,[]
500,Elena,[]
501,Rinda Elwakil ,[نجيب-محفوظ]
502,Doaa,"[2014, owned]"
503,Mariam Magdy,[]
504,Hazem Anwar,[]
505,Reda Shokr,[]
506,RK-ique,[fiction]
507,رباب كساب,[]
508,Abdelhamid aboshady,[]
509,Nina G,[]
510,Walid Elalfy,[]
511,Hayel Barakat,[روايات]
512,Reham,[]
513,منن نصار,"[نجيب-محفوظ, لمسوا-القلب]"
514,Mohamed Tantawy,"[literature, philosophy]"
515,Ahmed Ibrahim,"[naguib-mahfouz, pdf, 2015, نثر, روايات, روايات-أجيال]"
516,Hossam Saeed,[]
517,Carol nabil,[]
518,Abrar Hani,[]
519,Mohamed Sabry,[أدب-روايات]
520,أسدالدين أحمد,[]
521,ِAhmed Saber,[]
522,Islam Sherif,"[mine, novels]"
523,Ayman,[]
524,Mona abdelmohsen,[نجيب-محفوظ]
525,Khaled Tolba,[owned-books]
526,Firas Addas,[]
527,Sha Hafez,[]
528,Amir mogy,[]
529,Ʀa Eǯ,[]
530,Hady Yehia,[]
531,اسلام احمد,[]
532,Bayan Al-Dakheel,[2011]
533,Sajeda Barni,[]
534,Reem Alkhalaf,[]
535,Mohamed Aboulazm,[favorites]
536,Karim,"[نجيب-محفوظ, here]"
537,Marwa,[]
538,Mohammad Awny Hamouda  El-Mesallamy,[]
539,Rasha Kurdi,[]
540,Ahmed Sallam,[favorites]
541,بشرى بن زعمية,[]
542,Mohamed al-Jamri,[favorites]
543,Haneen,[]
544,Aya Hatem,[]
545,E4ya,[]
546,Eman,[]
