,user,tags
0,Minoo,[]
1,ali,[]
2,Bahar Ranjbar,[]
3,laaya,[]
4,سپینود ,[]
5,sedighe,[]
6,Maria Lancaster,[]
7,Lazysabalady2004 emami,[]
8,yaser mirzaee,[]
9,Mehdi khani,[]
10,Enny Meirayani,[]
11,Ayesha Khan,[]
12,Sara m,[]
13,elahe,[]
14,zohreh,[]
15,syed Ahsan Jamal,[]
16,Bahar bahari,[]
17,Andrew Weiler,[]
18,Sahar,[]
19,Mahmoud,[]
20,Gh,[]
21,shahram,[]
22,Babak,[]
23,Amr Rabee,[]
24,Erik09,[]
25,zahra Hamidieh,[]
26,Ahmad Sharabiani,"[poetry, classic, art, calligraphy, literature, 13th-century]"
27,farnaz,[]
28,Omid Mohaddes,[]
29,Ali Rad,[]
30,NarGes ,[]
31,somayeh sarabi,[]
32,mehdi Sedighi,[]
33,Laya,[]
34,MD KHALID,"[persian-literature, poem, poetry, rumi]"
35,Farhad Mehrvar,[]
36,behruz badruj,[]
37,Ghezel,[]
38,Naghmeh,[]
39,Hejrat H,[]
40,Masoud Khatir,[]
41,Lili Shanna,[]
42,Arman,[]
43,Yasaman,[]
44,Shani J,[]
45,Reza,[]
46,aria lashgari,[]
47,Ala'a,[]
48,bamdad sales,[]
49,Yasser Fikry,[]
50,Masuod Ardakani,[]
51,Nasser Modarresi,[]
52,Rita,[]
53,sarah,[]
54,papar,[]
55,Nikoo,[]
56,Mazdak,[]
57,Golnaz,[]
58,erfan,[]
59,riraa,[]
60,Nazanin,[]
61,Razmeh,[]
62,Muhammad,[]
63,Sedi Sedehi,[]
64,Zahra akbarinezhad,[]
65,Hkamely,[]
66,Sara,[]
67,Elham,[]
68,Masoud,[]
69,Safoura,[]
70,r3za,[]
71,marzieh saghaeian,[]
72,GolnOusH Ashouri,[]
73,HoMa Me,[]
74,Deli,[]
75,عمار,[]
76,Abdullah Yeşilkaya,[]
77,Mahmood,[]
78,Nasim,[]
79,Kamand,[]
80,Reza Hadinasab,[]
81,Mohammad,[]
82,Parisa H.T,[]
83,Hamed,[]
84,Mariam,[]
85,Morteza,[]
86,Katayoun,[]
87,lab,[]
88,Mahshid,[]
89,A-Leee,[]
90,javad faraji,[]
91,Mahbod Zalakizadeh,[]
92,mohsen,[]
93,Amir ,[]
94,لطيفة,[]
95,amir,[]
96,Ghada  Abd Elsalam,[]
97,Setareh,[]
98,Asra  davoudi,[]
99,shirin,[]
100,Ali Rafizadeh,[]
101,Dorrin P,[]
102,Ramy omar,[كتب-2014]
103,Erzan,[]
104,Hfdk000,[]
105,Sina,[]
106,Hossein,[]
107,Artemis Girl,[]
108,Payam,[]
109,Ramin,[]
110,Mohsen Shiraqaei,[]
111,Maziyar pahlevan,[]
112,Majid,[]
113,samira,[]
114,aftab m,[]
115,Iman Faraji,[]
116,Parsa,[]
117,M.F. Moonzajer,[]
118,Bahram,[]
119,Mostafa Moghassemi,[]
120,Zeinab Karimi,[]
121,Forough Shafiee,[]
122,poorchista,[]
123,Sakhi,[]
124,ghazal lotfi,[]
125,Jiwa Rasa,[]
126,Meysam,[]
127,Ghazaleh Kazeminejad,[]
128,Jawid,[]
129,Sara Elsaeed,[تصوف]
130,Ali Nazari,[]
131,Tavana Asgari,[]
132,Hamid,[]
133,Samaneh,[favorites]
134,Sherine Shaar,[]
135,Maryam Shahriari,[]
136,Siyamak_ab_z,[]
137,Ensieh,[]
138,Amany Omar,[]
139,Mehrdad,[]
140,leila,[]
141,sajjad pooya,[]
142,taha,[]
143,Sherwin,[]
144,Zeyna333435,[]
145,Fahimeh,[]
146,Yousef,[]
147,Daniel Abdal-Hayy Moore,[]
148,Panthea,[]
149,Hassannak,[]
150,أحمد  العمدة,[]
151,morghesahar,[]
152,Shabani,[]
153,Iran,[]
154,Mehdi,[]
155,Naser Farzinfar,[]
156,Shaghayegh,[]
157,Morteza Ghasemi,[]
158,vahid paolo,[]
159,Afshin,[]
160,Ahmed,[]
161,Yeganeh Gh,[]
162,عمرو عبدالحميد,[]
163,amin,[]
164,Ramatia,[]
165,Mahdi soltani,[]
166,Maryam ghiasi,[]
167,Hadiseh,[]
168,Hamed jafari,[]
169,Afsaneh Hasanzadeh,[]
170,M Sabour,[]
171,An Pinatih,[]
172,Narges,[]
173,Ali Jamal,[]
174,yaraa,[]
175,zizoo,[]
176,hoda raoof,[]
177,attefeh,[]
178,Naseer Ahmad,[]
179,Rashin Zahedi,[]
180,Ümmühan Sahin,[]
181,Hamed Mohamadkhani,[]
182,faezeh,[]
183,Kamyar,[]
184,Araz,[]
185,sholeh,[]
186,Chiman Saeedi,[]
187,Mahdi,[]
188,Bahman,[]
189,Ata,[]
190,Tarek Abo Shama,[]
191,Farzad Hasan Zade,[]
192,Maryam,[]
193,Nassrin Azaran,[]
194,laila,[]
195,Kebrit !!!,[]
196,Hanieh,[]
197,Ramin yousefi,[]
198,Elmira,[]
199,Mohamad,[]
200,f. ,[]
201,Samin,[]
202,Mani Pashaei Rad,[]
203,Mohammad ghaderi,[]
204,zeinab m,[]
205,Hamid Reza,[]
206,Cyrus,[]
207,Civilized308,[]
208,Farrah Muthrafah,[]
209,Walid Elalfy,[]
210,Rikza Hakin,[]
211,Meghdad,[]
212,helia,[]
213,Mehdi m,[]
214,Amir Soleimani,[]
215,anggun cakti nugrahenny,[]
216,arian ab,[]
217,mehdi,[]
218,Mamali,[]
219,Ahmad,[]
220,Amir,[]
221,chakameh,[]
222,Farhad,[]
223,Naqibullah,[]
224,rahaa,[]
225,Kaveh,[]
226,محسن,[]
227,Shahrooz Reisy,[]
228,Mohammad derakhti,[]
229,Bita,[]
230,Atiieh Rostami,[]
231,~*~shiva~*~,[]
232,aysa,[]
233,mohammad asgari,[]
234,hagar,[]
235,Zee1,[]
236,Greenoha,[]
237,payman,[]
238,Rejeki,[]
239,Hamid khalaji,[]
240,Erfaan Kheirandish,[]
241,Majid Yazdan Parast,[]
242,Arsham hassanpour,[]
243,Farhad Bahram,[]
244,cristiano,[]
245,یوحنــــا,[]
246,Nasser,[]
247,Zari,"[poem, classic, literature, art]"
248,Farshad Palideh,[]
249,Akbar,[]
250,Dana,[]
251,Meisam Zad Hosseini,[]
252,لیلا ملکی,[]
253,samira darabi,[]
254,manoo Ela,[]
255,Ehsan,[]
256,Farnaz,[]
257,Shokufeh شکوفه  Kavani کاوانی,[]
258,Miad,[]
259,mehrdad,[]
260,Zahra Yousefi,[]
261,mohamad,[]
262,Kareman Mohammad,"[islamic-books, favourite]"
263,روائع الكتب,[]
264,Aberjhani,[]
265,Zohre khani,[]
266,tourajnakhoda,[]
267,Hashem,[]
268,Faegheh Hooman,[]
269,Matteen,[]
270,sara,[]
271,Azin,[]
272,Farnaz shahidsaless,[]
273,afsane sadeghi,[]
274,Reyhaneh,[]
275,Sepideh,[]
276,Zahra peymani,[]
277,Shiva,[]
278,Parisa khorram,[]
279,Taghreed Jamal el deen,[]
280,Hobot,[]
281,Mehrbanoo,[poems]
282,Ramy Fouad,[]
283,Nunu,[]
284,Behdokht,[]
285,Fahime,[]
286,mona,[]
287,Nadereh,[]
288,maryam,[]
289,Parvaneh.fn,[]
290,Hessam,[]
291,Hadi,[]
292,Bahador,[]
293,Navid.n,[]
294,Fatma Ferah,[]
295,ilya,[]
296,zahra,[]
297,Majed Taheri,[]
298,Manizheh,[]
299,Shahrzad,[]
300,Maryam Golpayegani,[]
301,PaҰaM,[poetry]
302,Maral,[]
303,Safoura Gh,[]
304,Azin Naderi,[]
305,هادی نیلی Hadi Nili,[]
306,SAba .S,[]
307,ثمانه,[]
308,Saman,[]
309,Shahryar Rahmani,[]
310,Ali adami,[]
311,Sheri n,[]
312,komeil moradi,[]
313,Mostafa Ghavidel,[]
314,ghazal,[]
315,Ahmed Shahm,[]
316,nasim,[]
317,Hasti,[]
318,kia,[]
319,Saba,[]
320,mojgan,[]
321,Amootsh,[]
322,mansoureh,[]
323,Chnoor,[]
324,Mina,[]
325,Sepehr rakhshande,[]
326,Alireza,[]
327,Siamak Rezagholibeiki,[]
328,Saman Rassaei Kashuk,[]
329,Tanhatarinmard,[]
330,elman,[]
331,hasan heydari,[]
332,Qasim,"[unfinished, اسلام]"
333,Mohammad Ali,[]
334,Doddie,[]
335,Mona,[]
336,Najme Ghanbari,[]
337,Novanka Raja,[religious]
338,Fdfn2,[]
339,Surrealist,[]
340,Selin Kamaş,[]
341,Zahra,[]
342,bahar,[]
343,negar namvar ,[]
344,Hassan A. Nemati,[]
345,Khaled,[]
346,يوسف أبو هندية,[i-own]
347,Mahdis,[]
348,Nazanin Kazemi,[]
349,hoda sajadi,[]
350,Ali Reza,[]
351,Hasan Hasan,[شعر-فارسي]
352,Pejman,[]
353,Pouriya,[]
354,Mahsa,[]
355,Nasibeh Sayfi,[ادبیات-ایران]
356,Ahmad.Chali,[]
357,reza,[]
358,reihaneh,[]
359,Najmeh Moj,[]
360,Leila,[]
361,kianoosh,[]
362,Khalid Almoghrabi,[]
363,Saboor,[]
364,Gela Tevzadze,[orclassics]
365,معتز عناني,"[poetry-الشعر-مملكة-القلب, islam-عن-الاسلام, mystic-الروحانية-هي-الحل, philosophy-فلسفة-جغرافيا-الفكر, research-ابحاث, persian-فارسي]"
366,mehrnoosh,[]
367,Mostafa,[]
368,Mohammad Darabpour,[]
369,Komeyl Pouya,[]
370,Saba km,[]
371,ghazaleh,[]
372,Faezeh,[]
373,Bheem Raj,[]
374,Milad  Zarinfar,[]
375,Aaron,[]
376,Azade Sadeghi,[]
377,makan,[]
378,Tirdad,[]
379,Ali,[]
380,Najibullah Amir,[]
381,mohamed nabil,[]
382,Nami Arjmandi,[]
383,peiman-mir5 rezakhani,[شعر-و-شاعری]
384,حمود الشايجي,[]
385,ardavisura,[]
386,Ebrahim Houshyar,[]
387,Soheil,[]
388,Behnamprime,[]
389,hoda,[]
390,Siroos,[]
391,zahra yazdannezhad lomer,[]
392,Eblis,[]
393,mohsenmomeni momeni,[]
394,yasekabood,[]
395,nastaran,[]
396,Gistela,[]
397,Niloufar,[]
398,Aulia,[]
399,علی,"[poems-collection, constant-reading]"
400,azadeh arian,[]
401,Louise,[]
402,Samira M,[]
403,Mehdi basafa,[]
404,Sia,[]
405,*narges*,[]
406,Indah Threez Lestari,"[indonesian, punya]"
407,Rabeah  Razavi Alavi,[]
408,Sunarto wiro,[]
409,Niki Bahrman,[]
410,seyyed mohammad,[]
411,Dean Isensee,[]
412,Zeynab Babaxani,[]
413,Saeed tavakoli,[شعر]
414,Neda,[]
415,Maria,[]
416,mahdy,[]
417,Esmaeil,[]
418,Mansoureh,[]
419,arnavaaz,[]
420,بهمن بهمن,[]
421,Ahmed Azimov,[]
422,mehdi Zeinali,[]
423,samaneh,[]
424,Ehsan seratin,[]
425,Sheida n,[]
426,Hosein setodian,[]
427,Hossein Goudarzi,[]
