EST,Max TemperatureF,Mean TemperatureF,Min TemperatureF,Max Dew PointF,MeanDew PointF,Min DewpointF,Max Humidity, Mean Humidity, Min Humidity, Max Sea Level PressureIn, Mean Sea Level PressureIn, Min Sea Level PressureIn, Max VisibilityMiles, Mean VisibilityMiles, Min VisibilityMiles, Max Wind SpeedMPH, Mean Wind SpeedMPH, Max Gust SpeedMPH,Precipi0a0ionIn, CloudCover, WindDirDegrees
2013-01-01,41,34,27,28,22,8,64,52,40,30.02,29.92,29.86,10,10,10,29,15,37,0,7,290
2013-01-02,35,29,23,14,10,8,54,45,35,30.18,30.08,30.01,10,10,10,28,15,33,0,7,314
2013-01-03,33,29,25,19,15,12,63,52,41,30.21,30.15,30.09,10,10,10,18,12,23,0,6,288
2013-01-04,39,35,30,22,20,19,63,56,48,30.11,30.04,29.97,10,10,10,25,16,30,0,3,259
2013-01-05,45,39,32,25,20,16,69,53,37,30.28,30.21,30.04,10,10,10,25,12,30,0,3,272
2013-01-06,45,39,33,34,29,25,92,71,49,30.24,30.1,29.99,10,8,2,17,10,23,0,6,243
2013-01-07,47,39,30,27,24,19,69,52,34,30.41,30.29,30.07,10,10,10,21,8,26,0,1,304
2013-01-08,49,40,30,33,30,26,85,68,50,30.45,30.4,30.36,10,10,9,20,11,22,0,3,234
2013-01-09,48,41,33,39,34,31,92,76,60,30.41,30.29,30.16,10,10,7,20,8,26,0,5,224
2013-01-10,50,44,37,31,23,20,62,47,31,30.56,30.45,30.26,10,10,10,25,12,32,0,4,315
2013-01-11,47,40,33,45,35,23,100,74,48,30.54,30.34,30.1,10,8,3,13,6,16,0.58,8,85
2013-01-12,49,46,43,48,43,42,100,93,86,30.19,30.14,30.07,7,2,0,14,6,17,0.06,8,359
2013-01-13,47,45,42,47,44,42,100,96,92,30.17,30.11,30.03,10,2,0,17,6,20,0.01,8,173
2013-01-14,58,49,39,54,44,32,100,73,46,30.3,30.11,29.98,10,5,0,23,9,29,0.03,7,292
2013-01-15,39,37,35,33,27,24,85,70,54,30.35,30.29,30.23,10,10,8,16,9,21,0.11,8,10
2013-01-16,38,36,33,35,33,30,96,86,75,30.22,30,29.8,10,7,5,21,9,24,0.82,8,359
2013-01-17,46,41,36,33,26,22,85,65,45,30.11,30.03,29.93,10,10,10,21,12,26,0,7,316
2013-01-18,36,31,25,21,9,0,56,42,27,30.51,30.35,30.04,10,10,10,22,13,28,0,4,318
2013-01-19,52,42,31,32,25,13,64,51,38,30.42,30.21,29.96,10,10,10,25,16,31,0,3,218
2013-01-20,56,44,31,31,21,6,70,45,19,30.06,29.85,29.71,10,10,10,35,18,46,0,2,256
2013-01-21,33,30,26,24,13,4,85,60,34,30.12,29.99,29.85,10,9,0,22,9,28,0.03,7,268
2013-01-22,28,21,14,9,0,-10,57,42,27,30.22,30.04,29.84,10,10,7,28,18,36,0,3,295
2013-01-23,21,17,12,-3,-7,-10,48,38,28,30.27,30.22,30.18,10,10,10,22,14,30,0,3,296
2013-01-24,26,20,13,1,-4,-9,58,41,24,30.4,30.26,30.15,10,10,10,33,16,43,0,3,330
2013-01-25,24,19,14,18,8,-4,84,63,41,30.43,30.26,30.09,10,7,0,22,9,26,0.05,7,269
2013-01-26,27,21,14,11,8,4,74,57,40,30.38,30.18,30.06,10,10,10,26,13,31,0,2,318
2013-01-27,35,27,18,13,8,5,67,47,27,30.54,30.48,30.39,10,10,10,17,9,21,0,2,305
2013-01-28,35,30,24,34,26,11,96,76,55,30.5,30.27,30.03,10,6,2,20,9,24,0.19,8,220
2013-01-29,48,41,34,42,37,32,100,88,76,30.15,30.11,30.02,8,6,4,16,7,18,0.03,8,112
2013-01-30,52,47,41,50,46,40,100,93,86,30.07,29.79,29.41,7,1,0,35,17,45,0.12,8,169
2013-01-31,56,43,30,54,30,7,100,65,29,29.81,29.42,29.08,10,8,0,44,29,59,0.45,5,245
2013-02-01,33,29,24,13,9,1,60,44,28,30.25,29.97,29.82,10,10,9,30,20,39,0,4,287
2013-02-02,31,26,20,22,9,4,81,56,31,30.32,30.21,30.08,10,9,2,23,13,26,0.02,5,253
2013-02-03,32,27,22,22,19,13,88,69,50,30.07,29.9,29.81,10,8,2,14,7,18,0.03,6,338
2013-02-04,32,28,24,20,9,6,69,51,33,29.99,29.95,29.82,10,10,10,28,16,36,0,5,272
2013-02-05,32,30,28,28,25,19,85,72,58,29.99,29.94,29.92,10,7,3,10,6,13,0.01,8,30
2013-02-06,41,35,29,30,20,-2,92,59,26,30.37,30.11,29.93,10,8,4,25,12,30,0,5,308
2013-02-07,33,28,23,23,10,-3,63,44,25,30.53,30.44,30.34,10,10,10,16,7,18,0,6,47
2013-02-08,36,32,27,34,29,24,92,78,64,30.31,29.89,29.62,10,5,0,32,20,39,0.78,8,33
2013-02-09,32,27,21,25,16,5,92,64,35,30.35,29.98,29.75,10,7,0,31,20,39,0.4,4,322
2013-02-10,34,26,17,29,12,5,82,57,32,30.51,30.41,30.35,10,10,10,15,6,20,0,4,262
2013-02-11,45,40,34,43,39,26,100,85,70,30.33,29.92,29.68,10,3,0,23,7,28,0.46,8,191
2013-02-12,47,42,37,37,25,22,89,65,41,29.98,29.87,29.74,10,10,7,26,14,33,0,4,279
2013-02-13,43,36,28,30,25,20,78,61,44,29.97,29.83,29.71,10,10,7,16,5,22,0.01,6,272
2013-02-14,45,39,32,35,29,21,92,66,40,30.02,29.92,29.72,10,10,7,17,9,22,0,4,282
2013-02-15,49,41,32,38,34,28,89,73,56,30.04,29.99,29.94,10,9,7,17,8,21,0,4,202
2013-02-16,45,38,31,33,24,13,89,66,43,29.97,29.89,29.73,10,10,9,26,14,35,0,8,356
2013-02-17,34,26,18,11,1,-3,47,36,24,30.01,29.77,29.67,10,10,10,37,27,47,0,6,319
2013-02-18,36,27,18,16,5,-1,53,38,23,30.26,30.19,30.02,10,10,10,30,16,41,0,2,277
2013-02-19,45,38,31,41,32,16,96,73,49,30.22,29.92,29.69,10,10,7,30,15,39,0.13,6,213
2013-02-20,39,33,26,22,11,6,59,46,33,29.99,29.86,29.74,10,10,10,32,21,41,0,3,285
2013-02-21,37,31,24,13,10,8,55,45,35,30.28,30.07,30,10,10,10,33,21,39,0,2,311
2013-02-22,38,32,26,31,21,14,76,62,47,30.41,30.34,30.27,10,10,9,21,9,24,0,6,65
2013-02-23,44,40,36,42,37,32,100,91,82,30.29,30.06,29.81,10,6,2,20,12,25,0.38,8,83
2013-02-24,49,42,34,37,31,20,92,70,48,29.97,29.81,29.75,10,9,3,29,16,75,0.03,7,334
2013-02-25,46,39,31,25,23,20,64,51,38,30.24,30.14,30,10,10,10,18,9,24,0,4,345
2013-02-26,44,38,31,35,30,25,89,71,53,30.31,30.18,29.91,10,10,6,29,13,35,0.1,7,76
2013-02-27,49,44,38,47,42,34,93,79,65,29.88,29.61,29.5,10,6,0,39,18,53,0.6,7,87
2013-02-28,51,46,40,39,33,26,89,69,49,29.64,29.6,29.55,10,10,7,20,9,22,0,8,248
2013-03-01,47,42,36,30,27,23,75,60,45,29.78,29.7,29.61,10,10,10,22,13,30,0,6,322
2013-03-02,41,37,32,27,23,21,78,62,45,29.78,29.75,29.71,10,10,6,21,12,25,0,7,318
2013-03-03,42,36,29,25,18,15,78,58,37,29.77,29.73,29.67,10,10,5,24,15,29,0,6,310
2013-03-04,44,36,27,18,17,13,63,50,36,29.91,29.81,29.76,10,10,10,31,20,37,0,2,312
2013-03-05,48,40,31,32,23,18,76,55,34,30.02,30,29.92,10,10,10,26,10,31,0,3,359
2013-03-06,45,40,35,34,30,27,82,71,60,29.99,29.9,29.85,10,10,9,39,23,49,0,8,47
2013-03-07,39,36,33,31,29,26,89,80,70,30.07,30,29.91,10,8,3,30,22,39,0.07,8,354
2013-03-08,40,36,31,31,29,24,92,76,59,30.17,30.05,30,10,5,0,26,19,35,0.25,7,345
2013-03-09,55,45,34,32,23,16,82,52,22,30.34,30.25,30.17,10,10,10,25,13,31,0,1,356
2013-03-10,43,37,31,34,32,29,92,80,67,30.4,30.36,30.33,10,10,9,13,7,17,0,5,114
2013-03-11,52,46,39,45,40,34,93,82,71,30.34,30.22,30.12,10,10,7,18,10,24,0,7,142
2013-03-12,53,48,43,49,45,35,100,83,65,30.1,29.85,29.7,10,6,0,30,19,40,0.66,7,178
2013-03-13,53,46,38,34,28,20,76,53,29,29.9,29.86,29.81,10,10,10,23,12,28,0,3,284
2013-03-14,42,36,30,23,9,1,54,37,20,29.96,29.91,29.86,10,10,10,36,23,48,0,4,299
2013-03-15,48,39,30,28,17,6,53,43,32,29.99,29.88,29.74,10,10,10,22,14,30,0,6,279
2013-03-16,41,37,33,30,25,17,89,67,44,29.92,29.84,29.8,10,8,2,22,7,28,0.02,7,8
2013-03-17,39,35,30,28,16,9,85,59,32,30.32,30.13,29.94,10,10,10,23,12,29,0,6,328
2013-03-18,36,31,26,32,21,6,96,65,33,30.42,30.26,30.04,10,6,2,28,14,35,0.42,7,68
2013-03-19,45,40,35,36,33,25,92,73,54,29.99,29.78,29.7,10,8,2,24,14,30,0.46,7,1
2013-03-20,47,40,32,24,17,13,59,44,28,29.91,29.86,29.81,10,10,10,28,16,32,0,3,272
2013-03-21,39,35,31,25,19,8,72,52,32,29.85,29.73,29.65,10,9,2,23,13,48,0,7,338
2013-03-22,44,37,29,21,14,9,58,44,30,29.9,29.81,29.75,10,10,10,24,14,31,0,5,285
2013-03-23,48,40,32,22,17,14,63,45,26,29.94,29.88,29.83,10,10,10,29,18,36,0,3,293
2013-03-24,47,40,32,26,20,16,64,48,31,29.95,29.85,29.73,10,10,10,22,9,26,0,5,313
2013-03-25,40,37,34,34,30,26,92,76,59,29.72,29.58,29.47,10,8,2,23,10,30,0.25,8,47
2013-03-26,53,45,36,32,26,20,82,55,28,29.87,29.74,29.6,10,10,10,22,9,32,0,5,323
2013-03-27,54,45,35,27,22,17,56,41,26,29.98,29.91,29.87,10,10,10,25,15,31,0,3,310
2013-03-28,53,45,37,29,27,26,64,52,39,30.11,30.02,29.97,10,10,10,21,15,30,0,5,327
2013-03-29,56,49,41,28,25,21,55,42,28,30.15,30.11,30.06,10,10,10,23,13,26,0,4,305
2013-03-30,58,49,39,36,29,20,76,50,23,30.18,30.13,30.09,10,10,10,22,10,26,0,2,269
2013-03-31,52,44,35,45,37,29,92,74,56,30.14,29.96,29.68,10,8,1,23,11,30,0.12,7,168
2013-04-01,63,50,37,45,37,8,93,59,25,29.91,29.73,29.63,10,8,3,35,15,41,0,5,264
2013-04-02,45,39,33,14,9,5,38,29,20,30.09,30,29.93,10,10,10,26,16,40,0,2,286
2013-04-03,48,41,33,11,7,3,38,28,17,30.3,30.17,30.1,10,10,10,30,18,43,0,1,297
2013-04-04,45,39,32,33,20,11,73,53,33,30.4,30.28,30.12,10,10,10,23,12,29,0,5,225
2013-04-05,64,52,40,36,24,12,79,48,17,30.09,29.89,29.71,10,10,10,30,13,36,0,4,282
2013-04-06,49,43,36,30,17,4,76,46,15,30.34,30.24,30.01,10,10,10,31,13,38,0,1,282
2013-04-07,52,45,37,43,36,28,86,71,56,30.32,30.19,30.03,10,10,10,32,16,40,0,5,185
2013-04-08,68,55,42,46,42,39,92,66,40,30.09,30.04,29.99,10,10,9,16,7,20,0,5,171
2013-04-09,83,65,47,52,42,29,93,54,15,30.01,29.96,29.92,10,10,9,26,7,35,0,5,221
2013-04-10,71,62,53,54,48,42,83,66,48,29.96,29.9,29.83,10,9,3,32,9,38,0.59,6,100
2013-04-11,60,54,47,55,48,37,100,81,62,30.05,29.95,29.79,10,8,0,24,12,31,0,8,61
2013-04-12,48,45,41,43,39,37,89,78,66,30.02,29.88,29.72,10,6,2,33,18,48,0.87,8,64
2013-04-13,58,49,39,43,37,31,93,67,40,30,29.88,29.74,10,10,5,20,9,23,0.01,6,258
2013-04-14,59,52,45,45,32,23,93,59,25,30.23,30.08,29.98,10,10,10,28,12,33,0,6,302
2013-04-15,53,48,43,39,30,25,83,61,38,30.4,30.34,30.25,10,10,10,16,8,25,0,6,102
2013-04-16,58,52,45,50,46,39,89,78,67,30.39,30.3,30.15,10,10,10,31,15,37,0,6,147
2013-04-17,70,59,47,55,44,32,89,57,25,30.31,30.21,30.12,10,10,10,18,8,23,0.01,5,12
2013-04-18,57,51,45,51,44,40,93,74,55,30.36,30.27,30.12,10,9,0,21,12,28,0,6,116
2013-04-19,65,58,50,57,54,50,100,89,78,30.11,29.9,29.68,10,1,0,37,21,45,0.07,7,177
2013-04-20,59,52,45,55,34,21,100,62,24,30.28,29.96,29.7,10,9,3,26,17,32,0.18,7,281
2013-04-21,54,46,37,31,22,15,62,43,24,30.64,30.53,30.32,10,10,10,26,10,32,0,3,346
2013-04-22,53,45,37,32,30,24,76,56,35,30.67,30.6,30.5,10,10,10,28,16,35,0,5,84
2013-04-23,52,47,42,40,36,30,71,67,62,30.48,30.29,30.12,10,10,8,22,15,38,0,7,27
2013-04-24,58,50,42,49,43,37,100,81,61,30.1,29.98,29.87,10,7,0,31,14,38,0,4,199
2013-04-25,64,55,46,51,33,19,89,54,19,30.28,30.14,29.89,10,10,9,28,15,35,0,3,264
2013-04-26,65,54,43,40,35,26,83,54,24,30.41,30.36,30.28,10,10,10,18,9,22,0,2,234
2013-04-27,66,56,46,42,32,17,74,45,16,30.43,30.38,30.32,10,10,10,18,9,21,0,2,56
2013-04-28,63,54,45,44,39,31,86,59,32,30.34,30.29,30.24,10,10,10,18,9,23,0,5,160
2013-04-29,55,53,50,48,46,44,83,77,71,30.26,30.23,30.2,10,10,10,14,9,17,0.05,8,136
2013-04-30,63,55,46,46,36,22,83,52,20,30.35,30.29,30.22,10,10,10,22,10,25,0,5,95
2013-05-01,65,54,43,44,37,25,71,47,23,30.5,30.44,30.35,10,10,10,17,8,23,0,1,76
2013-05-02,63,54,44,46,42,39,86,66,46,30.48,30.43,30.36,10,10,10,13,6,17,0,1,142
2013-05-03,61,54,47,45,40,34,80,58,36,30.47,30.43,30.39,10,10,10,18,9,22,0,3,99
2013-05-04,64,55,45,45,41,37,86,64,42,30.38,30.31,30.28,10,10,10,17,9,21,0,1,92
2013-05-05,57,51,44,43,40,35,86,68,50,30.31,30.28,30.25,10,10,10,20,10,24,0,2,83
2013-05-06,62,54,45,49,44,41,86,73,60,30.28,30.23,30.18,10,10,9,13,6,16,0,6,86
2013-05-07,72,60,48,58,52,45,86,74,61,30.18,30.15,30.11,10,10,10,18,8,22,0,5,92
2013-05-08,64,60,55,61,56,12,100,86,72,30.11,30.04,30,10,7,0,22,10,22,1.54,7,100
2013-05-09,70,63,55,58,55,52,100,82,63,30.01,29.95,29.9,10,6,0,14,8,14,0.75,7,97
2013-05-10,76,65,54,57,55,52,100,73,46,30.01,29.97,29.91,10,10,6,20,10,20,0,5,204
2013-05-11,65,62,59,60,58,55,97,91,84,29.9,29.81,29.72,10,6,2,26,14,26,0.39,8,186
2013-05-12,70,61,51,59,39,21,97,60,22,29.94,29.75,29.67,10,10,6,33,18,45,0.02,4,279
2013-05-13,58,52,46,30,26,20,53,40,26,30.11,30.03,29.96,10,10,10,24,16,28,0,3,294
2013-05-14,60,52,43,43,31,22,71,48,24,30.14,30.1,30.05,10,10,10,22,12,26,0,2,274
2013-05-15,62,55,48,55,49,38,87,72,57,30.08,29.9,29.71,10,10,8,22,12,29,0.03,6,185
2013-05-16,74,65,56,56,50,43,87,61,35,29.83,29.78,29.72,10,10,7,22,9,28,0,5,218
2013-05-17,73,64,55,47,39,34,67,46,25,30.22,30.06,29.85,10,10,10,22,9,29,0,5,337
2013-05-18,63,59,54,53,50,45,86,73,60,30.33,30.3,30.22,10,10,10,14,6,17,0.01,7,149
2013-05-19,58,57,55,57,54,48,100,86,72,30.33,30.27,30.19,10,4,0,21,11,25,0.45,8,129
2013-05-20,72,65,57,64,60,56,100,87,73,30.17,30.07,29.98,9,4,0,16,7,,0,6,188
2013-05-21,77,69,60,67,63,59,100,85,69,29.99,29.94,29.86,10,4,0,22,9,24,0,4,192
2013-05-22,72,65,58,65,61,57,93,85,76,29.95,29.9,29.86,9,5,0,21,8,,0,7,139
2013-05-23,71,66,61,64,61,60,100,87,73,29.92,29.86,29.79,10,4,0,31,18,38,0.03,7,179
2013-05-24,69,58,46,63,53,39,100,86,72,29.94,29.81,29.7,10,8,0,25,14,31,0.2,8,291
2013-05-25,57,51,45,45,40,35,89,70,50,30,29.93,29.9,10,9,6,38,22,49,0.07,8,314
2013-05-26,68,58,48,38,33,30,61,43,24,30.21,30.05,29.96,10,10,10,30,18,48,0,4,308
2013-05-27,70,59,48,49,40,32,72,49,26,30.26,30.2,30.14,10,10,10,22,11,26,0,2,219
2013-05-28,68,61,53,56,52,47,93,71,48,30.25,30.2,30.14,10,8,3,13,5,15,0.54,8,137
2013-05-29,75,66,56,64,59,55,93,81,68,30.14,30.09,30.02,10,8,5,14,5,18,0,7,182
2013-05-30,86,75,63,68,63,58,93,72,51,30.14,30.1,30.08,10,10,8,23,9,26,0,3,207
2013-05-31,84,75,65,68,64,61,87,73,58,30.14,30.09,30.01,10,10,8,22,10,28,0,3,204
2013-06-01,79,72,64,65,63,60,93,79,64,30.04,29.99,29.93,10,10,9,26,12,32,0,2,188
2013-06-02,74,69,63,64,62,60,93,81,68,29.94,29.87,29.8,10,10,8,25,13,31,0.01,4,187
2013-06-03,76,69,62,67,64,48,93,70,47,29.88,29.85,29.82,10,6,0,20,8,24,0.37,7,202
2013-06-04,76,68,59,52,42,34,67,47,27,30.11,30.01,29.9,10,10,10,23,13,31,0,4,317
2013-06-05,71,64,57,56,43,35,87,60,33,30.22,30.17,30.12,10,10,10,17,9,21,0,5,90
2013-06-06,71,65,58,59,56,45,93,67,40,30.16,30.12,30.03,10,10,2,21,10,25,0.03,7,119
2013-06-07,64,62,60,63,60,57,100,92,84,30.01,29.83,29.62,10,4,1,22,14,28,4.01,8,67
2013-06-08,76,67,57,63,59,55,97,79,60,30.05,29.82,29.56,10,8,1,25,11,31,0.38,6,279
2013-06-09,78,71,64,62,59,54,87,67,46,30.18,30.14,30.07,10,10,10,16,7,20,0,4,218
2013-06-10,69,66,63,65,63,62,100,92,84,30.17,30.04,29.85,10,5,0,25,10,31,1.38,8,108
2013-06-11,81,73,65,67,64,57,100,77,54,29.82,29.73,29.63,10,8,0,26,17,35,0.02,6,224
2013-06-12,78,70,61,60,52,49,73,56,38,29.86,29.79,29.72,10,10,10,29,15,36,0,3,315
2013-06-13,66,61,56,61,58,54,97,82,67,29.85,29.65,29.46,10,8,1,29,14,37,0.99,8,110
2013-06-14,72,63,54,57,52,50,93,71,49,29.89,29.73,29.51,10,9,5,26,13,37,0.15,6,351
2013-06-15,82,72,62,59,53,43,73,52,30,30.01,29.96,29.89,10,10,10,18,9,24,0,2,284
2013-06-16,80,71,62,65,61,57,90,71,51,29.99,29.9,29.79,10,10,9,25,11,33,0,6,227
2013-06-17,82,75,67,67,65,61,93,78,62,29.93,29.89,29.86,10,10,6,20,9,26,0.13,5,209
2013-06-18,78,72,65,67,64,62,93,81,69,29.91,29.87,29.84,10,9,5,16,6,21,0.2,7,100
2013-06-19,77,69,60,63,54,45,93,63,33,30.18,30.01,29.88,10,10,5,22,10,25,0,5,21
2013-06-20,74,67,59,59,55,52,78,66,53,30.29,30.26,30.19,10,10,10,21,11,25,0,1,202
2013-06-21,76,68,59,58,55,51,84,65,46,30.32,30.29,30.27,10,10,10,21,11,25,0,3,205
2013-06-22,77,69,61,62,59,54,90,74,57,30.28,30.24,30.17,10,10,10,20,10,24,0,5,192
2013-06-23,80,73,65,70,65,58,100,84,67,30.21,30.15,30.09,10,10,6,26,11,30,0.03,5,199
2013-06-24,90,80,70,72,69,60,100,76,51,30.08,30.04,29.97,10,8,0,23,11,28,0,5,223
2013-06-25,91,81,70,70,67,61,84,66,47,30,29.92,29.82,10,10,10,32,11,37,0,5,232
2013-06-26,85,78,71,70,67,64,87,71,55,29.86,29.83,29.79,10,9,7,21,11,26,0.1,6,220
2013-06-27,84,78,71,72,70,68,93,79,65,29.81,29.72,29.6,10,9,5,25,9,31,0.13,7,166
2013-06-28,82,77,71,70,69,66,93,79,65,29.6,29.55,29.51,10,10,7,23,13,32,0,6,198
2013-06-29,80,75,69,70,68,66,90,79,67,29.72,29.61,29.51,10,10,8,25,12,32,0,5,195
2013-06-30,81,75,69,72,70,66,100,87,74,29.93,29.84,29.73,10,6,0,18,10,26,0.02,7,163
2013-07-01,78,75,71,74,70,69,94,91,87,30.07,29.99,29.93,10,5,0,21,11,26,0.98,8,178
2013-07-02,79,75,71,72,70,69,93,85,76,30.2,30.13,30.07,10,6,0,21,12,49,0.25,7,187
2013-07-03,81,76,70,74,70,68,97,86,74,30.27,30.23,30.19,10,10,6,20,10,24,0.09,6,189
2013-07-04,84,78,72,74,72,70,94,82,69,30.27,30.24,30.18,10,9,6,20,11,24,0,4,198
2013-07-05,87,80,73,73,72,70,93,79,65,30.23,30.18,30.11,10,10,10,23,10,30,0,1,203
2013-07-06,93,84,75,74,72,71,88,70,52,30.15,30.11,30.03,10,10,10,20,11,32,0,3,218
2013-07-07,88,83,78,73,72,66,85,72,58,30.07,30.02,29.95,10,10,10,21,10,32,0,5,218
2013-07-08,87,81,74,70,68,66,79,67,55,30.05,30.02,29.99,10,10,10,22,13,29,0,4,233
2013-07-09,87,80,73,72,69,66,87,71,55,30.09,30.05,30.01,10,10,8,14,10,22,0,5,211
2013-07-10,85,79,72,74,71,69,93,81,69,30.03,29.93,29.83,10,9,6,20,9,23,0.06,6,196
2013-07-11,88,81,73,72,68,64,87,67,46,29.93,29.87,29.83,10,10,10,20,7,28,0,7,234
2013-07-12,79,75,70,70,66,61,93,77,60,30.11,30.03,29.93,10,8,3,29,12,23,0.27,8,54
2013-07-13,85,78,71,74,72,68,100,85,70,30.29,30.22,30.12,10,8,1,15,8,18,0,7,112
2013-07-14,89,81,73,74,72,71,94,77,59,30.34,30.3,30.25,10,9,6,21,11,36,0,5,212
2013-07-15,97,87,77,73,71,68,85,64,42,30.25,30.2,30.13,10,10,10,16,7,26,0,4,263
2013-07-16,96,87,78,73,65,58,79,55,30,30.2,30.16,30.13,10,10,10,17,11,24,0,3,356
2013-07-17,95,87,79,73,68,64,79,58,36,30.19,30.14,30.09,10,10,10,15,7,28,0,2,225
2013-07-18,100,89,77,76,72,67,85,60,35,30.08,30.02,29.97,10,10,7,18,9,23,0,3,232
2013-07-19,95,88,80,78,76,74,85,71,56,29.98,29.9,29.81,10,8,6,21,12,25,0,3,211
2013-07-20,96,87,77,76,71,67,85,63,41,29.83,29.8,29.73,10,9,6,28,14,35,0.02,6,242
2013-07-21,88,82,75,72,66,60,87,64,40,29.97,29.92,29.85,10,10,10,15,8,46,0,6,116
2013-07-22,86,80,74,75,73,71,94,80,65,29.96,29.9,29.82,10,9,7,15,8,21,0.09,7,103
2013-07-23,87,80,73,75,72,68,94,80,65,29.79,29.66,29.58,10,9,2,28,11,67,0.4,6,206
2013-07-24,88,79,70,69,63,53,82,64,45,29.93,29.74,29.63,10,10,10,16,11,25,0,5,308
2013-07-25,70,67,63,61,55,50,87,71,55,30.06,30.01,29.93,10,10,10,22,13,28,0.03,8,24
2013-07-26,84,74,64,67,61,58,87,65,43,30.06,30.02,30,10,10,10,18,11,22,0,6,351
2013-07-27,81,75,68,68,66,61,90,71,51,30.08,30.04,29.98,10,10,10,16,8,20,0,4,189
2013-07-28,78,73,68,71,68,66,93,81,69,30.01,29.98,29.95,10,9,7,18,8,24,0.07,6,152
2013-07-29,84,78,71,71,64,48,93,63,33,30.1,30.02,29.96,10,10,8,20,9,24,0,5,236
2013-07-30,85,76,67,56,52,50,63,48,32,30.17,30.13,30.11,10,10,10,17,9,23,0,2,316
2013-07-31,82,75,68,66,58,54,84,62,40,30.17,30.12,30.06,10,10,10,15,8,23,0,5,223
2013-08-01,77,73,68,68,66,62,90,79,68,30.05,29.93,29.85,10,9,5,21,10,24,0.65,8,177
2013-08-02,85,77,68,70,64,57,97,70,43,29.93,29.87,29.8,10,10,7,22,10,,0,5,247
2013-08-03,78,74,70,66,64,59,79,72,64,29.93,29.9,29.86,10,10,10,17,11,,0,6,247
2013-08-04,83,75,67,63,53,48,78,55,31,29.96,29.89,29.85,10,10,10,23,11,37,0,4,328
2013-08-05,80,72,64,59,48,40,70,48,25,30.06,30.03,29.97,10,10,10,17,11,22,0,3,310
2013-08-06,80,72,64,62,57,52,81,61,40,30.14,30.1,30.05,10,10,10,18,9,24,0,4,180
2013-08-07,80,75,70,68,63,59,84,71,58,30.16,30.13,30.09,10,10,10,20,11,24,0,7,150
2013-08-08,81,76,70,72,70,66,97,86,74,30.09,30.06,30.02,10,9,2,24,14,25,0.72,7,174
2013-08-09,82,78,74,74,73,71,94,87,79,30.03,29.9,29.83,10,7,0,24,13,29,0.01,7,193
2013-08-10,85,78,71,72,60,54,82,61,39,30.06,29.97,29.87,10,10,10,23,10,32,0,5,306
2013-08-11,81,74,66,66,55,48,84,60,35,30.14,30.09,30.05,10,10,10,16,8,18,0,4,242
2013-08-12,80,75,69,70,68,66,93,82,71,30.05,30.01,29.95,10,9,2,13,5,14,0.48,6,171
2013-08-13,76,73,69,73,69,64,100,87,74,29.92,29.8,29.73,10,7,2,14,6,16,0.74,7,126
2013-08-14,77,69,61,66,50,44,90,64,38,30.05,29.88,29.75,10,10,10,26,17,32,0,3,315
2013-08-15,77,69,60,58,51,43,73,53,33,30.16,30.11,30.06,10,10,10,20,10,,0,3,253
2013-08-16,79,71,63,59,55,47,78,55,32,30.22,30.17,30.14,10,10,8,14,6,21,0,5,206
2013-08-17,81,72,62,60,57,54,78,59,39,30.29,30.26,30.22,10,10,10,13,6,16,0,5,212
2013-08-18,78,72,66,62,59,54,81,62,43,30.26,30.21,30.15,10,10,9,12,4,20,0,8,96
2013-08-19,78,72,65,65,60,56,81,66,50,30.15,30.09,30.05,10,10,10,22,11,25,0,6,240
2013-08-20,85,77,68,69,65,62,87,68,48,30.14,30.1,30.06,10,9,3,18,8,22,0,2,231
2013-08-21,88,79,69,71,67,58,93,65,36,30.19,30.14,30.08,10,10,8,17,9,21,0,3,217
2013-08-22,80,76,72,72,70,67,93,84,74,30.08,29.99,29.89,10,9,5,16,8,21,0.08,6,215
2013-08-23,84,77,69,71,58,50,93,63,33,30.1,29.98,29.88,10,10,7,22,12,26,0,5,351
2013-08-24,79,72,64,60,54,50,81,59,37,30.36,30.27,30.13,10,10,10,17,9,21,0,2,49
2013-08-25,81,72,63,60,55,48,84,59,33,30.4,30.33,30.26,10,10,10,20,11,24,0,4,229
2013-08-26,84,76,68,68,61,56,84,68,51,30.25,30.1,29.93,10,10,10,21,13,25,0.02,7,236
2013-08-27,88,80,72,69,66,63,84,65,45,29.91,29.87,29.83,10,10,10,23,12,28,0.03,6,326
2013-08-28,85,77,69,71,68,66,93,74,55,29.91,29.88,29.86,10,10,7,13,5,16,0,6,91
2013-08-29,82,76,70,70,66,62,93,74,54,30.05,29.99,29.9,10,9,6,17,9,22,0,7,79
2013-08-30,83,76,69,69,66,63,87,73,58,30.05,29.97,29.88,10,10,9,17,11,21,0,7,200
2013-08-31,83,78,72,72,70,68,90,80,69,29.89,29.86,29.81,10,10,9,18,11,22,0,6,209
2013-09-01,84,79,73,73,72,70,100,85,69,29.88,29.85,29.83,10,8,0,16,9,20,0.02,7,184
2013-09-02,82,77,72,74,73,70,100,87,74,29.82,29.78,29.73,10,5,0,14,6,17,0,7,166
2013-09-03,85,77,69,73,65,53,93,65,37,29.9,29.79,29.73,10,7,0,17,9,23,0.01,6,293
2013-09-04,82,74,66,61,55,48,68,50,31,30.01,29.96,29.9,10,10,10,22,13,26,0,2,280
2013-09-05,82,73,64,61,50,36,78,49,20,30.16,30.01,29.95,10,10,10,21,12,28,0,3,300
2013-09-06,72,64,56,48,43,38,62,47,31,30.26,30.2,30.15,10,10,10,16,8,20,0,3,18
2013-09-07,78,68,58,58,51,44,72,52,31,30.15,30.05,29.93,10,10,10,20,12,24,0,4,226
2013-09-08,87,75,62,60,54,40,81,54,26,30.08,29.89,29.83,10,10,10,23,13,30,0,4,306
2013-09-09,72,63,54,61,48,38,73,52,31,30.26,30.2,30.11,10,10,10,17,9,22,0,4,120
2013-09-10,81,76,70,70,67,61,87,79,71,30.19,30.14,30.08,10,10,10,22,12,26,0,7,201
2013-09-11,88,80,72,72,71,69,93,75,57,30.13,30.08,30,10,8,6,24,11,31,0,4,203
2013-09-12,82,76,70,71,69,66,93,79,65,30,29.85,29.71,10,8,4,26,10,37,0.29,7,196
2013-09-13,80,70,59,68,58,48,90,66,42,29.86,29.71,29.66,10,10,5,24,12,31,0.09,5,313
2013-09-14,70,63,55,47,45,43,67,54,40,30.13,29.99,29.86,10,10,10,23,12,25,0,2,317
2013-09-15,72,62,51,58,47,39,78,57,35,30.23,30.16,30.11,10,10,10,17,9,21,0,5,256
2013-09-16,75,66,57,59,53,45,90,63,36,30.24,30.1,30.06,10,10,8,21,10,29,0.02,6,332
2013-09-17,66,58,49,44,36,32,62,46,30,30.44,30.37,30.27,10,10,10,23,10,30,0,1,32
2013-09-18,70,60,50,52,45,39,77,55,33,30.36,30.29,30.21,10,10,10,15,8,18,0,1,239
2013-09-19,75,65,54,57,52,46,84,61,38,30.21,30.15,30.1,10,10,10,16,10,20,0,0,225
2013-09-20,76,66,56,60,57,54,93,70,46,30.11,30.07,30.03,10,10,10,16,8,20,0,1,206
2013-09-21,75,66,57,68,63,57,93,83,73,30.03,29.88,29.69,10,10,6,28,12,35,0.33,6,173
2013-09-22,72,64,55,66,51,40,100,69,37,29.92,29.76,29.66,10,8,2,25,15,30,1.16,5,311
2013-09-23,68,59,50,43,40,37,68,53,37,30.06,29.99,29.93,10,10,10,18,12,25,0,1,334
2013-09-24,75,62,48,45,41,38,71,49,27,30.07,29.98,29.88,10,10,10,15,9,21,0,1,314
2013-09-25,72,62,51,55,46,39,84,59,33,29.97,29.94,29.89,10,10,10,14,7,17,0,3,298
2013-09-26,70,62,54,58,55,52,93,78,63,30.11,30.03,29.95,10,10,10,15,7,17,0,5,80
2013-09-27,69,61,52,53,51,48,93,73,52,30.28,30.21,30.12,10,10,10,14,7,16,0,6,30
2013-09-28,74,65,56,54,52,48,86,64,41,30.33,30.28,30.25,10,10,10,15,7,22,0,3,52
2013-09-29,72,63,54,55,53,50,93,72,51,30.25,30.17,30.1,10,10,10,13,6,17,0,3,72
2013-09-30,72,62,52,57,53,49,93,69,44,30.1,30.05,29.99,10,10,10,13,7,15,0,3,326
2013-10-01,81,70,58,61,54,46,84,57,30,30.01,29.97,29.91,10,10,10,17,8,20,0,2,252
2013-10-02,85,73,60,61,58,56,84,62,40,30.02,29.97,29.92,10,10,9,21,9,25,0,0,267
2013-10-03,77,69,60,61,54,47,84,60,36,30.13,30.08,30.03,10,10,9,14,6,16,0,5,220
2013-10-04,80,71,62,65,62,57,87,73,58,30.08,30.04,29.99,10,9,6,17,6,22,0,5,194
2013-10-05,76,70,64,65,63,61,93,79,64,30.11,30.07,30.04,9,6,2,12,7,0,0.01,7,56
2013-10-06,69,67,65,67,65,63,100,92,84,30.12,30.08,30.05,7,3,0,17,10,21,0,8,107
2013-10-07,78,70,61,68,64,48,97,79,60,30.04,29.93,29.81,10,8,1,33,17,41,0.26,7,191
2013-10-08,68,62,55,45,42,39,66,52,37,30.33,30.21,30.02,10,10,10,18,11,23,0,6,349
2013-10-09,65,59,53,47,45,43,72,60,48,30.4,30.35,30.3,10,10,10,21,11,25,0,7,45
2013-10-10,66,61,56,55,52,47,83,75,67,30.28,30.18,30.08,10,10,10,21,16,26,0,8,38
2013-10-11,69,65,60,58,56,52,84,74,63,30.09,30.05,30.02,10,10,8,22,16,28,0,7,43
2013-10-12,75,67,59,55,49,40,72,58,43,30.29,30.18,30.08,10,10,10,24,15,30,0,6,54
2013-10-13,68,60,51,51,49,47,77,65,52,30.39,30.35,30.29,10,10,10,22,11,26,0,4,66
2013-10-14,66,58,49,49,47,44,83,68,52,30.38,30.32,30.27,10,10,10,10,6,17,0,3,64
2013-10-15,70,60,50,54,48,40,93,63,33,30.27,30.21,30.13,10,10,10,16,6,22,0,2,76
2013-10-16,67,61,54,59,56,50,97,85,73,30.12,30.03,29.94,10,10,10,9,5,12,0,8,107
2013-10-17,72,67,61,63,61,58,100,84,68,29.93,29.85,29.72,10,7,0,22,11,25,0.01,7,201
2013-10-18,70,63,56,63,46,39,84,59,33,30,29.85,29.7,10,10,8,25,15,31,0,3,267
2013-10-19,65,58,50,56,47,40,84,68,51,30,29.91,29.77,10,10,9,21,7,25,0,6,204
2013-10-20,64,57,50,55,37,28,72,50,28,30.08,29.94,29.78,10,10,10,24,12,30,0,2,283
2013-10-21,66,58,49,49,40,34,67,49,31,30.17,30.1,30.01,10,10,10,23,12,26,0,1,222
2013-10-22,68,60,51,50,46,35,83,64,45,30,29.85,29.77,10,10,10,18,12,22,0,4,240
2013-10-23,55,50,45,40,35,31,76,57,38,29.83,29.74,29.63,10,10,10,18,8,23,0,6,16
2013-10-24,56,49,41,34,28,19,70,48,26,30.03,29.91,29.77,10,10,10,24,15,30,0,2,277
2013-10-25,56,48,39,31,28,22,82,56,29,30.24,30.13,30.03,10,10,10,24,13,31,0,2,290
2013-10-26,56,49,41,36,32,24,82,56,30,30.24,30.11,29.93,10,10,10,25,14,31,0,2,240
2013-10-27,58,52,46,34,30,25,56,43,29,30.14,29.98,29.88,10,10,10,20,13,25,0,4,277
2013-10-28,60,50,40,36,31,28,79,54,29,30.32,30.22,30.14,10,10,10,16,9,20,0,3,271
2013-10-29,58,51,44,36,32,28,71,48,23,30.42,30.38,30.34,10,10,10,12,7,,0,4,32
2013-10-30,61,53,44,53,43,34,89,72,54,30.36,30.27,30.2,10,10,10,10,5,13,0,7,223
2013-10-31,67,60,53,59,55,49,90,82,73,30.24,30.09,29.84,10,9,7,25,12,35,0.05,7,171
2013-11-01,69,64,58,61,58,53,93,78,63,29.81,29.66,29.59,10,9,4,31,16,38,0.07,6,212
2013-11-02,67,60,53,57,46,36,93,66,39,29.79,29.69,29.65,10,10,9,15,7,18,0,5,352
2013-11-03,56,47,38,40,31,21,71,58,44,30.43,30.11,29.81,10,10,10,25,15,31,0,4,338
2013-11-04,48,41,34,23,17,14,48,37,26,30.67,30.61,30.47,10,10,10,18,10,25,0,3,32
2013-11-05,56,47,38,42,35,24,77,64,50,30.67,30.61,30.51,10,10,10,13,7,17,0,6,98
2013-11-06,61,52,43,56,47,39,93,73,53,30.5,30.31,30.09,10,10,10,18,9,25,0,6,186
2013-11-07,64,54,44,58,50,28,93,71,49,30.06,29.9,29.77,10,9,6,29,14,38,0.13,6,250
2013-11-08,52,47,41,32,25,19,65,48,31,30.23,30.07,29.96,10,10,10,26,15,35,0,4,295
2013-11-09,50,45,39,36,27,22,59,47,34,30.3,30.21,30.03,10,10,10,20,12,25,0,5,246
2013-11-10,62,53,44,37,32,25,66,48,30,30.06,29.95,29.83,10,10,10,32,17,40,0,5,264
2013-11-11,54,49,43,35,27,23,50,43,35,30.22,30.11,29.99,10,10,10,24,14,30,0,6,262
2013-11-12,52,42,32,37,26,13,89,63,37,30.3,30.13,29.95,10,8,1,30,17,38,0.05,7,321
2013-11-13,41,35,29,21,13,7,53,39,25,30.38,30.33,30.3,10,10,10,23,14,31,0,1,307
2013-11-14,53,44,34,27,21,15,59,41,22,30.28,30.23,30.18,10,10,10,23,15,28,0,3,242
2013-11-15,53,45,36,42,35,28,82,66,50,30.28,30.23,30.19,10,10,10,14,8,16,0,5,215
2013-11-16,56,50,43,47,42,33,100,78,56,30.35,30.31,30.25,10,9,5,13,5,15,0.08,6,212
2013-11-17,62,54,46,58,54,45,100,92,84,30.28,30.1,29.82,10,4,0,12,7,15,0.01,8,120
2013-11-18,67,60,52,57,41,21,100,63,26,29.79,29.69,29.64,10,8,0,30,16,43,0.16,4,242
2013-11-19,52,44,36,27,23,20,52,43,33,30.35,30.07,29.8,10,10,10,31,21,40,0,2,324
2013-11-20,46,39,31,22,15,5,61,40,19,30.62,30.53,30.36,10,10,10,23,10,29,0,4,19
2013-11-21,52,42,31,42,32,20,71,58,45,30.63,30.54,30.41,10,10,10,13,7,17,0,6,111
2013-11-22,57,53,49,51,47,41,93,82,71,30.39,30.15,29.92,10,9,5,15,8,18,0.07,8,228
2013-11-23,55,44,32,49,23,6,89,57,25,30.04,29.97,29.92,10,10,7,33,19,46,0,4,306
2013-11-24,32,28,24,7,1,-8,40,30,19,30.39,30.2,30.02,10,10,10,39,24,51,0,3,305
2013-11-25,36,30,23,16,10,5,50,43,35,30.51,30.43,30.37,10,10,10,22,14,28,0,4,261
2013-11-26,53,44,34,51,28,17,96,70,44,30.36,30.22,29.8,10,8,3,23,9,29,0.56,8,157
2013-11-27,61,49,36,59,45,21,100,76,52,29.74,29.47,29.35,10,6,0,39,22,48,1.41,8,256
2013-11-28,37,34,30,17,11,6,56,43,29,30.49,30.22,29.79,10,10,10,33,16,45,0,3,306
2013-11-29,41,36,30,17,15,12,53,45,37,30.75,30.6,30.49,10,10,10,20,9,22,0,4,314
2013-11-30,44,35,25,32,20,13,67,54,40,30.78,30.65,30.39,10,10,10,13,7,15,0,5,50
2013-12-01,49,43,37,36,32,30,76,66,56,30.36,30.17,30.03,10,10,7,10,7,13,0,7,285
2013-12-02,51,45,38,39,35,30,86,69,52,30.02,29.96,29.9,10,10,8,9,4,12,0,6,37
2013-12-03,54,46,38,37,35,33,92,71,50,30.02,29.94,29.89,10,8,7,12,6,15,0,4,310
2013-12-04,51,43,35,45,37,32,89,73,56,30.15,30.11,30.03,10,8,5,9,4,12,0,6,57
2013-12-05,56,52,47,54,51,45,100,93,86,30.14,30.06,29.97,10,3,0,16,7,21,0.01,8,167
2013-12-06,56,47,37,54,44,34,100,92,83,30.14,30.02,29.9,10,6,0,21,11,31,0.57,8,352
2013-12-07,43,38,32,33,25,15,85,64,43,30.52,30.32,30.12,10,9,4,20,13,25,0.17,6,336
2013-12-08,34,31,28,29,20,13,85,64,43,30.61,30.53,30.39,10,8,2,16,9,21,0.03,7,29
2013-12-09,42,37,32,39,35,30,96,88,79,30.37,30.1,29.97,10,4,1,20,12,26,0.25,8,338
2013-12-10,38,34,30,33,29,15,96,77,58,30.15,29.98,29.88,10,6,0,23,12,29,0.28,6,285
2013-12-11,32,30,27,19,16,13,59,54,49,30.35,30.27,30.17,10,10,10,24,18,30,0,2,259
2013-12-12,30,27,23,14,8,4,57,46,35,30.37,30.28,30.19,10,10,10,26,16,32,0,2,295
2013-12-13,36,30,24,20,12,5,56,47,38,30.35,30.22,30.16,10,10,10,26,15,35,0,5,264
2013-12-14,43,34,25,41,22,16,92,74,56,30.51,30.3,29.79,10,4,1,24,15,35,0.57,8,50
2013-12-15,47,40,33,44,31,19,96,74,52,29.87,29.65,29.49,10,8,2,26,15,36,0.82,7,291
2013-12-16,35,30,25,21,10,4,61,47,32,30.25,30.08,29.86,10,10,10,28,14,33,0,3,285
2013-12-17,34,30,25,30,22,8,88,65,42,30.24,30.06,29.94,10,7,1,21,10,25,0.13,8,27
2013-12-18,38,32,25,23,20,18,81,64,47,30.19,30.06,29.93,10,10,10,23,13,28,0,4,291
2013-12-19,45,37,29,30,25,19,69,59,49,30.2,30.14,30.06,10,10,10,17,10,21,0,5,239
2013-12-20,51,44,36,42,34,30,89,69,48,30.13,30.06,29.99,10,10,9,13,6,15,0,7,194
2013-12-21,55,49,42,48,45,41,96,84,71,30.03,29.98,29.93,10,9,4,18,6,21,0,6,182
2013-12-22,64,57,50,54,51,48,96,86,75,29.99,29.92,29.85,10,7,0,28,13,32,0,7,191
2013-12-23,57,50,43,55,49,33,100,92,83,30.16,30,29.91,10,6,0,23,9,30,0.49,8,227
2013-12-24,43,35,27,31,21,4,70,55,40,30.35,30.18,30.09,10,10,10,29,16,36,0,6,331
2013-12-25,32,26,20,21,7,3,58,46,34,30.54,30.49,30.37,10,10,10,29,10,36,0,4,354
2013-12-26,38,33,28,25,22,19,69,61,52,30.43,30.29,30.18,10,10,10,21,9,24,0,4,278
2013-12-27,42,37,31,24,20,16,64,51,38,30.38,30.33,30.29,10,10,10,21,11,23,0,2,263
2013-12-28,53,42,31,32,28,23,75,57,38,30.3,30.19,30.09,10,10,10,23,12,25,0,3,234
2013-12-29,49,44,38,48,38,30,93,75,57,30.09,29.76,29.4,10,7,1,25,10,33,1.18,7,270
2013-12-30,47,36,24,37,25,7,86,65,43,30.2,29.99,29.73,10,10,10,24,14,30,0,4,301
2013-12-31,34,28,21,21,11,5,59,49,39,30.3,30.18,30.09,10,10,9,26,12,37,0,4,298
2014-01-01,34,29,24,18,13,5,60,49,38,30.43,30.36,30.27,10,10,10,18,9,23,0,5,297
2014-01-02,33,26,19,25,21,15,91,71,51,30.24,29.94,29.67,10,7,0,29,18,36,0.13,8,32
2014-01-03,19,14,9,13,4,-7,88,65,42,30.48,30.05,29.62,10,5,0,33,20,44,0.22,3,335
2014-01-04,31,17,3,18,5,-5,67,52,36,30.55,30.45,30.33,10,10,10,17,7,21,0,3,250
2014-01-05,49,36,23,48,31,17,93,81,68,30.34,30.18,29.79,10,5,0,23,7,31,0.1,7,88
2014-01-06,53,37,20,52,38,3,100,72,43,29.75,29.57,29.44,10,5,0,38,21,45,0.41,7,227
2014-01-07,20,13,6,-5,-12,-17,46,39,32,30.41,30.17,29.8,10,10,10,38,23,46,0,1,277
2014-01-08,24,17,10,2,-3,-7,52,44,36,30.58,30.51,30.43,10,10,10,22,13,28,0,3,273
2014-01-09,34,28,22,15,8,2,63,48,32,30.67,30.61,30.52,10,10,10,15,7,20,0,4,312
2014-01-10,38,31,24,36,29,16,92,78,63,30.59,30.43,30.23,10,4,0,7,4,8,0.19,8,21
2014-01-11,54,46,38,52,48,36,100,96,92,30.22,29.71,29.35,10,3,0,31,16,37,0.72,8,178
2014-01-12,52,43,33,46,30,24,100,70,39,30.1,29.78,29.44,10,10,10,28,15,37,0,5,277
2014-01-13,50,40,30,39,35,26,89,77,65,30.17,30.07,29.93,10,10,9,26,12,39,0,4,192
2014-01-14,48,46,43,46,43,39,100,88,76,29.91,29.79,29.69,10,7,0,18,9,23,0.55,8,217
2014-01-15,44,38,32,40,37,31,100,93,86,30.03,29.95,29.88,7,1,0,12,5,15,0,6,170
2014-01-16,42,39,35,39,32,27,93,78,62,29.96,29.9,29.86,10,8,0,16,7,18,0,8,347
2014-01-17,45,37,28,35,30,23,85,71,57,30.02,29.96,29.9,10,10,10,20,7,23,0,4,211
2014-01-18,42,35,28,36,30,17,85,70,54,29.88,29.77,29.68,10,8,2,23,11,28,0.24,7,337
2014-01-19,38,32,26,25,18,14,64,56,47,29.86,29.77,29.69,10,10,10,28,16,33,0,5,247
2014-01-20,48,41,33,28,25,16,70,54,38,29.9,29.7,29.6,10,10,9,26,15,33,0,6,262
2014-01-21,33,23,13,18,11,6,84,63,42,30.01,29.93,29.83,10,3,0,26,16,33,0.35,8,10
2014-01-22,18,13,7,7,-2,-6,76,58,39,30.02,29.86,29.78,10,9,5,32,19,38,0.01,5,330
2014-01-23,21,15,8,2,-1,-6,63,53,43,30.31,30.16,30.02,10,10,10,24,14,30,0,4,290
2014-01-24,20,16,11,4,-2,-5,54,47,39,30.4,30.3,30.14,10,10,10,25,17,31,0,3,279
2014-01-25,30,25,20,23,15,5,84,65,46,30.09,29.67,29.48,10,8,0,37,21,44,0.04,7,228
2014-01-26,36,27,18,27,7,-5,68,51,34,29.93,29.82,29.51,10,10,3,32,17,40,0,5,252
2014-01-27,45,34,22,34,19,-5,82,54,25,30.1,29.8,29.65,10,10,10,28,14,35,0,7,264
2014-01-28,22,18,14,7,-7,-12,40,33,25,30.39,30.3,30.12,10,10,7,23,10,28,0,7,319
2014-01-29,24,20,16,10,3,-4,80,57,34,30.32,30.2,30.13,10,8,2,23,13,29,0.05,5,291
2014-01-30,28,21,14,19,6,0,75,56,36,30.48,30.38,30.22,10,10,10,15,8,18,0,1,232
2014-01-31,43,34,25,21,15,10,63,45,27,30.26,30.18,30.13,10,10,10,17,9,21,0,7,252
2014-02-01,43,37,30,32,24,17,89,63,36,30.35,30.24,30.05,10,10,8,10,4,14,0,6,113
2014-02-02,52,41,30,37,33,29,100,75,50,30.09,29.98,29.94,10,6,0,16,7,23,0,7,235
2014-02-03,44,36,28,34,29,20,89,77,65,30.33,30.17,30.09,10,5,0,18,12,26,1.08,8,4
2014-02-04,35,29,22,25,20,15,78,70,61,30.48,30.4,30.27,10,10,10,14,6,20,0,5,14
2014-02-05,35,33,30,32,29,25,89,81,72,30.24,29.93,29.65,10,5,0,22,11,28,1.2,8,20
2014-02-06,32,28,24,25,17,14,78,66,53,30.31,30.22,30,10,10,10,22,12,28,0,7,317
2014-02-07,32,29,25,17,14,10,68,57,45,30.35,30.29,30.25,10,10,10,21,13,28,0,4,273
2014-02-08,29,25,21,12,6,-1,50,41,32,30.36,30.28,30.17,10,10,10,17,9,23,0,6,283
2014-02-09,30,25,20,25,13,4,92,64,36,30.21,30.11,30.02,10,8,0,17,9,20,0.13,6,266
2014-02-10,29,25,21,20,10,4,81,60,38,30.3,30.15,30.02,10,10,10,24,15,30,0,3,312
2014-02-11,25,21,16,6,4,2,56,46,36,30.49,30.38,30.3,10,10,10,21,13,24,0,2,321
2014-02-12,27,20,12,19,6,1,68,52,36,30.58,30.49,30.3,10,10,10,17,8,21,0,6,34
2014-02-13,36,31,26,34,30,19,92,84,75,30.28,29.66,29.02,10,4,0,37,21,47,1.27,8,28
2014-02-14,41,37,32,31,26,22,89,69,48,29.8,29.39,29.03,10,8,1,37,19,45,0.13,5,274
2014-02-15,37,33,28,30,26,15,85,70,54,29.81,29.67,29.56,10,6,0,31,15,39,0.11,8,357
2014-02-16,30,26,22,14,10,8,58,50,42,30.11,29.94,29.76,10,10,10,32,17,41,0,5,291
2014-02-17,32,26,19,10,3,-1,57,42,26,30.39,30.32,30.14,10,10,10,31,10,36,0,3,335
2014-02-18,40,33,26,35,26,11,96,73,50,30.35,30.12,29.97,10,7,1,24,9,33,0.15,6,102
2014-02-19,44,36,27,40,33,21,92,81,69,30.12,29.89,29.72,10,7,0,18,8,24,0.31,6,180
2014-02-20,44,39,33,36,29,25,92,75,57,30.27,30.17,30.05,10,9,5,20,8,25,0.02,5,249
2014-02-21,47,41,35,45,38,32,100,85,70,30.02,29.87,29.67,10,3,0,28,10,37,0.14,7,41
2014-02-22,53,44,34,32,30,24,96,66,35,30.07,30.02,29.95,10,10,5,23,12,26,0,2,225
2014-02-23,55,45,35,36,30,26,89,62,35,30.04,29.96,29.86,10,10,10,23,7,29,0,6,226
2014-02-24,45,37,28,34,17,4,85,55,25,30.11,29.93,29.83,10,10,10,31,18,40,0.02,4,287
2014-02-25,35,31,26,13,8,4,46,40,34,30.1,30.03,29.95,10,10,10,26,13,32,0,5,295
2014-02-26,33,27,20,25,12,-7,85,56,26,29.99,29.91,29.83,10,7,0,24,12,29,0.03,6,278
2014-02-27,35,25,15,21,5,-22,56,40,24,30.12,29.79,29.65,10,9,2,32,15,39,0,3,267
2014-02-28,26,19,11,0,-8,-17,41,29,17,30.45,30.35,30.15,10,10,10,30,11,37,0,1,296
2014-03-01,36,27,17,29,15,-2,78,57,36,30.45,30.33,30.18,10,10,10,13,6,20,0,5,173
2014-03-02,43,37,30,28,23,15,78,59,40,30.15,30.06,30,10,10,9,16,8,17,0,8,272
2014-03-03,35,27,18,19,7,-4,81,60,39,30.35,30.18,30.02,10,8,2,23,14,26,0.04,7,356
2014-03-04,29,21,13,13,4,-4,55,46,36,30.44,30.35,30.27,10,10,10,18,8,22,0,6,293
2014-03-05,40,33,25,17,10,4,63,43,22,30.45,30.29,30.23,10,10,10,21,8,99,0,5,7
2014-03-06,31,24,17,12,6,-1,57,44,31,30.65,30.56,30.48,10,10,10,21,10,25,0,4,44
2014-03-07,36,32,27,29,22,10,75,63,50,30.49,30.22,29.92,10,10,6,18,11,22,0,8,24
2014-03-08,60,46,32,32,28,25,82,55,28,29.91,29.86,29.78,10,10,10,22,12,28,0,4,303
2014-03-09,47,42,36,26,15,6,52,36,19,30.03,29.97,29.9,10,10,9,24,14,29,0,6,308
2014-03-10,51,43,35,35,26,21,79,59,38,29.95,29.81,29.64,10,9,2,22,10,25,0,7,217
2014-03-11,65,52,38,37,34,30,82,57,31,29.72,29.64,29.58,10,10,10,18,9,43,0,7,230
2014-03-12,57,46,34,46,41,34,93,80,66,29.69,29.3,29.04,10,7,2,32,15,40,0.15,8,163
2014-03-13,34,26,19,30,3,-7,75,37,11,30.09,29.62,29.15,10,10,10,34,29,51,0,5,307
2014-03-14,42,32,22,31,14,-5,76,52,27,30.25,30.13,29.94,10,10,10,28,15,38,0,5,218
2014-03-15,61,51,40,34,27,18,76,48,19,30.01,29.85,29.78,10,10,10,30,16,41,0.01,5,249
2014-03-16,43,37,31,22,7,1,43,32,21,30.21,30.15,30.02,10,10,10,26,16,33,0,5,333
2014-03-17,34,30,25,9,2,-4,37,30,22,30.15,30.1,30.06,10,10,8,22,11,25,0,7,25
2014-03-18,43,34,25,25,14,4,72,48,23,30.32,30.26,30.14,10,10,10,20,9,24,0,2,63
2014-03-19,46,37,28,43,31,23,92,75,58,30.33,30.15,29.85,10,9,4,29,15,37,0.72,6,74
2014-03-20,56,49,42,45,34,19,100,65,29,29.92,29.79,29.75,10,8,1,29,17,37,0,5,281
2014-03-21,54,44,34,21,18,15,48,35,22,30.07,29.99,29.92,10,10,10,23,14,32,0,2,296
2014-03-22,65,50,35,38,29,20,76,49,22,30.06,29.9,29.77,10,10,10,116,14,182,0,4,266
2014-03-23,46,37,28,24,15,2,50,36,22,30.12,30.04,29.99,10,10,10,24,16,30,0,6,328
2014-03-24,36,29,22,4,2,-1,44,33,22,30.27,30.19,30.12,10,10,10,25,12,32,0,3,317
2014-03-25,39,31,23,20,12,6,56,43,29,30.18,30.06,29.87,10,10,8,17,8,28,0,7,94
2014-03-26,39,32,25,21,6,-3,63,42,21,30.23,29.91,29.74,10,10,8,38,25,49,0,5,328
2014-03-27,39,31,23,27,12,2,64,47,29,30.43,30.35,30.25,10,10,10,26,14,32,0,3,245
2014-03-28,51,44,36,42,38,28,82,76,70,30.28,30.11,30.01,10,10,10,24,13,31,0,8,190
2014-03-29,52,47,41,46,43,38,93,84,74,30.2,30.04,29.69,10,6,2,22,11,28,2.6,7,55
2014-03-30,55,48,40,52,45,36,96,90,83,29.65,29.55,29.47,10,4,0,28,17,35,0.53,8,24
2014-03-31,56,45,34,35,32,25,79,60,41,30.09,29.88,29.67,10,8,2,30,20,38,0.21,6,354
2014-04-01,57,47,37,35,29,25,76,56,35,30.14,30.09,30.01,10,10,10,16,10,25,0,2,289
2014-04-02,48,43,38,41,38,33,92,81,70,30.17,30.11,30.08,10,10,10,10,4,20,0.03,7,162
2014-04-03,63,51,39,41,33,22,92,57,22,30.14,30.09,30.03,10,10,8,13,6,16,0.08,6,45
2014-04-04,45,43,41,42,37,35,92,84,76,30.09,29.98,29.75,10,8,2,26,14,32,0.1,8,87
2014-04-05,57,49,41,42,32,21,93,63,32,30.08,29.85,29.73,10,8,2,33,17,39,0,5,306
2014-04-06,57,47,37,35,24,18,79,50,21,30.25,30.18,30.1,10,10,10,25,11,55,0,1,248
2014-04-07,51,44,37,47,39,32,93,74,54,30.24,30.05,29.73,10,7,2,26,11,35,0.35,8,109
2014-04-08,66,57,47,55,44,31,93,65,37,29.71,29.53,29.43,10,5,0,30,14,37,0.25,7,216
2014-04-09,64,54,43,34,26,11,65,43,20,30.04,29.76,29.64,10,10,10,30,15,37,0,2,318
2014-04-10,53,46,38,39,28,9,71,46,21,30.25,30.14,30.06,10,10,10,29,16,35,0,2,183
2014-04-11,69,58,47,49,43,38,86,61,35,30.06,30.01,29.96,10,10,10,20,9,24,0,7,192
2014-04-12,68,59,49,50,43,34,83,56,29,30.24,30.17,30.02,10,10,10,18,8,24,0,4,229
2014-04-13,65,56,47,52,48,43,89,75,60,30.22,30.12,30,10,10,8,31,15,38,0,5,171
2014-04-14,66,59,51,54,50,48,93,77,60,30.06,29.97,29.89,10,9,0,36,23,47,0,6,181
2014-04-15,56,45,34,54,48,32,96,88,79,29.9,29.73,29.56,10,3,0,33,23,43,0.65,8,220
2014-04-16,49,41,32,32,19,12,64,44,23,30.58,30.28,29.93,10,10,5,31,16,37,0.08,4,341
2014-04-17,47,41,35,31,25,18,70,55,40,30.74,30.67,30.6,10,10,10,22,13,32,0,3,81
2014-04-18,46,41,36,35,29,25,79,64,49,30.62,30.47,30.3,10,10,10,30,7,144,0,7,113
2014-04-19,68,54,40,37,30,18,85,51,16,30.35,30.27,30.23,10,10,10,20,10,70,0,6,306
2014-04-20,54,48,42,34,26,22,60,44,28,30.51,30.44,30.35,10,10,10,22,12,26,0,5,85
2014-04-21,58,48,37,43,33,25,86,58,30,30.32,30.12,29.91,10,10,10,13,6,15,0,3,141
2014-04-22,62,54,45,53,46,42,93,77,60,29.89,29.68,29.52,10,10,9,24,9,29,0,6,193
2014-04-23,63,54,45,48,35,27,83,59,35,29.83,29.62,29.5,10,10,10,37,23,47,0,5,305
2014-04-24,64,54,43,29,14,4,53,32,10,30.03,29.9,29.84,10,10,10,31,21,41,0,1,313
2014-04-25,59,51,43,41,26,15,77,50,22,30.06,29.97,29.8,10,10,10,18,10,23,0,5,119
2014-04-26,67,57,46,46,44,39,93,65,37,29.89,29.78,29.72,10,9,2,22,10,26,0.71,7,34
2014-04-27,61,54,46,44,34,30,86,60,33,30.12,29.99,29.89,10,10,10,23,14,31,0,4,332
2014-04-28,66,56,45,42,35,25,74,48,22,30.15,30.09,30.02,10,10,10,22,10,25,0,5,332
2014-04-29,51,48,44,41,38,36,77,69,61,30.42,30.33,30.17,10,10,10,31,20,39,0.05,8,94
2014-04-30,56,49,42,54,43,37,100,88,76,30.4,30.24,29.97,10,4,1,31,19,39,4.68,8,85
2014-05-01,71,62,53,60,54,52,100,89,78,29.97,29.8,29.7,10,4,0,23,13,30,0.24,7,190
2014-05-02,69,61,52,52,42,32,72,51,30,29.86,29.78,29.72,10,10,7,24,11,28,0.01,6,262
2014-05-03,66,58,49,50,43,39,89,65,40,29.89,29.83,29.77,10,10,10,23,10,28,0,5,214
2014-05-04,66,60,53,49,37,21,83,53,22,29.8,29.74,29.66,10,10,10,32,19,44,0,5,267
2014-05-05,69,60,50,36,29,17,54,35,15,29.9,29.85,29.79,10,10,10,33,17,43,0,3,311
2014-05-06,69,60,50,42,31,23,51,37,22,30.08,29.95,29.88,10,10,10,22,10,29,0,4,319
2014-05-07,64,57,50,46,33,24,77,51,25,30.25,30.2,30.1,10,10,10,20,10,23,0,6,225
2014-05-08,58,55,51,55,52,44,100,83,66,30.21,30.17,30.1,10,6,0,12,5,16,0.38,8,111
2014-05-09,63,60,56,59,56,54,100,92,84,30.2,30.13,30.02,10,4,0,15,9,18,0.04,8,100
2014-05-10,77,66,54,63,58,52,100,80,60,30.02,29.92,29.84,10,4,0,32,9,39,0.79,7,203
2014-05-11,79,70,61,63,49,39,93,61,29,30.09,30.02,29.88,10,10,5,21,9,24,0.02,3,242
2014-05-12,76,66,56,60,54,50,87,65,43,30.13,30.09,30.05,10,10,10,22,8,29,0,5,206
2014-05-13,70,61,51,58,47,39,90,63,36,30.31,30.19,30.02,10,10,8,23,12,29,0,6,98
2014-05-14,64,57,50,58,51,44,90,79,67,30.32,30.29,30.24,10,9,0,14,8,16,0,7,94
2014-05-15,71,66,60,63,61,58,97,85,73,30.25,30.18,30.1,10,3,0,24,15,30,0.14,8,143
2014-05-16,66,63,60,63,61,59,100,94,87,30.09,29.93,29.83,10,4,1,33,21,44,1.26,8,146
2014-05-17,70,63,55,57,47,36,84,60,36,30.11,30,29.87,10,10,10,22,10,26,0,4,260
2014-05-18,69,61,52,41,36,30,64,47,29,30.2,30.15,30.12,10,10,10,20,10,26,0,3,337
2014-05-19,74,62,50,41,33,27,55,38,20,30.22,30.14,30.07,10,10,10,26,11,37,0,2,321
2014-05-20,79,67,55,50,40,31,60,39,17,30.14,30.06,29.98,10,10,10,22,11,30,0,3,292
2014-05-21,75,68,60,55,49,41,84,60,36,30.01,29.96,29.92,10,10,10,14,8,17,0,7,224
2014-05-22,62,60,58,58,55,54,93,83,72,29.91,29.86,29.82,10,8,2,15,7,17,0.32,8,126
2014-05-23,69,63,57,58,56,53,93,80,66,29.94,29.88,29.85,10,7,1,20,7,24,0.32,8,66
2014-05-24,70,64,57,56,53,51,93,74,55,30.1,30.02,29.92,10,10,5,16,8,23,0.05,7,309
2014-05-25,78,67,56,56,54,47,93,63,33,30.11,30.07,30.04,10,10,7,21,9,24,0,3,242
2014-05-26,85,73,60,57,54,49,84,57,29,30.06,29.99,29.9,10,10,10,23,13,26,0,6,233
2014-05-27,84,74,64,64,59,53,78,61,43,29.91,29.85,29.77,10,10,10,22,9,30,0,7,226
2014-05-28,67,60,53,59,51,44,86,75,64,30.19,29.98,29.81,10,10,10,20,12,25,0,8,49
2014-05-29,62,57,52,47,44,40,71,62,53,30.24,30.21,30.17,10,10,10,15,8,20,0,6,102
2014-05-30,70,62,53,57,50,43,84,64,44,30.17,30.08,30,10,10,9,20,7,23,0.03,5,200
2014-05-31,72,64,55,53,48,43,77,60,42,30.3,30.17,30.07,10,10,10,26,11,32,0,3,27
2014-06-01,75,65,54,48,43,36,72,49,25,30.37,30.32,30.28,10,10,10,14,8,16,0,3,246
2014-06-02,74,66,57,57,50,42,78,60,41,30.29,30.17,30.04,10,10,10,22,10,26,0,1,207
2014-06-03,80,71,62,67,59,56,87,69,51,30.04,29.93,29.84,10,10,10,22,8,41,0,3,187
2014-06-04,82,73,63,62,61,58,90,69,48,29.86,29.81,29.76,10,10,8,21,7,37,0,7,49
2014-06-05,77,70,62,63,58,47,93,66,38,29.8,29.69,29.64,10,8,2,23,12,31,0.5,7,21
2014-06-06,79,71,63,49,48,46,56,46,36,29.95,29.87,29.8,10,10,10,21,13,43,0,5,325
2014-06-07,80,71,61,57,53,49,68,52,36,30.01,29.97,29.94,10,10,10,16,8,44,0,2,257
2014-06-08,85,73,61,61,58,50,90,61,31,29.97,29.94,29.9,10,10,10,14,6,17,0,5,198
2014-06-09,68,66,63,64,63,60,93,85,76,29.97,29.95,29.91,10,8,2,14,6,18,0.95,8,123
2014-06-10,78,73,67,68,66,64,93,81,69,29.99,29.95,29.93,10,8,0,12,5,23,0,7,117
2014-06-11,70,66,61,66,58,55,90,76,61,30.12,30.08,30,10,10,2,20,12,25,0,8,82
2014-06-12,76,69,61,68,63,57,93,84,74,30.1,30.03,29.94,10,8,0,21,11,25,0.01,8,95
2014-06-13,81,74,67,70,66,64,93,84,74,29.93,29.83,29.75,10,4,0,21,8,28,0.99,8,129
2014-06-14,79,71,62,67,56,46,100,69,37,30.04,29.89,29.79,10,9,0,28,13,35,0,6,312
2014-06-15,82,71,60,55,51,49,72,53,34,30.1,30.07,30.03,10,10,10,22,12,26,0,4,326
2014-06-16,77,71,64,62,55,46,81,57,33,30.17,30.12,30.08,10,10,10,14,8,17,0,5,151
2014-06-17,82,75,68,70,67,64,87,75,62,30.08,30.01,29.9,10,10,9,18,8,22,0,6,187
2014-06-18,91,83,74,70,62,54,82,57,31,29.97,29.89,29.82,10,10,10,28,12,36,0,4,283
2014-06-19,76,73,69,67,64,60,90,77,64,30.02,29.98,29.95,10,10,9,23,8,26,0.05,6,271
2014-06-20,83,74,65,66,46,35,90,56,22,30.01,29.96,29.9,10,10,10,18,11,24,0,5,354
2014-06-21,75,69,62,58,47,43,84,59,33,29.99,29.95,29.91,10,10,6,15,8,18,0,5,113
2014-06-22,77,69,61,59,55,49,90,64,38,30.05,29.98,29.93,10,10,10,14,6,17,0,3,144
2014-06-23,81,72,62,63,59,52,90,63,36,30.17,30.12,30.06,10,10,10,20,8,22,0,4,187
2014-06-24,79,72,65,64,63,59,87,73,58,30.18,30.12,30.04,10,10,10,29,14,33,0,4,183
2014-06-25,83,76,68,72,69,64,90,80,69,30.05,29.95,29.85,10,8,1,24,13,31,0.09,7,184
2014-06-26,89,80,70,70,67,62,93,70,46,29.98,29.86,29.81,10,9,3,18,8,24,0.02,6,302
2014-06-27,79,72,65,64,60,57,81,65,48,30.24,30.11,29.99,10,10,10,17,8,22,0,5,130
2014-06-28,86,76,66,61,57,52,78,55,32,30.29,30.26,30.23,10,10,10,16,8,20,0,4,217
2014-06-29,79,72,65,65,59,54,84,65,45,30.27,30.22,30.15,10,10,10,20,9,26,0,6,181
2014-06-30,80,74,67,68,66,61,93,78,62,30.14,30.06,29.96,10,10,10,24,13,29,0,5,194
2014-07-01,84,78,71,71,68,65,90,78,65,29.98,29.91,29.85,10,10,10,30,15,38,0,5,196
2014-07-02,85,78,71,72,70,66,84,75,65,29.98,29.91,29.85,10,10,2,30,12,37,0.52,5,176
2014-07-03,85,78,71,73,70,66,93,79,65,30.03,29.95,29.88,10,10,6,28,9,35,0.35,7,176
2014-07-04,76,71,66,69,63,51,93,71,49,30.01,29.95,29.88,10,9,6,31,15,41,0.32,7,351
2014-07-05,84,75,65,58,48,46,57,42,27,30.15,30.1,30.01,10,10,10,25,14,31,0,1,287
2014-07-06,83,75,66,65,59,52,79,58,36,30.11,30.04,29.95,10,10,10,23,13,29,0,3,219
2014-07-07,83,77,70,67,65,62,79,69,58,29.95,29.85,29.76,10,10,10,21,12,25,0,4,200
2014-07-08,88,80,72,69,67,64,84,69,53,29.85,29.79,29.7,10,10,9,32,15,45,0,6,203
2014-07-09,84,78,71,68,66,64,84,70,55,29.96,29.88,29.8,10,10,10,22,12,28,0.01,5,210
2014-07-10,85,78,71,68,63,58,79,61,43,30.15,30.07,29.96,10,10,6,15,6,18,0.03,6,76
2014-07-11,85,76,67,66,61,51,87,60,32,30.23,30.19,30.13,10,10,7,15,7,22,0,4,111
2014-07-12,82,74,66,68,65,60,97,74,51,30.25,30.21,30.15,10,8,1,20,10,25,0,4,177
2014-07-13,80,75,69,70,68,67,97,86,74,30.15,30.04,29.92,10,10,8,29,16,37,0.06,6,184
2014-07-14,83,77,70,72,70,67,93,79,65,29.96,29.9,29.84,10,8,2,21,7,25,1.87,7,177
2014-07-15,82,76,69,73,70,68,97,88,79,29.82,29.79,29.76,10,5,0,17,7,22,1.03,8,175
2014-07-16,83,77,70,70,63,51,93,64,34,29.89,29.81,29.76,10,10,3,18,9,23,0.01,7,234
2014-07-17,82,75,67,61,56,52,68,54,39,30.11,29.98,29.88,10,10,10,15,9,20,0,5,281
2014-07-18,84,75,65,60,52,42,78,52,26,30.24,30.2,30.12,10,10,10,16,7,24,0,4,16
2014-07-19,79,74,68,59,56,52,68,56,43,30.26,30.22,30.19,10,10,10,15,7,25,0,7,73
2014-07-20,78,73,68,63,60,57,76,66,56,30.18,30.14,30.11,10,10,10,20,9,23,0,6,75
2014-07-21,83,74,65,66,62,56,84,62,40,30.21,30.18,30.14,10,10,10,14,7,22,0,3,167
2014-07-22,84,76,68,67,65,61,78,68,58,30.19,30.14,30.07,10,10,10,25,13,33,0,2,215
2014-07-23,83,77,71,72,68,60,79,72,64,30.05,29.91,29.79,10,10,4,28,13,35,0.02,4,207
2014-07-24,83,78,72,72,61,53,82,61,40,29.91,29.85,29.8,10,10,10,20,11,26,0,7,354
2014-07-25,83,75,67,64,56,49,73,52,31,30.03,29.99,29.92,10,10,10,16,10,21,0,3,325
2014-07-26,81,75,69,69,63,58,87,73,58,30.02,29.97,29.92,10,10,10,18,10,23,0.09,5,212
2014-07-27,84,78,71,72,70,67,90,78,65,29.91,29.77,29.67,10,10,10,22,12,25,0.01,6,194
2014-07-28,84,77,69,72,65,57,90,67,44,29.69,29.59,29.53,10,9,6,31,16,39,0.51,5,223
2014-07-29,79,72,64,56,51,46,68,50,32,29.98,29.87,29.71,10,10,10,21,11,28,0,4,308
2014-07-30,80,72,64,63,54,48,73,54,35,30.06,30.02,29.97,10,10,10,20,9,23,0,3,211
2014-07-31,82,74,65,68,61,56,84,65,45,30.16,30.11,30.06,10,10,10,23,12,28,0,4,202
2014-08-01,82,77,71,70,68,66,93,78,62,30.23,30.2,30.17,10,10,9,18,8,23,0,7,187
2014-08-02,76,71,65,68,63,60,93,77,60,30.21,30.15,30.11,10,9,5,18,8,24,0.4,8,44
2014-08-03,78,72,66,66,64,61,93,79,64,30.13,30.1,30.05,10,10,6,10,5,13,0.09,7,114
2014-08-04,81,76,70,70,67,66,87,75,62,30.09,30.06,30.04,10,10,10,21,10,24,0,6,215
2014-08-05,85,78,70,70,67,64,90,71,51,30.05,29.99,29.91,10,10,10,18,8,22,0,3,208
2014-08-06,85,78,71,65,60,54,79,57,34,29.91,29.88,29.83,10,10,10,24,9,30,0,5,335
2014-08-07,86,77,67,57,51,45,63,45,27,30.02,29.94,29.9,10,10,10,24,11,31,0,2,335
2014-08-08,84,75,65,64,53,45,73,50,26,30.1,30.06,30.02,10,10,10,16,6,21,0,4,319
2014-08-09,86,76,66,62,57,48,73,51,29,30.13,30.1,30.07,10,10,10,15,7,18,0,2,316
2014-08-10,87,78,68,66,59,52,79,55,30,30.15,30.12,30.1,10,10,10,14,7,16,0,3,228
2014-08-11,84,76,67,67,63,57,84,62,40,30.16,30.14,30.11,10,10,10,14,8,17,0,4,177
2014-08-12,80,76,72,71,67,64,87,77,67,30.1,30.01,29.87,10,10,7,32,15,40,0.34,8,131
2014-08-13,85,77,68,72,67,60,93,72,51,29.86,29.72,29.66,10,8,2,35,14,41,2.92,7,336
2014-08-14,80,73,65,59,52,47,70,51,32,29.89,29.85,29.79,10,10,10,21,13,25,0,3,276
2014-08-15,76,69,62,56,48,44,61,50,38,29.99,29.94,29.89,10,10,10,20,11,23,0,5,289
2014-08-16,77,70,63,64,56,50,79,59,39,30.03,29.98,29.93,10,10,10,17,10,21,0,5,217
2014-08-17,85,76,66,62,57,51,78,57,36,29.93,29.87,29.81,10,10,10,18,11,25,0,5,284
2014-08-18,82,73,63,65,55,51,84,59,34,29.93,29.88,29.83,10,10,10,17,8,23,0,3,294
2014-08-19,80,72,64,66,62,55,87,74,60,29.95,29.91,29.87,10,10,10,14,7,17,0,4,101
2014-08-20,80,73,66,66,61,57,93,71,48,30.04,30,29.95,10,10,10,13,5,17,0,4,156
2014-08-21,79,73,67,67,63,55,79,63,47,30.08,30.05,30.02,10,10,7,15,7,18,0.21,6,163
2014-08-22,78,73,67,66,62,58,93,75,57,30.07,30.04,30.01,10,10,6,16,8,22,0.13,7,77
2014-08-23,74,70,66,62,60,57,81,71,61,30.13,30.09,30.04,10,10,10,14,6,18,0,7,83
2014-08-24,81,72,62,63,59,55,90,68,45,30.16,30.14,30.12,10,10,10,17,6,23,0,3,66
2014-08-25,87,75,63,64,59,55,87,61,34,30.18,30.15,30.12,10,10,10,12,5,17,0,1,273
2014-08-26,82,75,67,69,66,62,90,71,51,30.18,30.14,30.1,10,10,10,14,7,18,0,3,163
2014-08-27,86,77,67,69,65,58,84,68,51,30.08,29.98,29.88,10,10,10,17,9,23,0,2,202
2014-08-28,84,76,68,68,56,46,84,57,30,30.05,29.91,29.85,10,10,10,23,13,31,0,3,339
2014-08-29,78,71,63,55,51,47,68,50,32,30.26,30.17,30.07,10,10,10,15,9,21,0,4,63
2014-08-30,78,71,63,67,60,55,79,67,54,30.28,30.24,30.17,10,10,10,18,10,22,0,6,176
2014-08-31,85,79,73,73,71,66,88,79,69,30.17,30.06,29.97,10,10,3,25,10,32,0.14,7,203
2014-09-01,86,80,74,73,72,70,88,73,57,30.02,29.98,29.93,10,10,10,16,9,21,0,6,206
2014-09-02,92,83,74,74,72,67,94,72,49,29.94,29.88,29.81,10,10,8,25,11,31,0,4,205
2014-09-03,88,80,72,69,60,51,76,53,29,30.12,29.99,29.84,10,10,10,21,9,25,0,5,297
2014-09-04,85,77,68,69,62,58,87,66,44,30.21,30.17,30.12,10,10,10,21,9,25,0,2,163
2014-09-05,85,78,71,74,71,68,94,80,65,30.19,30.13,30.03,10,10,10,18,10,22,0,4,204
2014-09-06,86,77,68,74,71,66,94,78,62,30.01,29.93,29.85,10,10,7,23,11,28,0.04,6,229
2014-09-07,82,74,66,64,57,50,78,57,36,30.2,30.07,29.94,10,10,10,18,7,23,0,6,7
2014-09-08,78,72,65,62,56,52,78,61,43,30.33,30.28,30.2,10,10,10,18,11,24,0,6,64
2014-09-09,75,70,64,61,57,51,73,66,58,30.29,30.22,30.16,10,10,10,17,11,25,0,7,55
2014-09-10,78,71,63,63,59,56,84,66,47,30.14,30.1,30.04,10,10,10,13,8,16,0,5,89
2014-09-11,85,77,69,70,66,59,84,73,61,30.03,29.92,29.83,10,10,10,22,13,26,0,6,202
2014-09-12,79,71,63,56,51,48,68,52,36,30.19,30.09,29.96,10,10,10,18,11,23,0,5,17
2014-09-13,70,65,60,63,57,50,93,77,61,30.19,30.15,30.1,10,9,2,24,11,29,0.29,7,48
2014-09-14,72,63,54,54,47,40,78,55,31,30.28,30.22,30.16,10,10,10,18,9,23,0,4,328
2014-09-15,71,63,55,53,46,39,77,55,33,30.25,30.18,30.09,10,10,10,14,8,17,0,3,285
2014-09-16,67,64,60,59,57,54,90,79,67,30.09,30.02,29.98,10,9,4,8,5,9,0.26,7,214
2014-09-17,73,64,55,53,48,40,86,58,29,30.07,30.02,29.96,10,10,10,15,6,21,0,2,284
2014-09-18,78,68,57,56,50,43,78,55,31,30.11,30.01,29.97,10,10,10,16,6,22,0,2,263
2014-09-19,67,62,56,51,46,40,75,60,44,30.39,30.3,30.12,10,10,10,18,11,23,0,3,68
2014-09-20,75,65,54,65,57,49,84,69,53,30.35,30.23,30.07,10,10,10,21,9,25,0.37,6,132
2014-09-21,77,72,67,70,67,64,97,88,79,30.05,29.83,29.62,10,8,1,16,5,22,0.21,7,142
2014-09-22,73,64,55,67,49,37,73,56,38,30.18,29.89,29.65,10,10,9,25,16,31,0,5,295
2014-09-23,69,60,51,54,44,37,72,58,43,30.42,30.31,30.19,10,10,10,14,6,20,0,3,255
2014-09-24,72,64,56,57,53,47,86,64,41,30.56,30.51,30.43,10,10,10,20,10,23,0,6,62
2014-09-25,64,62,60,59,55,51,90,77,63,30.48,30.33,30.22,10,9,6,22,15,28,0.23,7,37
2014-09-26,79,69,59,55,51,43,84,58,31,30.22,30.19,30.16,10,10,10,18,8,23,0,2,17
2014-09-27,84,73,62,62,56,52,81,58,34,30.22,30.19,30.17,10,10,10,14,7,18,0,0,356
2014-09-28,78,70,62,63,61,59,93,74,54,30.18,30.12,30.03,10,10,10,15,7,20,0,4,198
2014-09-29,78,71,64,64,62,58,87,71,54,30.02,29.96,29.91,10,10,10,14,5,16,0,7,214
2014-09-30,70,66,62,63,60,56,93,77,61,30,29.96,29.93,10,9,4,12,6,15,0.03,7,59
2014-10-01,67,65,62,62,58,55,84,79,73,30.08,30.02,29.94,10,10,7,16,11,20,0,8,27
2014-10-02,68,65,61,56,54,53,84,74,63,30.15,30.12,30.08,10,10,10,20,8,22,0,7,36
2014-10-03,68,62,55,55,52,48,84,68,52,30.12,30.04,29.87,10,10,10,14,7,17,0,5,90
2014-10-04,72,62,52,66,56,35,90,69,47,29.84,29.64,29.52,10,8,2,28,16,36,0.7,6,186
2014-10-05,61,54,47,36,34,31,56,46,36,30.01,29.86,29.72,10,10,10,21,13,26,0,1,274
2014-10-06,70,58,45,56,46,37,82,61,40,30.1,30.06,30.01,10,10,10,25,14,31,0,1,167
2014-10-07,74,70,65,62,59,52,87,67,46,30.08,30.03,29.95,10,10,10,28,17,32,0.02,6,188
2014-10-08,75,69,62,62,51,38,84,59,33,29.96,29.86,29.81,10,10,10,33,17,41,0.02,5,249
2014-10-09,69,63,56,46,40,35,57,44,30,30.08,30.01,29.96,10,10,10,24,14,28,0,4,253
2014-10-10,64,58,52,45,39,35,57,46,34,30.14,30.1,30.05,10,10,10,15,6,17,0,6,269
2014-10-11,59,55,50,52,48,44,93,75,57,30.18,30.09,30.05,10,9,3,17,8,21,0.45,7,27
2014-10-12,65,56,46,46,40,32,86,59,31,30.33,30.27,30.18,10,10,10,15,7,18,0,3,38
2014-10-13,66,56,46,61,53,43,93,77,60,30.35,30.31,30.25,10,9,3,15,6,18,0.08,7,150
2014-10-14,75,70,64,64,63,62,93,81,68,30.25,30.2,30.13,10,10,10,22,13,28,0,6,170
2014-10-15,76,72,68,67,66,64,90,82,74,30.12,29.99,29.86,10,10,7,23,17,29,0.01,7,145
2014-10-16,71,66,60,67,64,56,93,82,70,29.84,29.75,29.7,10,8,0,24,13,29,0.78,7,168
2014-10-17,72,66,60,58,55,52,84,67,49,29.75,29.71,29.68,10,10,10,21,13,25,0,3,229
2014-10-18,72,65,57,56,50,41,84,62,39,29.73,29.64,29.58,10,10,10,22,13,26,0,6,256
2014-10-19,58,51,44,42,32,23,59,44,29,30.07,29.9,29.73,10,10,10,29,17,35,0,4,319
2014-10-20,61,52,42,46,35,26,62,51,40,30.14,30.06,29.99,10,10,10,20,10,24,0,6,233
2014-10-21,67,60,53,57,50,45,86,69,52,29.98,29.9,29.83,10,10,10,14,6,17,0.05,6,79
2014-10-22,58,55,52,55,51,46,89,78,67,29.93,29.85,29.72,10,9,5,31,18,39,1.42,8,14
2014-10-23,54,53,51,48,46,45,89,80,71,29.78,29.71,29.67,10,10,6,29,21,38,0.12,8,343
2014-10-24,63,57,51,46,44,40,83,68,52,29.84,29.8,29.75,10,10,10,23,11,26,0,6,336
2014-10-25,68,59,50,48,41,35,60,50,39,29.88,29.77,29.58,10,10,10,22,12,26,0,2,260
2014-10-26,65,60,54,48,38,33,72,52,31,29.85,29.67,29.56,10,10,10,29,17,38,0,5,297
2014-10-27,64,57,50,44,37,34,71,54,36,30.04,29.98,29.85,10,10,10,18,11,26,0,2,269
2014-10-28,70,59,48,58,51,42,90,69,47,30.06,30.01,29.93,10,10,10,15,7,18,0,5,199
2014-10-29,74,63,52,59,52,38,93,65,37,29.96,29.9,29.83,10,10,9,24,10,31,0.03,7,241
2014-10-30,61,54,46,47,39,33,93,66,39,30.03,29.99,29.95,10,10,6,18,9,22,0,2,318
2014-10-31,55,51,46,46,39,33,77,64,50,30.03,29.96,29.86,10,10,7,23,10,28,0.01,7,24
2014-11-01,49,46,43,45,39,37,86,76,66,29.86,29.8,29.76,10,9,6,25,18,35,1.03,8,8
2014-11-02,50,46,41,37,25,14,76,52,28,30.04,29.86,29.73,10,10,10,44,26,53,0,6,332
2014-11-03,61,51,40,30,26,17,59,39,19,30.17,30.12,30.06,10,10,10,31,15,38,0,3,264
2014-11-04,67,59,50,49,36,26,67,47,26,30.19,30.13,30.04,10,10,10,17,10,,0,6,213
2014-11-05,65,59,52,46,40,28,77,52,27,30.16,30.1,30.03,10,10,10,21,10,25,0,7,247
2014-11-06,54,52,49,52,47,41,93,80,66,30.14,29.84,29.62,10,8,2,14,6,25,0.43,8,317
2014-11-07,54,48,41,46,35,24,86,66,45,29.96,29.7,29.58,10,10,9,29,18,38,0,5,297
2014-11-08,48,42,36,35,26,23,64,53,41,30.06,29.99,29.94,10,10,10,22,12,24,0,5,247
2014-11-09,57,51,44,39,36,32,76,58,40,30.03,29.96,29.92,10,10,10,17,8,20,0,5,245
2014-11-10,59,49,38,45,37,32,85,63,40,30.2,30.15,30.04,10,10,9,10,4,13,0,2,167
2014-11-11,64,53,42,57,52,41,93,83,72,30.14,30.04,29.92,10,7,0,15,5,17,0,6,97
2014-11-12,66,56,45,58,52,35,100,72,43,30.09,29.93,29.88,10,5,0,23,7,28,0,5,343
2014-11-13,49,44,38,36,30,25,85,64,42,30.13,30.06,29.99,10,10,7,16,8,18,0.11,5,317
2014-11-14,44,41,37,34,23,13,85,57,29,30.19,30.05,29.96,10,10,10,23,14,28,0.07,5,322
2014-11-15,43,37,30,20,17,14,56,43,30,30.38,30.32,30.2,10,10,10,17,9,24,0,2,319
2014-11-16,45,38,31,33,26,21,72,57,41,30.4,30.3,30.13,10,10,10,15,7,17,0,7,233
2014-11-17,55,48,40,52,44,33,96,83,70,30.1,29.72,29.52,10,5,0,29,9,37,1.37,8,8
2014-11-18,46,36,25,36,9,1,70,48,25,30.13,29.88,29.61,10,10,10,32,24,41,0,2,274
2014-11-19,37,30,23,18,8,3,47,38,29,30.29,30.2,30.1,10,10,10,28,16,35,0,3,252
2014-11-20,48,40,32,24,18,6,49,38,27,30.06,29.96,29.86,10,10,10,24,17,33,0,5,261
2014-11-21,38,33,28,10,7,5,42,35,27,30.52,30.31,30.06,10,10,10,25,16,33,0,1,307
2014-11-22,44,35,26,24,16,10,53,42,30,30.52,30.39,30.23,10,10,10,24,14,28,0,4,243
2014-11-23,55,49,43,51,33,24,89,62,35,30.24,30.17,30.01,10,10,10,18,10,22,0,7,204
2014-11-24,64,60,55,58,56,52,93,86,78,29.95,29.71,29.6,10,5,0,35,20,46,0.45,6,181
2014-11-25,62,55,48,53,37,25,93,62,30,30.17,29.98,29.76,10,10,9,21,11,29,0,7,248
2014-11-26,52,44,36,36,33,26,92,65,38,30.22,30.01,29.76,10,6,2,26,16,32,1,8,7
2014-11-27,39,38,36,34,30,25,89,74,59,30.07,29.99,29.85,10,10,6,22,11,28,0.02,8,328
2014-11-28,41,35,28,24,17,10,69,55,40,30.29,30.18,30.07,10,10,10,24,14,29,0,3,316
2014-11-29,46,36,26,34,18,11,65,52,38,30.38,30.32,30.24,10,10,10,18,6,21,0,7,243
2014-11-30,53,49,45,45,38,31,80,62,44,30.23,30.15,30.09,10,10,10,22,10,28,0,7,201
2014-12-01,62,52,42,46,42,28,86,71,55,30.47,30.19,30.08,10,10,10,26,9,32,0.07,7,281
2014-12-02,47,42,36,44,30,19,89,67,44,30.64,30.52,30.3,10,9,5,21,14,26,0.09,8,41
2014-12-03,48,45,42,45,40,25,92,75,57,30.25,30.13,29.99,10,6,0,23,11,30,0.15,7,248
2014-12-04,47,42,36,26,22,17,64,49,34,30.54,30.39,30.25,10,10,10,17,10,27,0,5,317
2014-12-05,50,43,35,48,34,22,93,73,52,30.6,30.5,30.36,10,8,4,20,10,23,0.55,7,45
2014-12-06,52,47,41,50,45,37,96,88,80,30.34,30.19,30.1,10,6,2,26,7,35,1.24,8,61
2014-12-07,44,38,31,35,18,1,86,56,25,30.62,30.44,30.21,10,10,10,32,22,44,0.05,4,3
2014-12-08,37,32,26,30,19,1,75,52,28,30.68,30.58,30.35,10,10,10,23,15,28,0,7,35
2014-12-09,48,43,37,43,37,30,92,84,76,30.33,29.86,29.63,10,6,2,38,22,47,3.04,8,6
2014-12-10,42,38,34,37,32,24,89,77,64,29.68,29.62,29.59,10,6,2,24,16,30,0.11,8,304
2014-12-11,40,36,32,28,25,23,78,69,59,29.89,29.76,29.62,10,10,6,26,17,35,0,7,265
2014-12-12,41,37,33,23,21,19,64,56,48,30,29.96,29.89,10,10,10,25,16,32,0,6,311
2014-12-13,47,41,34,28,25,22,69,55,40,29.99,29.95,29.89,10,10,10,24,16,31,0,4,313
2014-12-14,47,42,37,31,29,28,70,62,53,29.99,29.91,29.87,10,10,10,17,12,22,0,4,325
2014-12-15,48,41,34,34,30,27,79,66,53,30.14,30.07,29.99,10,10,10,12,5,16,0,2,311
2014-12-16,50,42,33,46,39,31,93,82,71,30.13,30.02,29.84,10,7,2,14,4,16,0.3,7,94
2014-12-17,55,49,43,46,38,26,93,72,50,29.91,29.85,29.81,10,8,1,24,13,31,0.03,7,296
2014-12-18,44,41,38,26,24,21,59,50,41,30.01,29.96,29.89,10,10,10,30,16,37,0,5,297
2014-12-19,40,36,32,25,21,19,59,52,44,30.21,30.07,29.98,10,10,10,22,15,25,0,5,318
2014-12-20,34,33,31,21,20,19,63,60,56,30.32,30.28,30.2,10,10,10,14,6,18,0,8,5
2014-12-21,38,36,33,30,26,21,82,72,61,30.35,30.32,30.29,10,10,10,13,7,15,0,8,349
2014-12-22,48,43,37,43,37,30,86,78,70,30.35,30.27,30.16,10,9,5,18,9,23,0.04,8,44
2014-12-23,50,49,47,45,44,43,93,90,86,30.17,30.11,30.06,10,5,1,20,11,24,0.21,8,42
2014-12-24,57,52,47,54,49,44,100,93,86,30.08,29.83,29.56,3,1,0,25,10,32,1.05,8,97
2014-12-25,57,50,42,52,38,27,96,66,35,30.14,29.77,29.52,10,8,0,30,17,39,0.06,5,261
2014-12-26,51,45,38,33,30,28,70,56,42,30.26,30.22,30.15,10,10,10,16,11,23,0,1,260
2014-12-27,54,46,37,39,34,30,79,62,45,30.28,30.21,30.09,10,10,10,14,6,17,0,4,223
2014-12-28,54,48,42,43,38,28,83,69,54,30.08,29.97,29.91,10,10,6,21,10,24,0.05,7,256
2014-12-29,46,41,35,26,20,15,53,42,31,30.27,30.18,30.09,10,10,10,20,11,26,0,6,334
2014-12-30,36,32,28,20,13,7,59,48,36,30.42,30.37,30.28,10,10,10,17,9,23,0,5,355
2014-12-31,34,31,28,14,9,6,50,41,32,30.38,30.31,30.2,10,10,10,18,11,24,0,3,266
2015-01-01,40,34,28,22,12,5,50,40,29,30.21,30.1,30.01,10,10,10,26,17,32,0,1,246
2015-01-02,45,40,35,23,18,15,59,45,31,30.47,30.24,30.04,10,10,10,24,14,30,0,4,271
2015-01-03,47,39,30,44,30,19,93,71,48,30.61,30.45,30.09,10,7,1,18,9,23,0.94,7,69
2015-01-04,55,49,43,52,46,37,96,87,77,30.04,29.83,29.68,10,6,0,28,10,36,0.47,8,227
2015-01-05,51,37,23,28,12,-3,59,42,24,30.43,30.13,29.82,10,10,10,33,20,48,0,3,290
2015-01-06,23,21,19,16,9,-3,77,56,34,30.44,30.26,30.04,10,6,0,23,9,28,0.07,7,281
2015-01-07,25,18,10,13,2,-13,68,50,31,30.29,30.05,29.94,10,10,10,40,21,47,0,4,290
2015-01-08,22,15,8,4,-3,-12,53,46,38,30.46,30.37,30.26,10,10,10,33,17,39,0,3,274
2015-01-09,34,28,21,21,11,1,88,62,35,30.23,30.1,30.01,10,9,0,33,20,40,0.07,6,252
2015-01-10,24,21,18,2,0,-2,47,41,34,30.61,30.46,30.26,10,10,10,25,17,32,0,1,275
2015-01-11,38,29,20,21,10,0,56,46,36,30.71,30.62,30.51,10,10,10,21,11,24,0,6,233
2015-01-12,40,37,34,36,30,20,92,72,52,30.51,30.27,30.12,10,6,1,16,6,20,0.7,8,251
2015-01-13,37,28,19,31,13,3,76,57,38,30.64,30.51,30.25,10,10,10,24,15,29,0,5,360
2015-01-14,33,26,19,21,17,8,73,65,56,30.58,30.38,30.19,10,10,10,16,12,20,0,7,22
2015-01-15,35,31,27,21,17,14,69,55,40,30.18,30.08,29.94,10,10,10,18,10,22,0,4,300
2015-01-16,45,33,20,20,13,-1,63,46,28,30.23,29.95,29.82,10,10,10,36,18,45,0,3,284
2015-01-17,32,25,18,21,6,-1,63,48,32,30.42,30.35,30.25,10,10,10,21,11,26,0,2,266
2015-01-18,47,37,27,45,36,23,93,81,69,30.24,29.91,29.7,10,6,1,21,6,23,1.62,7,304
2015-01-19,45,40,35,32,26,18,92,65,38,29.9,29.82,29.74,10,10,10,31,15,37,0,6,276
2015-01-20,41,37,32,26,19,5,59,43,27,30.06,29.94,29.88,10,10,10,20,12,28,0,6,295
2015-01-21,38,32,26,20,10,5,50,38,25,30.2,30.15,30.07,10,10,9,14,6,20,0,6,21
2015-01-22,41,36,31,24,20,14,61,52,43,30.34,30.23,30.16,10,10,10,20,8,28,0,5,346
2015-01-23,39,34,28,27,18,11,64,52,40,30.37,30.23,30.01,10,10,9,17,11,21,0,3,260
2015-01-24,40,37,33,34,30,24,89,72,54,29.98,29.56,29.26,10,5,0,23,11,66,0.75,8,345
2015-01-25,45,39,32,29,18,8,75,50,25,30.01,29.77,29.52,10,10,10,26,15,33,0,6,301
2015-01-26,32,28,24,23,18,6,84,62,39,30.04,29.9,29.67,10,4,0,31,18,39,0.33,8,31
2015-01-27,27,24,20,21,16,8,81,69,57,29.86,29.69,29.63,10,5,0,29,19,36,0.06,8,344
2015-01-28,33,25,17,10,6,0,62,49,36,30.28,30.07,29.87,10,10,10,24,14,29,0,2,332
2015-01-29,37,27,17,29,14,1,75,57,39,30.35,30.22,30.02,10,10,6,20,8,28,0.01,5,212
2015-01-30,38,29,19,31,21,4,89,67,44,30.01,29.91,29.83,10,8,2,38,19,49,0.04,6,284
2015-01-31,27,21,14,6,0,-5,51,42,32,30.23,30.12,30.01,10,10,10,38,23,47,0,1,310
2015-02-01,36,29,21,30,18,6,82,67,52,30.25,30.16,30.01,10,8,2,17,9,20,0.03,7,237
2015-02-02,35,25,15,32,23,4,89,74,59,29.99,29.6,29.39,10,5,0,31,19,39,1.18,7,1
2015-02-03,26,20,14,12,7,3,59,53,46,30.34,30.23,29.99,10,10,10,32,14,40,0,3,279
2015-02-04,39,31,22,31,25,12,76,67,58,30.34,30.17,29.94,10,10,10,24,14,28,0,7,204
2015-02-05,39,27,15,31,14,-6,82,58,33,30.23,30.01,29.85,10,9,2,33,20,41,0,6,318
2015-02-06,27,20,13,8,2,-2,55,46,37,30.3,30.21,30.12,10,10,10,24,14,30,0,4,280
2015-02-07,37,31,25,27,19,10,70,58,46,30.19,30.11,29.99,10,10,7,14,8,17,0,7,231
2015-02-08,42,36,29,36,30,24,85,75,64,29.99,29.93,29.86,10,9,5,20,9,24,0,8,57
2015-02-09,29,28,26,23,21,19,85,80,75,30.03,29.99,29.94,10,10,8,24,17,30,0.14,8,31
2015-02-10,40,33,26,26,21,18,75,66,56,30.08,30.04,30,10,10,10,23,16,28,0,7,12
2015-02-11,35,29,23,18,14,10,63,51,38,30.1,30.03,29.94,10,10,10,22,10,28,0,3,35
2015-02-12,40,29,18,29,20,-3,78,58,38,29.93,29.81,29.72,10,9,3,36,13,44,0,6,257
2015-02-13,23,16,9,-5,-6,-8,46,37,28,30.18,30.11,29.96,10,10,10,38,19,47,0,1,306
2015-02-14,35,26,16,23,14,-4,81,59,37,30.14,29.77,29.45,10,8,2,28,10,32,0.01,7,235
2015-02-15,27,16,5,18,-1,-14,81,56,31,30.12,29.78,29.45,10,9,2,38,28,49,0,5,311
2015-02-16,23,14,5,-5,-11,-14,49,36,22,30.22,30.15,30.09,10,10,10,33,15,44,0,5,301
2015-02-17,27,22,16,13,10,-2,80,56,31,30.06,29.94,29.87,10,7,1,16,7,20,0.19,7,29
2015-02-18,31,23,15,19,14,9,92,68,43,29.96,29.84,29.74,10,10,9,17,6,23,0,5,167
2015-02-19,27,18,9,12,-1,-11,60,44,28,30.02,29.83,29.73,10,10,10,31,21,39,0,4,292
2015-02-20,21,12,3,-3,-9,-16,44,38,31,30.52,30.27,30.04,10,10,10,31,19,40,0,0,286
2015-02-21,33,22,11,29,17,-2,92,67,42,30.55,30.38,30.18,10,6,0,25,10,31,0.58,7,211
2015-02-22,43,38,32,33,30,27,96,78,60,30.2,30.17,30.14,10,6,2,13,4,23,0.2,7,246
2015-02-23,38,24,9,27,4,-11,70,51,31,30.42,30.29,30.19,10,10,10,31,19,38,0,6,316
2015-02-24,28,18,7,18,3,-10,68,57,45,30.41,30.19,29.87,10,10,10,21,9,24,0,4,232
2015-02-25,37,28,19,19,14,11,77,55,32,30.01,29.88,29.78,10,10,10,23,11,29,0,4,265
2015-02-26,32,28,23,15,10,5,63,51,39,30.16,30.03,29.92,10,10,9,23,13,28,0,8,15
2015-02-27,32,26,20,8,4,-1,55,43,31,30.63,30.4,30.18,10,10,10,18,10,25,0,3,336
2015-02-28,31,23,15,10,2,-4,53,40,27,30.83,30.76,30.65,10,10,10,20,8,23,0,1,293
2015-03-01,33,27,20,25,17,3,88,62,35,30.74,30.49,30.16,10,6,0,18,5,23,0.51,7,222
2015-03-02,39,34,28,28,19,9,85,59,32,30.38,30.16,30.03,10,9,5,30,15,39,0,5,289
2015-03-03,36,28,19,32,19,7,89,64,39,30.48,30.25,29.84,10,6,1,17,9,21,0.7,7,172
2015-03-04,41,37,33,38,34,30,92,89,85,29.94,29.86,29.75,10,6,3,18,11,23,0.3,8,239
2015-03-05,41,31,21,37,22,5,92,71,50,30.38,30.13,29.91,10,4,0,24,13,29,0.73,8,331
2015-03-06,25,19,13,10,4,0,59,47,35,30.57,30.47,30.37,10,10,10,24,10,29,0,2,293
2015-03-07,37,27,16,22,14,6,62,54,45,30.36,30.21,30.08,10,10,10,23,12,26,0,4,244
2015-03-08,48,39,30,29,25,22,75,56,37,30.17,30.09,30.04,10,10,9,28,10,35,0,4,254
2015-03-09,54,43,32,34,28,24,76,54,32,30.27,30.18,30.13,10,10,10,17,9,22,0.02,4,247
2015-03-10,50,42,34,41,36,26,96,78,60,30.33,30.2,30.01,10,7,1,12,3,15,0.49,7,127
2015-03-11,62,51,40,43,38,17,93,60,26,30.11,29.98,29.91,10,7,0,24,12,31,0.04,6,264
2015-03-12,50,43,36,22,5,-6,43,27,11,30.61,30.38,30.11,10,10,10,41,20,48,0,1,327
2015-03-13,41,36,30,31,13,-3,70,44,17,30.68,30.57,30.39,10,10,10,16,8,20,0,5,107
2015-03-14,49,44,39,46,41,30,93,82,70,30.37,29.99,29.71,10,5,0,22,9,28,1.11,8,205
2015-03-15,46,42,37,41,29,22,89,65,41,29.99,29.81,29.71,10,10,10,38,20,51,0,7,297
2015-03-16,50,43,36,35,27,22,79,57,34,30.05,29.95,29.82,10,10,10,24,9,29,0,6,256
2015-03-17,60,47,34,44,29,6,82,55,27,29.94,29.7,29.56,10,10,7,43,18,53,0.02,6,281
2015-03-18,41,36,30,11,8,6,43,34,25,30.2,30.06,29.95,10,10,9,36,19,44,0,4,323
2015-03-19,44,37,30,10,3,-2,39,27,15,30.36,30.3,30.21,10,10,10,25,12,30,0,5,321
2015-03-20,40,36,31,29,20,2,92,59,25,30.37,30.26,30.13,10,6,0,17,10,21,0.33,8,66
2015-03-21,48,39,30,36,30,26,85,73,60,30.12,30.01,29.91,10,8,3,20,9,24,0.02,6,292
2015-03-22,45,37,28,30,12,2,58,40,22,30.18,30.05,29.94,10,10,10,26,17,35,0,3,321
2015-03-23,41,33,24,6,3,-2,46,32,17,30.27,30.23,30.18,10,10,10,24,15,32,0,2,322
2015-03-24,43,35,26,26,11,3,70,49,27,30.41,30.34,30.27,10,10,10,16,8,20,0,4,285
2015-03-25,46,38,30,39,27,16,82,57,31,30.44,30.35,30.17,10,10,6,17,6,22,0.12,6,161
2015-03-26,54,48,41,50,44,39,100,93,86,30.14,29.84,29.62,10,3,0,28,9,37,0.25,8,180
2015-03-27,47,44,41,42,34,27,83,66,49,29.8,29.75,29.68,10,10,10,18,11,23,0.23,8,346
2015-03-28,42,35,28,26,22,17,64,54,44,30.12,29.87,29.75,10,10,8,24,17,30,0,7,341
2015-03-29,46,37,27,28,10,-3,70,43,16,30.29,30.2,30.13,10,10,8,21,14,26,0,3,297
2015-03-30,58,47,36,32,25,18,70,49,28,30.13,29.91,29.78,10,10,8,28,15,32,0,7,243
2015-03-31,48,43,37,36,29,21,85,61,37,29.91,29.83,29.77,10,10,9,20,12,25,0.03,7,331
2015-04-01,53,44,34,32,18,10,82,52,21,30.23,30.05,29.83,10,10,10,21,12,29,0,3,327
2015-04-02,57,45,33,40,30,10,71,49,27,30.28,30.15,29.95,10,10,10,33,14,43,0,4,198
2015-04-03,59,53,46,53,45,40,93,82,71,29.92,29.81,29.64,10,4,0,16,8,18,0.11,8,185
2015-04-04,56,50,44,52,28,12,93,56,19,30.17,29.8,29.47,10,8,0,38,21,47,0,4,294
2015-04-05,65,52,38,35,27,17,65,44,23,30.28,30.18,30.09,10,10,10,32,13,40,0,4,237
2015-04-06,60,50,39,42,37,32,85,63,41,30.33,30.25,30.14,10,10,10,26,10,32,0,4,133
2015-04-07,57,51,44,49,42,39,86,75,64,30.34,30.23,30.14,10,10,7,21,8,24,0.03,8,57
2015-04-08,49,43,36,39,32,18,85,57,29,30.38,30.31,30.24,10,9,5,24,15,30,0.01,8,61
2015-04-09,44,41,38,38,35,34,85,78,70,30.35,30.29,30.23,10,8,3,20,12,25,0,8,59
2015-04-10,58,49,40,51,43,37,92,85,77,30.25,29.93,29.78,10,4,0,22,8,25,0.19,8,156
2015-04-11,61,53,45,46,31,23,67,47,27,30.22,29.99,29.83,10,10,10,26,17,36,0,3,301
2015-04-12,61,52,43,39,30,22,83,53,23,30.35,30.31,30.23,10,10,10,18,9,23,0,1,224
2015-04-13,62,53,43,46,40,35,83,65,47,30.4,30.29,30.19,10,10,10,29,14,38,0,5,185
2015-04-14,66,58,50,49,43,30,89,59,28,30.19,30.14,30.1,10,10,8,16,6,22,0.04,7,179
2015-04-15,72,61,50,38,20,12,59,35,11,30.36,30.2,30.11,10,10,10,26,12,35,0,6,350
2015-04-16,60,54,48,44,25,15,80,49,18,30.51,30.41,30.28,10,10,10,20,11,24,0,6,103
2015-04-17,69,61,52,56,50,44,93,78,63,30.26,30.05,29.92,10,10,8,21,10,25,0.11,7,198
2015-04-18,73,62,51,48,43,24,77,48,19,30.05,29.96,29.88,10,10,10,26,9,32,0,3,223
2015-04-19,62,55,47,40,33,18,76,49,21,30.28,30.21,30.08,10,10,10,22,12,25,0,6,98
2015-04-20,58,53,47,55,50,40,96,86,76,30.15,29.77,29.62,10,3,0,37,16,48,0.87,8,113
2015-04-21,67,59,50,55,43,24,100,61,22,29.79,29.65,29.56,10,7,0,24,12,30,0.06,5,246
2015-04-22,63,55,46,48,42,33,77,60,43,29.82,29.71,29.59,10,10,4,36,14,47,0.19,4,213
2015-04-23,54,48,42,32,25,16,57,44,31,29.85,29.76,29.68,10,10,10,29,19,37,0,4,285
2015-04-24,52,46,39,19,18,17,44,35,26,29.93,29.87,29.83,10,10,10,30,22,39,0,4,320
2015-04-25,59,49,39,38,26,19,71,48,25,29.94,29.83,29.7,10,10,10,20,11,26,0,3,279
2015-04-26,59,51,43,36,31,26,70,50,30,29.72,29.69,29.67,10,10,10,17,10,22,0,5,64
2015-04-27,63,56,49,35,30,28,47,37,27,29.72,29.68,29.64,10,10,10,24,15,30,0,6,323
2015-04-28,71,61,51,43,36,29,66,43,20,29.81,29.75,29.71,10,10,10,24,14,31,0,3,340
2015-04-29,77,64,50,44,40,34,77,51,25,29.76,29.7,29.64,10,10,10,18,12,24,0,2,304
2015-04-30,63,56,48,43,39,35,80,60,39,29.93,29.81,29.73,10,10,10,23,13,28,0,5,77
2015-05-01,56,52,47,41,39,37,76,66,55,30.01,29.97,29.94,10,10,10,17,8,20,0,6,107
2015-05-02,61,52,43,44,40,38,86,69,51,30.06,30.01,29.98,10,10,10,10,7,13,0,3,170
2015-05-03,67,57,46,48,44,39,83,66,48,30.17,30.1,30.05,10,10,10,18,8,22,0,3,193
2015-05-04,74,62,50,51,48,46,93,66,38,30.23,30.19,30.14,10,10,8,28,10,33,0,1,183
2015-05-05,82,69,55,53,51,47,80,60,39,30.23,30.19,30.16,10,10,10,13,5,16,0,5,185
2015-05-06,70,62,54,54,44,37,72,52,32,30.3,30.25,30.19,10,10,10,17,8,22,0,6,49
2015-05-07,72,62,51,52,47,41,93,65,37,30.25,30.2,30.16,10,8,1,13,6,15,0,3,183
2015-05-08,72,63,53,57,54,51,100,75,49,30.22,30.17,30.15,10,4,0,13,6,16,0,5,167
2015-05-09,64,61,58,61,57,55,97,91,84,30.33,30.27,30.23,5,1,0,14,6,16,0.02,8,97
2015-05-10,74,66,58,63,60,56,100,84,68,30.25,30.21,30.13,10,6,0,22,10,26,0,5,178
2015-05-11,77,70,62,65,62,59,93,79,64,30.16,30.1,29.97,10,5,0,26,9,33,0,6,169
2015-05-12,87,76,65,65,60,43,93,61,28,29.94,29.86,29.76,10,6,0,30,13,38,0.01,6,241
2015-05-13,73,64,55,43,38,34,47,39,31,30.28,30.07,29.91,10,10,10,29,17,40,0,5,320
2015-05-14,71,61,51,44,35,24,62,41,20,30.41,30.35,30.29,10,10,10,17,12,22,0,2,299
2015-05-15,71,62,53,48,44,36,66,53,40,30.34,30.29,30.22,10,10,10,22,12,66,0,7,208
2015-05-16,70,64,58,63,56,46,90,75,60,30.23,30.17,30.11,10,9,3,10,5,13,0.41,8,151
2015-05-17,81,71,61,66,63,59,93,78,62,30.16,30.13,30.09,10,5,0,13,7,15,0,6,201
2015-05-18,68,63,57,63,55,51,90,81,72,30.22,30.15,30.09,10,7,0,21,10,23,0,7,89
2015-05-19,75,66,57,64,58,54,93,79,64,30.09,29.92,29.76,10,5,0,23,6,30,0,6,151
2015-05-20,69,62,54,55,39,32,68,50,31,30.01,29.91,29.83,10,10,10,26,16,35,0,4,319
2015-05-21,62,57,52,46,38,33,77,57,36,30.03,29.98,29.9,10,10,10,16,6,21,0,7,204
2015-05-22,79,67,54,47,39,30,77,50,23,30.15,29.95,29.86,10,10,10,26,14,35,0,5,290
2015-05-23,68,60,51,50,31,19,83,51,18,30.43,30.35,30.17,10,10,10,28,15,37,0,1,271
2015-05-24,74,64,53,53,49,45,78,60,41,30.38,30.32,30.25,10,10,10,23,14,29,0,4,207
2015-05-25,77,67,57,58,55,51,86,68,50,30.29,30.24,30.18,10,10,10,31,13,39,0,4,187
2015-05-26,76,68,60,60,57,51,84,71,58,30.25,30.2,30.15,10,10,10,26,13,35,0,4,190
2015-05-27,74,68,61,61,59,56,90,77,64,30.21,30.17,30.09,10,10,7,36,14,44,0,5,184
2015-05-28,78,69,60,63,59,55,90,72,53,30.24,30.17,30.13,10,8,2,21,8,26,0,7,173
2015-05-29,80,72,63,60,55,53,87,65,42,30.3,30.27,30.25,10,10,10,14,7,18,0,3,97
2015-05-30,78,70,62,64,62,60,93,77,60,30.24,30.18,30.07,10,9,0,30,14,37,0,4,178
2015-05-31,79,71,63,65,62,59,90,74,58,30.11,30.07,30.01,10,10,6,24,10,30,0.02,6,158
2015-06-01,63,58,52,59,55,49,90,85,80,30.16,30.12,30.09,10,6,1,20,12,24,0.78,8,59
2015-06-02,56,54,51,52,49,48,89,86,83,30.19,30.14,30.09,10,8,2,17,10,21,0.34,8,34
2015-06-03,68,61,53,52,49,48,89,71,52,30.26,30.22,30.18,10,10,10,15,9,18,0,7,76
2015-06-04,67,61,55,50,48,45,77,65,52,30.29,30.26,30.22,10,10,10,23,12,28,0,6,84
2015-06-05,69,63,57,55,52,46,86,75,63,30.21,30.07,29.94,10,10,9,13,5,21,0,7,97
2015-06-06,79,69,59,63,56,32,93,56,19,30.09,29.94,29.86,10,9,2,22,9,28,0.2,6,329
2015-06-07,71,64,56,54,49,45,86,65,44,30.22,30.16,30.11,10,10,10,20,9,25,0,4,153
2015-06-08,73,67,61,62,58,53,78,72,66,30.13,29.95,29.81,10,10,9,31,18,39,0.02,7,182
2015-06-09,85,75,64,66,61,52,93,64,34,29.81,29.72,29.66,10,9,5,24,14,30,0,6,206
2015-06-10,79,72,65,60,58,55,73,59,45,29.92,29.87,29.8,10,10,10,23,11,26,0,2,217
2015-06-11,87,77,66,67,64,60,81,66,51,29.94,29.89,29.86,10,10,9,17,10,22,0,5,200
2015-06-12,85,78,71,71,65,55,84,62,40,29.99,29.92,29.83,10,10,7,26,10,31,0,6,148
2015-06-13,88,78,67,70,61,53,81,56,31,30.04,29.93,29.79,10,10,10,26,11,32,0,6,326
2015-06-14,86,76,66,64,62,58,87,64,40,30.09,30.05,30.02,10,10,6,18,8,23,0.31,6,182
2015-06-15,81,74,66,72,66,61,93,84,74,30.05,29.97,29.91,10,8,0,15,8,17,1.09,8,108
2015-06-16,79,73,66,70,64,60,87,74,60,29.97,29.9,29.82,10,8,4,17,7,23,0.08,7,151
2015-06-17,81,74,66,61,58,56,78,62,45,30.15,30.13,30.07,10,10,10,17,10,23,0,6,119
2015-06-18,71,68,65,61,59,55,81,74,66,30.13,30.06,29.96,10,10,8,15,8,16,0,8,155
2015-06-19,89,78,67,68,64,60,87,63,38,30,29.92,29.88,10,10,10,16,7,24,0,7,289
2015-06-20,75,71,67,68,62,54,90,72,53,30.09,30.04,29.93,10,9,5,18,11,23,0.32,8,83
2015-06-21,90,81,71,72,68,64,93,70,46,29.85,29.75,29.69,10,7,0,37,13,45,0.51,7,232
2015-06-22,89,82,74,67,62,56,74,55,35,29.99,29.94,29.83,10,10,10,20,12,26,0,3,273
2015-06-23,89,81,72,73,70,66,79,71,63,29.96,29.86,29.75,10,10,7,23,11,30,0.02,6,215
2015-06-24,86,78,69,67,54,49,67,51,34,30.04,29.98,29.88,10,10,10,20,11,32,0,4,330
2015-06-25,82,75,67,65,53,42,79,53,26,30.09,30.03,29.99,10,10,10,25,9,29,0,6,225
2015-06-26,81,75,69,64,61,58,73,61,49,30.09,29.99,29.92,10,10,10,17,7,21,0,6,115
2015-06-27,71,67,62,61,58,55,90,76,61,30.13,30.05,29.85,10,9,4,25,12,24,1.02,8,78
2015-06-28,76,70,64,64,62,58,93,75,57,29.81,29.7,29.65,10,8,2,20,10,29,0.3,7,348
2015-06-29,79,72,64,60,56,54,73,59,45,29.96,29.88,29.76,10,10,10,22,13,26,0,3,248
2015-06-30,81,74,66,68,63,56,81,63,45,29.99,29.94,29.85,10,10,10,22,10,27,0,5,169
2015-07-01,85,78,71,70,65,56,87,64,40,29.87,29.8,29.76,10,9,4,30,14,43,0.26,6,230
2015-07-02,80,75,69,64,59,54,84,62,39,29.92,29.89,29.87,10,10,10,14,5,16,0.03,6,259
2015-07-03,82,74,65,64,56,46,84,57,30,30,29.96,29.9,10,10,10,17,8,24,0,4,38
2015-07-04,80,74,67,63,56,41,78,52,25,30.02,29.97,29.94,10,10,9,12,6,,0.01,7,78
2015-07-05,81,74,67,67,63,59,84,71,58,30.16,30.11,30.04,10,10,10,18,10,47,0,6,214
2015-07-06,83,76,69,69,66,63,90,72,54,30.19,30.15,30.1,10,10,8,14,8,,0,6,159
2015-07-07,84,79,74,74,72,69,94,80,65,30.1,30.03,29.95,10,7,0,24,12,29,0,6,173
2015-07-08,89,82,74,74,71,69,87,71,55,29.97,29.95,29.93,10,9,2,14,7,,0.53,6,204
2015-07-09,77,75,72,72,66,61,93,79,64,30.01,29.93,29.82,10,9,5,15,9,24,0.32,7,87
2015-07-10,86,80,73,72,63,54,93,64,34,30.01,29.92,29.8,10,10,8,23,11,30,0,5,321
2015-07-11,86,78,70,68,60,53,84,59,34,30.1,30.06,30.02,10,10,10,14,7,31,0,3,241
2015-07-12,86,79,71,65,63,59,79,60,40,30.06,30.02,29.96,10,10,10,24,8,70,0,4,206
2015-07-13,84,78,72,66,64,59,79,63,46,29.96,29.9,29.82,10,10,10,15,7,20,0,6,167
2015-07-14,80,77,73,74,70,65,87,77,67,29.8,29.66,29.57,10,9,2,17,6,21,0.13,7,137
2015-07-15,82,78,73,73,68,53,94,70,46,29.86,29.66,29.56,10,7,1,25,9,30,0.04,7,4
2015-07-16,79,73,66,60,51,45,73,54,35,30.09,30.02,29.89,10,10,10,25,10,31,0,3,66
2015-07-17,80,74,67,63,60,58,81,66,50,30.13,30.09,30.04,10,10,10,21,12,25,0,5,202
2015-07-18,83,78,73,72,69,63,87,78,68,30.04,29.96,29.88,10,10,8,18,12,23,0.02,7,189
2015-07-19,89,82,75,74,73,71,94,79,63,29.89,29.83,29.75,10,10,7,22,10,29,0,5,204
2015-07-20,95,87,79,75,70,65,85,62,39,29.75,29.71,29.67,10,10,8,18,10,22,0,5,232
2015-07-21,89,83,76,72,67,60,79,61,43,29.68,29.64,29.59,10,10,10,23,10,30,0,6,243
2015-07-22,89,81,72,60,49,45,56,40,23,29.88,29.77,29.66,10,10,10,23,13,30,0,2,317
2015-07-23,88,79,70,61,50,43,60,41,21,29.94,29.91,29.88,10,10,10,21,10,25,0,3,299
2015-07-24,87,78,68,62,52,46,68,46,24,29.96,29.94,29.91,10,10,10,13,7,16,0,3,185
2015-07-25,84,77,70,68,60,53,79,58,37,30.02,29.99,29.94,10,10,10,15,9,,0,3,153
2015-07-26,87,79,71,68,64,61,79,63,46,30.02,29.99,29.96,10,10,10,26,13,33,0,6,187
2015-07-27,85,80,75,70,67,65,82,69,55,30.05,30.02,29.99,10,10,10,16,9,21,0,6,188
2015-07-28,89,81,73,72,70,67,93,72,50,30.03,29.99,29.95,10,10,9,17,9,21,0,4,202
2015-07-29,95,85,74,73,69,62,87,61,34,29.99,29.96,29.92,10,10,5,22,10,28,0,4,212
2015-07-30,85,81,76,75,73,71,94,87,79,29.94,29.88,29.8,10,9,2,25,12,32,0.97,6,205
2015-07-31,93,83,73,73,60,48,88,57,26,29.88,29.84,29.8,10,10,7,17,8,24,0,2,278
2015-08-01,91,83,74,66,60,53,73,52,31,29.86,29.81,29.77,10,10,10,23,13,44,0,3,248
2015-08-02,87,79,70,69,60,54,82,57,32,29.95,29.9,29.87,10,10,10,18,8,22,0,3,190
2015-08-03,89,80,71,72,67,61,87,69,50,29.89,29.84,29.8,10,10,10,28,13,33,0,3,200
2015-08-04,92,81,70,72,62,49,87,56,24,29.91,29.87,29.83,10,10,10,30,12,37,0.01,5,244
2015-08-05,91,81,71,61,55,49,66,46,26,29.96,29.9,29.85,10,10,10,26,10,31,0,4,306
2015-08-06,86,78,69,62,53,49,68,49,29,30,29.95,29.91,10,10,10,16,7,25,0,5,255
2015-08-07,86,78,69,63,57,51,73,54,34,29.94,29.91,29.89,10,10,10,20,8,23,0,5,80
2015-08-08,83,75,67,62,57,50,81,57,33,30,29.97,29.93,10,10,10,15,7,18,0,5,67
2015-08-09,87,77,66,63,58,51,76,53,30,30.06,30.01,29.98,10,10,10,17,9,24,0,3,62
2015-08-10,81,75,68,64,62,58,84,65,45,30.08,30.04,29.98,10,10,10,18,8,21,0,5,146
2015-08-11,81,77,72,72,68,63,90,77,64,29.96,29.82,29.74,10,8,2,32,13,44,1.13,7,197
2015-08-12,88,81,73,64,59,54,69,50,31,29.95,29.85,29.78,10,10,10,16,11,23,0,3,305
2015-08-13,87,78,69,62,56,47,66,47,27,30.12,30.03,29.95,10,10,10,18,8,25,0,2,288
2015-08-14,86,76,66,65,59,52,78,55,32,30.19,30.14,30.12,10,10,10,21,8,24,0,2,205
2015-08-15,88,79,70,69,65,61,82,63,43,30.14,30.11,30.07,10,10,10,22,10,25,0,2,210
2015-08-16,90,82,74,72,67,64,74,59,44,30.14,30.1,30.06,10,10,10,18,7,25,0,4,211
2015-08-17,91,83,74,71,69,67,84,68,51,30.11,30.07,30.02,10,10,10,20,9,24,0,2,207
2015-08-18,86,81,75,72,69,63,82,70,57,30.06,30.04,29.99,10,10,10,25,12,30,0,4,189
2015-08-19,86,81,76,74,73,72,88,75,61,30.07,30.05,30.03,10,10,10,20,11,28,0,4,153
2015-08-20,87,82,77,74,73,72,88,75,61,30.05,30.01,29.98,10,10,10,23,13,30,0,5,136
2015-08-21,87,80,73,74,68,57,87,62,36,30.06,30,29.94,10,9,2,18,8,23,2.48,6,354
2015-08-22,86,78,70,59,53,51,61,48,34,30.12,30.08,30.05,10,10,10,18,9,23,0,5,5
2015-08-23,83,76,69,70,65,56,84,71,57,30.04,30,29.94,10,10,10,14,5,17,0,5,89
2015-08-24,84,78,71,70,67,59,90,68,46,29.94,29.91,29.86,10,10,10,16,8,18,0,4,202
2015-08-25,85,80,75,73,68,49,85,61,36,29.91,29.86,29.83,10,10,10,20,11,24,0.01,4,206
2015-08-26,84,76,68,57,53,49,61,48,34,30.02,29.96,29.91,10,10,10,20,10,23,0,2,299
2015-08-27,83,76,68,55,53,49,63,49,34,30.13,30.06,30.01,10,10,10,17,9,22,0,4,322
2015-08-28,82,73,64,62,55,50,73,54,35,30.21,30.16,30.13,10,10,10,17,7,20,0,3,308
2015-08-29,84,76,68,65,60,56,78,59,40,30.23,30.17,30.12,10,10,10,18,9,22,0,5,215
2015-08-30,84,77,69,70,66,61,79,67,55,30.13,30.08,30.01,10,10,10,17,10,22,0,5,211
2015-08-31,91,83,75,71,68,67,79,63,47,30.05,30.01,29.95,10,10,10,18,12,23,0,6,229
2015-09-01,87,80,73,71,66,62,87,66,45,30.07,30.04,30.01,10,10,10,14,7,18,0,2,152
2015-09-02,86,79,71,73,69,63,94,71,48,30.06,29.99,29.9,10,9,6,18,9,32,0,3,191
2015-09-03,93,83,73,72,68,64,87,64,41,29.9,29.87,29.84,10,10,7,13,5,16,0,3,250
2015-09-04,85,78,70,70,67,62,82,70,58,30.22,30.07,29.91,10,10,8,18,11,23,0,4,87
2015-09-05,81,72,63,61,59,53,81,60,39,30.29,30.25,30.22,10,10,10,13,7,,0,3,76
2015-09-06,80,71,62,66,59,56,84,65,45,30.24,30.21,30.16,10,10,10,13,7,16,0,3,148
2015-09-07,86,78,70,70,67,63,90,71,51,30.15,30.09,30.02,10,10,10,21,12,26,0,1,211
2015-09-08,91,82,73,70,69,67,87,67,47,30.05,30.01,29.95,10,10,10,23,13,28,0,1,207
2015-09-09,87,81,75,74,72,69,87,74,61,29.99,29.92,29.83,10,10,10,23,11,33,0.07,4,198
2015-09-10,79,75,71,74,71,68,93,85,76,29.87,29.81,29.72,10,8,2,22,8,135,1.18,7,30
2015-09-11,82,74,66,68,63,58,93,69,45,29.83,29.76,29.7,10,10,6,18,10,24,0.03,6,11
2015-09-12,80,74,68,70,66,64,90,76,62,29.84,29.76,29.67,10,9,2,25,12,30,0.27,6,143
2015-09-13,79,71,62,68,60,50,90,70,50,29.87,29.74,29.65,10,10,10,23,12,28,0.04,6,249
2015-09-14,78,69,60,49,47,44,64,49,33,30.21,30.04,29.89,10,10,9,22,14,31,0,1,284
2015-09-15,80,71,62,64,53,47,79,57,35,30.33,30.29,30.21,10,10,10,16,8,18,0,1,238
2015-09-16,84,73,62,65,59,54,84,59,34,30.34,30.29,30.24,10,10,7,13,4,15,0,4,216
2015-09-17,84,74,64,66,61,58,84,64,43,30.23,30.15,30.08,10,10,10,15,6,17,0,3,201
2015-09-18,83,74,65,65,61,57,84,64,43,30.08,30.04,29.99,10,10,10,13,7,25,0,1,196
2015-09-19,80,74,68,70,66,63,90,76,62,30.02,29.96,29.89,10,7,0,20,8,23,0,5,198
2015-09-20,80,72,64,69,55,43,90,59,28,30.11,29.98,29.88,10,10,10,22,14,26,0,3,341
2015-09-21,72,66,59,51,46,42,64,50,35,30.24,30.2,30.11,10,10,10,20,11,24,0,6,51
2015-09-22,73,68,63,58,53,43,73,59,44,30.29,30.26,30.24,10,10,10,17,10,21,0,7,60
2015-09-23,80,69,58,55,51,41,84,56,28,30.28,30.24,30.21,10,10,10,15,6,28,0,4,40
2015-09-24,83,71,59,59,54,47,78,53,28,30.35,30.29,30.23,10,10,10,15,8,24,0,3,43
2015-09-25,75,69,63,57,54,51,78,62,46,30.4,30.36,30.33,10,10,10,16,9,21,0,7,70
2015-09-26,73,66,59,55,51,47,73,59,44,30.49,30.43,30.37,10,10,10,21,10,28,0,7,64
2015-09-27,72,64,56,58,53,47,84,69,53,30.48,30.41,30.33,10,10,10,14,7,17,0,6,49
2015-09-28,79,70,61,67,63,57,93,80,67,30.32,30.23,30.14,10,8,0,17,6,41,0.04,6,52
2015-09-29,80,75,69,72,70,66,97,86,74,30.13,30.03,29.88,10,8,2,17,7,22,0.13,7,126
2015-09-30,78,69,60,74,65,51,93,80,67,29.96,29.78,29.69,10,8,1,28,16,35,0.82,7,88
2015-10-01,61,59,56,54,50,47,80,72,64,30.16,30.08,29.97,10,10,10,24,15,30,0.08,8,25
2015-10-02,57,54,50,50,47,45,86,82,77,30.24,30.19,30.14,10,7,3,30,19,39,1.81,8,30
2015-10-03,57,54,51,48,47,45,89,78,66,30.35,30.3,30.22,10,9,3,28,19,39,0.16,8,49
2015-10-04,66,60,54,47,44,40,72,56,40,30.35,30.3,30.25,10,10,10,26,16,31,0,6,50
2015-10-05,67,60,53,49,46,44,77,65,52,30.24,30.17,30.11,10,10,10,20,12,25,0,6,22
2015-10-06,74,63,51,56,47,40,83,57,31,30.1,30.02,29.96,10,10,10,14,6,17,0,3,340
2015-10-07,71,64,57,55,51,49,80,64,47,30.06,30,29.96,10,10,10,13,7,16,0,4,328
2015-10-08,70,63,55,57,52,47,84,64,44,30.16,30.12,30.06,10,10,10,14,6,17,0,4,109
2015-10-09,74,68,61,64,61,55,93,81,68,30.1,29.93,29.76,10,10,7,23,13,36,0.28,6,216
2015-10-10,66,59,52,50,40,33,66,49,31,30.14,30.08,29.91,10,10,10,26,9,31,0,3,5
2015-10-11,68,59,50,55,48,43,84,63,42,30.07,29.97,29.88,10,10,10,15,10,18,0,2,226
2015-10-12,72,63,53,58,52,49,86,68,49,29.89,29.83,29.73,10,10,10,17,8,21,0,0,208
2015-10-13,74,67,60,63,58,56,90,72,53,29.72,29.61,29.53,10,10,10,20,9,23,0,6,212
2015-10-14,70,64,58,52,46,41,67,55,42,29.88,29.76,29.66,10,10,10,18,12,24,0,6,276
2015-10-15,65,59,52,44,40,37,63,50,37,30.03,29.98,29.89,10,10,10,20,11,24,0,1,277
2015-10-16,66,60,54,50,40,33,72,51,29,30.05,29.98,29.92,10,10,10,21,12,28,0,2,277
2015-10-17,58,51,43,40,28,17,66,46,26,30.23,30.11,30.04,10,10,10,24,14,30,0,3,298
2015-10-18,53,46,38,26,21,14,59,41,22,30.4,30.29,30.22,10,10,10,24,13,31,0,3,325
2015-10-19,52,44,36,33,25,21,64,48,32,30.51,30.42,30.3,10,10,10,24,11,30,0,2,266
2015-10-20,70,60,49,45,39,34,66,49,32,30.29,30.24,30.17,10,10,10,24,16,28,0,4,231
2015-10-21,71,62,52,55,49,42,84,62,40,30.33,30.28,30.24,10,10,10,12,6,15,0,4,207
2015-10-22,70,62,53,56,51,48,83,68,53,30.25,30.16,30.07,10,10,10,16,9,23,0,5,216
2015-10-23,66,55,44,51,34,24,58,42,25,30.37,30.22,30.09,10,10,10,24,15,30,0,1,354
2015-10-24,59,51,42,47,38,31,76,62,47,30.41,30.34,30.22,10,10,10,15,9,21,0,5,81
2015-10-25,70,60,49,55,48,34,84,64,44,30.27,30.12,30.05,10,10,6,25,15,39,0.02,6,268
2015-10-26,60,53,45,39,34,29,71,52,32,30.51,30.42,30.28,10,10,10,17,7,22,0,4,358
2015-10-27,59,51,42,42,39,34,83,65,47,30.58,30.53,30.48,10,10,10,12,8,45,0,6,62
2015-10-28,68,60,52,65,57,43,97,84,71,30.47,30.07,29.69,10,6,2,32,20,40,1.79,8,111
2015-10-29,74,67,59,65,51,32,93,62,30,29.76,29.64,29.57,10,9,2,31,16,39,0.06,6,233
2015-10-30,63,55,47,36,31,28,46,39,31,30.12,29.94,29.78,10,10,10,22,14,28,0,1,307
2015-10-31,55,48,40,43,34,30,68,55,41,30.25,30.17,30.08,10,10,10,14,7,17,0,4,220
2015-11-01,64,59,54,54,49,40,86,71,55,30.07,29.96,29.87,10,10,10,21,12,28,0,7,224
2015-11-02,65,58,51,49,46,40,86,65,43,30.14,30.08,30.01,10,10,10,13,5,16,0,6,252
2015-11-03,70,58,45,54,48,43,89,64,39,30.26,30.19,30.13,10,10,9,13,4,15,0,0,227
2015-11-04,69,60,50,54,49,45,93,69,44,30.39,30.34,30.27,10,10,6,17,6,21,0,0,76
2015-11-05,69,61,53,64,58,52,100,88,76,30.33,30.26,30.14,10,6,0,9,4,23,0.01,7,186
2015-11-06,75,69,62,64,62,57,93,81,68,30.14,30,29.86,10,6,0,21,9,25,0,7,201
2015-11-07,70,63,55,57,45,31,78,57,36,30.15,30.02,29.94,10,10,10,23,11,31,0,7,309
2015-11-08,60,52,43,36,31,28,60,46,31,30.44,30.35,30.18,10,10,10,24,10,30,0,2,314
2015-11-09,59,49,39,43,37,27,85,58,30,30.49,30.42,30.31,10,10,10,9,3,13,0,5,171
2015-11-10,59,56,53,56,52,43,93,77,61,30.29,30.03,29.73,10,8,4,22,12,28,0.45,8,52
2015-11-11,59,55,50,49,47,44,89,78,66,29.98,29.86,29.73,10,8,4,24,13,29,0.09,8,360
2015-11-12,60,56,52,56,51,40,89,82,75,29.97,29.79,29.55,10,10,7,26,11,36,0.05,7,155
2015-11-13,61,55,48,40,31,20,55,42,28,29.84,29.7,29.58,10,10,10,33,20,41,0,2,275
2015-11-14,51,47,42,29,24,21,49,40,30,30.28,30.07,29.86,10,10,10,29,18,38,0,2,299
2015-11-15,59,50,40,39,31,25,64,49,33,30.33,30.25,30.19,10,10,10,18,13,22,0,2,250
2015-11-16,69,57,45,40,37,27,71,50,29,30.34,30.22,30.17,10,10,10,17,9,21,0,0,268
2015-11-17,53,47,40,34,30,26,70,53,35,30.58,30.52,30.36,10,10,10,17,8,22,0,3,63
2015-11-18,60,52,43,52,43,34,80,68,55,30.56,30.47,30.34,10,10,10,17,11,24,0,7,103
2015-11-19,63,61,58,61,57,52,93,86,78,30.34,30.12,29.96,10,7,1,30,19,39,0.58,8,144
2015-11-20,63,54,45,59,34,17,97,61,24,30.25,30.1,29.95,10,9,1,24,13,31,0,3,312
2015-11-21,55,49,42,44,31,22,66,48,30,30.3,30.19,29.96,10,10,10,21,10,25,0,5,77
2015-11-22,58,51,44,52,34,20,86,60,34,29.96,29.91,29.88,10,10,10,26,13,32,0,6,326
2015-11-23,46,41,35,23,16,5,48,35,21,30.25,30.06,29.9,10,10,10,25,15,31,0,1,319
2015-11-24,48,40,31,26,21,16,64,49,34,30.55,30.38,30.27,10,10,10,15,7,20,0,3,284
2015-11-25,51,42,32,31,27,23,70,52,33,30.82,30.73,30.56,10,10,10,9,4,14,0,1,46
2015-11-26,60,48,35,53,42,29,93,78,62,30.84,30.76,30.65,10,10,8,12,6,15,0,5,121
2015-11-27,63,53,43,52,49,43,93,80,67,30.64,30.45,30.25,10,9,6,12,5,16,0,5,204
2015-11-28,65,56,46,52,47,37,86,73,60,30.23,30.18,30.12,10,10,10,16,8,20,0.02,7,300
2015-11-29,50,44,38,36,26,20,71,52,32,30.4,30.26,30.21,10,10,10,17,11,22,0,5,357
2015-11-30,50,42,34,36,30,22,75,63,50,30.46,30.4,30.32,10,10,10,16,9,22,0,5,43
2015-12-01,53,50,46,48,45,38,93,79,65,30.31,30.18,30.01,10,8,5,22,11,25,0.29,8,62
2015-12-02,57,52,47,55,50,45,93,87,80,30,29.82,29.65,10,2,0,17,5,23,0.12,8,65
2015-12-03,56,51,45,48,35,28,83,62,41,30.25,29.92,29.67,10,10,10,26,16,33,0,5,285
2015-12-04,53,47,41,32,30,29,67,54,41,30.59,30.43,30.25,10,10,10,18,10,26,0,1,307
2015-12-05,53,44,35,38,33,29,79,62,44,30.7,30.65,30.6,10,10,10,12,5,,0,0,287
2015-12-06,51,45,38,41,36,34,85,70,54,30.62,30.45,30.27,10,10,9,13,6,15,0,1,232
2015-12-07,55,48,40,38,34,29,82,60,38,30.26,30.14,30.06,10,9,6,15,8,18,0,6,263
2015-12-08,51,46,40,35,32,30,70,61,52,30.15,30.11,30.06,10,10,10,18,8,22,0,6,2
2015-12-09,55,45,34,49,39,30,89,75,61,30.2,30.11,30,10,10,10,20,8,26,0,6,169
2015-12-10,59,54,48,50,47,45,89,76,62,30.02,29.98,29.95,10,10,7,17,7,21,0,5,201
2015-12-11,58,52,46,52,47,43,100,84,67,30.03,29.96,29.91,10,6,0,13,6,16,0,6,203
2015-12-12,64,57,49,51,49,46,93,75,56,30.17,30.13,30.05,10,9,6,12,4,14,0,6,212
2015-12-13,70,62,53,53,50,47,89,73,57,30.18,30.14,30.11,10,9,7,16,7,22,0,6,131
2015-12-14,61,57,53,58,54,48,100,92,83,30.1,29.84,29.45,10,3,0,29,11,36,0.36,8,146
2015-12-15,64,59,53,59,44,36,97,68,39,29.89,29.59,29.39,10,9,0,30,18,40,0.09,5,280
2015-12-16,53,49,45,48,38,31,86,65,44,30.16,30.1,29.92,10,10,4,20,9,23,0.05,5,82
2015-12-17,59,55,50,56,53,47,93,87,80,30.09,29.87,29.67,10,7,2,21,9,28,1.17,8,127
2015-12-18,58,49,39,52,37,18,93,66,39,29.86,29.74,29.68,10,10,10,26,14,32,0.01,7,297
2015-12-19,41,39,36,23,17,15,50,44,37,30.3,30.09,29.86,10,10,10,30,20,39,0,5,272
2015-12-20,44,40,35,25,19,16,54,43,31,30.53,30.47,30.31,10,10,10,25,12,32,0,4,277
2015-12-21,55,47,38,48,37,24,83,64,45,30.44,30.26,30.12,10,10,10,23,12,29,0,8,215
2015-12-22,60,56,52,56,53,48,93,88,83,30.12,30.02,29.91,10,7,0,17,9,22,0.19,8,207
2015-12-23,63,56,48,61,53,46,97,92,86,30.22,30.09,29.87,5,1,0,25,10,33,1.16,8,119
2015-12-24,69,63,57,64,58,55,100,91,81,30.14,30,29.85,10,6,0,24,11,30,0.02,7,195
2015-12-25,64,58,52,61,57,51,100,89,78,30.25,30.17,30.11,10,1,0,12,2,14,0.1,8,85
2015-12-26,60,55,49,52,38,30,90,66,41,30.5,30.4,30.26,10,10,3,21,11,26,0.01,8,54
2015-12-27,63,56,48,58,51,37,96,82,68,30.25,29.97,29.81,10,6,0,23,12,29,0.08,8,283
2015-12-28,48,42,35,35,25,19,70,57,43,30.55,30.41,30.11,10,10,6,23,14,37,0.05,7,39
2015-12-29,49,42,34,46,40,30,93,88,83,30.41,30.12,29.91,10,6,1,24,12,30,0.66,8,28
2015-12-30,51,46,41,48,41,37,93,85,76,30.35,30.23,30.07,10,9,2,22,7,26,0.37,8,65
2015-12-31,52,48,43,46,38,27,93,71,49,30.1,30.06,30.01,10,10,5,20,12,25,0.06,7,317
