"RegionName","SizeRank","2010-01","2010-02","2010-03","2010-04","2010-05","2010-06","2010-07","2010-08","2010-09","2010-10","2010-11","2010-12","2011-01","2011-02","2011-03","2011-04","2011-05","2011-06","2011-07","2011-08","2011-09","2011-10","2011-11","2011-12","2012-01","2012-02","2012-03","2012-04","2012-05","2012-06","2012-07","2012-08","2012-09","2012-10","2012-11","2012-12","2013-01","2013-02","2013-03","2013-04","2013-05","2013-06","2013-07","2013-08","2013-09","2013-10","2013-11","2013-12","2014-01","2014-02","2014-03","2014-04","2014-05","2014-06","2014-07","2014-08","2014-09","2014-10","2014-11","2014-12","2015-01","2015-02","2015-03","2015-04","2015-05","2015-06","2015-07","2015-08","2015-09","2015-10","2015-11","2015-12","2016-01","2016-02","2016-03","2016-04","2016-05"
"United States",0,,,,,,,,,,1043,1050,1056,1108,1200,1249,1399,1400,1400,1375,1395,1300,1249,1200,1250,1250,1250,1300,1301,1355,1322,1300,1300,1300,1295,1299,1296,1250,1299,1350,1350,1360,1350,1400,1400,1500,1596,1500,1600,1596,1575,1595,1600,1700,1750,1550,1545,1500,1500,1480,1450,1469,1500,1520.5,1525,1595,1575,1595,1595,1545,1510,1500,1522,1550,1583,1600,1600,1600
"New York, NY",1,,,,,,,,,,,,,,,,,,,,,,,,,,,,,,,,,,,,,,,,,,,,,,,,,,,,,,,,2500,2575,2575,2550,2498.5,2499,2500,2500,2500,2595,2525,2500,2500,2500,2500,2459,2450,2400,2450,2495,2500,2516
"Los Angeles-Long Beach-Anaheim, CA",2,,1950,1900,1975,1975,1995,2100,2100,1900,1895,1895,1900,1799,1800,1800,1850,1875,1875,1850,1850,1800,1750,1700,1700,1715,1750,1780,1775,1790,1780,1762.5,1784,1800,1790,1755,1730,1750,1797,1815,1820,1850,1850,1845,1800,1900,1900,1800,1995,1950,1919.5,1900,1950,1995,2030,2095,2097,2100,2150,2150,2165,2170,2169,2163.5,2200,2200,2220,2225,2250,2250,2286,2300,2300,2300,2335,2365,2355,2374
"Chicago, IL",3,,,1312.5,1350,1350,1390,1337.5,1325,1358.5,1400,1445,1500,1450,1500,1500,1545,1550,1600,1600,1575,1595,1525,1495,1495,1495,1490,1450,1400,1450,1500,1495,1495,1500,1500,1450,1500,1475,1550,1500,1500,1600,1650,1675,1680,1660,1600,1600,1700,1550,1500,1531,1550,1600,1625,1700,1600,1695,1662,1600,1500,1500,1650,1575,1600,1620,1600,1600,1600,1650,1650,1700,1639.5,1600,1700,1625,1629,1670
"Dallas-Fort Worth, TX",4,,,,,,,,,,,,,,975,995,950,975,975,995,950,916.5,899,899,950,953,965,1004,968,995,1006,999,995,1010,1020,1019,1090,1185,1095,1125,1110,1150.5,1180,1187,1065,1205,1340,1350,1350,1299.5,1250,1280,1328,1250,1255,1239,1225,1200,1199,1253,1271.5,1256.5,1250,1243,1265,1275,1280,1292,1300,1295,1309,1315,1330,1361.5,1385,1402,1398,1405
"Philadelphia, PA",5,,1250,1250,1200,1250,1295,1300,1300,1250,1225,1200,1200,1200,1200,1200,1225,1250,1250,1250,1225,1225,1200,1200,1237.5,1250,1250,1265,1295,1300,1295,1275,1250,1245,1230,1210,1200,1200,1200,1250,1250,1300,1295,1250,1250,1295,1250,1250,1270,1250,1239.5,1225,1250,1300,1300,1300,1300,1300,1300,1300,1295,1275,1295,1300,1325,1350,1350,1325,1350,1320,1300,1320,1300,1350,1350,1375,1399,1400
"Houston, TX",6,,,,,,,,,,,,,,,,,,,,,,,,,,,,,,,,,,,,,,,,,,,,,,,1273.5,1210,1337,1205,1155,1205,1279,1279,1276,1265,1289,1319,1249,1255,1265,1259,1295,1350,1369.5,1395,1395,1375,1365,1369,1485,1470,1489,1450,1481,1459,1436
"Washington, DC",7,,1525,1550,1550,1535,1595,1550,1500,1525,1530,1550,1597.5,1577.5,1550,1550,1600,1617.5,1650,1650,1700,1750,1705,1665,1700,1700,1710,1760,1800,1875,1850,1785,1740,1730,1783,1800,1850,1880,1900,1915,1885,1800,1847,1850,1900,1900,1887,1882,1831,1859,1850,1835,1860,1920,1943,2000,2000,1950,1900,1900,1895,1900,1950,1920,1950,1950,1950,1945,1950,1940,1899,1875,1850,1900,1920,1940,1950,1922.5
"Miami-Fort Lauderdale, FL",8,,,1700,1800,1775,1800,1695,1500,1750,1750,1725,1700,1600,1595,1550,1550,1525,1500,1500,1500,1500,1500,1500,1500,1450,1450,1499,1450,1450,1500,1475,1495,1450,1400,1400,1400,1425,1425,1450,1459.5,1500,1500,1625,1600,1600,1650,1650,1700,1660,1650,1600,1600,1650,1600,1600,1606,1650,1650,1600,1600,1625,1650,1700,1700,1750,1800,1800,1850,1800,1800,1845,1850,1850,1875,1900,1815,1800
"Boston, MA",9,,,,,,,,,,,,,,,,,,1822.5,1875,1845,1850,1800,1800,1760,1817.5,1850,1890,1995,2100,1995,1976,1894,1850,1850,1900,1900,1981,2000,2035,2100,2100,2150,2250,2200,2200,2200,2200,2157,2150,2175,2200,2200,2250,2300,2275,2275,2200,2200,2200,2200,2250,2300,2300,2395,2400,2395,2375,2332,2300,2250,2248,2260,2306.5,2300,2300,2350,2375
"San Francisco, CA",10,,,,,,,,,,,,,,1595,1600,1700,1697.5,1750,1780,1850,1895,1850,1800,1725,1795,1850,1925,1800,1798,1900,1900,1925,1975,1935,1975,1925,1878,1950,2004,1960,1995,1995,2078,2046,2325,2355,2200,2400,2335,2300,2308,2459.5,2770.5,2695,2600,2650,2760,2700,2721.5,2807,2824,2930,2895,3023.5,3065,3100,3100,3172,3105,3000,3000,3026,3250,3250,3300,3295,3250
"Detroit, MI",11,,,,,,,,,,,,,,,,,,,,,,,750,799,820,802,825,845,850,800,800,850,855,850,841.5,779,750,805,840,800,845,845,819,849,950,950,925,950,925,900,900,910,1000,985,970,1000,1000,1000,975,985,999,999,1000,1030,1000,1000,1000,1000,1000,1000,1000,1040,1000,1000,1015,1065,1075
"Riverside, CA",12,,,,,,,,,,,,,,1400,1375,1400,1400,1295,1250,1200,1200,1200,1175,1200,1200,1200,1250,1199,1150,1150,1150,1160.5,1125,1175,1200,1195,1165,1200,1200,1200,1199,1150,1150,1150,1190,1195,1100,1195,1175,1100,1095,1100,1250,1200,1200,1250,1250,1200,1200,1243,1225,1250,1295,1309.5,1325,1350,1350,1350,1350,1350,1369.5,1396.5,1395,1380,1400,1450,1400
"Phoenix, AZ",13,,,1200,1200,1200,1175,1100,1200,1150,1150,1200,1200,1000,995,995,1050,1000,975,900,895,895,895,875,890,875,869,875,855,850,859,855,869,859,850,857,850,840,857,863,860,875,867,850,850,895,895,850,899,900,899,895,899,944,950,925,910,900,925,935,950,950,995,995,1029,1004.5,1025,1009,1025,1010,1000,990,1125,1118,1110,1150,1149,1125
"Seattle, WA",14,,,1250,1200,1195,1200,1225,1250,1250,1200,1200,1137,1100,1121,1150,1162.5,1175,1150,1150,1195,1200,1195,1195,1150,1150,1175,1150,1150,1167.5,1155,1195,1202,1200,1230,1211,1215,1195,1210,1250,1270,1278,1295,1287,1300,1395,1395,1375,1419.5,1400,1395,1390,1445,1545,1550,1550,1550,1595,1545,1595,1550,1583,1600,1600,1600,1625,1650,1681,1719.5,1750,1719,1595,1695,1700,1728.5,1790.5,1758,1825
"Minneapolis-St Paul, MN",15,,,,,,,,,,888,920,975,1002,1075,1050,1100,1125,1150,1175,1150,1149,1100,1095,1075,1090,1050,1095,1095,1095,1095,1129,1150,1175,1150,1150,1150,1115.5,1175,1195,1195,1190,1195,1175,1190,1199,1195,1195,1195,1195,1200,1200,1200,1200,1249,1225,1250,1250,1250,1200,1200,1200,1250,1250,1255,1270,1275,1279,1295,1275,1268,1299,1300,1334,1350,1350,1350,1325
"San Diego, CA",16,,,,,,,,,,1900,1785,1800,1600,1650,1600,1695,1676,1695,1675,1685,1700,1650,1595,1600,1595,1600,1640,1595,1595,1600,1600,1595,1600,1595,1595,1590,1565,1595,1595,1600,1595,1625,1577,1607,1750,1695,1600,1795,1800,1750,1750,1789,1900,1900,1895,1895,1900,1950,1945,1945,1942,1975,1950,1995,1950,1970,1975,2010,2050,2025,2029,1995,2000,2050,2095,2095,2015
"St. Louis, MO",17,,,,790,862.5,797.5,780,800,850,827.5,850,900,795,805,800,850,850,825,795,800,800,800,825,825,850,825,825,825,825,835,825,855,824,820,800,800,800,810,825,825,810,800,800,800,825,835,800,835,799,795,800,800,845,850,850,850,840,825,825,825,825,800,825,850,850,850,850,850,850,850,875,850,850,875,895,895,895
"Tampa, FL",18,,,1000,1050,1000,975,912.5,900,950,1000,1000,1000,950,950,950,950,950,950,925,900,925,900,900,910,950,925,945,930,950,950,950,950,950,933.5,929,905,900,904,945,950,950,925,936,950,975,975,950,969,954.5,950,975,975,999,1000,1000,1000,1000,1000,1000,1000,1000,1000,1050,1060,1100,1100,1100,1100,1100,1050,1130,1150,1150,1150,1190,1200,1195
"Baltimore, MD",19,,1300,1295,1300,1300,1350,1300,1300,1300,1300,1300,1300,1275,1270,1250,1250,1250,1250,1200,1200,1200,1177,1261,1295,1343,1300,1295,1250,1255,1290,1285,1375,1400,1365,1394,1341,1369,1350,1356,1399,1395,1350,1275,1323,1300,1297.5,1300,1395,1350,1350,1350,1385,1400,1410,1450,1497,1400,1375,1350,1345,1328.5,1335.5,1365,1374,1350,1355,1367,1375,1350,1340,1350,1350,1370,1350,1390,1400,1375
"Denver, CO",20,,,,,,,,,,968,995,1000,1050,1080,1090,1095,1099.5,1095,1095,1095,1075,1050,1012.5,1063,1079.5,1075,1095,1120,1175,1175,1175,1194,1200,1190,1165,1161,1150,1179,1195,1195,1164,1155,1225,1250,1275,1295,1300,1295,1275,1295,1300,1349,1390,1395,1400,1465,1450,1490,1500,1512,1515,1559,1580,1600,1630,1650,1650,1675,1650,1650,1650,1635,1621.5,1620,1645,1621.5,1622
"Pittsburgh, PA",21,,,,,,,,,,,,,,,,,,,,697.5,785,700,674,695,795,795,825,867.5,850,790,750,767.5,720,725,725,757.5,795,800,837,935,895,875,890,900,900,850,800,800,875,895,899,900,950,995,995,982.5,925,900,900,945,950,975,995,1000,1000,1050,1032.5,995,950,915,967.5,960,1000,1025,1050,1099,1100
"Portland, OR",22,,,,,,,,,,,,,,,840,845,895,895,895,900,905,895,875,895,917,925,939,926,950,945,960,980,1000,960,945,930,900,930,950,950,980,995,995,1045,1095,1050,1000,1030,1015,1015,1025,1085,1110,1145.5,1195,1186,1190,1190,1200,1195,1197.5,1230,1265,1295,1295,1325,1395,1400,1400,1401,1475,1450,1433,1465.5,1495,1519,1530
"Charlotte, NC",23,,799,825,840,850,825,845,799.5,842.5,850,825,850,795,799,800,795,750,785,800,800,800,795,801.5,822.5,850,830,850,830,836,850,850,900,900,900,898,861.5,853,888,925,929,929,900,935,900,925,919,895,900,900,895,895,900,950,950,950,950,950,950,977,985,995,1000,1025,1052.5,1089,1075,1050,1095,1095,1075,1125,1096,1106,1159,1265,1200,1215
"Sacramento, CA",24,,,,,,,,,797,795,797,800,855,850,875,895,895,895,900,925,895,895,882.5,895,875,850,850,850,850,862,850,950,936,940,985,950,900,950,950,953,940.5,925,945,950,950,925,910,900,950,950,950,950,950,995,995,1047.5,1000,1000,995,1000,1050,1050,1076,1100,1150,1100,1095,1150,1175,1150,1240,1250,1250,1290,1295,1295,1350
"San Antonio, TX",25,,,,,,,,,,,,,850,805,800,795,825,850,841,847,835.5,809,850,865,885,927,930,892,871,889,895,900,896,895,899,875,905,900,925,926,926,925,926.5,945,950,958,960,975,985.5,980,979,995,970,986,969.5,985,975,950,950,950,950,975,975,975,975,985,992,985,985,985,1041,1061,1014,1015,1050,1045,1005
"Orlando, FL",26,,,825,850,850,850,850,872.5,875,850,825,850,850,850,850,865,850,850,850,850,850,850,850,850,875,891,904.5,930,906.5,900,919.5,918,895,900,900,908,905,899,925,925,947,910,932,925,925,925,925,935,925,940,927,950,960,995,989.5,989,995,993,975,990,995,995,1000,1025,1040,1000,1080,1100,1100,1115,1200,1199,1200,1150,1200,1209,1200
"Cincinnati, OH",27,,,,,,,,,,,,,,,,,,,,795,795,760,765,760,790,795,790,745,725,735,739.5,739,720,730,735,725,745,749,750,750,750,725,700,700,725,732.5,679,775,750,735,750,750,795,790,780,780,795,795,795,795,795,795,807.5,800,825,800,800,800,800,795,875,875,885,895,910,950,935
"Cleveland, OH",28,,,,,,,,,800,811,814,819.5,800,799,799,795,750,734,795,814,825,750,750,769,800,784.5,770,750,750,750,750,775,769.5,795,800,775,769,750,799,786,800,760,750,750,739,747.5,707.5,800,765,750,750,750,750,775,747.5,750,765,795,850,850,850,875,925,930,949,925,900,915,910,900,897,875.5,872,885,925,930,925
"Kansas City, MO",29,,,,,,,,,,,,,,715,709.5,799,800,800,800,800,755,750,700,729,750,750,795,775,775,750,750,750,750,750,750,730,725,725,740,730,749,725,750,750,710,727.5,725,725,725,725,750,750,775,750,750,765,750,750,750,750,750,785,795,795,825,850,850,850,868.5,849,865,850,850,850,869,885,876
"Las Vegas, NV",30,,995,1050,995,1000,900,1000,1050,995,995,925,875,900,875,850,899,900,899,895,895,895,850,850,850,850,850,837,820,825,825,825,800,800,806.5,825,825,805,805,830.5,849,845,825,850,850,850,840,825,850,850,850,850,850,890,895,895,895,895,898,895,895,895,898,900,945,940,940,950,945,900,930,950,990,950,959,995,1000,994
"Columbus, OH",31,,,,,,,,,,,,,677,699.5,725,700,746,725,717,700,749,749,764,795,799.5,797,795,800,775,750,767,895,850,799,804.5,799,749,764,749,749,780,775,728,735,849,849,799,849,815,835,827,847,825,822,795,805,846.5,900,900,899,899,899,900,910,925,900,939,910,920,920,949,939.5,909,899,922,949,945
"Indianapolis, IN",32,,,,,,,,,,900,912.5,750,675,659,675,725,700,678.5,654.5,710,700,700,699,717.5,725,721,721,685.5,689,685,679,700,735,726,709,695,690,697.5,719,719,683,675,675,675,699,698,699,700,699,699,699,699,725,699,699,700,705,700,700,700,700,722.5,725,750,750,754.5,750,750,780,780,805,800,797,809,829,878.5,900
"San Jose, CA",33,,,,,,,,,,,,,,,,,,,,,,,,,,,,,,,,,,2419.5,2136,2111,2090,2193.5,2247,2215,2252.5,2287,2350,2338,2350,2300,2293,2450,2465,2420,2400,2500,2624,2775,2803,2750,2780,2787.5,2785,2790,2815,2900,2900,2935,3005,3082.5,3095,3100,3125,3075,3035,3000,3001,3004.5,3008,3026,3027
"Austin, TX",34,,1050,995,995,995,1100,1012.5,990,998,995,995,995,995,998.5,1040,1050,1065,1025,1038,1000,999,1000,1069,1055,1077,1100,1106.5,1090,1099,1060,1055,1070.5,1062,1057,1055,1050,1050,1049,1045,1054,1075,1095,1115,1150,1133,1150,1200,1199,1215,1200,1226,1250,1246,1250,1295,1279,1250,1250,1240,1225,1225,1240,1250,1280,1270,1292,1300,1305,1313,1336,1359,1350,1370,1365,1394.5,1375,1379
"Virginia Beach, VA",35,,1045,1000,1025,1075,1095,1050,1000,995,995,1000,1000,1000,1025,1050,1085,1050,1079.5,1025,1000,1010,997.5,995,998,1007,1000,1025,1000,1000,1000,1000,1030,1025,1005,1000,1000,995,1000,1001,995,1005,1065,1050,1000,1000,1007.5,995,1025,1029,1029,1050,1050,1100,1095,1095,1050,1050,1050,1049,1050,1050,1045,1075,1069,1075,1069.5,1062,1052.5,1050,1050,1050,1039,1044,1050,1050,1091,1050
"Nashville, TN",36,,,1272.5,1200,1295,1200,1195,1200,1000,995,995,997.5,900,875,895,925,900,899,934,900,900,895,855,850,849,850,870,900,920,950,940,955,940,935,923,900,875,899,905,930,923,917,915,946.5,995,1031,995,995,1009,975,995,999,1100,1150,1099,1150,1150,1150,1200,1150,1100,1150,1163,1171,1168,1200,1250,1295,1295,1256,1295,1350,1350,1395,1390,1389,1395
"Providence, RI",37,,,,,,,,,,1300,1262.5,1250,1200,1200,1150,1100,1112.5,1100,1140,1100,1100,1090,1000,1000,1050,1100,1055,1097.5,1095,1100,1100,1200,1160,1154,1200,1167,1150,1200,1200,1200,1200,1200,1200,1150,1110,1135,1099,1150,1150,1150,1185,1200,1247,1230,1250,1200,1200,1200,1200,1200,1200,1250,1250,1275,1300,1250,1250,1250,1250,1250,1250,1250,1250,1295,1300,1325,1300
"Milwaukee, WI",38,,,,,,,,,,,,,,,,,,997.5,890,825,850,797.5,830,877.5,850,850,975,882.5,975,947.5,975,900,895,900,975,925,840,850,931,870,900,885,890,890,985,937.5,900,842.5,900,850,825,855,900,895,895,895,935,950,995,995,975,950,970,1020,995,977.5,1019,1050,1002.5,950,965,900,925,950,990,959,995
"Jacksonville, FL",39,,895,895,895,900,895,850,800,850,850,850,850,850,855,885,895,895,895,895,875,875,870,881,875.5,860,855,860,871,908,895,875,850,850,840,849,900.5,945,950,992,990,985,990,1020,1050,1067,1070,1073,1075,1089,1090,1090,1093,1090,1095,1089,1085,1090,1100,1120,1105,1105,1083,1085,1100,1100,1100,995,975,995,995,1000,1000,1000,1025,1050,1029,1052.5
"Memphis, TN",40,,,,,,,,,,,,,,,,,,,775,800,810,820,790,765,755,765,780,795,763.5,775,772,773,754,775,770,785.5,765,805,825,812,775,750,734,725,734,729,725,700,660,675,675,675,725,713,695,695,695,695,695,700,725,700,700,725,703.5,699,711,700,715,734,750,730,750,750,775,795,795
"Oklahoma City, OK",41,,,,,,,,,,,,,,,,,,,,,,,,,,,,,849.5,861,825,889,889,900,875,800,735,795,825,742,750,750,682.5,722,737,745,650,700,700,675,660,675,700,717,699,687,675,695,675,690,659.5,700,695,700,719,725,740,750,725,750,800,825,825,795,850,830,800
"Louisville-Jefferson County, KY",42,,,,,,,,,,,,,,,,,,,,,,,,,,,,,,,,,,,,,,,,,,,,,,,,,,,,,,695,765,725,725,700,695,700,699,700,725,750,750,795,797,750,750,725,847,806,850,857,909.5,973.5,928.5
"Hartford, CT",43,,1000,995,1000,1025,1200,1250,1200,1200,1155,1110,1100,1110,1150,1150,1200,1200,1200,1200,1200,1200,1200,1102.5,1150,1100,1150,1150,1185,1197.5,1195,1200,1275,1295,1275,1275,1200,1155,1150,1200,1200,1200,1200,1200,1200,1200,1200,1200,1220,1200,1200,1200,1200,1200,1250,1250,1250,1250,1250,1250,1250,1219,1250,1250,1275.5,1275,1293,1300,1300,1275,1250,1250,1266.5,1250,1265,1300,1300,1297.5
"Richmond, VA",44,,,795,750,750,750,750,775,750,750,750,750,790,800,795,795,795,820,825,814.5,795,800,850,850,886.5,900,911,926,937,941.5,905,901,895,875.5,871,899,905,900,912,945,963,954.5,907,908.5,915,915,899,925,950,975,969,995,980,950,950,945,925,900,895,895,900,912.5,950,995,995,1000,1040,1040,1000,999,999,995,999,999,1019,1095,1074
"New Orleans, LA",45,,,,,,,,900,900,900,900,899,899,900,900,985,950,945,950,925,900,875,875,900,925,905,950,943.5,925,940,942.5,950,925,900,932.5,970,952.5,950,1008,1001.5,1000,1000,985,970,950,950,975,1000,995,950,1000,1000,1045,1000,1050,1062.5,1050,1000,1000,1000,995,1000,1072.5,1150,1290,1250,1300,1300,1250,1200,1200,1200,1250,1250,1325,1312.5,1350
"Buffalo, NY",46,,,,,,,,,,,,,,,,,,877.5,847.5,800,865,845,865,900,1000,1163.5,1150,1185,1174,1133,965,1012.5,987.5,945,945,862.5,820,810,810,820,810,825,820,815,810,790,725,742.5,810,810,815,825,840,875,995,902.5,882.5,875,875,880,855,865,995,1075,1080,1092.5,1077.5,1012.5,990,950,900,917,950,987,1032.5,1050,987.5
"Raleigh, NC",47,,800,800,800,862.5,837.5,895,900,875,862.5,850,850,797,799,795,795,797,818,825,849,797,815,839,805,828,850,850,865,885,875,875,882,886,885,864,870,860,876,885,900,950,940,935,939,942,909,899,925,899,900,930,938,925,940,948,950,950,924,935,949,955,972.5,999,1010,1015,1005,1000,1050,1065,1057,1129,1115,1119,1099,1149,1175,1199
"Birmingham, AL",48,,,,,,,,,,,,,695,742.5,775,758,800,785,760,752.5,700,729,770,825,812.5,785,795,725,750,750,750,750,770,775,795,780,761,772,795,795,795,785,791,773.5,800,795,780,775.5,750,750,758,775,795,795,795,825,844.5,800,799,795,775,750,765,765,792,800,825,850,850,831,850,830,828,750,750,785,797
"Salt Lake City, UT",49,,,,,,,,,,,,,,800,799,847.5,770,760,755,750,750,750,790,779,809,829,849,839,839,869,869,877,879,899,879,879,869,877,879,869,851,847,825,825,825,800,809,825,800,830,830,850,869,850,850,850,850,854,852.5,881,900,895,895,895,902.5,899.5,899,920,925,925,997.5,1009,993,1020,993,975,995
"Rochester, NY",50,,,,,,,,,,862.5,860,860,865,870,880,915,915,910,899,825,825,850,850,975,995,900,900,950,872.5,890,899,875,895,875,925,910,885,885,885,897,915,915,915,915,925,925,900,930,900,910,910,910,910,900,905,897.5,895,899,900,895,850,895,900,900,865,895,890,900,900,900,947.5,925,900,890,910,945,925
"Grand Rapids, MI",51,,,,,,,,,,,,,650,650,632.5,607.5,595,660,770,695,677.5,615,615,625,615,620,660,650,650,650,650,650,662,675,695,653,650,665,695,700,725,725,729,702.5,725,700,700,725,725,745,750,755,800,800,775,780,760,760,750,750,750,750,775,800,810,825,800,800,795,800,847.5,800,800,850,950,950,950
"Tucson, AZ",52,,,,,,,,,,,,,,,800,850,850,825,800,825,825,775,750,775,750,739,750,750,725,759,775,745,721,719,700,725,725,745,725,722.5,725,716.5,699,699,750,742.5,725,750,750,725,725,735,750,750,750,750,750,722,703.5,704.5,725,725,749,765,775,795,759,750,739,725,775,725,746,753,775,789,750
"Urban Honolulu, HI",53,,,,,,,,,,,,,,,,,,,,,,1750,1750,1750,1700,1700,1800,1900,1900,1800,1800,1800,1850,1800,1750,1795,1850,1800,1850,2000,2000,2000,1900,1885,1880,1750,1777.5,1900,1800,1800,1785,1800,1950,2000,1900,1900,1950,2000,2000,2000,2050,2025,2200,2300,2300,2100,2200,2200,2200,2150,2100,2100,2200,2195,2200,2300,2300
"Fresno, CA",54,,,,,,,,,,,,,,,,,,837.5,797.5,795,750,750,756,758,750,675,675,675,675,675,675,725,700,695,695,695,750,750,750,750,745,735,750,735,695,665,695,725,735,705,700,700,695,695,695,695,725,695,685,675,675,675,695,695,695,695,695,695,750,792.5,795,775,695,700,695,695,717.5
"Worcester, MA",55,,,,,,,,,,,,,,,,,,,,,,,,,,,,,,,,,1200,1200,1200,1100,1050,1100,1100,1100,1150,1145,1082,1032,1035,1000,995,1085,1075,1050,1000,1050,1000,1000,1100,1100,1137.5,1150,1100,1100,1075,1075,1100,1150,1200,1200,1150,1150,1125,1150,1200,1150,1150,1200,1200,1250,1250
"Stamford, CT",56,,,,,,,,,,,,,,,1862.5,1950,1912.5,1900,1850,1800,1800,1800,1850,1800,1850,1850,1975,1950,1870,1950,1950,1900,1950,1950,1975,1995,2077.5,2000,2015,2000,1950,1900,2000,1950,1925,1975,1850,1950,1850,1853,1850,1900,2100,2100,2100,2100,2054,2000,2000,2000,1950,2000,2010,2100,2150,2132.5,2100,2170,2150,2100,2200,2100,2100,2200,2200,2240,2240
"Albuquerque, NM",57,,,,,,,,,,,,,,,,,850,925,895,897.5,850,800,775,797.5,750,825,850,750,750,777.5,750,765,765,765,752.5,765,764,770,770,774.5,770,754,753,749,712,727.5,700,750,719.5,725,735,737,702.5,695,745,740,722.5,700,728,722,729,740,725,725,726.5,750,775,775,760,750,775,777,797,800,850,802,825
"Albany, NY",58,,,,,,,,,,,,,,,,,1100,1100,1087.5,1200,1075,1037.5,992.5,1100,1175,1020,1150,1125,1200,1189,1150,1090,1055,1072.5,1090,1030,1035,1055,1100,1150,1150,1135,1100,1200,1200,1200,1125,1150,1125,1075,1080,1085,1200,1200,1208.5,1175,1200,1200,1250,1239,1200,1217,1224.5,1200,1225,1250,1250,1342.5,1275,1250,1200,1262.5,1290,1225,1200,1200,1195
"Omaha, NE",59,,,,,,,,,,,,,712.5,750,750,725,737.5,800,717.5,679,675,679,675,695,700,717.5,745,700,743,750,759,795,800,815,800,770,745,750,766,757.5,759.5,750,749.5,755,820,837,829.5,834,875,875,880,922,975,980,900,890,899,895,890,885,875,895,900,900,900,920,900,920,895,900,930,909,909,920,950,965,925
"New Haven, CT",60,,1100,1100,1150,1100,1150,1250,1250,1250,1257.5,1250,1200,1250,1200,1250,1300,1300,1300,1250,1250,1250,1240,1200,1200,1200,1200,1200,1250,1200,1250,1250,1200,1200,1225,1200,1200,1200,1200,1250,1297.5,1250,1250,1295,1250,1250,1250,1200,1250,1200,1200,1200,1200,1250,1250,1250,1250,1275,1250,1250,1250,1200,1200,1250,1275,1275,1275,1250,1275,1295,1275,1250,1250,1250,1225,1250,1275,1300
"Bakersfield, CA",61,,,,,,,,,,,,,,725,725,695,700,695,700,700,715,700,700,720,725,715,675,650,662.5,675,695,695,700,700,700,700,700,710,700,700,700,700,700,725,700,700,700,697.5,710,750,750,750,750,742,750,750,750,725,725,725,705,750,750,750,775,772.5,745,750,750,750,750,750,750,750,750,775,750
"Knoxville, TN",62,,,,,,,,,650,672,689,694.5,672,650,687,650,650,650,750,740,725,725,717,722.5,750,797,767,745,750,750,749,730,750,769,736,770,768,760,720,713,715,725,735,725,710,705,700,690,700,725,724,725,750,790,795,779,775,750,725,725,725,750,750,795,792.5,814,814,795,776,775,798,780,831,825,800,800,850
"Greenville, SC",63,,,,,,,,,700,646,700,693,597.5,639.5,625,650,697.5,700,675,687.5,700,670,685,695,700,727.5,705,690,700,700,697,710,735,719,710.5,718,747,760,746,750,755,767,810,800,795,765,750,785,750,750,750,750,800,800,800,795,795,800,820,800,750,800,850,850,850,845,800,822.5,850,850,870,878,850,873,999,1052.5,950
"Ventura, CA",64,,,,,,,,,1400,1400,1388.5,1470,1500,1550,1600,1600,1700,1650,1600,1695,1692.5,1600,1591,1650,1595,1576,1632.5,1624.5,1621,1599.5,1597,1649,1645,1650,1680,1695,1673.5,1725,1739,1725,1720,1727,1772.5,1762,1795,1783,1700,1770,1750,1738,1748,1750,1829,1845,1825,1842,1850,1811,1835,1825,1850,1875,1875,1867,1905.5,1947.5,1925,1890,1897.5,1918,1911,1863.5,1907,1925,1965,1950,1950
"Allentown, PA",65,,,,,,,,,890,880,900,900,900,900,950,1000,985,1000,1000,1000,925,1050,1065,1050,1065,1105,1085,1100,1175,1200,1195,1105,1090,1085,1000,1000,950,975,1000,985,1000,990,1000,995,995,995,925,950,950,950,950,950,960,950,977,1000,975,975,975,950,950,975,995,1000,1000,1000,1000,1000,1009,1005,1050,1095,1025,1050,1100,1150,1199
"El Paso, TX",66,,,,,,,,,,,,,,,,,,,,,,,,,795,795,850,800,775,795,755,770,775,657.5,695,700,726.5,750,779,795,795,795,775,750,775,795,725,812.5,775,750,750,775,775,795,795,795,795,780,787.5,775,790,778.5,800,797.5,795,800,775,786,775,775,775,765,775,785,777.5,795.5,800
"Dayton, OH",67,,,,,,,,,,,,,565,565,569,575,612,550,550,555,550,569,560,580,577.5,582,650,659,659,600,625,630,625,610,610,600,600,600,625,625,625,602,613.5,615,600,612,595,625,600,600,600,600,600,612,615,620,625,625,625,627.5,635,605,650,675,685,685,695,727.5,697,695,675,695,725,700,737.5,775,714.5
"McAllen, TX",68,,,,,,,,,,,,,,,,,,,,,,,,,,,,,,,,,,,,,,,,,,,,,,,,,,,,,,,710,700,695,650,625,650,650,650,700,750,700,750,650,650,700,650,650,675,675,700,700,700,800
"Columbia, SC",69,,,,,,,,,,,,,747.5,700,725,700,727.5,695,710,695,675,681.5,700,705,745,700,745,750,750,759,760.5,771,739,750,750,739,735,740,750,750,771,753,799,795,790,750,745,750,750,780,775,795,797.5,797,800,875,795,770,786,797.5,790,795,825,825,795,800,825,805,800,805,800,807.5,800,800,825,850,875
"Greensboro, NC",70,,,,,,,,,,,,,,695,747.5,750,750,700,750,700,750,695,659,700,695,685,697,695,695,675,695,705,725,705,704.5,700,693,709,699,685,680,672.5,699,716,750,747,675,675,685,695,695,695,750,750,717.5,725,725,725,700,700,695,675,700,700,750,750,747,747,750,725,725,712,750,725,750,750,727.5
"Akron, OH",71,,,,,,,,,,,,,,,,,,,,757.5,744.5,719,700,700,715,709.5,702,697,690,714,695,724.5,764,725,757,727.5,724.5,725,775,761.5,745,730,749,725,725,750,790,792.5,750,785,790,800,762.5,840,750,750,727,725,825,822.5,840,825,840,825,840,800,800,850,800,795,850,850,800,800,850,857.5,822.5
"North Port-Sarasota-Bradenton, FL",72,,2500,2300,2200,1825,1900,2000,2000,2000,2000,2000,2000,1750,1850,1800,1800,1800,1800,1800,1800,1995,2000,2000,2000,1900,1900,1800,1800,1700,1600,1645,1700,1700,1800,1800,1800,1700,1600,1550,1555.5,1500,1599.5,1800,1700,1800,2000,2200,2400,2400,2000,1800,1795,1875,1800,1800,1850,2000,1900,2000,2000,2000,2125,1800,1750,1600,1600,1600,1750,1795,1900,2000,2100,2200,2350,1950,1850,1800
"Little Rock, AR",73,,,,,,,,,,,,,,595,562.5,592,550,585,595,599.5,644.5,750,770,773,770,760,783,770,770,750,750,755,750,778.5,757,765,767,830,807,795,785,750,625,595,550,550,595,600,600,615,625,650,650,650,650,675,650,651.5,659,635,625,644.5,649.5,625,660,650,657.5,700,705,678.5,681,695,683.5,700,705,727.5,741.5
"Stockton, CA",74,,,,,,,,,,,,,850,825,804.5,850,850,847.5,795,800,795,795,750,795,795,795,795,795,750,750,750,750,750,800,825,795,775,760,770,767.5,770,750,750,750,750,750,750,750,750,750,750,750,792.5,770,800,800,800,800,825,825,825,800,825,825,800,800,800,800,825,885,895,925,975,995,950,875,900
"Charleston, SC",75,,950,1025,987.5,1000,950,880,925,885,950,995,900,875,900,950,950,1000,1000,957.5,950,950,975,975,970,987,975,985,950,1005,1000,1000,1034.5,995,975,932.5,947.5,955,934.5,995,1025,1052.5,1099,1100,1150,1250,1200,1100,1150,1200,1200,1200,1200,1200,1193.5,1250,1162.5,1150,1200,1200,1195,1249,1275,1278.5,1275,1292.5,1290,1292.5,1300,1329,1300,1250,1242,1375,1375,1371.5,1400,1400
"Syracuse, NY",76,,,,,,,,,,,,,,,,,,,,,,,,,,,,,700,675,675,712.5,725,748.5,750,695,675,695,748.5,735,750,760,805,800,795,775,787.5,775,775,800,800,800,800,800,800,795,842,850,875,835,805,850,825,850,872,895,960,970,975,980,947.5,900,900,975,1000,1000,900
"Colorado Springs, CO",77,,,,,,,,850,900,895,895,875,852.5,895,875,895,875,895,895,875,895,825,850,875,900,895,860,860,884,875,870,870,860,870,870,870,850,885.5,895,905,900,895,895,895,895,900,875,895,895,875,870,870,895,895,895,900,900,895,899.5,900,900,895,920,950,925,947,925,950,950,950,950,963,960,1000,1000,995,995
"Winston-Salem, NC",78,,,,,,,,,,,,,615,599,599.5,625,625,607,650,665,655,615,622.5,660.5,650,640,625,625,645,660,635,640,645,655,655,655,655,655,655,659,688,650,650,650,695,650,600,650,635,645,625,630,699,700,685,675,680,677.5,675,695,675,675,699,675,675,675,700,750,737,700,750,795,775,750,762.5,775,775
"Wichita, KS",79,,,,,,,,,,,,,,,,,,675,599,595,650,650,625,625,595,610,625,619,665,675,650,690,675,650,695,635,615,650,662.5,640,650,619,650,640,655,675,625,650,650,650,650,650,650,650,675,672.5,675,715,707.5,722.5,700,700,700,685,697,675,699,675,650,650,695,675,675,675,675,695,675
"Springfield, MA",80,,,,,,,,,,,,,,,,,,,1200,1100,1050,1000,980,950,950,980,1100,1050,975,1051,1000,1095,1095,1051,1100,930,922,945,950,950,970,950,950,915,900,900,897.5,900,975,900,900,900,900,900,907.5,982.5,950,925,925,900,900,900,900,900,927.5,950,950,950,947.5,970,1050,1050,1000,1000,1000,1067.5,1085
"Fort Myers, FL",81,,,,,,,,,,,,,,,,,,,,,,,,,,,,,,,,,,,,,,,,,,,,,,,,,,1285,1199,1100,1295,1300,1300,1250,1300,1300,1500,1600,1500,1500,1500,1500,1400,1400,1400,1497.5,1550,1500,1700,1750,1700,1700,1600,1550,1305
"Boise City, ID",82,,,,,,,,,,,,,600,600,600,625,625,625,600,625,600,625,625,625,600,625,625,645,650,635,650,650,650,650,650,650,650,650,650,650,650,660,667.5,672,650,650,650,675,650,655,675,675,675,695,695,695,695,700,725,699,699.5,725,735,725,725,725,750,750,750,775,775,775,750,775,775,775,750
"Toledo, OH",83,,,,,,,,,,,,,,,,,,,559,555,559,555,559,575,600,629,629,550,550,575,550,550,587.5,575,600,599,599,583,583,593,575,575,589,592,597,599.5,550,599,575,590,595,592.5,625,640,600,615,634,625,640,625,667.5,675,677,712,675,650,644,644,650,650,750,700,700,697.5,725,725,685
"Madison, WI",84,,,,,,,,,,,,,,899,925,927.5,950,950,945,895,895,895,872.5,965,970,959.5,995,945,905,895,862.5,825,825,825,825,950,920,895,900,900,895,875,860,862.5,895,1045,1100,1125,1125,1047.5,1025,987.5,945,970,1017.5,1165,1095,1150,1125,1107.5,1115,1100,1095,1025,1030,1100,1095,1130,1125,1150,1025,1025,1024,1025,1015,1175,1224.5
"Lakeland, FL",85,,,,,,,,,795,762.5,780,765,750,795,795,800,800,812.5,750,725,725,705,740,720,707.5,725,750,745,748,745,746,750,750,750,765,759,700,750,750,750,795,780,780,800,800,800,750,750,750,750,750,750,850,850,850,800,800,795,793,795,800,850,850,880,885,895,899,897,867,850,895,875,850,850,890,900,900
"Ogden, UT",86,,,,,,,,,,,,,,,,,,,712.5,712.5,679,650,667.5,699.5,699,679,675,691,695,699.5,702,709,704.5,700,679,695,695,695,715,714,725,680,695,690.5,680,690,680,680,680,685,695,695,700,715,725,725,725,750,725,750,712.5,745,750,747.5,725.5,712.5,775,799,795,767.5,770,775,785.5,795,800,820,825
"Daytona Beach, FL",87,,,,,,,,,750,750,825,875,750,789,795,825,850,850,825,800,817,800,782.5,775,780,795,825,800,849,850,800,800,850,800,800,795,800,850,850,850,875,875,875,875,899,900,900,875,875,858.5,870,875,900,902.5,900,895,875,875,882,900,900,885,950,957.5,995,995,950,950,1000,1025,995,975,1050,1050,1124,1100,1112
"Des Moines, IA",88,,,,,,,,,,,,,670,675,685,765,735,825,842.5,750,807.5,765,850,795,802.5,800,854,840,774,786,854,873,869,847,850,825,796,791,792,800.5,835,825,825,855,945,960,820,850,835,835,850,850,960,960,900,927.5,960,990,995,950,950,930,995,995,1020,1020,1000,960,995,984,975,990,995,955,975,975,950
"Jackson, MS",89,,,,,,,,,,,,,,,,,,,,,,,,,,,,,,,,,,,,,,,,,,,,,,,,,,,,,,,,,,850,805,817.5,899,900,924,924,924,850,875,850,850,875,875,750,775,750,765,775,870
"Youngstown, OH",90,,,,,,,,,,,,,,,,,,,,,,,,,,,,,,,,,,,,,,,,,,575,600,620,575,600,600,600,550,572.5,570,575,600,600,600,600,600,612.5,625,600,597.5,600,625,660,650,575,550,550,547.5,550,600,595,600,600,600,595,600
"Augusta, GA",91,,,,,,,,,,,,,,,,,,,,,,,,,,,,,,,,,,,,,,,,,,,,,,,,,750,750,725,695,775,775,750,735,735,750,705,730,740,709.5,750,775,775,750,750,750,750,775,768,750,750,747,794,836,795
"Scranton, PA",92,,,,,,,,,,,,,,,,,,,,,,,650,600,600,600,612.5,600,600,600,600,600,650,625,650,650,650,650,650,625,637.5,650,650,685,675,650,700,675,650,650,680,697.5,695,685,697,699.5,695,660,700,700,695,675,710,750,700,675,725,725,700,700,725,722.5,725,725,750,775,700
"Harrisburg, PA",93,,,,,,,,,,,,,,,,,,,,,750,750,762.5,732.5,745,750,750,750,760,755,740,770,800,830,799,770,812.5,795,805,825,840,830,800,800,800,775,800,795,800,800,800,800,900,900,895,877.5,942.5,850,837.5,880,845,860,920,940,930,910,890,875,895,892.5,880,900,900,895,900,950,975
"Melbourne, FL",94,,900,875,850,850,850,850,825,800,825,800,800,800,800,800,800,800,800,800,800,795,795,775,795,775,795,800,820,825,835,800,800,825,825,800,800,785,797,800,850,850,825,850,850,900,850,850,850,850,850,850,895,900,925,900,895,900,875,900,925,909,895,925,950,965,975,900,912,900,900,900,900,950,1025,1150,1140,1000
"Chattanooga, TN",95,,,,,,,,,,,,,,,,,,,,,,,805,790,760,755,800,785,825,800,785,807.5,795,800,790,769.5,755,745,800,800,840,825,800,787.5,699,695,750,775,730,700,699,699.5,730,789,750,700,700,695,700,787.5,699,725,725,712.5,700,695,750,750,775,800,900,995,895.5,850,900,800,877.5
"Spokane, WA",96,,,,,,,,,,,,,,682.5,637.5,650,650,650,625,625,650,675,650,625,650,675,675,695,697.5,670.5,666,675,666,675,675,675,685,685,685,710,725,700,705,700,692.5,695,650,675,665,650,675,695,695,695,725,745,750,735,695,700,697.5,700,732.5,725,775,750,747.5,725,750,760,750,775,780,795,800,797.5,795
"Provo, UT",97,,,,,,,,,,,,,,,,,,,,,,,,,,,,,,,,,,,,,869,775,765,760,750,725,824.5,850,899.5,800,806,844.5,800,800,800,800,775,800,800,850,825,875,875,905,925,806,850,835,835,835,825,950,925,1000,1044.5,995,950,950,950,976,947
"Lancaster, PA",98,,,,,,,,,,,,,,,,,895,800,775,805,825,790,795,790,795,795,825,777.5,759,795,825,759,854,892,850,925,895,935,935,935,875,797.5,825,825,787.5,800,842.5,835,850,850,850,850,850,859.5,820,864.5,850,835,825,850,820,830,870,869,869,895,875,875,850,850,875,850,875,895,895,899.5,902
"Modesto, CA",99,,,,,,,,,,,,,795,795,795,795,775,795,775,775,775,775,760,750,725,767,780,780,775,750,750,750,750,775,755,760,770,760,750,765,775,775,775,775,750,775,775,775,800,788,795,795,779,800,800,795,800,850,850,850,840,827.5,800,800,837.5,850,850,900,899,895,900,895,900,950,925,895,959
"Portland, ME",100,,,,,,,,,,,,,,,,,,,,,,,,,,,,,,,,,1190,1175,1200,1200,1195,1200,1200,1197.5,1162.5,1200,1100,1150,1137.5,1100,1100,1050,1050,1050,1100,1100,1160,1220,1220,1230,1250,1205,1200,1195,1195,1255,1360,1350,1400,1450,1345,1350,1350,1350,1310,1295,1345,1400,1350,1400,1400
"Durham, NC",101,,,,,,,,,,,,,789.5,775,775,789.5,850,850,850,825,795,784,780,750,775,800,825,815,847.5,855,855,900,875,888,879.5,861,880.5,865,886,905,911,905,933.5,915,915,950,975,979,975,983,990,982,977.5,980,1000,925,900,925,974,925,942,975,1000,1030,1000,1030,1050,1047.5,1048,1085,1150,1100,1155,1185,1206.5,1200,1190
"Santa Rosa, CA",102,,,,,,,,,,,,,1200,1227.5,1250,1250,1250,1250,1300,1300,1325,1300,1300,1295,1250,1285,1275,1250,1300,1350,1350,1350,1350,1345,1350,1373,1350,1345,1350,1445,1450,1375,1425,1400,1495,1395,1395,1400,1450,1450,1450,1495,1495,1550,1600,1625,1695,1700,1703.5,1695,1757.5,1750,1789,1769,1800,1850,1877,1950,1901.5,1899,1926.5,1937.5,1945,2015,2056,2099,2000
"Lexington, KY",103,,,,,,,,,,,,,,,,,,,750,750,739.5,749.5,805,800,785,770,795,810,775,770.5,810,830,825,785,765,750,725,742.5,820,822.5,825,835,814,810,840,829,799.5,767,754.5,775,799,775,775,759,800,800,800,775,759.5,770,772.5,699,737.5,825,855,852.5,835,800,775,775,800,781,800,800,785,785,815
"Lansing, MI",104,,,,,,,,,,,,,,,,,,750,755,760,675,630,650,650,650,645,650,650,650,650,655,650,655,650,650,650,650,669.5,675,670,675,695,676.5,692.5,695,695,695,691,675,652.5,666.5,675,695,698,675,695,695,700,700,700,675,695,700,725,730,725,699,700,699,700,700,705,695,695,704,709.5,720
"Fayetteville, AR",105,,,,,,,,,,,662.5,650,625,610,610,605,625,625,600,600,600,600,600,570,550,575,600,595,585,585,595,617.5,595,575,595,575,575,627.5,625,600,625,660,660,650,637.5,610,695,750,772,720,700,695,625,650,695,650,650,650,650,675,650,650,700,720,675,695,725,725,717.5,697,700,735,737.5,785,831,797.5,800
"Pensacola, FL",106,,,,,,,,,735,767.5,752.5,750,662.5,625,625,625,650,650,625,650,625,625,625,625,650,650,650,645,625,625,625,648,625,625,650,625,625,625,650,650,650,650,654.5,675,675,675,650,650,650,675,650,675,695,700,695,725,750,750,707.5,695,695,715,775,775,750,720,725,750,750,750,750,750,750,745,750,790,800
"Visalia, CA",107,,,,,,,,,,,,,,,,,,,,,,,,,,,,,,,,697.5,675,750,747.5,750,795,795,795,795,760,750,822.5,730,700,695,695,695,695,700,700,700,732,695,700,720,695,697.5,695,700,795,697.5,750,750,775,700,700,725,750,725,750,750,750,707.5,797.5,812.5,850
"Shreveport, LA",108,,,,,,,,,,,,,,,,,,,,,,,,,,,,,,,,,,,,,,,,,,,,,,,,,,,,,,,,,,,,,,,,,,900,750,737.5,650,745,770,750,765,750,815,900,925
"Springfield, MO",109,,,,,,,,,,,,,525,525,545,545,545,570,565,550,550,550,535,549,549,525,529,525,525,525,525,500,545,535,525,525,525,530,525,535,545,545,545,535,525,550,535,500,505,525,525,525,550,525,525,525,530,550,525,500,550,550,575,550,550,525,525,525,525,549,545,525,545,550,550,550,595
"York, PA",110,,,,,,,,,,,,,,,,,,,,,,822.5,869,850,892,850,810,785,787.5,810,839,900,897.5,850,780,795,795,800,805,825,882,895,895,850,825,799.5,800,800,800,800,795,795,795,825,825,795,795,795,795,795,745,735,750,760,790,775,760,795,755,780,793,750,791,765,750,810,800
"Corpus Christi, TX",111,,,,,,,,,,,,,,,,,,,,,,,,,,,,,,,,,,,,,,,,,,,,,,1050,1050,1100,1200,1000,1099,1129,1000,995,1050,1012.5,1037.5,1050,1025,1031,1015,1037,1058.5,1050,979.5,985,992,1000,1050,1095,1200,1239,1229,1200,1197.5,1129,1150
"Flint, MI",112,,,,,,,,,,,,,,,,,,,,550,550,500,500,499,475,499,500,550,559.5,525,500,500,525,525,535,537.5,550,570,590,585,568,585,549,549,500,545,542,575,600,600,605,610,525,525,500,525,525,525,550,550,549,500,500,549,550,550,550,562.5,550,550,549.5,550,550,550,550,550,550
"Reno, NV",113,,,,,,,,,,,,,750,765,775,783.5,775,795,795,795,795,792.5,750,750,750,775,795,795,800,800,795,795,795,795,799,795,795,795,800,800,795,795,825,802.5,795,776.5,795,795,800,795,799.5,800,812.5,850,800,795,795,825,842.5,825,805,895,895,940,925,925,925,895,900,950,895,995,985,985,1055,1052.5,1100
"Asheville, NC",114,,,,,,,,,,,,,,,,,,,,,775,767.5,799,800,810,849,850,852.5,799.5,782,810,800,825,850,834.5,876,875,875.5,850,851,850,850,850,825,800,775,780,795,795,815,807.5,845,850,870,875,850,895,879,850,850,867.5,865,875,895,900,925,950,925,925,950,950,950,1050,995,975,935,995
"Port St. Lucie, FL",115,837.5,850,875,850,850,850,850,850,850,825,850,900,850,875,900,925,900,900,1000,1000,975,1000,1050,1075,1100,1100,1100,1100,1025,1050,1000,1062.5,1100,1100,1200,1200,1100,1200,1200,1200,1200,1200,1200,1200,1200,1200,1250,1250,1259,1200,1200,1200,1300,1200,1300,1300,1300,1300,1250,1250,1250,1250,1250,1250,1275,1295,1200,1250,1250,1370,1400,1400,1378,1375,1350,1350,1299
"Huntsville, AL",116,,,,,,,,,,,,,750,720,750,715,666.5,710,660,650,625,660,682.5,710,785,735,735,725,725,750,750,719,710,715,705,674.5,655,724,721,709,730,685,675,675,625,667,644,644,550,600,600,624,655,650,650,650,650,650,650,670,650,550,550,532.5,500,550,599.5,575,583,550,550,550,600,575,595,575,550
"Fort Wayne, IN",117,,,,,,,,,,,,,,,,,,,,,,,,,,,,669,650,599,606,664,644,667.5,685,604,610,672.5,670,615,589,550,575,554.5,539,550,550,525,520,522.5,525,530,550,575,550,550,547.5,600,585,592.5,595,582.5,580,602,600,635,585,565,594,594.5,585,600,627.5,625,695,620,712.5
"Salinas, CA",118,,,,,,,,,,,,,,,,,,,,,1350,1350,1266.5,1255,1250,1270,1269,1273,1285.5,1299,1262,1264,1258,1225,1187,1195,1210.5,1242,1242.5,1232.5,1277.5,1299,1325,1320,1372.5,1422.5,1425,1450,1422.5,1425,1450,1450,1397.5,1400,1385,1450,1450,1595,1520,1475,1475,1550,1597.5,1595,1675,1526.5,1497.5,1646,1602,1597.5,1600,1688,1650,1675,1725,1750,1750
"Vallejo, CA",119,,,,,,,,,,,,,,1025,1050,1025,1000,1050,1050,1095,1050,1025,1050,1095,1109.5,1100,1100,1100,1100,1100,1085,1099,1150,1125,1125,1125,1150,1154,1185,1170,1125,1100,1150,1154,1195,1150,1100,1198.5,1150,1150,1150,1150,1215,1275,1225,1295,1295,1300,1300,1300,1350,1350,1366.5,1437.5,1400,1400,1445.5,1425,1475,1461,1573,1579,1595,1600,1650,1648,1610
"Mobile, AL",120,,,,,,,,,,,,,,,,,,,750,682.5,665,665,700,700,700,700,695,650,650,650,649,649,650,649,655,650,652.5,650,645,655,650,650,650,645,640,647.5,599,599,600,605,605,605,650,625,650,699,687.5,685,650,650,650,612.5,690,700,720,725,725,725,699.5,700,675,700,700,750,775,795,750
"Reading, PA",121,,,,,,,,,,,,,,,,,,,990,990,990,990,990,985,981.5,910,887.5,890,895,900,900,900,875,895,845,845,845,845,845,850,975,925,905,925,850,850,850,850,875,925,925,925,895,895,895,895,895,925,925,930,945,950,995,980,960,980,960,950,956,955,975,1021,975,975,999,980,1012
"Brownsville, TX",122,,,,,,,,,,,,,,,,,,,,,,,,,,,,,,,,,,,,,,,,,,,,,,,,,,,,,,,900,900,892.5,850,775,776,775,785.5,792.5,900,900,775.5,725,750,750,750,775,750,770.5,700,770.5,770.5,750
"Killeen, TX",123,,,,,,,,,,,,,,,,,,,,,,,,,550,550,550,550,550,550,550,555,555,575,590,560,560,567,575,575,575,555,555,550,550,550,550,550,550,550,550,550,550,550,545,550,550,550,550,550,550,550,550,550,550,550,550,550,550,550,550,550,550,550,555,550,550
"Canton, OH",124,,,,,,,,,,,,,,,,,,,,515,517.5,520,529,527,540,575,575,555,550,555,544,550,550,545,535,560,575,550,600,595,595,600,575,587,575,560,572.5,575,585,580,575,575,625,625,600,625,625,600,595,575,575,595,595,600,650,642.5,605,600,600,600,625,650,650,650,675,700,675
"Beaumont, TX",125,,,,,,,,,,,,,,,,,,,,,,,,,,,,,,,,,,,,,,,,,,,,,,,,,,,,,,,,,,,,,,,,,675,675,675,725,700,727,739,738,737,727,745,790,740
"Manchester, NH",126,,,,,,,,,,,,989,944,949,949,949,897,959,979,979,969,977,995,975,954.5,979,979,997,1050,1067,1075,1125,1130,1130,1130,1125,1125,1125,1100,1125,1131,1150,1145,1144,1100,1125,1050,1100,1150,1100,1099,1099,1125,1150,1187,1175,1195,1160,1172,1179,1195,1200,1219,1195,1195,1195,1200,1245,1249,1200,1200,1200,1250,1250,1250,1264.5,1250
"Salem, OR",127,,,,,,,,,,,,,,600,615,600,595,595,625,625,632.5,627,625,625,625,650,625,650,650,650,650,652.5,650,650,652.5,650,629,637.5,650,650,650,650,650,650,625,637.5,670,650,650,650,650,650,650,675,695,695,675,695,675,695,700,715,749,750,750,775,775,795,802.5,812.5,800,825,825,815,805,872.5,885
"Anchorage, AK",128,,,,,,,,,,,,,,1050,1197.5,1125,1137.5,1000,1000,1175,1200,1100,1150,1100,1162.5,1150,1160,1100,1100,1000,1050,1200,1225,1200,1250,1200,1145,1183,1195,1184,1183.5,1198,1160,1205,1349,1350,1300,1255,1337.5,1250,1250,1225,1250,1300,1300,1300,1350,1350,1300,1262.5,1250,1250,1250,1250,1200,1200,1219,1250,1250,1212,1250,1250,1250,1250,1250,1232.5,1292.5
"Davenport, IL",129,,,,,,,,,,,,,,,,,,,,,,,,,,,,,,,,,,,,,,,,,,,,,,,750,742.5,742.5,750,800,795,750,850,825,800,805,725,700,700,700,695,725,725,750,800,755,700,695,700,750,717.5,717.5,725,750,775,775
"Peoria, IL",130,,,,,,,,,,,,,,,,,,,,,,,,,,,,,,,,,,,,,,,,,750,750,750,775,887.5,875,775,732.5,700,675,675,700,800,750,775,737,694,680,699.5,699.5,685,689,720,750,750,725,700,704,724,704,725,711.5,725,697.5,702,724.5,750
"Myrtle Beach, SC",131,,,,,,,,,,,,,800,795,799.5,799.5,795,797.5,797.5,797.5,800,800,795,800,775,775,775,795,800,800,795,819,825,800,800,800,800,800,809,825,850,825,809,825,825,800,800,795,795,800,800,800,812.5,825,825,875,850,850,850,850,850,850,850,862.5,900,900,892.5,900,900,900,900,900,900,900,925,925,900
"Montgomery, AL",132,,,,,,,,,,,,,,,,,,,,,,675,750,720,730,746.5,754,700,655,675,672,685,625,625,625,625,650,650,675,675,650,650,635,625,625,650,650,650,625,625,625,625,644.5,650,650,635,625,630,650,650,650,665,695,690,688.5,690,675,700,700,700,725,700,725,725,800,825,775
"Salisbury, MD",133,,,,,,,,,,,,,,,,,,,,,,,,,,,,,,,,,,,,,,,,,,,,,,800,773,833,860,850,860,860,904.5,850,840,899.5,925,900,897.5,897,910,910,917.5,909,910,910,910,940,975,922.5,932.5,975,950,940,925,910,910
"Gulfport, MS",134,,,,,,,,,,,,,,682,695,720,750,672.5,717,700,700,695,699,695,695,650,625,625,625,645,625,647.5,625,650,625,682,645,650,730,700,715,662.5,650,639,692,650,625,650,700,668,675,695,650,695,650,750,700,695,675,695,695,695,685,685,695,695,689,662.5,650,675,670,675,675,695,695,695,695
"Tallahassee, FL",135,,,,,,,,,,,,,,,,,,,,,750,750,825,740,750,762.5,760,766.5,750,725,775,779,712.5,697.5,725,740,746,750,750,750,740,745,745,700,695,695,675,700,700,700,700,700,750,750,725,725,700,697.5,695,700,700,725,750,750,727,750,750,725,700,700,720,720,728,750,750,775,757
"Trenton, NJ",136,,,,,,,,,1425,1425,1475,1500,1400,1400,1362.5,1400,1450,1450,1450,1450,1375,1350,1350,1350,1450,1400,1410,1500,1512.5,1594,1600,1580,1500,1537.5,1582.5,1587.5,1615,1550,1549.5,1500,1575,1600,1600,1600,1600,1600,1575,1535,1550,1500,1500,1500,1642.5,1650,1615,1600,1577.5,1525,1454.5,1450,1500,1500,1500,1575,1600,1600,1600,1600,1600,1650,1650,1650,1650,1702.5,1800,1800,1750
"Fayetteville, NC",137,,,,,,,,,,,,,725,697.5,695,725,750,742.5,700,709,700,695,675,650,650,650,675,675,675,675,650,700,690,695,700,712.5,775,794,795,795,777,799,750,725,695,782.5,700,700,700,700,700,735,750,749,750,725,700,700,750,759.5,706,700,675,675,685,685,650,650,675,675,650,670,650,675,680,695,695
"Eugene, OR",138,,,,,,,,,,,,,,772.5,795,812.5,795,825,825,735,745,750,750,695,712.5,710,825,775,800,795,795,795,795,775,795,750,750,795,800,795,785,795,825,800,795,795,795,795,784,792.5,795,820,862.5,850,875,875,833,812.5,795,825,795,895,950,897,895,845,875,865,875,895,887.5,877.5,845,950,995,995,1045
"Rockford, IL",139,,,,,,,,,,,,,,,,,,,,,,,,,,,,,,,,,,,,595,550,589.5,575,612.5,650,625,625,625,600,599,575,597,575,575,575,600,637.5,625,650,625,650,600,600,625,650,625,650,650,617.5,625,625,650,650,650,650,650,650,650,650,675,675
"Savannah, GA",140,,,,,,,,,,,,,805,841,899.5,950,935,895,850,825,850,895,887.5,900,908.5,899,875,899,900,900,925,902,879,899,870,875,855,900,937.5,950,995,954.5,975,950,900,875,895,895,895,895,875,900,962.5,1050,1045,1044.5,1053,1000,1000,950,925,975,1050,1095,1090,1050,1025,1000,977.5,940,950,967.5,972.5,975,990,995,989
"Ann Arbor, MI",141,,,,,,,,,,,,,,,,,,,,,,,,,,,,,,,,,,,,,,,,,,,,,,1240,1250,1200,1205,1205,1200,1250,1297.5,1300,1300,1300,1256,1300,1306,1250,1250,1200,1200,1250,1300,1350,1349,1300,1306,1400,1450,1395,1300,1275,1299,1336,1350
"Ocala, FL",142,,,,,,,,,,,,,650,650,697.5,695,750,700,700,650,662.5,650,650,650,645,690,715,750,695,707.5,697,700,700,710,700,700,700,732.5,750,775,750,700,700,715,695,700,695,700,675,675,697.5,700,750,750,750,700,700,700,700,725,750,750,700,750,795,795,800,750,750,712.5,750,800,800,800,820,850,810
"Kalamazoo, MI",143,,,,,,,,,,,,,,,,,,,,,,,,,,,,,,,,,,,,,,,,,,,,,,695,695,700,700,725,712.5,700,742.5,725,745,725,677.5,735,725,650,675,700,700,705,750,750.5,728,700,680,700,695,695,675,697.5,705,705,725
"Naples, FL",144,,,,,,,,,,,,,,,,,,,,,,,,,,,,,,,,,,,,,,,,,,,,,,,,,,,,,,,,,,3000,3000,3000,3000,3000,2800,2700,2650,2800,2800,2900,3000,3000,3100,3200,3100,3100,3000,3000,2600
"South Bend, IN",145,,,,,,,,,,,,,,,,,,,,,650,622,600,575,600,631,600,600,599.5,600,610,600,600,600,605,625,625,625,600,633.5,627,622,625,600,610,610,600,625,600,600,600,600,625,600,600,625,640,637.5,625,625,633,617.5,650,675,650,650,641,625,619,609.5,625,625,650,641.5,650,712.5,695
"Evansville, IN",146,,,,,,,,,,,,,,,,,,,,,,,,,,,,,,,,,,,,,,,,,,,,,,,,,,,,,,,,,,,,,600,650,685,690,675,675,600,595,600,625,625,600,600,585,635,650,637.5
"Roanoke, VA",147,,,,,,,,,,,,,,,,,,,,,,,,,,,,,,,,,725,785,800,720,690,662.5,695,695,678.5,690,675,692.5,675,695,700,750,745,700,717.5,725,750,750,790,790,750,765,832,825,765,750,775,775,750,737.5,762.5,800,800,775,755.5,745,758,795,795,803.5,825
"Lincoln, NE",148,,,,,,,,,,,,,,,,,,,,,,,,,,,,,,,,,,830,825,825,842.5,865,850,835,862,852,885,825,930,875,925,900,875,920,920,910,920,920,920,852.5,875,895,900,895,895,869,875,950,950,952.5,960,935,935,930,945,900,900,925,942.5,950,950
"Fort Collins, CO",149,,,,,,,,,,,,,,,,,,,,,,,,,1050,1000,1015,950,942.5,980,1003,1050,1100,1184.5,1162.5,1067.5,1042.5,979,980,965,1050,1030,1040,1062.5,907.5,925,1025,925,1037.5,1050,1075,1050,995,1032.5,1032.5,1015,1025,1120,1132.5,1200,1225,1200,1220,1200,1200,1217.5,1192.5,1195,1239.5,1250,1250,1238,1232,1300,1295,1262,1262
"Columbus, GA",150,,,,,,,,,,,,,,,,,,,,,,,,,,,,,,,,,,800,825,764,695,747.5,705,734.5,732.5,690,600,595,550,595,600,600,595,595,595,595,595,575,650,650,625,650,595,600,650,650,663,663,663,675,663,663,635,650,663,665,650,633,666,688.5,625
"Boulder, CO",151,,,,,,,,,,,,,,,,,1400,1450,1450,1350,1297.5,1197.5,1162.5,1200,1237.5,1319,1319,1350,1287,1250,1300,1250,1312,1271,1254,1248,1300,1299,1400,1378,1350,1312,1375,1390,1400,1400,1425,1425,1450,1497.5,1495,1495,1470,1500,1500,1500,1592.5,1600,1600,1690,1625,1650,1652.5,1662,1590,1600,1665,1750,1750,1700,1604.5,1695,1700,1720,1790,1790,1775
"Lubbock, TX",152,,,,,,,,,,,,,,,,,,,,,,,,,,,647,650,681,685,676,696,675,670,647,626,626,636,650,675,700,795,700,707,725,681,697,692,707.5,699,693.5,704,713,700,704,692,615,615,687.5,657.5,676,650,750,800,800,800,750,733,733,745,750,785,760,750,800,775,824.5
"Fort Smith, AR",153,,,,,,,,,,,,,,,,,,,,,,,,,,,,,,,,,,,,487.5,525,585,525,500,450,512.5,512.5,550,512.5,500,500,475,500,547.5,525,525,525,525,550,585,597.5,525,525,535,542.5,525,550,562.5,510,515,595,535,515,500,525,500,530,530,525,500,500
"Duluth, MN",154,,,,,,,,,,,,,,,,,,,,,,,,,,,,,,,,,,,,,,,,,,,,,,,,,,,,,,,,,,,975,950,972.5,882.5,845,845,865,870,900,920,862.5,795,790,825,820,800,820,800,800
"Atlantic City, NJ",155,,,,,,,,,,,,,1150,1100,1150,1250,1400,1300,1200,1200,1200,1162.5,1100,1200,1300,1350,1400,1450,1600,1500,1400,1300,1250,1200,1160,1200,1212.5,1300,1400,1400,1500,1500,1300,1300,1250,1250,1200,1250,1250,1250,1250,1250,1300,1300,1300,1200,1200,1200,1200,1200,1200,1200,1275,1275,1350,1300,1275,1200,1200,1200,1200,1200,1200,1200,1200,1200,1250
"New London, CT",156,,,,,,,1300,1300,1225,1275,1200,1187.5,1000,1000,1000,1000,1100,1100,1000,1050,1000,1000,1000,1000,1000,1000,1100,1200,1200,1200,1200,1100,1100,1150,1100,1100,1100,1100,1100,1100,1100,1100,1100,1100,1150,1150,1100,1200,1150,1200,1150,1172.5,1100,1200,1200,1200,1200,1200,1175,1150,1150,1185,1195,1187.5,1200,1200,1200,1200,1200,1200,1200,1200,1200,1200,1200,1250,1200
"San Luis Obispo, CA",157,,,,,,,,,,,,,,,,,,,,,,,,,,,,,,,,,,,,,,,,,,,,,,,,,,,,,,,,,,,,,1550,1575,1550,1550,1500,1550,1550,1550,1500,1500,1550,1550,1595,1550,1575,1600,1650
"Gainesville, FL",158,,,,,,,,,695,695,695,705,695,697,700,735,747.5,750,725,750,750,750,815,775,800,840,837.5,795,800,775,775,800,750,750,750,725,732.5,700,750,750,750,725,700,725,720,750,737.5,750,750,725,750,750,800,800,795,770,750,749,750,750,750,750,775,800,800,800,807.5,800,780,760,800,800,850,880,901,924,895
"Santa Cruz, CA",159,,,,,,,,,,,,,,,,,,,,,,,,,,,,,,,,,,,,,,,,,,,,,,,,,,,,,,,,,,,,,2000,2197.5,2200,2225,2400,2375,2400,2400,2300,2400,2392,2373.5,2534,2600,2500,2400,2500
"Clarksville, TN",160,,,,,,,,,,,,,,595,575,595,595,625,662.5,650,650,630,655,675,695,650,650,695,675,675,675,675,660,695,695,679,662,685,690,675,650,650,649,650,650,650,650,675,690,650,675,675,650,625,647.5,647.5,650,650,662.5,675,650,650,650,670,650,650,650,675,685,692.5,650,675,675,650,650,695,675
"Cedar Rapids, IA",161,,,,,,,,,,,,,,,,,,,,,,,,,,,,,,,,,,,,,,,,,,,,,,630,675,630,675,625,600,600,675,639,630,600,595,580,570,581.5,575,600,595,600,580,600,600,636.5,675,675,605,605,625,625,675,677,699
"Wilmington, NC",162,,,,,,,,,,,,,850,850,850,850,860,875,825,800,792.5,765,765,795,800,800,837,825,850,860,875,850,836,825,815,829,825,850,851,879,882,879,875,895,875,897.5,895,898,899,875,875,875,895,895,899,899,899,899,899,899,925,925,925,925,925,900,900,925,925,925,925,950,950,950,950,950,950
"Waco, TX",163,,,,,,,,,,,,,,,,,,,,,,,,,,,,,,,,,,,,,,,,,,,,,,,,,,,,,,,,,,,,,762.5,775,775,800,750,775,775,725,695,650,725,775,720,725,800,785,785
"Lynchburg, VA",164,,,,,,,,,,,,,,,,,562.5,602.5,665,657.5,605,625,605,625,615,595,592.5,615,650,640,630,625,635,635,620,645,650,660,670,665,695,672.5,639.5,695,600,580,625,625,650,662.5,665,650,635,600,612.5,625,625,600,610,620,617.5,600,642.5,625,635,700,700,697.5,650,700,655,685,700,725,750,793,717.5
"Olympia, WA",165,,,,,,,,,,,,,,,,,,,,945,995,995,995,1080,1000,950,1000,990,987.5,992.5,955,1025,960,930,897.5,885,900,925,934,930,925,950,975,950,995,1050,1050,995,975,1000,1040,1050,1052,1015.5,1000,1035,1068,1084,1030,1000,1092.5,1105,1095,1112.5,1095,1095,1100,1150,1117.5,1095.5,1100,1086,1082.5,1065,1097.5,1119.5,1137.5
"Binghamton, NY",166,,,,,,,,,,,,,,,,,,,,,,,,,,,,,,,,,,,,620,610,617.5,620,650,650,650,650,650,625,625,725,650,650,700,760,750,750,740,755,737.5,637.5,695,760,750,675,697.5,750,780,800,795,780,750,725,742.5,700,700,700,750,762.5,795,800
"Hagerstown, MD",167,,,,,,,,,,,,,,,,,,,,,,,,,,,,,,,,850,800,800,800,829,800,824.5,800,800,800,800,800,799.5,737.5,785,795,800,797,750,775,799,797,800,791,825,845,840,850,795,750,750,750,750,750,795,775,762.5,750,750,800,800,795,775,850,832,839
"Bremerton, WA",168,,,,,,,,,,,,,825,825,850,820,850,925,925,900,900,900,900,900,877.5,863,895,885,850,876.5,895,885,875,885,900,895,875,860,850,852,899,890,899,900,900,890,900,950,950,919,900,900,896,899,936,969.5,997.5,975,950,950,950,977.5,1000,1000,1096.5,1072.5,1095,1095,1174.5,1190,1211,1177.5,1175,1100,1151,1195,1200
"Yakima, WA",169,,,,,,,,,,,,,,,,,,,,,,,,,,,,,,685,725,725,720,725,675,665,700,712.5,660,660,680,690,700,712.5,695,697.5,685,695,690,690,690,695,695,725,767.5,725,720,725,725,695,750,740,715,725,725,740,750,775,790,735,725,700,712.5,710,725,725,735
"Crestview-Fort Walton Beach-Destin, FL",170,,795,795,750,750,795,825,795,800,800,800,775,795,800,795,795,775,800,775,800,800,800,795,800,795,795,795,775,795,800,800,797.5,800,825,825,800,825,850,825,800,800,800,800,800,850,825,850,850,862.5,850,850,850,850,850,900,895,884,875,875,875,875,895,895,875,895,900,900,900,965,975,950,975,925,925,925,900,912.5
"Topeka, KS",171,,,,,,,,,,,,,,,,,,,,,,,,,,,,,,,,,650,595,595,595,575,577.5,583,583,583,595,583,595,615,600,615,650,635,615,615,615,600,637.5,622.5,595,595,582.5,595,600,645,620,625,645,645,650,627.5,650,630,625,625,600,595,595,600,625,600
"Macon, GA",172,,,,,,,,,,,,,,,,,,,,,,,,,,,,,,,,,,677,640,650,675,648,675,679,670,675,615,615,602,585,600,576.5,586.5,565,565,565,614,650,600,605.5,601,606,625,681,670,695,675,675,697.5,700,727.5,697.5,650,625,650,630,650,650,635,635,650
"Champaign-Urbana, IL",173,,,,,,,,,,,,,,699,699,742.5,750,750,750,725,725,725,650,712.5,750,745,710,695,650,662.5,685,725,705,699,712.5,710,710,720,750,710,704.5,705,725,675,735,750,780,750,725,750,750,780,800,800,800,742.5,750,750,770,750,750,795,800,800,815,817,808,800,795,775,800,769,795,795,795,795,795
"Tuscaloosa, AL",174,,,,,,,,,,,,,,,,,,,,,,,,,,,,,,,,,,,,,,,,,,,,,,,,,,,,,,,,,,,,,,,895,850,812.5,809,807,804,799,794,809,810,809.5,810,810,860,925
"College Station, TX",175,,,,,,,,,,,,,,,,,,,625,602,600,600,604,600,600,615,600,625,625,650,666.5,649,625,625,625,650,650,650,650,650,650,657,675,660,650,650,650,675,677,690,675,675,675,679,675,675,675,650,679,675,700,709,725,725,750,750,650,695,695,739,700,725,700,725,745,750,750
"Sioux Falls, SD",176,,,,,,,,,,,,,,,,,,,625,630,637.5,645,662.5,670,710,650,670,695,685,697.5,650,650,650,725,725,725,730,725,725,720,720,725,705,730,667.5,660,665,707.5,715,700,710,725,735,755,755,775,755,780,755,785,800,805,825,810,805,795,795,795,815,800,835,810,815,850,850,855,870
"Chico, CA",177,,,,,,,,,,,,,775,725,775,775,800,775,800,800,775,775,775,792.5,782.5,795,780,799,850,795,800,797.5,800,800,800,750,752.5,785,800,850,800,797.5,792.5,795,825,797.5,788,791.5,800,800,800,800,825,800,850,850,895,900,875,875,895,900,855,850,875,875,875,875,910,905,895,895,895,900,900,900,910
"Charlottesville, VA",178,,,,,,,,,,,,,895,897,950,1000,1000,950,900,895,900,950,950,925,899,925,980,982.5,950,950,950,950,950,1005,960,975,995,1000,1050,1050,1095,1050,1097,1072.5,1075,1075,1059,1020,1020,1000,1020,1050,1050,1000,999,999,1015,1050,1000,999,1000,1000,1037.5,1045,1026,1000,1080,1050,999.5,1131,1095,1162.5,1105,1095,1145,1099,1099
"Claremont, NH",179,,,,,,,,,,,,,,,,,,,,,,,,,,,,,,,,,,,,,,,,,,,895,900,997.5,1000,1025,925,1000,1055,957.5,975,1055,1200,1225,1275,1200,1200,1100,1100,1065,1080,1175,1175,1200,1250,1300,1250,1250,1250,1300,1250,1250,1250,1250,1300,1250
"Prescott, AZ",180,,,,,,,,,,,,,750,700,750,800,750,700,660,650,650,650,630,650,650,625,650,625,600,625,650,650,650,650,650,675,650,635,647.5,675,695,695,700,675,675,697.5,725,695,687.5,705,725,725,725,695,775,750,700,725,725,750,775,775,750,800,800,825,800,800,795,785,800,750,795,850,850,800,795
"Springfield, IL",181,,,,,,,,,,,,,,,,,,,,,,,,,,,,,,,,,,,,,,,,,,,,,,,,,,,,,,,,,,,,,,,,,,690,675,695,695,695,665,690,675,685,700,690,697.5
"Tyler, TX",182,,,,,,,,,,,,,,,,,,,,,,,,,,,,,,,,,,,,,,,,,,,,,,,,,,,,,,,991,925,902.5,870,887.5,970,965,875,950,937,949,864,809,856,775,800,865.5,803,825,838,870.5,869.5,897.5
"Las Cruces, NM",183,,,,,,,,,,,,,,,,,,,,,,,,,,,,,,,,,,,,,,,,,,,,,,,,,,,,,,,,,800,750,700,695,675,695,695,695,650,652.5,675,625,650,645,650,655,675,650,695,690,625
"Fargo, ND",184,,,,,,,,,,,,,,,,,,,,,,,,,,,,,,,,,,,,,,,,,,,,,,,,,,,,,,,,,,,800,777.5,790,775,800,750,795,800,800,810,817.5,810,797.5,705,695,695,725,725,725
"Lafayette-West Lafayette, IN",185,,,,,,,,,,,,,,,,,,,,,,,,,,,,,,,,,,,,,,,,,670,675,650,665,650,650,660,665,650,650,650,650,675,675,619,650,650,662.5,698.5,705,695,715,725,700,682.5,695,695,675,665,697.5,660,650,657,675,658.5,660,640
"Bellingham, WA",186,,,,,,,,,,,,,,,,,,,,,,,,850,805,820,785,825,850,840,840,900,897.5,885,937.5,875,857.5,900,900,895,895,875,900,900,950,975,960,925,915,905,905,920,935,895,940,862,875,1000,1032.5,900,862,920,950,895,885,925,975,1027.5,1075,1125,1125,1022.5,1025,950,985,950,950
"Lake Havasu City, AZ",187,,,,,,,,,,,,,,,,,725,650,650,672.5,700,700,795,725,702,713.5,750,800,687.5,650,675,680,700,685,690,650,650,675,650,650,700,650,715,699,750,695,737.5,675,675,675,675,650,675,675,700,737.5,695,700,692.5,675,650,622.5,662.5,710,700,700,720,650,625,650,650,675,725,650,690,785,775
"Johnson City, TN",188,,,,,,,,,,,,,,,,,,,,,,,,,,,,,,,,,,,,,,,,,,675,650,650,600,625,650,650,650,600,600,600,650,665,675,665,675,650,650,685,650,625,650,650,657.5,650,650,675,695,745,690,695,695,695,695,785,785
"Athens, GA",189,,,,,,,,,,,,,,,,,,,,,687.5,700,675,675,672.5,650,650,650,700,670,665,650,625,625,614.5,650,675,700,695,699,699,650,650,650,659,639.5,650,695,700,700,695,695,650,650,650,650,650,612.5,675,695,650,692.5,695,695,750,725,725,712.5,651,662.5,695,800,750,750,750,750,800
"Torrington, CT",190,,,,,,,,,1200,1175,1325,1150,1150,1150,1187.5,1297.5,1250,1400,1250,1200,1200,1200,1200,1100,1100,1200,1250,1200,1200,1200,1200,1200,1200,1200,1200,1200,1200,1250,1200,1200,1200,1175,1150,1175,1150,1100,1100,1000,1040,1000,1000,1000,1100,1100,1100,1100,1100,1100,1150,1100,1100,1100,1162.5,1200,1100,1137.5,1200,1100,1100,1100,1100,1100,1100,1100,1100,1100,1050
"St. Cloud, MN",191,,,,,,,,,,,,,,,,,,,,,,,,,,,,,,,,,,,,,,,,,,,,,,,,,,,,,,,,,,750,735,729,849,800,855,794.5,824,865,880,849,852,849,849.5,804,800,800,787.5,765,900
"Hilton Head Island, SC",192,,,,,,,,,,,,,850,850,850,850,849.5,995,900,900,950,950,850,875,877,900,900,900,897.5,900,900,900,900,900,900,938,900,875,885,885,890.5,900,901,915,930,930,930,930,940,900,900,900,925,907,963.5,1054,1000,1000,1098.5,1000,992.5,1100,1050,1075,1000,1075,1150,1195,1195,1100,1175,1175,1175,1138.5,1200,1150,1150
"Panama City, FL",193,,,,,,,,,,,,,,,750,795,775,785,775,750,750,750,795,750,745,700,675,725,737.5,700,695,695,725,750,750,750,722,750,775,775,750,735,750,750,750,750,700,700,695,700,750,750,795,700,795,850,825,825,795,750,795,800,850,895,925,850,850,850,900,897.5,935,900,900,885,895,895,900
"Kingston, NY",194,,,,,,,,,,,,,,,,,,,,,,,,,,,,,,,1295,1350,1250,1200,1077.5,1125,1052.5,1075,1197.5,1100,1100,1200,1300,1250,1212.5,1250,1200,1200,1200,1150,1125,1150,1300,1200,1125,1250,1350,1200,1200,1200,1200,1200,1250,1325,1350,1400,1375,1239,1300,1300,1200,1200,1200,1200,1300,1300,1350
"Daphne, AL",195,,,,,,,,,,,,,,,,,,,,,,,,,,,,,,,,,,,,,,,,,,,,,,,,,,,,,,,,,,,,,,1101.5,1111.5,950,950,1050,1050,1000,1000,997.5,950,950,920,997.5,1025,975,935
"Jacksonville, NC",196,,,,,,,,,,,,,,800,800,799,775,750,750,750,750,750,750,750,750,750,750,755,750,750,750,750,725,725,708,700,700,700,700,700,700,700,700,700,700,700,700,700,700,695,695,695,695,695,695,695,690,675,675,675,675,675,675,685,675,675,675,675,675,650,650,650,650,650,650,650,650
"Redding, CA",197,,,,,,,,,,,,,,,,,,,,,,,,,,,,,,,,,,,,,,,,,,,,,,,,,,,,,,800,725,750,725,770,725,725,720,750,695,795,775,875,800,700,709,800,795,750,755,750,850,765,757.5
"East Stroudsburg, PA",198,,,,,,,,,,,,,,,,,,937.5,937.5,900,900,925,900,890,900,890,912.5,900,980,977.5,980,962.5,900,935,950,985,985,980,995,995,1000,1000,995,962.5,925,975,985,1000,995,925,995,995,995,995,1000,975,1000,995,962.5,950,950,972.5,995,1000,997.5,1000,1000,1000,1050,1050,1057.5,1012.5,1000,968,989.5,1050,1000
"Greenville, NC",199,,,,,,,,,,,,,,,,,600,610,600,600,600,600,550,549,600,572.5,625,625,625,600,600,575,585,600,575,575,525,550,600,650,650,650,650,625,650,655,650,650,675,675,675,675,650,665,680,675,650,625,650,625,625,640,650,685,650,650,675,725,725,675,650,675,685,675,650,675,670
"Waterloo, IA",200,,,,,,,,,,,,,,,,,,,,,,,,,,,,,,,,,,,,,,,,,,,,,,,,,725,700,692.5,635,665,657.5,699,725,650,650,635,625,625,630,687.5,775,775,750,645,725,717.5,700,700,745,725,750,750,750,700
"Yuba City, CA",201,,,,,,,,,,,,,,,,,,,,,,,,,,,,,,,,,,,,,,,,,,,,,,,,,,,,,,,,,,,,,,,,,,650,650,675,675,675,675,675,725,747,700,725,744.5
"Abilene, TX",202,,,,,,,,,,,,,,,,,,,,,,,,,,,,,,,,,,,,,,,,,,,,,,,,,,,,,,,,,,,,,,738.5,757.5,675,695,695,625,645,700,695,662.5,650,650,650,675,695,612.5
"Columbia, MO",203,,,,,,,,,,,,,,,,,,,,,,,,,,,,,,,,,,,,,,,,573,559,525,600,600,650,650,637.5,697.5,650,625,575,575,542.5,525,525,575,640,612.5,640,625,650,650,625,625,625,625,612,600,600,600,627.5,700,675,680,660,625,695
"Dover, DE",204,,,,,,,,,,,,,,,,,,,,,,,,,,,,,,,,,,,,,,,,,,,,,,,,,,,,,,,,,,,,,,,,,,910,895,935,900,950,905,920,947.5,905,955,950,955
"Jackson, MI",205,,,,,,,,,,,,,,,,,,,,,,550,550,533,525,550,550,557,595,595,577,576,575,595,561.5,537.5,550,525,550,583,557.5,550,613,571,569.5,597.5,600,625,600,601.5,600,603,600,592.5,625,597.5,550,575,575,597.5,595,575,525,592.5,600,612.5,600,575,612.5,600,625,637.5,600,590,600,612.5,585
"Punta Gorda, FL",206,,,,,,,,,,,,,,,,,,,,,,,,,,,,,,,,,,,,,,,,,,,,,,,,,,,,,,,,,,,,,,,1850,1650,1750,1850,1850,1900,2000,2100,2200,2100,2000,2200,2175,1975,1725
"Bloomington, IN",207,,,,,,,,,,,,,,,,,,,,,,900,900,900,917.5,1055,1070,1130,1215,1000,1042.5,1170,1120,1081,1058,1048,1008,1018,1023,1010,1006,975,1000,975,985,995,975,960,900,925,942.5,935,957.5,1050,1050,1200,1100,1125,1100,1000,1087.5,1100,1087.5,1065,975,990,965,950,1025,1170,1050,1050,950,968.5,975,1100,1027.5
"Billings, MT",208,,,,,,,,,,,,,,,,,,,,,,,,,,,,,,,,,,,,,,,,,,,,,,,,,,,695,695,700,725,700,712.5,695,695,675,750,750,698.5,725,750,725,747.5,750,725,750,765,750,750,745,750,795,795,770
"Iowa City, IA",209,,,,,,,,,,,,,,,,,,,,,,,,,,,,,,,,,,,,,,,,,,,,,,,,,,,,,,,,,,,,800,725,725,725,760,875,875,882.5,900,900,900,900,895,885,995,950,985,997.5
"Wichita Falls, TX",210,,,,,,,,,,,,,,,,,,,,,,,,,,,,,,,,,,,,,,,,,,,,,,,,,,,,,,,,675,695,682.5,695,692.5,695,700,750,690,697.5,700,700,625,646.5,649.5,625,649,650,649,649.5,685,650
"Burlington, NC",211,,,,,,,,,,,,,,,,,,,,,,,,,,,,,,,,,,,,,,,,,,,,,,,,,,,,,,,,,,,,,,,,,795,712.5,675,650,650,625,650,612.5,600,625,710,725,750
"Elizabethtown, KY",212,,,,,,,,,,,,,,,,,,,,,,,,,,,,,,,,,,,,,629,650,700,650,650,625,610,605,595,595,595,595,595,595,595,595,612.5,625,595,595,595,595,595,595,595,595,595,595,595,595,595,595,595,595,595,595,595,575,575,595,607.5
"Grand Junction, CO",213,,,,,,,,,,,,,,,,,,,887.5,737.5,737.5,650,725,700,700,725,750,750,775,795,795,795,772.5,725,725,725,750,700,750,700,736,750,750,725,750,750,750,750,775,797.5,775,775,775,757.5,795,775,825,825,800,795,837.5,797.5,837.5,800,795,800,800,795,795,750,800,800,850,800,800,795,800
"Concord, NH",214,,,,,,,,,,,,,,,,,,,,,,,,,,,,,,,,,,,,,,,,,,,,,,,,,1050,1022.5,1000,1000,1175,1100,1020,1112.5,1112.5,1100,1100,1064.5,1064,1100,1175,1005,1066,1000,1075,1035,1050,1149.5,1100,1000,1087.5,1100,1195,1200,1100
"Hattiesburg, MS",215,,,,,,,,,,,,,,,,,,,,,,,,,,,,,,,,,,,,,,,,,,,,,,675,605,675,655,630,630,650,700,700,720,730,700,700,695,700,700,700,700,665,715,725,715,700,695,700,707.5,630,725,725,725,700,750
"Valdosta, GA",216,,,,,,,,,,,,,,,,,,,,595,595,600,639.5,600,625,600,600,672.5,660,635,650,655,617.5,625,600,600,595,557.5,595,595,600,595,575,570,550,550,550,550,525,525,550,550,570,575,575,550,565,550,550,550,525,535,550,550,525,525,525,505,525,550,525,550,525,575,560,575,595
"Sierra Vista, AZ",217,,,,,,,,,,,,,,,,,,,690,679,650,695,650,650,672.5,695,650,650,687.5,710,650,650,650,650,650,652.5,665,650,665,665,695,675,655,665,685,695,675,675,675,600,600,650,650,650,650,600,650,650,662.5,662.5,650,650,650,649.5,687.5,675,650,650,650,650,637.5,650,595,625,625,625,625
"Lawton, OK",218,,,,,,,,,,,,,,,,,,,,,,597.5,597.5,595,595,595,650,645,597.5,600,610,595,615,625,625,600,597,595,575,595,595,595,625,600,575,550,595,590,595,595,595,595,550,575,580,575,550,550,575,557.5,575,575,595,595,597.5,600,595,595,595,595,600,600,600,625,625,600,612
"Farmington, NM",219,,,,,,,,,,,,,,,,,,,,,,,,,,,,,,,,,,,,,,,,,,787.5,700,675,650,750,762.5,750,750,700,700,700,700,700,755,700,675,775,787.5,700,700,700,725,750,800,750,750,750,735,772.5,695,675,697.5,700,725,700,712.5
"Morgantown, WV",220,,,,,,,,,,,,,,,,,,,,,,,,,,,,,,,,,,,,,,,,,,,,,,,,,,,,,,,,,,,,,750,800,800,800,800,800,875,875,890,885,800,800,810,800,810,810,800
"New Bern, NC",221,,,,,,,,,,,,,,,,,,,785,725,700,725,725,675,700,750,750,714.5,722.5,720,712.5,675,675,700,700,675,675,700,700,725,725,675,700,700,700,700,700,725,700,700,700,697.5,675,700,697.5,700,700,725,725,725,720,725,700,695,705,685,690,681.5,655,650,690,690,695,700,750,750,725
"Carbondale, IL",222,,,,,,,,,,,,,,,,,,,,,,,,,,,,,,,,,,,,,,,,,,,,,,,,,,,,,,,,,,,,,,700,675,675,675,675,675,697.5,675,675,725,725,750,737.5,725,725,750
"Harrisonburg, VA",223,,,,,,,,,,,,,,,,,,,,,,,,,,,,,,,,,,,,,,,,,,,,,,,675,675,675,675,695,695,720,700,700,725,700,722.5,700,700,700,700,747.5,750,737.5,800,775,775,800,787.5,825,775,775,795,765,850,850
"Jonesboro, AR",224,,,,,,,,,,,,,,,,,,,,,,,,,,,,,,,,,,,,,,,,,,,,,,595,650,612.5,600,625,595,600,685,685,600,637.5,650,550,550,600,637.5,612.5,595,700,637.5,625,597.5,595,595,637.5,662.5,700,650,695,795,795,737.5
"Watertown, NY",225,,,,,,,,,,,,,,,,,,,,,,,,,,,,,,,,,,,,,,,,,,,,,,,,,,,,,,,,,,,,,850,850,850,850,850,847.5,850,912.5,875,795,785,795,800,825,860,800,775
"Lawrence, KS",226,,,,,,,,,,,,,,,,,,,,,,,,,,,,,,,,,,,,,,,,,,,,,,,,,,700,700,700,695,700,650,650,687.5,655,655,647.5,700,725,700,675,700,700,675,695,695,694,700,696,700,700,715,680,750
"Missoula, MT",227,,,,,,,,,,,,,,,,,,,,,742.5,725,735,750,750,722.5,737.5,737.5,725,750,750,750,795,745,750,795,795,817.5,800,795,795,795,795,775,775,750,765,775,762.5,775,762.5,775,800,795,795,795,795,795,795,795,795,795,795,795,795,795,795,795,800,815,850,850,855,850,850,795,802.5
"California-Lexington Park, MD",228,,,,,,,,,,,,,,,,,,,,,,,,,,,,,,1045,1047.5,1045,1045,1045,1047.5,1083.5,1034,1050,1155,1122,1125,1155,1045,1185,1154,1150,1117,1145,1150,1125,1125,1105,1099,1099.5,1089,1059,1100,1050,1125,1135,1125,1095,1125,1116,1145,1094,1115,1094,1146,1132.5,1159,1159,1219,1235,1218,1236,1187.5
"Fairbanks, AK",229,,,,,,,,,,,,,,,,,,,,,,,,,,,,,,,,1100,1050,1050,1050,1050,1050,1050,1050,1050,1100,1100,1100,1019,1025,1100,1075,1100,1100,1100,1100,1100,1200,1200,1200,1100,1100,1195,1100,1195,1200,1200,1197.5,1147.5,1195,1100,1100,1100,1200,1200,1100,1100,1175,1100,1050,1100,1100
"Manhattan, KS",230,,,,,,,,,,,,,,,,,,,,,,,,,,,,,,,,,,,,,,,,,,,,,,765,800,795,800,810,810,810,800,782.5,800,787.5,795,795,799,800,866,875,820,827.5,850,845,865,850,825,825,797.5,800,840,840,840,840,825
"Cheyenne, WY",231,,,,,,,,,,,,,,,,,,,,,,,,,,,,,,,,,,,,,,,,,,,,,,,,,,,,,,,,,,,,,,,,,750,750,750,750,750,750,750,750,795,795,795,775,800
"Pinehurst-Southern Pines, NC",232,,,,,,,,,,,,,,,,,,,,,,,,,,,,,,,,,,,,,,,,,,,,,,,,,,,,,,,1100,1025,1000,950,972.5,975,950,1050,1000,1075,1000,1017.5,1062.5,1000,995,962.5,950,900,900,900,1000,950,1000
"Corvallis, OR",233,,,,,,,,,,,,,,,,,,,,,,,,,,,,,,,,,,,,,,,,,,,,,,,,,,,,,,,,,,935,945,947.5,952.5,985,925,995,925,925,960,975,952.5,975,925,950,955,975,955,995,925
"Pocatello, ID",234,,,,,,,,,,,,,,,,,,,,,,,,,,,,,,,,,,,,,,,,,,,,,,,,,,,,,,,,,550,525,550,550,550,550,575,550,550,550,575,565,550,575,592.5,625,625,565,595,612,550
"Oak Harbor, WA",235,,,,,,,,,,,,,,,,,,,,,,,,,,,,,,,,,,,,,,,,,,,,,,,,,,,,,,,,,,1000,987.5,850,837.5,830,875,850,825,900,925,900,900,1000,1100,1015,1125,1050,1100,1050,1000
"Hinesville, GA",236,,,,,,,,,,,,,,,,,,,,,,,,,,,,,,,,,,,,,,,,,,,,,,,,,,,750,700,725,785,800,750,700,675,675,675,700,700,700,650,675,700,700,697.5,675,675,675,700,700,700,700,700,700
"Casper, WY",237,,,,,,,,,,,,,,,,,,,,,,,,,,,,,,,,,,,,,,,,,,,,,,,,,,,,,,,,,,,,,,,,,,1100,995,975,999.5,1000,975,962.5,1000,1000,985,950,949.5
"Statesboro, GA",238,,,,,,,,,,,,,,,,,,,,,,,,,,,,,,,,,,,575,575,562.5,550,550,587.5,575,550,550,550,550,575,600,600,600,600,600,600,600,550,550,575,550,575,550,550,550,550,595,595,595,575,587.5,555,550,600,550,550,600,550,550,600,600
"Morehead City, NC",239,,,,,,,,,,,,,,,,,,,,,,,,,,,,,,,,927.5,900,900,950,900,900,950,950,940,950,950,950,911,950,950,950,975,950,950,947.5,922,950,950,911,851,875,925,911,923.5,900,850,900,922,950,900,923.5,950,950,900,965,990,1022.5,1025,1037.5,1050,1000
"Fort Leonard Wood, MO",240,,,,,,,,,,,,,,,,,,,,,,,,,,,,,,,,,,,,,,,,,,,,,795,775,725,775,800,800,800,800,800,770,750,795,745,745,775,775,700,725,745,745,745,745,750,700,700,712.5,695,695,700,700,700,695,725
"Rolla, MO",241,,,,,,,,,,,,,,,,,,,,,,,,,,,,,,,,,,,,,,,,,,,,,,,,,,,,,,,,,,,,,,,,600,595,575,550,585,575,550,525,550,575,575,585,575,595
"Junction City, KS",242,,,,,,,,,,,,,,,,,,,,,,,,,,,,,,,,,,,,,,,,,,,,,,,,,,,,,,,,,,700,700,700,700,695,695,650,665,670,675,675,660,665,660,650,650,625,625,650,625
"Williston, ND",243,,,,,,,,,,,,,,,,,,,,,,,,,,,,,,,,,,,,,,,,,,,,,,,,,,,,,,,,,,,,,2400,2275,2200,2195,2000,2000,1990,1800,1600,1560,1500,1500,1500,1375,1350,1400,1400
