,author,book image,language,pages,popularity,publish date,rating
0,May R. Ayamonte,http://d.gr-assets.com/books/1454075242l/28799408.jpg,Spanish,345 pages,1020,,1.98
1,Eliyzabeth Yanne Strong-Anderson,http://d.gr-assets.com/books/1347756389l/6324600.jpg,English,648 pages,193,,1.72
2,L. Ron Hubbard,http://d.gr-assets.com/books/1298460184l/179166.jpg,English,591 pages,2219,(first published January 1st 1950),2.30
3,Joseph Nicolosi,http://d.gr-assets.com/books/1348057075l/958263.jpg,English,254 pages,325,,1.38
4,Richard   Cohen,http://d.gr-assets.com/books/1331625342l/2574850.jpg,English,292 pages,263,(first published April 20th 2000),1.62
5,L. Ron Hubbard,http://d.gr-assets.com/books/1355431049l/564449.jpg,English,229 pages,659,(first published 1956),2.51
6,Zoe Desh,http://d.gr-assets.com/books/1420762567l/24379183.jpg,English,26 pages,259,,1.34
7,Dustin Diamond,http://d.gr-assets.com/books/1349057755l/6684320.jpg,English,230 pages,531,(first published September 25th 2009),2.23
8,Paris Hilton,http://d.gr-assets.com/books/1348567636l/87564.jpg,English,192 pages,1386,(first published 2004),2.89
9,Michael Drosnin,http://d.gr-assets.com/books/1349063782l/521542.jpg,English,264 pages,1520,(first published 1997),2.84
10,Victoria Foyt,http://d.gr-assets.com/books/1327901263l/12393909.jpg,English,307 pages,774,(first published October 1st 2011),2.10
11,Pamela Anderson,http://d.gr-assets.com/books/1175231881l/496670.jpg,English,432 pages,1059,(first published January 1st 2004),2.86
12,Michael Pearl,http://d.gr-assets.com/books/1347654679l/675331.jpg,English,122 pages,1285,(first published August 1st 1994),2.97
13,Alan A. McLean,http://d.gr-assets.com/books/1328909506l/12796641.jpg,English,103 pages,1230,,1.95
14,Amanda Marrone,http://d.gr-assets.com/books/1349070811l/1720099.jpg,English,224 pages,3854,,2.94
15,Alice Sebold,http://d.gr-assets.com/books/1310421579l/783291.jpg,English,304 pages,29579,,2.66
16,Sapphire,http://d.gr-assets.com/books/1327956611l/10095413.jpg,English,384 pages,1856,(first published January 1st 2011),2.66
17,Jonathan Lethem,http://d.gr-assets.com/books/1388228143l/16717.jpg,English,225 pages,3929,(first published January 1st 2007),2.80
18,Claire Messud,http://d.gr-assets.com/books/1320497348l/3648.jpg,English,431 pages,16803,,2.92
19,Charlaine Harris,http://d.gr-assets.com/books/1364533931l/17239876.jpg,English,195 pages,10467,,2.78
20,Stephanie Messenger,http://d.gr-assets.com/books/1356110783l/17152891.jpg,English,40 pages,108,,1.15
21,Helen Fielding,http://d.gr-assets.com/books/1436547523l/4529.jpg,English,352 pages,5577,(first published 1994),2.99
22,Levi Johnston,http://d.gr-assets.com/books/1347593374l/11346871.jpg,English,304 pages,157,,2.76
23,Adèle Lang,http://d.gr-assets.com/books/1312006031l/405999.jpg,English,196 pages,684,(first published 1998),2.73
24,Melissa Anderson,http://d.gr-assets.com/books/1438472446l/6903814.jpg,English,256 pages,877,(first published 2010),2.55
25,Charlotte Roche,http://d.gr-assets.com/books/1213043857l/2914683.jpg,German,224 pages,6368,(first published 2008),2.79
26,Peter Carey,http://d.gr-assets.com/books/1334883035l/13058887.jpg,English,232 pages,3067,(first published January 1st 2012),2.96
27,Howard Jacobson,http://d.gr-assets.com/books/1319018978l/8664368.jpg,English,307 pages,11266,,2.76
28,Samuel Richardson,http://d.gr-assets.com/books/1387740117l/417549.jpg,English,592 pages,6896,(first published 1740),2.75
29,Patricia Marx,http://d.gr-assets.com/books/1429201174l/80467.jpg,English,232 pages,1572,(first published January 1st 2006),2.85
30,Christopher Ransom,http://d.gr-assets.com/books/1327253881l/6017367.jpg,English,416 pages,2723,(first published 2008),2.48
31,Chuck Palahniuk,http://d.gr-assets.com/books/1320495043l/4601396.jpg,English,255 pages,21207,,2.96
32,Arielle Eckstut,http://d.gr-assets.com/books/1179172882l/883194.jpg,English,160 pages,334,,2.67
33,Susan Moody,http://d.gr-assets.com/books/1172717415l/210293.jpg,English,464 pages,175,(first published January 1st 1996),2.62
34,James Franco,http://d.gr-assets.com/books/1368071901l/17346834.jpg,English,304 pages,1446,(first published August 1st 2013),2.57
35,Emma Tennant,http://d.gr-assets.com/books/1179281336l/897535.jpg,English,224 pages,189,,2.24
36,Nuruddin Farah,http://d.gr-assets.com/books/1423527148l/220053.jpg,English,432 pages,209,(first published January 1st 2007),2.95
37,Thomas Dixon Jr.,http://d.gr-assets.com/books/1347505598l/1367770.jpg,English,Dont know,150,(first published 1905),2.55
38,Lauren Weisberger,http://d.gr-assets.com/books/1367831571l/16146223.jpg,English,11 pages,22217,(first published January 1st 2013),2.82
39,J.C. Cliff,http://d.gr-assets.com/books/1456175731l/29246286.jpg,English,209 pages,588,,2.42
40,E. Llewellyn,http://d.gr-assets.com/books/1381680086l/18666404.jpg,English,313 pages,204,,2.90
41,Claude Izner,http://d.gr-assets.com/books/1347222766l/1974517.jpg,English,292 pages,1197,(first published 2003),2.88
42,Frederick Forsyth,http://d.gr-assets.com/books/1312056743l/109513.jpg,English,263 pages,1754,(first published June 1st 1996),2.92
43,Candace Bushnell,http://d.gr-assets.com/books/1438538645l/6613.jpg,English,256 pages,22410,(first published 2000),2.79
44,James Patterson,http://d.gr-assets.com/books/1442298636l/13149.jpg,English,272 pages,3767,(first published 1976),2.86
45,Emma Tennant,http://d.gr-assets.com/books/1316727366l/110808.jpg,English,240 pages,1053,(first published 1993),2.44
46,Aphra Behn,http://d.gr-assets.com/books/1438766417l/51190.jpg,English,144 pages,5894,(first published 1688),2.97
47,Paul Ruditis,http://d.gr-assets.com/books/1347715725l/668521.jpg,English,256 pages,369,(first published May 17th 2005),2.63
48,Harriet Lane,http://d.gr-assets.com/books/1399653160l/21423336.jpg,English,272 pages,6805,(first published June 12th 2014),2.87
49,Susan McCorkindale,http://d.gr-assets.com/books/1311703910l/3393470.jpg,English,368 pages,1060,(first published 2008),2.77
50,G.P. Taylor,http://d.gr-assets.com/books/1391032645l/727078.jpg,English,288 pages,2289,(first published October 3rd 2002),2.82
51,Caleb Carr,http://d.gr-assets.com/books/1344271011l/258098.jpg,English,352 pages,2683,(first published 2000),2.76
52,Jeph Loeb,http://d.gr-assets.com/books/1347770608l/6469238.jpg,English,128 pages,672,(first published January 1st 2009),2.39
53,Caitlin Kelly,http://d.gr-assets.com/books/1348057846l/9316255.jpg,English,240 pages,592,(first published March 19th 2011),2.59
54,Kenneth J. Harvey,http://d.gr-assets.com/books/1316727742l/218409.jpg,English,480 pages,1173,(first published 2003),2.99
55,Alexander Campion,http://d.gr-assets.com/books/1339742379l/7721497.jpg,English,296 pages,686,,2.75
56,Elizabeth Birkelund Oberbeck,http://d.gr-assets.com/books/1316637190l/575757.jpg,English,320 pages,585,(first published 2006),2.88
57,Andrew O'Hagan,http://d.gr-assets.com/books/1348045661l/7786031.jpg,English,277 pages,528,(first published 2010),2.79
58,Ann Herendeen,http://d.gr-assets.com/books/1424729848l/6773669.jpg,English,432 pages,166,(first published January 8th 2010),2.55
59,Benjamin Nugent,http://d.gr-assets.com/books/1348779063l/1576816.jpg,English,240 pages,1325,,2.97
60,S.M. Stirling,http://d.gr-assets.com/books/1306899180l/7114749.jpg,English,432 pages,694,(first published January 1st 2010),2.97
61,Kate Williams,http://d.gr-assets.com/books/1315038668l/11707196.jpg,English,391 pages,1080,(first published January 1st 2012),2.75
62,Abby Grahame,http://d.gr-assets.com/books/1334242042l/12747188.jpg,English,276 pages,1186,,2.88
63,Manny Howard,http://d.gr-assets.com/books/1434031485l/7031533.jpg,English,288 pages,366,(first published 2010),2.74
64,Chetan Bhagat,http://d.gr-assets.com/books/1216107646l/3320520.jpg,English,258 pages,48825,,2.96
65,Chuck Palahniuk,http://d.gr-assets.com/books/1320495064l/6855294.jpg,English,192 pages,10307,,2.83
66,Kim Strickland,http://d.gr-assets.com/books/1320509947l/954986.jpg,English,336 pages,220,(first published January 1st 2007),2.84
67,Thea Goodman,http://d.gr-assets.com/books/1344319810l/15794112.jpg,English,228 pages,754,(first published January 1st 2013),2.79
68,Rachel Pine,http://d.gr-assets.com/books/1347220537l/439965.jpg,English,384 pages,470,(first published June 1st 2005),2.90
69,Morrissey,http://d.gr-assets.com/books/1440606560l/26155235.jpg,English,118 pages,428,,2.23
70,Salwa Al Neimi,http://d.gr-assets.com/books/1347769640l/6124722.jpg,English,160 pages,1060,(first published 2007),2.59
71,Robert Stanek,http://d.gr-assets.com/books/1335415858l/13617400.jpg,English,6 pages,234,(first published February 1st 2002),2.59
72,Frank Miller,http://d.gr-assets.com/books/1327879682l/12024200.jpg,English,120 pages,635,(first published 2011),1.91
73,Katie Crouch,http://d.gr-assets.com/books/1344269668l/2336101.jpg,English,256 pages,7272,,2.84
74,D'Arcy Adrian-Vallance,http://d.gr-assets.com/books/1318938906l/6668764.jpg,English,58 pages,1044,,1.99
75,Meg Rosoff,http://d.gr-assets.com/books/1305194556l/10280563.jpg,English,256 pages,2358,(first published January 1st 2011),2.98
76,Bekka Black,http://d.gr-assets.com/books/1320992735l/7724969.jpg,English,150 pages,745,,2.96
77,Yelena Akhtiorskaya,http://d.gr-assets.com/books/1387172432l/18693848.jpg,English,320 pages,810,(first published 2014),2.77
78,Sue Townsend,http://d.gr-assets.com/books/1330296548l/13160430.jpg,English,437 pages,7922,(first published January 1st 2012),2.90
79,Francine Pascal,http://d.gr-assets.com/books/1441860815l/8913852.jpg,English,293 pages,6326,(first published January 1st 2011),2.45
80,Julia Pierpont,http://d.gr-assets.com/books/1464907467l/23503361.jpg,English,336 pages,8240,,2.88
81,Richard Brittain,http://d.gr-assets.com/books/1410660942l/23208863.jpg,English,146 pages,240,(first published September 11th 2014),1.54
82,Monica Ali,http://d.gr-assets.com/books/1386921664l/18722.jpg,English,304 pages,793,(first published 2006),2.70
83,Titania Hardie,http://d.gr-assets.com/books/1328101389l/2520383.jpg,English,400 pages,2513,,2.90
84,Danielle Staub,http://d.gr-assets.com/books/1440870239l/7476124.jpg,English,201 pages,155,(first published 2010),2.23
85,Madeleine Wickham,http://d.gr-assets.com/books/1320541067l/10308500.jpg,English,336 pages,3292,(first published 1995),2.84
86,Randy Davila,http://d.gr-assets.com/books/1348635404l/5780067.jpg,English,197 pages,318,(first published September 15th 2008),2.89
87,Brock Clarke,http://d.gr-assets.com/books/1438731936l/733462.jpg,English,305 pages,5331,(first published January 1st 2007),2.95
88,Pablo de Santis,http://d.gr-assets.com/books/1399568127l/8564912.jpg,English,160 pages,284,(first published 2001),2.95
89,Christine Schutt,http://d.gr-assets.com/books/1369869957l/13595028.jpg,English,256 pages,239,,2.96
90,Nick Spencer,http://d.gr-assets.com/books/1462614189l/30126925.jpg,Dont know,33 pages,249,33 pages,2.95
91,Khaled Khalifa,http://d.gr-assets.com/books/1427474126l/25216508.jpg,Dutch,320 pages,1505,(first published January 1st 2013),2.78
92,Tara Bray Smith,http://d.gr-assets.com/books/1256132372l/568568.jpg,English,496 pages,2212,,2.58
93,Caedem Marquez,http://d.gr-assets.com/books/1307473569l/11569915.jpg,Dont know,0 pages,190,(first published June 4th 2011),2.35
94,Michael Gerber,http://d.gr-assets.com/books/1389767071l/378706.jpg,English,176 pages,1685,(first published October 1st 2001),2.84
95,Kevin Trudeau,http://d.gr-assets.com/books/1442107026l/29249.jpg,English,272 pages,292,,2.90
96,Lev Grossman,http://d.gr-assets.com/books/1439485708l/243145.jpg,English,348 pages,5423,(first published January 1st 2004),2.99
97,Stephen Graham Jones,http://d.gr-assets.com/books/1384021092l/18766773.jpg,Dont know,280 pages,171,(first published March 18th 2014),2.96
98,Betje Wolff,http://d.gr-assets.com/books/1312972184l/12350050.jpg,Dutch,412 pages,305,(first published 1782),2.95
99,Emma McLaughlin,http://d.gr-assets.com/books/1438908547l/6487537.jpg,English,305 pages,6953,(first published November 23rd 2009),2.89
