,user,review
0,Shelby,
1,Leah,
2,Faft,
3,Ian Hall,
4,Jmhuff,
5,Dan,
6,Eromsted,
7,MrsQ,
8,Tommy Bruno,
9,Janelle Z,
10,Mohammed Abujayyab,
11,Raymond Kolter,
12,Englishmajor,
13,Luis Santos,
14,Joshlynn,
15,Charlotte,
16,Thomas,
17,Bonnie,
18,Sandi,
19,Austin Ely,Of great historical significance but a bit one-note. Could just be the flat translation.
20,Gopika,
21,Alexis Ohanian,
22,Paul,
23,David Barron,
24,Danvasser,
25,Nick Jones,
26,Patrick Cowsill,
27,Bet Walla,
28,Carwyn Morris,
29,David Marxer,
30,Josh Fish,
31,Giovanna,
32,Jessica,
33,Bruce,"Sometimes when I read a book, I feel like the time and place were just too different from the present for me to really appreciate the literature, and this is one of those books. The short stories all date from about 1915-1925 in China, a period of revolution and political upheaval and social change. That difference in context to today, and the difficulty of translating from a non-alphabetic language into English, meant to me that I didn't have much of an appreciation for these stories. That is, I think I 'missed' much of the significance. For instance, the lengthy Introduction walks through the satirical nature of some of the material, although you would have to be a scholar of early-20th century China to appreciate it, and to understand what it was satirizing - such as Chinese social customs and overall backwardness. The writing itself didn't do much for me - it was pretty direct, without much irony, interesting language, metaphor, etc. that makes American and English and Russian literature so interesting. Instead, much of it was quite plain and two-dimensional, maybe because of its political nature. To that, there is a quote by Mao in the Intro about how great the author is, so you get some idea that the writing is viewed as an important part of cultural development in a Communist society.I couldn't recommend it. Feels to me like a book that you would be assigned to read in a Chinese Civ class. Its main benefit to me was in helping me get very sleepy at night."
34,Bl4q,
35,Julie Salyards,
36,Kristin,
37,Olivia,
38,Gwennan,
39,David Meijer,"just read the diary, wasnt impressed"
40,Timur Golmezanov,
41,Emma,
42,Anna Marie,
43,Susan,
44,Apursansar,
45,Reza Nufa,Buku ini tidak diterjemahkan dengan baik. Banyak kesalahan penulisan dan itu menyebalkan.
46,Yun,
47,Russ,
48,Stephanie,
49,Clare,
50,dirt,
51,MJ,
52,Shannon,"For my World Lit survey class; coupling this with my recent rendez-vous of Scorcese's Shutter Island, I must say it is intriguing the position that this protagonist finds himself. Because we are employed in his mind and narrative only, we can easily see from where his accusations and suspicions arise; it makes everyone else look sinister. At times, it helps to remind oneself of the title, lest everyone is an enemy in this story."
53,Colleen,
54,Pakitoinuriak,
55,julia,
56,Book,
57,Brandon Petry,
58,Pustaka Manikmaya,
59,María Lourenzo,
60,Hendra Veejay,
61,Funkstar,
62,Leonardo,
63,Aaron Benarroch,
64,Edward A.,
65,belajarjadimanusia,
66,Petar X,"I don't really have a taste in what I like, more what I don't like. I have a bookshop and buy anything that I fancy which will either sell or I bring it home to read. I don't read a lot of fiction though. Or not right now. I am interested in books on China and the Far East. I recently read Tombstone: The Great Chinese Famine, Message from an Unknown Chinese Mother and Escape from Camp 14. I would like to read more like this if you have any recommendations. I would like to read books popular in China that are available in translation (obviously)."
67,Christina,
68,Ben,
69,Rosie Statman,
70,Jadie,
71,AndreaDraya,
72,Sutresna,"Bacaan bagus menjelang imlek tahun ini. HeheSaat membaca cerpen2 awal di buku ini, saya masih butuh penyesuaian karena jarang baca karya sastra cina, dan dari sebelum pertengahan isi buku, cerpen2nya mulai mudah dapat penggambaran bagi nalar saya. Kebanyakan isinya mengandung protes sosial yang terjadi di masyarakat pada tahun itu, sebelum tahun 1930. Dan tentu bagi saya yang awam dengan pergolakan di cina kala itu, ini menjadi hal yang sulit saya terka, namun dengan kejelian penulis dan suasana cerita yang tidak dibangun tiba2, menjadikan kebanyakan cerpennya mengasyikkan.Ada satu cerita berjudul Menyesali Masa Lalu yang amat saya suka.. Cerpen terakhir di buku ini juga asyik dibaca.Kekurangan novel ini hanyalah banyaknya salah ketik dari penerbit yang bikin jengkel habis. Amat banyak. Sial sekali. Padahal penerjemahannya sudah bagus."
73,Claire,
74,Menemsha,
75,James Violand,A great book. Diary entries show growing paranoia toward the people the protagonist encounters. Aren't they all cannibals? Mesmerizing. 
76,Gerardo,
77,Meng Sha,
78,Shahid Akhtar,
79,Anna DunLany,
80,Tiffany,
81,Lilian Alves,
82,Ymhelvetican,
83,Joseph Reid,"Flawlessly scathing piece criticising Imperial China and its refusal to move on from Confucian thought. I'd recommend ""The Real Story of Ah-Q"" (also by Lu Xun) and ""Sinking"" by Yu Dafu if you want to find more criticism of the Chinese mindset by youths of the early 1900s."
84,Heather,"A short, rather scathing and often chilling commentary on the depersonalizing effects of mindless societal adherence.This book is not preachy--its almost a stream of consciousness style. As the title suggests, it's recorded in a journal style.Very elegantly plotted, with the ending known at the beginning--it's a testament to the quality of the writing that knowing the end results actually makes the plot progression more suspenseful and the resolution more chilling."
85,Lyn,
86,Annie Baker,
87,Anh  Le,
88,Sara,
89,Brian,
90,Liv,
91,Xoe,
92,Vivian Dang,
93,Fábio Gomes,
94,Loesja,
95,Meng,
96,Whitey,
97,Molly,
98,Laura Faludi,
99,Don,
100,Lucas,
101,Joel,
102,Fernanda Andrade,
103,Ryan,
104,Will,
105,Ardi Santri,
106,Leslie Plesetz,
107,Kelly,
108,Sophie,
109,Bill Horn,
110,Carlos,"Cuando alguien de la estatura –literariamente hablando, claro– del Premio Nobel Kenzaburo Óe dice que eres “el más grande escritor que Asia produjo en el siglo veinte”, supondrías que eres un autor del cual todos, aunque no te hayan leído, han oído hablar. Pero no es el caso de Zhou Shuren (mejor conocido en el bajo mundo de las letras por sus pseudónimos Lu Xun o Lu Hsün), una figura poco conocida en nuestro país pero extremadamente célebre en el Lejano Oriente –es el escritor con más estatuas en el planeta–, y a quien, gracias a la traducción de Sergio Pitol, podemos disfrutar ahora editado en nuestras tierras, con el libro “Diario de un loco”.La publicación se compone de tres cuentos: el que da título al libro (considerado un “ejemplo supremo” de la forma “alegórica nacional” que toda la literatura tercermundista toma, según Fredric Jameson, y que, al decir de Christopher Domínguez, “conserva la belleza aterradora de los cuentos románticos”), “La verdadera historia de Ah Q” (“un arquetipo negativo, un Oblómov chino que fue registrado como la encarnación de la sociedad feudal”, continúa Domínguez Michael) y “La lámpara eterna”, otra brillante joya.Autor de múltiples ensayos, cuentos y traducciones, Lu Hsün (septiembre de 1881-octubre de 1936) logra, con este breve libro, ver inmortalizarse su nombre en el Partenón de los grandes escritores. Un libro muy recomendable para quienes gustan de los relatos al mejor estilo de Poe: lúgubres, incisivos, que te mantienen al borde de la página, conteniendo la respiración."
111,KayJae,
112,Ali,
113,Jorge,
114,Isabel,
115,Komorebi,
116,Ted Milne,
117,Bea-san,
118,Kris,
119,Katya,
120,Faith T,
121,Viqry,"Sebuah cerpen klasik yang menarik dan enak dibaca, jalinan kata-katanya mudah dipahami dan seolah mengalir membentuk imaginasi. Lu Xun sangat piawai dalam menggambarkan kehidupan masyarakat cina pada zamannya, cerita terasa hidup dan dapat membawa pembaca ke dalamnya. Dan hal yang paling saya suka dari buku ini adalah sebuah perasaan yang didapatkan setelah membacanya, perasaan hening, sedih memilukan namun menyimpan keindahan. "
122,Xiri,
123,Susan Wang,
124,Cecilia,
125,Kathy Yang,
126,Kelsey,Very interesting tales. 
127,Jesse Field,
128,Grace,
129,Christine,
130,Arisyabana,
131,Michael,
132,Kyle,
133,Sophia Aduana,
134,Adam,
135,Robin,
136,Katy,"Eh, maybe if I knew something about China this would make more sense.I do love the first short story though (Diary of a Madman), it's excellent."
137,Sam,
138,Laura Ann,
139,nawee,
140,abcdefg,
141,Ready,"Sepuluh cerpen dalam Catatan Harian Seorang Gila (Penerjemah Nur Rachmi dan Rasti Suryandari, Yayasan Obor Indonesia, Jakarta, 1989) yang ditulis pengarang yang bernama asli Zhou Shuyen ini menunjukkan kemampuannya dalam meramu keindahan alam Cina dan kondisi masyarakat menjadi suatu kisah yang utuh dan kuat. Meski begitu, dalam membaca cerpen-cerpen ini, kesungguhan agaknya menjadi hal yang penting. Pembaca membutuhkan konsentrasi penuh untuk dapat memahami alur dan konflik yang diungkapkan, karena cerpen-cerpen Lu Xun cenderung bertempo lambat, kalimat-kalimatnya panjang dan “melelahkan”.Cerpen-cerpen ini seperti terjadi dalam suatu dunia yang indah tetapi suram dan hening. Kesan yang tertangkap setelah membaca habis buku ini adalah suasana yang sedih. Suasana yang mirip suasana kuburan: sepi, diam, tapi menyimpan keindahan. ~ “Irisan Psikologis Seorang Gila”, Mingguan Mutiara, 27 September-3 Oktober 1994."
142,Colleen Canning,
143,Greet Stessens,
144,Kate,
145,Felix,
146,Lamia,
147,Ten Rainyday,
148,Mario Alberto Bautista,
149,Milla,
150,Ross,
151,Elizabeth,
152,Samuel,
153,Desiree,
154,Kemal Abdic,
155,Cagle Lauren,
156,Jessica Jordan,
157,Sarah Rhea Werner,
158,Zuzia,
159,Rafa ,Tiene mucha más fuerza que el original de Gogol.
160,Jon,
161,Luis Sánchez,
162,Predormitum,
163,Felipe,
164,Yohan dhiwa,Bertahan dengan kesepian.
165,Blueberry Proton,
166,meg h.,
167,Lori Martindale,
168,Ganjar,
169,SIlvana,
170,Michael LaRocca,
171,Craig Adams,
172,Juliana,
173,Zorica Todorovic,
174,Erin,
175,Nicolle,
176,Greg,
177,Kevin,
178,David ,
179,Chuqiao,
180,Sheriffkilla,
181,Nicolas,
182,Williamwilde,
183,Gilly,"This is a historically important book, but it seems almost irrelevant as literature, at least in translation."
184,Mahesh,
185,Masanaka Takashima,
186,Amy,
187,Sujatha,
188,Sunny,
189,Vale,"Tutti vogliono carne umana e tutti temono al tempo stesso di essere divorati dagli altri...Il Club Norvegese del Libro inseriva questo testo tra le cento opere migliori di sempre. Tralasciando le ragioni per cui mi sono imbattuta in questa lista e nel fantomatico gruppo in questione, visto che nei miei incubi ricorrenti oltre al cadere da una rupe, c'è l 'uomo del Club degli Editori che mi fa firmare un contratto e io non riesco a fermare la mia mano, devo dire che non lo avrei mai inserito in una lista con solo cento titoli, ma è pur vero che ho scoperto un nuovo autore, considerato un grande esponente della letteratura cinese del XX secolo: Lu Xun. Quando i nomi cinesi sono così semplici da scrivere e da ricordare ci vorresti tenere su un corso.La storia prende spunto dal ritrovamento di un diario, scritto da un amico della voce narrante. L'uomo in questione era fuggito dal suo villaggio dopo un periodo di follia e nel diario si ritrovano i vaneggiamenti che lo avevano condotto alla pazzia. Egli credeva che gli uomini del villaggio fossero cannibali e avidi di nuovi corpi con cui sfamarsi. A mano a mano prende coscienza che questo è un segreto solo per lui, infatti tutti si nutrono della deliziosa carne umana clandestinamente e non riescono a farne a meno.Lu Xun attraverso questa metafora vuole denunciare la cultura cinese dell'epoca che divorava gli uomini togliendo loro la possibilità di essere individui veri, uomini veri. Il folle, come ci ha insegnato Shakespeare, è l'unico savio, guarda oltre e fugge proprio per rimanere integro nel corpo e nelle speranze.  I loro piani erano ben studiati: mi avevano messo l'etichetta di pazzo. Nel futuro, quando sarei finito divorato, non solo non avrebbero avuto problemi, ma la gente addirittura gli sarebbe stata grata.Sono riflessioni interessanti e perciò ringrazio gli amici norvegesi per essersi presi la briga di stilare una classifica mondiale dando spazio anche a questo autore. Touchè."
190,Michelle Allgood,
191,Sophia,
192,Ning Sun,
193,Susan Dickson,
194,Rebecca,
195,Margarita,
196,Kayla Logan,
197,B,
198,아,
199,Andrea Brown,
200,Devi,
201,Rihong Zheng,
202,Zeynep,
203,Israel Jaime,
204,Kristin ❋extols death with luminescent brilliance❋,"2015 {YES I AM BEHIND...stuff it} PopSugar Challenge with my fellow crustaceans Karly, Jess, Heather, and NeniaA book of short stories - Diary of a Madman and Other Stories - Xun, LuDNF at 21%I've tried with this one, I really have, but it is just sooo boring and bizarre that I never have the desire to pick it up without reluctance. I'm sure it's a cultural or generational thing, but the proverbs go over my head or fall flat of being profound. All in all, I rather spend what little reading time I have anymore on something I actually enjoy reading. "
205,Matthew,
206,Carroll,
207,Titah,
208,Fernando Fernández,
209,Mr. Mike,
210,Valentina Caselle,
211,Zatul Sahwee,
212,Jesse Heatley,
213,Josalin,
214,Richard,
215,Cws,
216,Shelly,
217,Hyeran Kang,
218,febriani,
219,Mojtaba,
220,Susli,
221,Hanper Tim,
222,Esti Sulistyawan,"Catatan orang gila adalah tentang cerita tentang seorang pengidap skizofrenia, kalau biasanya cerita dilihat dari sudaut pandang 'orang yang waras' kali ini kita disuguhi oleh cara pandang penderita penyakit tersebut dalam melihat dunia. Kita diseret untuk memahami bagaimana dia melihat sekelilingnya, ketakutan dan kemarahannya."
223,Diana ,
224,Piper Selden,
225,Christian,
226,Inigo,
227,Xochi Adame,
228,Alicia,"The only story I have read is the title story. Contrary to the title, there is no real ""madman"" in this story. This story is an indictment of the aristocracy. To do so openly could have had dire consequences for the alleged madman. Those potential consequences necessitated the protagonist to use the guise of ""madness"". Those same consequences necessitated that Lu Xun make a point of leaving the protagonist nameless."
229,Albert,
230,Dustin Flanary,
231,Kim,
232,Sinziana Oana,
233,Leopold,
234,Yen-Rong,
235,Mdgabriel,
236,Michael Ronn,
237,Lucy,
238,Allison,
239,Christy M,
240,Leland,
241,Lillis,
242,Wang,
243,Ángel,"""El libro de relatos Diario de un loco de Lu Hsun, no me pareció una lectura sencilla. No por su redacción o la complejidad de su trama, más bien por todo lo que guarda en ella y que conlleva muchas cosas difíciles que vivió su autor. Los relatos en sí no me parecen grandes obras de la literatura universal, de los tres cuentos que se publican el que más estimo es ""La verdadera historia de Ah Q"". Este cuento, narra las andanzas de un hombre humilde, solo, borrachín, analfabeto, desaseado, incomprendido por una sociedad (de la que vive al margen) que le propina humillaciones constantes. Es una víctima más del ""pasado inerte y un futuro incierto"", como apunta Sergio Pitol en el prólogo.(sigue) http://apostillasnotas.blogspot.mx/20..."
244,S Shah,"Lu's stories often focus on how conservative thinking and religious observation of tradition dulls the sense of judgement, crushing the weak, different, and out-of-sync. There are two collections of stories in this volume. The first, Cheering from the Sidelines, composed of stories written between 1918 and 1922, contrasts sharply with the Wondering Where to Turn, written between 1924 and 1925. The first collection features an almost simplistic, direct style of writing belying layered narratives, and thick with sarcastic wit. The second collection shows a far more eloquent and poetic style that, contrasts with stories that are more directly to the point, and, in many cases, more informed by personal experience. There is an overwhelming sense of melancholy in the later work that is written with a power to take the unsuspecting reader into that sadness. Cheering from the sidelines> leaves one wondering whether to laugh or cry. Wondering Where to Turn is less ambiguous in that regard.I grew to appreciate Lu's writing more and more as I progressed through the set. Despite being the titular work, having stopped at Diary of a Madman would have left me with both an incomplete, and a lesser assessment of Lu Xun.Staying in the Hongkou neighborhood of Shanghai in 2006, near Lu Xun Park, was wonderful serendipity that lead to the discovery of a very interesting artist. "
245,Emilian Kasemi,Save the children !
246,Katarzyna888,
247,Frederick Glaysher,
248,Deniz Balcı,"Lu Hsun, Çin Edebiyatı'nın en önemli isimlerinden biri olarak gösteriliyor. Daha önce Çığlık isimli başka bir eseri Türkçe'ye kazandırılmış ancak okumadım. Aylak Adam Yayınları öykü derlemesi olan bu kitabı Türkçe'ye kazandırınca hemen okumak istedim.Zor kültür Çin. Uzakdoğu içerisindeki en engin ve karmaşık kültür sedimenti, dili, tarihi, siyasal süreci, sanatı onlarda. Özellikle dil ile olan, yüzlerce yıl süren kavgaları; anlaşılmalarını sadece yabancılara değil kendilerine de zorlaştırıyor. Mo Yan dışında çok ayrıntılı bir şekilde hakim olduğum pek bir yazarda bulunmamakta açıkçası. Edebiyatlarında bir Rus benzerliği sezinliyorum ben. Fakirlik, insan hakları ve yoksul insanların ruh durumlarıyla yaşadıkları kendine oldukça fazla yer bulmuş edebiyatta. Bir Dostoyevskiçilik var çoğu yazarında. Ülkenin 1900 sonrası çalkantılı siyasal gelişmeleri de edebiyatı şekillendirmiş. Lu Hsun'un bu öykülerinde de bu görülüyor. İlk çağdaş dönemin tüm sorunları ile muhatap olmuş bir yazar olan Lu Hsun önemli saptamalar yapıyor. Elbette bunu yaparken koşulsuz özgür değil. Zira yazarların yazdıklarında çok fazla özgür bırakıldığı bir ülke değil Çin. Birçok şeyi gözetmek ve kendi vizyonlarında olsun olmasın bir kolektif amaç için kalem oynatmak zorunda kalıyorlar. Lu Hsun'un bu öykülerinde de yer yer kendini açıkça hissettiriyor bu durum. Ama içerisinde oldukça farklı bir yere konulabilecek öykülerde var.Değişik bir okuma tecrübesi. Çin'e bir bakış atmak ve tanışmak için ideal.İyi okumalar.10/7"
249,Carolina,
250,Karolina,
251,Matt,
252,Jaga,
253,Don Hackett,
254,Haruka,
255,Anne,
256,Bontor,
257,Kathy,
258,Vanessa,"""Diario de un loco"" me ha gustado, al igual que otros relatos pero hay algunos como ""Jabón"" que no tiene sentido para mi o ""La verdadera historia de A Q"" que no me ha gustado, ese personaje es demasiado tradicional, con un pensamiento muy retrógado."
259,Alissa Nutting,
260,Matthew Foster,Interesting story. I need to listen to it again. I know that it is about paranoia but at the same time it is about a lot more then I listened to.
261,Goran,
262,Jacob,
263,Shuo,
264,Michelle,
265,Brad N,
266,Victoria Arnold,
267,Jackie,
268,Ahmad,
269,Crystal,
270,Marie Hurtz,
271,IRENE valiente,
272,Adriana,
273,Margot,
274,John Coburn,
275,Negatroyd,
276,Tom Newth,"simple and profound. modern and ancient. translated a bit too smoothly, i think, but the ironical voice endures"
277,W.,
278,Penny,
279,Geoff,
280,Tyler,
281,Knitography,
282,Cindy Chen,
283,Michael O.,
284,Ruben,
285,Tammy Carson,
286,JJ Runaway,
287,Lishesque,
288,John,
289,Leslie Seaton,
290,Tom Price,
291,Krish,
292,Zippoku,
293,Aditya Watts,
294,Josephnovak,
295,Justin,
296,Micha,
297,Cameron Green,
298,Adm2001,
299,Pilar,
300,Mythack,
301,S,
302,Calvin W. Lew,
303,Alexander Christman,
304,Maggie,
305,Gavinstudy,It is a great book. I really want to read this book.
306,Andrew Arias,"Diary of a Madman is an in-depth look into the mind of a person who has gone 'mad' and believes that everyone is out to get him and devour him. The metaphor at work is the new culture's beliefs swallowing up the old ways of completing tasks and behaving. The novel is a call to all Chinese people to realize what they are doing in eating their own people's pasts and cultural uniqueness, that those things must be cherished."
307,Hyatt Lee,
308,David Sims,
309,Laura,
310,Jeremy Johnson,
311,Samantha,
312,Dawn,
313,Alexa Brooks,
314,Allison Long,
315,Pandasurya,
316,Jakuande,
317,Andrew Tatge,
318,Maiby,
319,Chan Kin,
320,toni,
321,Jimi Gilroy,The Diary of a Madman is one of my favorite stories. Lu Xun was one of the first Chinese authors to write in bai hua (colloquial speech) and he is an expert writer and observer of dialogue. 
322,Lili,
323,Shaylan,
324,Nosherwan Yasin,
325,Ching-In,
326,Eldonfoil TH*E Whatever Champion,"Mixing Chinese daily life with ghosts and death seems like a winning formula, but something lacked energy in these tales. I wouldn't question Lu's value in the evolution of Chinese literature or his worth in portraying Chinese society, but nothing really brought this collection to greatness for me. The story ""Home"" was the exception, and several other times he flirts with something brilliant, but otherwise I was not moved or emotionally engaged. The later works struck me as far more mature than the earlier stories, but the push I hoped for never arrived."
327,Jamal Ahmed,
328,Sacha,
329,Beck,
330,Amanda,
331,Joanna Bourque,
332,Jamie ,
333,Jur,
334,Cari,
335,Paurika,
336,Krzysztof,
337,CJ,
338,Davidmcbride,
339,Superyeti,
340,Sam Gammons,
341,Phil,
342,Juhoahava,
343,N,
344,Yana,
345,Caio,
346,Alexandra,This was cool! Read only Diary of A Madman for one of my modules but now I wanna read more. 
347,Barbara,
348,Alexandre,
349,kalishima,
350,Hanan,
351,Elif,
352,Ana,
353,Rachel,
354,Anh,
355,Stephanie Maiden,
356,Amy Chancellor,
357,Lauren,
358,Katarina,
359,Massimiliano,
360,David Lucas,
361,yangsta,4 stars to diary of a madman
362,Sakiel,
363,Michael Conway,
364,Sarah Carracher,
365,Tim,
366,Mrtmr,
367,Mikki,
368,Courtney,
369,Rayna  (Poindextrix),
370,Jennifer,
371,Nathaniel,
372,Steve,
373,Becky,
374,Long T. Nguyen,"Qua Lỗ Tấn, ta thấy được những ""căn bệnh"" của người dân Trung Quốc ở thời đại ông. Với ngòi bút miêu tả cô đọng nhưng đầy chân thực, Lỗ Tấn đã vạch ra những ""con bệnh"" di hậu từ chế độ phong kiến thối nát, đẻ ra những thói tật xấu xa, đáng trách. Nhưng ẩn sâu dưới những sự vạch trần đó là một tấm lòng nhân hậu, một góc nhìn đầy cảm thông sâu sắc của một nhà văn xuất thân từ thầy thuốc. Đọc Lỗ Tấn, ta thấy tính nhân văn xuyên suốt những trang giấy, những câu,từ. "
375,Agnes Herdiasti,
376,Eric Zandona,
377,Gianluca,
378,Cary M,
379,Lalo,"Entiendo que es una alegoría y una forma de queja velada al sistema feudal chino de la época, pero el cuento tiene demasiado ""hype"" para mi gusto. No es un mal cuento, pero no me parece tan grandioso como muchos proclaman.La forma en que el ""loco"" ve la sociedad de su pueblo, y como va viendo que todos son caníbales, es muy interesante, sobre todo que desde su locura ve la realidad, pero ya. El final es tremendo.3.5 estrellas, pero no más. Otro cuento que amerita otra lectura y reevaluación más adelante."
380,Daved,
381,Anwari,Crazy loe.....
382,Nathan,
383,J.C.,
384,eti,
385,Julia,
386,Rahmi Ayu Umami,
387,Sarah,
388,Russell,
389,Paraph,
390,Drspangle,
391,Daniel,
392,Whitaker,"This is a collection of 26 short stories by Lu Xun. The most well-known is the story that gives the collection its name, ""Diary of a Madman"", where Lu Xun uses the madman's paranoiac fear of cannibalism as a metaphor for the way Chinese society ate up its people. Here, he works a hyperbolic vein generally similar to that used by Jonathan Swift in ""A Modest Proposal"". He returns to the metaphor of cannibalism from time to time, most notably and tragically in ""Medicine"", where the cure for tuberculosis prescribed by Chinese medicine (a quackery particularly despised by Lu Xun) was a bun soaked in human blood. Needless to say, the cure fails, and the young boy dies despite his family's desperate attempts to save his life. The stories provide an insightful look into another world, specifically, the China of the late 19th/early 20th century, in the years after the end of the Taiping Rebellion. The crushing weight of traditional Chinese culture (""The Eternal Lamp"", ""Diary of a Madman""), the stultifying demands of the Imperial Examination system forcing students to memorise dead classics (""The White Light"", ""Kong Yiji""), the place of women in society (""The New Year Sacrifice"", ""Mourning the Dead""), and the constant struggle to make a living (""Ah Q: The Real Story"", ""Dragonboat Festival"", ""The Venerable Schoolmaster Gao""): these are the targets of Lu Xun's pen. There are a number of real gems here, in addition to the most well-known one. The later stories are better, in my view, than the earlier ones, which I found too bitty. These were my favourites (a full listing of the short stories in this collection is at the bottom of this review): • 	""Ah Q: The Real Story"": The tragi-comedy of an itinerant vagrant in a small Chinese village. A bit of a coward and a thug, Ah Q alternately swaggers around or gets beaten up depending on his circumstances at the time. • 	""Village Opera"": One of the semi-autobiographical stories in the book, this tells of a trip by the young Lu Xun to watch a Chinese opera in the evening. The Chinese countryside, the play of the young boys, are all wonderfully evoked. • 	""New Year's Sacrifice"": A heart-rending tale of a widow who is married off by her mother-in-law. She loses her second husband and then her son. As remarriage was considered deeply, wrongly contrary to Confucian mores, she is unable to find acceptance back into society. A scathing look at the victims of traditional Confucian morality. • 	""The Venerable Schoolmaster Gao"": Lu Xun again in a semi-comedic vein. Gao takes on a job as a history teacher, a subject of which he knows next to nothing. The story accounts his half-hearted attempts to prepare for class, and the humour comes from his vain-glorious musings that contrast with his actual, pathetic state. • 	""The Loner"": The loner of the story attempts to stick to his morals but, to avoid starvation, eventually gives in to the endemic corruption of Chinese society. • 	""Mourning the Dead"": A man and a woman attempt to defy tradition by living together against the wishes of her family. Ostracised from society, they inevitably fall into poverty, which brings about quarrels, frustration, and the end of the relationship. • 	""Divorce"": A woman seeks proper restitution from her husband's family after being divorced by her husband. This is a neatly sarcastic look at the power-brokers in a small Chinese village. A word on the translation: Lyell has made the translation choice of using English colloquialisms to capture the informality and plain language of Lu Xun's writing. This has the inevitable result of inducing a certain cultural dissonance for the reader. However, it's arguably a very decent and reasonable method for giving the reader some sense of the innovativeness of Lu Xun's writing, which controversially marked a deliberate break with the florid classical style (denoted in Lyell's translation by the use of italics and a Shakespearean-ish syntax). As a key characteristic of his works, to use a more neutral register and NOT represent this aspect of the work would have been another form of ""betrayal"". In choosing which betrayal to make—and the choices are, perforce, mutually exclusive—I can understand why Lyell chose to make this one. As one of those intractable translation dilemmas, I don't think a perfect solution to square this circle exists. The stories in this edition are as follows: • 	A Madman's Diary • 	Remembrances of the Past • 	Kong Yiji • 	Medicine • 	Tomorrow • 	An Unimportant Affair • 	The Story of Hair • 	A Passing Storm • 	Hometown • 	Ah Q: The Real Story • 	Dragonboat Festival • 	The White Light • 	Some Rabbits and a Cat • 	A Comedy of Ducks • 	Village Opera • 	New Year's Sacrifice • 	Upstairs in a Wineshop • 	A Happy Family • 	Soap • 	The Eternal Lamp • 	A Warning to the People • 	The Venerable Schoolmaster Gao • 	The Loner • 	Mourning the Dead • 	Brothers • 	Divorce"
393,GSL,"Read for a Modern China class in college. Lu Xun is a fantastic writer, his satire is never overdone yet always strikes a very raw chord. Still, I wish I didn't have to read it for a class, that definitely reduced some of my enjoyment"
394,Hadrian,"Very short story. Man studies Confucian classics, thinks people are going to eat him. There's a bit of a political metaphor.救救孩子! (Save the children!)"
395,Jockoflocko,
396,Tobey,Lu Xun is the man. He is often considered to be the most influential 20th C. Chinese author. His short stories are wonderful allegory of the transition from the dynastic past to the modern nation state.Diary of a Madman and Kong Yiji are my two favorite stories but The Story of Ah Q is often considered his most important.
397,Valeria May,"is good, but one must be able to emphatize into situation of China in the past."
398,Steve Love,
399,Lauren Lawson,
400,Irene Greco,
401,F. John,
402,James,
403,Roberto,
404,Merry_xtinamas,
405,Fabrizio,
406,Yasmine Carlson,
407,Marie,
408,Kenny,
409,Dery,
410,Michele,
411,Echo,
412,Steven,
413,Scott Hugo,
414,Antoinette,
415,Mara,
416,Lynn,
417,Karen K. Miller,
418,Havid Ansori,kereen~
419,Huyen Le,
420,Peter TB,
421,Mel,ada yg terjemahan. tapi blm lihat fisik bukunya neh.
422,Brittany Anne,
423,Ianic,
424,Hk,
425,Dave,
426,Jacqueline Novogratz,
427,Chris,
428,Keith,
429,Marilyn,I keep rereading it! A very short story. Amazing and EXTREMELY thought provoking!
430,Derek Sandhaus,
431,Dennis Noll,
432,Gobie,
433,Didi,
434,Bill,
435,Neal,
436,David,
437,Phillip Donnelly,
438,Stanley,
439,Davis,"Some of the impact is probably lost in translation, namely the use of vernacular instead of classical Chinese as the form of writing. Still a great short story, about the stifling nature of traditionalism. Very short, very good, and very chilling too. No rating, because I only read the title story."
440,Brandon Harwood,
441,Bob,
442,Jay B.  Larson,
443,Bárbara,"Tuve la fuerte sensación de que la traducción no alcanza a mostrar la verdadera fuerza del texto. Dicho esto, no hablo el idioma original, es solo una ""corazonada de lector"".Me recordó la sensación que provocaba Hermann Ungar en Los Mutilados."
444,Stacey,
445,Ririenz,
446, Olivermagnus  ,"The story begins with the narrator's visit to a pair of brothers who were close friends of his during his school years. The older brother informs him that the younger one suffered from a mental illness but got better and took a job in another city. During the time of his illness the brother kept a diary that the narrator is allowed to read. This is the ""madman's diary"" . The diary tells of the protagonist's growing obsession with the cannibalism which he believes is routinely practiced by those around him. He is convinced that sooner or later he will be eaten. As his paranoia increases, and with it his sense that cannibalism is widespread and prevalent even within his family, he despairs of saving himself. "
447,Oh Ruby,3.5 stars 
448,Roy,
449,Conor Fogarty,"This is probably the most bizzare social criticism I've ever read. While opposed to Lu Xun's politics, I have to give him credit for his creativity."
450,Dani Alexis,
451,Cameron,
452,Katie,
453,Juan,
454,Pavel,
455,Shan,
456,Thea Diepen,
457,Shawn,"I didn't read this book, I just read one story and, honestly, I read that one story online (thank you MARXISTS.ORG!) but I like to record my reactions on GOODREADS so...And, of course it was ""A Madman's Diary"" - considered the first modern piece of Chinese fiction. Go read it - it's right under that link above and is pretty short. Obviously intended as political allegory, it concerns the written record of a young man who, in the throes of madness, extrapolates the tyranny of old, rural values into a paranoid belief that the world is secretly filled with cannibals (noting, in the text, actual historic moments of real cannibalism in Chinese history), including his own brother. ""Save the children..."" indeed.Nicely done - I liked the resonances with Gogol's similarly titled tale and I especially liked the bit where the young man, looking through his history books, begins to realize that written between the lines of all books is the secret message ""Eat People""! Will probably do a podcast of this on PSEUDOPOD as part of an Asian Horror retrospective - at which, no doubt, high brows will get all sniffy and presume I am ""missing the point of the thing"". Ahhhh... fun!"
458,Niratisaya Niratisaya,
459,Megan,
460,Anitafelc,
461,Anthony,
462,Dobbyf,
463,Reno Bulan,
464,Omër,
465,Elena,
466,Kelly Kathleen,
467,Locke585,
468,RDT,mantap!
469,Expositor,
470,Julie Kim,
471,Cahyo Edi,Bagus bagus
472,Emily Brown,"excellent writing! his stories are amazing, and if you must know, not about the cultural revolution (that's for you jon)."
473,J,
474,Realini,"Diary of a Madman and Other Stories by Lu Hsun It was an interesting if not all that satisfying experience. The book can be great; after all it is listed by writers and critics among the best 100 books ever written. I did not take to the book, after the initial stories reviewed here; I lost interest so much that I hardly knew what I was reading. These are notes on the first part and just an expression of regret that I did not get to read more of Lu Hsun, as it was written on the pages of the book. A unique luck brought me to this author, on the internet some Marxist Library or something is distributing his works, insisting on you sharing and giving the book away, advertising their outfit, which in a rather unconscious way I think I do now.I hate Marxists and commies, but Lu Hsun I think was against them. I do not think I will return to his stories and I may miss a lot, but there it is.Diary of a MadmanThis is a new kind of literature that I am trying, on advice from the Guardian list of 100 best books ever. The collection of short stories has a tumultuous start, with the Diary of a Madman. The main character is, well…crazy. Paranoia would probably be the diagnostic. He feels everybody is there to get him, even children and his own brother. It seems that in the Chinese history and literature there have been some case of cannibalism, because our hero refers to them, whether this is only his sick imagination or plain fact, I can’t determine. The Madman sees enemies everywhere and from one stage on, he feels people want to eat him. There’s a doctor who tries to assess his state of health, but our hero thinks the doctor wants to see how fat he is, for the feast which will take place after his death, with his flesh. He imagines that his sister was killed and her flesh made its way into the food served and unknowingly he has eaten the flesh of his sisterKung-I-ChiThis story takes place in an old tavern where the story teller is hired as a kind of waiter. Kung I Chi is one of the regular customers, who accumulates debt. There is something likeable about Kung I Chi, and I definitely felt sorry for him, when the situation took a turn for the worse. He had been a man of some standing; he gives something of a quote: valuable men stand tall in misfortune, or something along this line.He does take a book now and then, which he does not call stealing, but he gets caught and it all becomes dramatic when, after stealing again, Kung I Chi is beaten a whole night until his legs are broken MedicineSpoiler alert- I explain what happens, seen through my eyesIn this short story, the debut is mysterious: the old raises up in the morning, takes the silver which he then hands reluctantly to a man who gives him a strange parcel. Only later we learn that wrapped up with some kind of bread, I think, there was human blood from a man executed. There is a belief, in the parts where the story takes place, that human blood would heal consumption. I don’t think it did in this case.Tomorrow and the IncidentNot much happens in Tomorrow, except for death, burial. In The Incident there are some moral issues at stake. The story teller is taken on a rickshaw and the driver- how do you call the man running with a rickshaw- runner? – hits a woman on the way. It seems to be a minor Incident and the passenger is in a hurry and not troubled by the possible pain of the woman involved. She has some white hair and she says it hurts, when the driver asks if she is all right. The story teller says: “you see, now there will be trouble” annoyed that he will be late. The driver abandons the rickshaw concerned about the wounded pedestrian and looking back, the story teller feels remorse- we should be more caring about the others, less selfishThis is a story about revolt and various attitudes to it. In this Chinese village, some people took part in a revolt and we can tell who did by looking at their hair style. It is dangerous for those who had their tail cut, as this is a clear indication that they had been on the wrong side, when the end of the uprising is finished. For this particular family, it is funny to learn the names: Mrs. Ninepounder, Mr. Sevenpounder: with different generations weighing different pounds- the names come from the respective weights at birth."
475,Edward Belfield,
476,Dee,
477,Ross Vassilev,
478,Jenny,"""Diary of a Madman"" is great, but I have yet to read more stories."
479,Diana,
480,Mutia,
481,Nate Ruhter,
482,Alejandro Urrutia,
483,Helena,
484,Muriel,
485,Kristina,Had to read this for class and actually loved it! Gives a parody of cannibalism in Chinese history to their traditional society.
486,Dan Mac,
487,Jessie,
488,Josh,
489,Miguel Soto,"Cambian las culturas pero no cambia la locura. El otro, ruso; este, chino. Ambos locos, este un genial paranoico, con una lógica tremenda e impecable, como buen psicótico. Magistral retrato."
490,Veterini,
491,Lana,
492,Fannylin,
493,Oriana,
494,Andrew,
495,Jbondandrews,
496,Yohan Dhiwa,good inovation when he saw a reality.
497,Andrea,
498,nawir nawir,
499,Alex,
500,Hanna,
501,Aileene,
502,AL,
503,Richard Von,
504,Morgan,
505,Marcele,
506,R. Karlina,confuse..
507,Hiroshi,
508,Teana S,
509,Lei,
510,Mr1879,
511,Emily,
