,user,review
0,Rinda Rinda,I have this thing for norse mythology. I think I must have been a viking in a previous life.
1,Corbin,
2,Jim,
3,Matt,
4,Tim Weakley,This saga made me notice how current a lot of the Icelandic family stories feel. They feel like they happened yesterday when you read them now. Burnt Njal's Saga has a very translatable premise and I think it would be a good tale for anyone wanting to get into the family cycles.
5,Julie P,
6,Ian,
7,Zechy,
8,Susinok,"Helgir Longlegs, one of the more evil women out there... such a classic feud, too."
9,Teresa Camacho Nasr,
10,Vince,
11,Mitu,
12,Haotian Xu,"This is a classic, and is basically a must read if you're into the whole Icelandic family saga genre. "
13,Auttajahai,"""He etsivät paikkaa, johon voisivat piiloutua, repivät päälleen sammalia ja makasivat jonkin aikaa piilossa niiden alla, mutta eivät ehtineet maata kauan, kun Flosi sanoi: 'Emme me täällä voi kauan maata ennen kuin saarelaiset löytävät meidät.'""s. 138"
14,Marctar,
15,Breanna ,"I love these sagas. They're multilayered stories about complicated family alliances, war, and religion in the medieval age with just a hint of magic -- very similar to George RR Martin's ""A Song of Ice and Fire"" series but with more bloodshed, and written 800 years ago. Seriously, if you love Martin I feel like you'll adore this. Read it while you wait for the rest of his series to come out. I don't think you'll be disappointed. Don't ever read the intro though -- it always has major spoilers."
16,James Rodriguez,
17,Dave Russell,
18,Aza,
19,Faft,
20,Lyle,"A good lesson on Icelandic law during this time period. It's set after Iceland was settled and Christianity was on the rise. There are a lot of pro-Christian references, and is a bit lengthy for what it is. Other than that it's pretty painless"
21,Eleanor,Ever wonder why Icelandic literature never made it big? Answer: IT BLOWS.
22,oeniadaeowl,
23,Laurie,
24,jack,great saga tho i think i preferred egil's. . .
25,Maduinn,
26,Saulissimo,
27,laura,
28,Thomas,
29,Gwen,
30,Hlöðver Sigurðsson,Must Read!
31,Kathryn,"This book is a translation of an anonymous thirteenth-century Icelandic saga, written about a blood feud spanning some fifty years before and after 1000 AD. It is a wonderful story (the anonymous author rearranges actual chronological events to fit his story) of tragic people, and one that I very much enjoyed reading.The saga revolves around the wise Njal Thorgeirsson, his family, his friends, and his alliances; and one is happy that there is a Glossary of Proper Names in the back of the book, because everyone is related to everyone else, or friends with everyone else, or blood enemies with everyone else, all at the same time. This is a world where honor reigns supreme; an insult must be avenged, usually by the one who has been insulted by killing the one who did the insulting; and every killing must also be avenged. At the same time, legal procedures are followed, in that in lieu of blood revenge one can opt for monetary compensation; but inevitably, someone decides that the monetary compensation wasn’t good enough or honorable enough, and kills the guilty person anyway. This is also a world of fatalism and luck and supernatural portents; a man is considered to be lucky, or not, and one does not try to counteract what one decides is one’s fate even by doing the obviously sensible thing (like avoiding an ambush).The body count is quite high in this saga, even though Christianity is adopted in Iceland (over Scandinavian paganism) midway through the story; the only apparent effect of Christianity is that people go to Mass before lopping off an enemy’s head with an axe. The carnage is increased by the presence of characters in the story who are duplicitous, playing both ends against the middle just to stir up trouble. This is not hard to do in a world where even a report of a perceived insult is enough to start a wave of killings and revenge-killings and revenge-the-revenge killings.The story may involve warriors (and women, who are the equals of their men) long ago and far far away, but the themes are timeless; good men still try to make peace, and pride still makes wreckage of the peace thus made, which only means that one must try for peace that much more."
32,Amanda BeReckonedwith,
33,Carla,"Spoilers. La Njàl's Saga es 354 páginas de matanzas ojo por ojo en un lugar donde se supone se regían por leyes y había abogados (Njàl es abogado) y así. Me mataste a mi criado, te mato al tuyo. Me mataste a mi otro criado, te mato al otro. Así, así hasta el final. Por cada asesinato que alguien de tu grupo hacía, debías pagar de acuerdo al valor de la persona... Porque todo mundo sabe que un criado no vale lo mismo que un gran señor. Todo comienza cuando una vieja bien pleitos y mala leche (su esposo, uno de los héroes buenos, amigo de Njàl, le aguanta todo sólo porque estaba muy buena) se topa con otra señorona (la esposa de Njàl) que no se deja. Luego el pleito pasa a ser de los muy machotes que son rudos, son fuertes, pelean con hachas y cercenan miembros. Al final de la serie de matanzas, los dos archienemigos que quedaron vivos se perdonan y se dan un abrazo. Yo pensé que sería algo así como Beowulf, pero no. Se supone que es la más grande saga islandesa... híjoles, pues, sin comentarios. Yo preferiría leer la Laxdaela Saga, otra saga islandesa que trata de un triángulo amoroso. "
34,Volsung,"This is the older Penguin Classics translation (circa 1960) of ""Brennu-Njálssaga"". I think it is superior to the current Penguin translation by Robert Cook (which is, however, also very good) -- Magnusson's prose is so fluid and emotive, while true also to the Old Icelandic idiom and style."
35,Phivan Wright,
36,Paul,Epic. 
37,Suzanne,
38,Kevin,
39,Kim Kimselius,"När jag var på Island 2013 och föreläste om mitt författarskap och mina böcker tyckte min isländska förläggare att det snart var dags för mig att skriva böcker om Island. Självklart nappade jag.Vi gick till en stor bokhandel och de började rekommendera böcker jag skulle läsa för att lära känna Island och landets historia. När jag kom fram till kassan hade jag en gedigen hög i famnen. Jag frågade om jag som författare fick rabatt när jag köpte researchböcker.""Hur vet jag att du är författare?"" frågade flickan i kassan.""För att ni har mina böcker i butiken"", sa jag och nämnde de titlar jag hade sett i hyllan.Hon tittade efter i registret och såg att det stämde. Jag fick 30% rabatt.Nåväl. Det var Njals saga jag skulle berätta om. En av de böcker jag fick med mig från Island, en av de nödvändiga böckerna, som förläggaren sa.Efter att ha läst boken förstår jag vad hon menar. För det här är verkligen en bit av Islands historia.Njals saga är det oöverträffade mästerverket bland Islands klassiska släktsagor. Berättelsen utspelar sig på vikingatiden under övergången från hedendom till kristendom omkring år 1000 men skrevs omkring 1280 av en kristen författare på grundval av äldre muntlig tradition. I händelsernas mitt befinner sig hjälten Gunnar på Lidarende och hans vän, den lagkloke och framsynte Njal. Båda vill fred men tvingas in i ödesdigra konflikter av Gunnars intriganta hustru Hallgerd och andra olycksfåglar i släkten. Dråp följs av hämnd, katastrofer förebådas i onda drömmar, och någon slutgiltig försoning är inte möjlig förrän de hedniska tänkesätten övervunnits. Lars Lönnroths översättning bygger på hans egen nytolkning av sagan, ursprungligen presenterad i boken Njáls Saga. A Critical Introduction (1976).Jag förvånas över hur det hela tiden hämnas, om och om igen. Boken fascinerade mig och jag rekommenderar den varmt. Den har gett mig det där lilla extra som jag ville ha till mina isländska böcker Döden på Island och Det osynliga folket på Island. För nu i år kommer mina isländska böcker äntligen ut.Jag älskar att läsa om Island och att i min tur få sprida kunskap om det magiska landet som är helt annorlunda från något annat jag har besökt. Läs boken!"
40,Ellis L.,"A truly massive tale, over 300 pages in my paperback edition. You don't see many medieval stories of that length."
41,Matthew,This was nice tale of revenge and redemption.
42,diabolo,
43,Anouk Jouanne,Actually 4.5!
44,Michael SaharaFrog,"Highly entertaining saga. I'll read more Iceland sagas, should I happen upon any more.One of the things I most enjoyed about Njal's Saga was how everyone who was slain in battle somehow had the strength to utter one last quip just before they died, now matter how terrible the wound or how far they had to walk to walk to get to someone to hear them.One oddity that did frustrate me: the reader is introduced to Thorkel Braggart. When the saga introduces him to us, he is reported to have killed a ""fabulous monster"" (while all alone) and also a ""flying dragon"" - yet within two pages he has left the saga having only traded one insult and zero blows with our heroes. I want to know more about Thorkel Braggart and his exploits!"
45,Jessica,
46,Bruce,"Here’s a family saga that makes the Hatfields and the McCoys seem like amateurs, genealogical narratives that make those in the Bible seem brief, and grisly descriptions of hand to hand combat that are the equal of the Iliad. In the introduction to this edition of the English translation by Bayerschmidt and Hollander, Þorsteinn Gylfason notes, “An Icelandic scholar of the eighteenth century said that all the sagas of the Icelanders could be summed up in four words, 'Farmers came to blows.'"" But between these dismemberments are the stories of resentment and craftiness that precede the gore, and more fascinating to me, the legal suits and maneuverings in the Althing, the medieval Icelandic assembly, to award compensation to the families of the slain in exchange for a pledge of peace. Then after all parties were satisfied, the plotting of the next round of the vendetta starts just as soon as all have returned home. Equally fascinating to me is that in the middle of all this feuding and strife—in the year 1000 by our current calendar—everyone converts to Christianity, and then continues on exactly as they did as worshipers of the old Norse gods. "
47,Marie Østvold,"I have to admit, I couldn't really follow it at times, because of all the names and familiy linages- but that doesn't mean anything. It's a very good read, and a must if you're interested in nordic history. It's a viking soapopera, with perspectives of loyalty, wars and family feuds, and an interesting courtsystem. Not to mention the introduction of Christianity, which I find to be one of the more interesting elements in the saga (also, because I can link it to what happended in Norway). In this matter, Gunnar and Njål represents the two religions, Gunnar with the old believes on one end, and Njål which embraces the new on the other. This is also seen in how they behave towards their fellow men, one is more revengeful while the other brings forward more peaceful matters. I think one of the best ways to read this book, is with a familtree and a map of Iceland and the nordic countries- almost like when reading TLOTR. It's a complex book, and should be read several times in order to understand the history behind it, and the relation between the characters- and also place it into modern day Iceland. Mind- this doesn't necessarily means that it's a history book, because it's not! But it can give you a pinpoint. But I haven't read it several times yet, so I should get around to that..."
48,Czarny Pies,"Beware you need to do a lot of research to make any sense out Njal's Saga. If you just pick it up and start reading, it seems like ""100 Years of Solitude"" in that it describes a long multi-generational cycle of violence in which all the murderers and all the victims have the same name. The difference is that Gabriel Marquez is parodying a situation which he desperately wants to change whereas the author of Njal's Saga is describing what he considers to be a well-ordered world. Regretfully, I have very little to say to help you with this dizzying saga of retribution. It is clearly a historical document of extraordinary value as it describes a people who are attempting to make the transition from the Iron Age to the Middle Ages. Iceland converts to Christianity in the course of this yarn but the social mores, government and literary culture are behind where the Mediterranean countries were in 1000 BC."
49,Lisa Boucher,
50,Kersplebedeb,The first icelandic saga i ever read - i picked it up and i was hooked.
51,Susan,
52,Laura Haspel,"Brilliant saga. From the barbs of Skarp-Hedin to the revelation of what every woman wants, this book is phenomenal. "
53,Jww,
54,Krista the Krazy Kataloguer,
55,Stephanie,
56,Spencer,
57,Thorunn,"Dreif í að rifja upp Njálu áður en ég færi í leikhús. Hlustaði reyndar á hana á hlaðvarpinu, þar sem Einar Ólafur Sveinsson les hana í mjög vel. Tvennt sem kom mér á óvart - hvað ég mundi söguna vel og hvað hún er ótrúlega góð. Það sem hlutir geta undið upp á sig. "
58,Dean,Njal Saga is one of the best sagas I have read. I have decided to read it a second time.
59,Leonora,
60,Chris Rhodes,Norse
61,Jennifer,
62,Aimee,
63,Dan,
64,Devin,
65,Robert,"Njal's Saga is a harsh tale, the story of old hatreds and animosities swelling in secret and publicly, until what began as an argument between two becomes a battle between hundreds. The chronicler is very precise, we see the pieces move in place, even as Njal seeks reconciliation and peace. But as the chronicler well knows, human efforts cannot wipe out sin, and we see that only in the giving up of vengeance to grace does the killing end."
66,Farah,
67,Unnur,Great story but way to complicated scenario and connections between characters. Classic legacy of Icelandic viking stories.
68,Kelsi,
69,Tom,"A traditional piece of Icelandic literature, over 1,000 years old (although reduced to writing about 800 years ago). It describes the Icelandic culture and life. As one interesting example, they had two branches to their government: a legislative and judicial, but no executive; enforcement was upto the population. Another example was their publication of laws and history, even though they lacked a written language. The saga is written in a style that reminds one of Hemingway; short sentences without being adjetive and adverb ladden. "
70,Jen,"While Njal's Saga sometimes reads like the Bible (the part where so-and-so begat so-and-so), it was an interesting read, mainly because it was hilarious to follow along with the constant vengance killings and pay-offs (the hilarity was all my own and unintended by the author). Women in this book are either the source of misery and the need for vengance or merely an afterthought (we need a way to keep the plot moving, so lets ask for so-and-so's daughter to marry this guy). To add a bit of spice to the relentless blood revenge, Christianity is introduced about halfway through, which encites more hilarity (again, solely on my part) because now the men run around calling those not converted heathens and it gives yet another excuse for someone to bury their axe in someone else's head (or chest or cut off their head/leg/arm and they immediately fall down dead). In the end, the namesake of the book meets an untimely death (hence ""Saga"") and the men require more retribution (I really loved it when they acted as if the perpetrators were honorable men, despite the manner in which they acted). Overall, if you need a laugh and don't mind the tedious language (probably due to the translation from Icelandic), read this book.Ps.. I must say this, it was really interesting to read about the role of law in this society and how advanced it was."
71,Bob,
72,June,
73,Clif Hostetler,"Njáls saga is a 13th century Icelandic saga that describes events between the years 960 to 1020. It deserves respect because of its antiquity. But I found it be a challenge to get through. It is a long collection of stories about ""so-and-so"" of ""such-and-such"" family killing ""so-and-so"" of ""such-and-such"" family. The names were all exotic to my English language ears; thus it all passed through my memory as a blur. In this regard it reminded me of my reaction to the Iliad. However this book is much longer than the Iliad. It seemed to go on forever. The importance of vengeance as a defense of family honor is a prominent theme in the saga. One description I thought of for the book was ""Hatfield-MaCoy with swords."" Insults involving a character's manliness are especially prominent in the saga. Also, fate and omens figure prominently in the stories. At the very end there is a description of reconciliation. But based on the earlier stories the reader has to wonder how long that will last.In my opinion if you don't have a special interest in Icelandic history and literature, don't read this book. However, I can see some lessons of human nature in the stories, so perhaps a researcher of gang warfare in modern cities could find source material here."
74,Brian Delaney,Viking family sagas are just as badass as they sound.
75,Robin Edman,
76,Grétar,By far the best saga! Absolutely magnificent! Cook's translation is quite good.
77,Thorhildur,"Var einu sinni hent út úr tíma út af þessari bók...gat ekki hætt að skeggræða við aumingja kennarann um söguna sem endaði á því að segja við mig: Þórhildur mín, þú verður bara að koma þér út núna, næsti tími á að vera hafinn...ég hafði ekkert tekið eftir því þegar fólkið kom inn..."
78,Christina,
79,Ben,"Interesting and insightful, but dense. It's a lot of work."
80,Kadri,
81,Lorelei,
82,JayDeeReading,
83,Eve,This saga is long and occasionally difficult to read (why do I need to know the entire family history of a character that barely figures?!) but well worth reading. It's from such a different literature tradition/mode from the fiction I usually read but full of some very modern-feeling nuggets. 
84,Bee,
85,Ishan Jayawardene,"Fresh, and sad. A man is his own worst enemy."
86,Roger,
87,Brad,
88,James Violand,"This took some time to get interesting and had become a drudgery until I just knuckled down and finished it. Icelandic history at the turn of the 11th Century emphasized brutality in honorific homicide, trials at law where compensation for the victim's survivors was determined and brooding resentment evolving into blood feuds. If this sounds interesting, read the book. And for those of you who are fans of ""Vikings"" on AMC, many lineages have a common ancestor named Ragnar Lothbruk. "
89,Delascabezas,
90,Andrew Dobbs,
91,Edelweiss,"For what I was expecting, this was a surprisingly interesting and intriguing saga. While I do not speak the original text's language, it did seem to have a good translation with an interesting story, and not merely smiting. Never fear, for there's plenty of smiting along with the court battle that literally end in a brawl. The women throughout seemed to have less variation than the men, as they were varying shades of spite, but the men seemed very realistic despite their high honor, frequent murders, and ability to forgive the strangest people. Overall, very interesting, but certainly not for children, despite the somewhat deceptively simple sentences in translation. Also, I did kind of feel sorry for Mord in the end, because he got roped into the final battle under the threat that his wife would divorce him, and he was actually fond of her."
92,Chris Loy,
93,nina,This is an Icelandic saga about a lawyer. It's a mindblower.
94,MMG,
95,Alessia,"This was a very good read, though a bit slow at the beginning.It is a very good place to start if you want to read the Icelandic sagas and is very helpful if you want to learn about Iceland's history."
96,Nicole,
97,Anne Thessen,"The language was difficult at times, but what it revealed about life in Iceland was interesting."
98,Duncan Wilson,"Njals Saga or is a 13th century Icelandic saga that describes events between 960 and 1020. The principal characters are the friends Njáll Þorgeirsson, a lawyer and a sage (who for some reason can’t grow a beard), and Gunnar Hámundarson, a formidable warrior and wielder of a mighty Halberd. Gunnar's wife instigates a feud that leads to the death of many characters over several decades as interesting and exciting as this sounds, this is not an easy book. The writing structure is a bit odd to the modern reader and some details are lightly skimmed over whilst sometimes it goes into great details on some seemingly trivial matters. I think this must be a cultural thing that is now lost as I recall in the mabinogion where they would also go into detail about a ladies dress. The action sequences are told with great relish. I particularly like the scene where Gunnar chops into someone’s jaw and their teeth drop onto the ice. He also like to pick them up with his halberd and flick them over his head…. Wheeee….plop!! However you will come away knowing more about Icelandic law of the 10th century then you ever thought you would know. A lot of the time it is interesting but some scenes just drag on a little too long. As the saga deals with this process of blood feuds, showing how the requirements of honour could lead to minor slights spiralling into destructive and prolonged bloodshed think of this as a Nordic version of the Hatfield–McCoy feud. A great read but certainly a challenging one."
99,Heather,
100,Kathleen,
101,Abi,"One of the best sagas, without a doubt. Epic in scale, but still intensely human, the story of burnt-Njal is dramatic, moving and highly entertaining. The saga style takes some getting used to if you've never experienced it before. It is terse, to the point, characterisation and description is kept to a bare minimum, the plot races along at break-neck speed, there's a plethora of characters (a lot of whom have very similar names). It requires... concentration, and you'll almost certainly have to resort to consulting the family trees so thoughtfully included. It made me laugh when I saw a family tree included in  One Hundred Years of Solitude. ""Six generations!"" I scoffed, ""That's nothing, even if they do all have the same names."" Njal's Saga has seven Thorsteins, eight Thorkels, six Thorgeirs, six Thorgerds and about forty other characters whose names begin with Thor. Although to readers of modern literature, the difficult style can be off-putting, it is definitely worth perservering because this is one of the greatest stories ever told."
102,Sara,
103,Brian Esser,
104,Lis,
105,ryn,"my lady and i read this out loud to each other - that's definitely the best way to enjoy these, i think.Rannveig is my favorite.""he is now out of the saga"" is the new ""he was voted off the island"". or, the old, as the case may be."
106,David Melik,"It is a very tragic viking saga, but worth reading. Sir Dasent's translation is not the only."
107,Katrín Rós,"*** 3.5 stars ***This honestly is one of the best (if not the best) Icelandic sagas (or Íslendingasögur as we say in Icelandic) I've read so far. I had a hard time to focus my attention on this, but then again, so did I with all the other Icelandic sagas I've read. The fact that I had to read this for school might play a part in my lack of attention while reading."
108,Annathelle26,"It was an interesting read. Definately deeper, more complex and more intriguing than the Volsunga Saga which I had read before. The good part was the rich and detailed presentation of the Norse way of life: their customs, their social structure, their beliefs, their everyday life and activities... and most of all, their legal procedures. All that was very interesting to learn about. Another good thing was the way the stories of the characters intertwined, the result being a web of complex long-term relations between people. The boring part was the repetitiveness of certain actions: many family feuds, many people killing each other and then offering reconciliation... and all that repeated again and again and again throughout the Saga. Also, too many names, and many of them variations of the same one. My brain exploded after a while XD... and I gave up trying to remember them all. However, all these things are to be expected of a Saga, and I had prepared myself accordingly, so... I can't really complain. :)In the end, I enjoyed most of it, and I believe it was worth the while! :)"
109,Stacy,
110,Tamra,
111,Felicity,
112,Jordan,"The feuds are very interesting, and the family dynamics are certainly something to enjoy. This is one of the most violent books I've read. Not violent in a verbose manner, but the head count of people killed is astounding. Many die in a brutal way as well. The only issue I have with the Saga is the extensive use of the court system and settlements. It may be interesting to the criminologist or court historian, or even a scholar of Icelandic culture; however, for the casual Saga reader, it can be a bit grating and tiresome. I cannot review this book in a similar fashion to modern novels, as it was written around 1200 AD and not meant for popular consumption, but more as a chronicle of an event and the reactionary efforts of the parties involved. Therefore, the court system and Althing proceedings are necessary. If you were to remove a majority of these proceedings and rulings from the narrative and only employ them when absolutely crucial to plot development, the Saga would be a fantastic, narrative Epic. One may enjoy seeing the events transpire over a long period of time as a result of decisions and rash actions of people generations before. I certainly did, but after awhile, the ancestral relations lose their importance and reading becomes a history assignment of re-reading to find out current motives and just who the hell is fighting who.As it stands, there are many areas of the Saga that leave the reader anxiously awaiting their conclusion and return back to the Epic battles and character interaction. The ending is interesting, but again limited by the extensive use of the court system, the gaps in time and inability to distinguish family from family; thus it becomes slightly difficult to follow.This is all based on a first reading; I definitely will be reading this again."
113,Jack,"Bra skit. Roliga namn.""Torhall Asgrimsson tog så illa vid sig när han fick höra att hans fosterfar Njal hade bränts till döds att hans kropp svällde upp och blod sprutade ur båda öronen tills han svimmade av. Först då upphörde blodflödet. Därefter reste han sig och sade att han betett sig omanligt."""
114,Urd,
115,Emily Held,
116,Alice Handley,
117,Ryan,
118,Will,
119,Linda Mays,"Interesting book, so far. I'm not even a third of the way through it, but it is a true 13th-century Norse tale in that there have already been an awful lot of men picking up their axes and 'dealing a death blow' to their enemy. What a violent era to live in; if you insulted your friend or neighbor, you got an axe to the head. "
120,Madmanden2,
121,Kelly,"No one writes a saga like the Vikings and despite the age of the text, there are very modern themes. I just love it. "
122,Lisa,Njal's Saga (Classics) by Magnus Magnusson (1960)
123,Johan,
124,Turaaa,"Njal's Saga chronicles events spanning several generations in 13th century Iceland, where a unique and isolated (almost anarchic) society tries to make ends meet . The main story is about a series of blood feuds and the attempt to solve them in the annual assembly called the ""Althing""."
125,Thryn G,
126,Ted Milne,
127,Sean,
128,Joseph Michael Owens,
129,Nani,
130,Nikki,"I really enjoyed this one. There's some likeable characters -- even from my soft-hearted modern point of view -- who I really got to care about, which isn't always the case with sagas. I was kind of sad when they went out of the saga. The translation is good, clear and easy to read, and there's helpful footnotes, a good introduction, and other helpful supplementary material. As with all sagas, there's an awful lot of names, but it's still pretty easy to follow.I found some of it amusing in a somewhat macabre way -- especially at the beginning, with Hallgerd's bloodthirsty nature. In the end, the ""eye for an eye"" mentality of the characters becomes amusing because of the excess of it, to me. Gunnar and Njal are refreshing in their refusal to feud with each other.A lot of the saga is based on the points of the law, as well as the killing, which is interesting. Someone compared it to a John Grisham book for the Norse, which... well, I can see their point. ETA: I can confirm from doing my own translations that the Penguin edition has a very good translation: reasonably accurate, and idiomatic while keeping a good flavour of the original style."
131,Banyon Norton,
132,Benjamin,"I read Burnt Njal's Saga back in the mid-1990s for an undergraduate mythology course. I remember enjoying it, though of necessity I had to read it rather quickly. It would be worthwhile to read it again sometime."
133,Nichole,
134,Hannah Notess,"So engrossing that I missed my bus stop once while reading on the bus. I think that is a good sign.Basically guys hack each other to pieces for 50 years until eventually the only two dudes left finally make peace. People who are all like ""Oh our culture is so violent nowadays"" should read this for a little perspective. Because a guy will be like ""Where's so-and-so?"" And another guy will be like ""Oh, I severed his head."" And the first guy will be like ""Oh, that seems like something you'd do."" And then life moves on and somebody owes somebody money. All that being said, it was very gripping!And here is a life lesson: If a bunch of armed men come to your house to kill you, and you are standing there with a bunch of other armed men... do NOT go inside your house.I now present to you a list of extremely delightful names from this book (mostly from the genealogies):Sigurd Snake-in-the-EyeRagnar Hairy-BreeksKetil Flat-NoseUlf the UnwashedMord FiddleOrm Wood-NoseThorolf Creek-NoseHraerek the Ring-ScattererOlvir the Child-SparerBork Bluetooth-BeardOlaf the PeacockThorfinn the Skull-SplitterEystein the NoisyKiller-HrappHamund Hell-HideHjorleif the LecherousGrim Hairy-CheekGunnstein the Beserk-KillerEirik Bristle-BeardAsbjorn the Bald of MyrkriverThorstein Hollow-MouthHallbjorn Half-TrollBjorn Butter-BoxThorstein Cod-Biter"
135,Greta,
136,Lizzie,
137,Tynan,"Sex, curses, murder, battles, Vikings, sass and lawyers. What else could you possibly ask of a book?"
138,Whitney,"This book is metal as hell! If nonchalant beheadings and gripping legal drama set in centuries-ago Iceland sounds up your alley, do not pass this up! There are some religious connotations towards the conclusion that I did not care for so much, but the characters (and there are many) and insights into the legal system at the time are fascinating."
139,Simmie,
140,Grace,"Actually, it's the translation by Magnus Magnusson, but that version wasn't a choice on Good Reads. Biggest down-side of the book: try as I might, I lost all track of who was who about 2/3 of the way through. This seems to be a characteristic of Icelandic sagas. Up-sides: You get names like Ragnar Hairy Breeks, you get a really good look at the religious and political institutions of the day, perhaps the tensest moment of the book is a courtroom drama. Also, Iceland is the world's oldest continuously running democracy!"
141,Joel Erland,
142,Ashley,
143,Sarah L,"It was a good book, but hard to write an essay on. It is like a realistic version of Game of Thrones. "
144,Michael,
145,Rhiannon Boyle,
146,Hearthstone,
147,Stashu,"Incredibly epic and gory, the beginnings of the insurance industry in 10th century Iceland"
148,Adam,
149,Chet Taranowski,It is all about revenge
150,Marguerite,
151,Sam,
152,Zepp,
153,Snik,
154,Irina,
155,Jerry Hyson,
156,WheelchairNinja,
157,Tawrin,
158,Robby,"WOW! If you have ever wondered about medieval Icelandic culture, this book is for you. I had such a fun time reading this book, but don't look for this book to speak well of women."
159,Kate,
160,baxter,
161,Carol Jean,"Too funny -- the original Hatfield/McCoy feud. Or, for that matter, ""The Real Housewives of Iceland."" One jealous woman has her neighbor's manservant killed, and we're off and running. When all the manservants are used up, they begin on one another's kinfolk. By the end of the book almost everyone is dead, and those few left are holding an elaborate trial for reparations. I can barely wait to visit Iceland!"
162,Linda Lund,
163,Debra,
164,Keith Miller,Njal's Saga (Penguin Classics) by Anonymous (2002)
165,Zeshan Sheikh,"Epic Saga, with lots of blood. :("
166,Joseph,
167,Kristian Olesen,"It's a bit trite to give Njal's Saga a score out of five. How do you rate an 800 year-old piece of literature? It has clearly played a more important role in Icelandic society than mere entertainment. It's an historical document, a foundational document, a compendium of cultural aspirations, and mythological story. There are three things to take away from reading Njal's Saga. They are, in ascending order of importance:1. Medieval Icelanders needed a wider pool of names to draw upon. Reading this saga involves frequent consultation of footnotes, family trees, and earlier chapter, just to make sure you're not getting one Hoskuldr confused with the other.2. Medieval Icelanders were about as violent as you would expect. They are easily tricked into killing each other. They are easily goaded into killing each other. They spend a lot of time ambushing each other and lopping off limbs with axes and halberds and swords. The characters whose limbs are lopped off spend a lot of time stoically saying (after losing said limbs) ""You have killed me for sure! Well done!"" and similar things. But then again, they are quite restrained with their feuds (see point 3); no one ever kills more of his enemies than he has to, and once he has killed them he no longer considers the offending clan to be his foes any more. How that family feels in return is a different matter, though...3. Medieval Icelanders were very litigious. Yes! Who woulda thunk it, eh? But they were, and from an historical perspective, this provides a good insight into the tradition of the Germanic blood feud. We are told that northern Europeans in the early Medieval period practised the blood-feud and the accompanying weregeld, but it is rare to have them shown in action. The biggest problem with a blood-feud, of course, is its seemingly inevitable deterioration into a society-wide free-for-all as more and more people get drawn into a small dispute. Njal's Saga demonstrates the importance of arbitration, case law, and compensation in minimising the harmful effects of blood feuds. As a result, Njal'd Saga's most reward aspect is the sense of continuity - we see judge-made law and parliamentary democracy in action in the Althing, and we can see the continuity of that tradition right up to the present day."
168,Caroline,
169,Carolina,Una maravilla
170,Evergreen,
171,Elizabeth,
172,Ravenna De,
173,William,
174,Joe,
175,Maureen,
176,Peveril,Bought before a trip to Reykjavik and started there.
177,Joel,"Finished this today. It's amazing how accessible the characters are. Some of them are pretty funny... The weird part was the multiple chapters of legal proceedings! More detailed than Grisham, for sure..."
178,Jon,"Somewhere in Iceland, sometime around the Christian conversion of the island, there were more heads than axes, and someone had to do something about it. A romp written in beautifully abrupt language."
179,dogukan,I will never forget the battle at the althing. Crazy mofo Thorhall
180,Valerie,"This is a great translation, recommended to me by the extremely knowledgeable man working at the Njal's Saga Center in Iceland. It was filled with right out of Monty Python moments of, ""It's only a flesh wound."""
181,Tomdestefano,"Good stuff. Battles, blood feuds, and intrigue with some legal drama thrown into the mix. It can drag at points, but worth the work in my opinion. "
182,Fridrik,
183,Rebekah,
184,Chad,
185,Kate Lansky,
186,Alisha Chico,"I think that this book would definitely be best if read out loud, however it was still a great read. It offered some really great insight into the everyday lives and laws in Iceland in the 13th century and even though there was *a lot* of slaying going on and multiple tones that I shook my head I still cared very much for a lot of the characters and greatly enjoyed the book :-)"
187,Erin,"i've started it twice, but the style makes it difficult for me to stay in the story"
188,Eric,
189,Graeme,
190,Dos,Very interesting read especially from a historical point of view. It is easy to read but hard to remember who is who and who did what since it consist mainly of a lot of small stories about marriage and murder only.
191,Gilbert,
192,Svana Hildolfsdottir,
193,Boris,
194,Amy,
195,Briana,"The storyline of Njal’s Saga can seem hopelessly complicated at first glance. The tales are based on historical events, so there are a number of people who play only minor roles, there are long lists of characters’ ancestries, and there are people who share the same name. However, just a little way into the book, the reader should be able to pick out and focus on the key characters with ease, and once he does, he will become wonderfully invested in their lives. The cast of Njal’s Saga is quite fantastic, ranging from old wise men to battle-eager youths and more than a few strong-willed women. Even though good characters die throughout the tale, there is always another hero who comes to forefront for readers to love. Anyone who likes a book that establishes great character relationships and includes lots of action will enjoy Njal’s Saga.The action results from the tension that grows around the main themes— honor and masculinity. In this period of Iceland’s history, anyone who murdered another man was required to pay for his death with money. Theoretically, this practice should appease the family of the victim and prevent blood feuds from developing. In Njal’s Saga, however, the system only occasionally works. There subsequently develop questions over whether it is more honorable for a man to peacefully accept compensation and maintain old friendships or whether it would be more manly for him to enact a killing of his own in revenge. Both answers, at different times, appear to be correct. Other questions of masculinity are what the implications are if a man is beardless, whether a man must delight in killing, and whether it is acceptable for a man to cry.More minor themes include the role of women in society, the arrival of Christianity in Iceland and its interaction with the old religion, and how the law can be cleverly interpreted for one’s own gain. This may sound like an outline for a history lesson, but it is quite refreshing to encounter demanding women who curse their lovers or call for revenge in a medieval text, and it is marvelously entertaining to watch what tricks the men will come up with next to skirt the law. I would and have enthusiastically recommended this to casual readers for fun, not just to students of the Middle Ages.This review was also posted at Pages Unbound Book Reviews."
196,Shane,"This was shockingly good. I had heard about this a year ago and attempted to read it, but found it boring and quickly moved on to something else. A year later I return and find it to be one of the greatest works of literature I have ever read. *shrug*It's sort of silly at parts, like a norseman leaping over a river, landing on ice, sliding to a man and axing his head causing his molars to fly out, proceeding to slide across the ice block, past 12 armored men, and escape free. But it seriously is a complex work of fiction: death, betrayal, love, honesty, masculinity, etc. are all present on every page.I interpret the saga's main point as trying to prove determinism; or, more precisely, the cyclical and inevitable fits of violence between men. Men are like imps, being puppeted along by the universe in a turning wheel of death and life. In fact, witches of some sort at the end (spoiler) sit around a pile of carnage and sing verses. One of the lines are:We wind and windthe web of spears,there where the bannersof bold men go forth;we must not lethis life be lost-Valkyries decidewho dies or lives----Forgetting all the darkness, the saga is just simply beautiful: I found myself feeling that many scenes could have been parts of Shakespeare's plays. Which is funny, because I think I might have found where Shakespeare stole the end of Macbeth from:""They ran after those who were chasing the fugitives and told them of the fall of King Brian. Ulf Hraedo and Kerthjkalfad turned back at once and formed a circle around Brodir and his men and hemmed them in with branches; Brodir was the taken as prisoner."""
197,David Hunt,
198,Miriam,
199,Rebecca,
200,Chris Feldman,
201,Justin,
202,Ke,"This work is somewhat in vein of Le Morte d'Arthur as it includes a lot of smiting and traveling. Maybe most readers are aware that the Icelandic judicial system is quite developed, but that fact was new to me. "
203,Marina,
204,Patrick,
205,abcdefg,
206,L. (Climbing Mt. TBR one page at a time),"Here's how it goes: There are these two women, Hallgerd and Bergthora, married to Gunnar and Njal. Hallegerd's a troublemaker right from the start. She's had her first two husbands knocked off. Njal and Gunnar are firm friends but the women can't stand each other.Hallgerd orders one of her workers to go kill one of Bergthora's workers. The husbands then apologize over the mess and one pays the other for the cost of the dead man. Bergthora orders one of her people to go kill one of Hallgerd's people. The husbands meet and pay up. And this goes on.Normally I don't condone violence towards female characters, but in this case Gunnar really should have taken Hallgerd outside and slapped her around a bit. But I guess he was afraid of getting rubbed out too. What they should have done was have these two women get together and duke it out between themselves to settle matters once and for all. Now there would have been a saga."
207,Stuart Massie,
208,LillaSusanne,"If you can get past all the names, this one is a true masterpiece"
209,A. Hotzler,"Blood. Violence. Vengeance.This is what we mean when we talk about ""The Saga of Burnt Njal."" I liked it, but the ""Volsunga Saga"" remains in the top position; it remains the golden standard, I suppose. Njal and Kari--even Flosi to a degree--are honorable, well-respected men, but the intervening twelve chapters of Iceland's Christian conversion, as well as the minute details of legal procedures at the Althing just didn't do it for me. Fascinating to know, ja, but this was my ""bed-time reading."" Perhaps I set unrealistic standards for it, or, more accurately, had misconceptions on what I thought it would be when I began.For medieval literature, though, I would certainly recommend it, nevertheless."
210,Padraig MacIain,
211,Matthew Walden,
212,Marlitharn,
213,Craig,
214,Jandy,
215,Adela,
216,Alejandro,a classic. go read it now. and then go to iceland.
217,Colin,"One of the better Icelandic sagas, in my opinion. Great family histories combined with wonderful supernatural elements - portents and sorcerers and magical weapons and Valkyries!"
218,Kasia,
219,Hubert,
220,Robin Smith,"Wow. After visiting Iceland earlier this year and hearing about their violent sagas, I was somewhat prepared for Njal's Saga. But this supposedly renowned 'prose' is nothing but a series of ridiculous murders sprinkled with a small amount of history, such as with the Allthing and the Fifth Court. All the blood killings really get tiresome."
221,Peter,
222,Joe Sacksteder,
223,Jaime,
224,James Boone,
225,Matthew Jones,
226,Shelly,
227,Kimberly,
228,Austin Spence,"Fantastic Saga. Makes me long for how things used to be. No proverbial egg-shells that had to be carefully tread around; just simple, straightforward truth and honor. This book is grand, and has a lot of subtle (and many times not-so-subtle) questions and answers to philosophical dilemmas of our times, and in story-form too! I approve of this book as a grand read for anyone interested in a good story of Norse origin, and interested in the basic philosophy that is a part of every-day life.Bravo!"
229,Jody,
230,Holly,
231,Douglas Dalrymple,"In the modern era most generations of most families tend to pass their time in unremarkable ways. We’re born. We go to school. We work. We marry and maybe have children or even grandchildren. Then we die. Along the way we move house two or three times and take up a hobby. You are likely to be disappointed in reviewing the list of your known ancestors if you want to discover evidence of blood feuds, rapine, piracy, and superior skills in hand-to-hand combat involving axes and halberds. If we’re to believe the sagas, however, life was almost entirely composed of these activities for the early Icelanders. I’ve read only two of the sagas so far, the Laxdaela Saga and now Njal’s Saga. The former is brief and fairly tight. The latter is richer and better, but sprawling and exhausting. How many decapitations are too many? How many severed limbs or spines? How many curses and oaths? How many impromptu versifyings from the ghostly dead? It’s all very exciting but it’s also enough to make you grateful for an unremarkable life of peace and quiet."
232,Katie Bliss,"Jason raved and raved about this book, selling it as a courtroom drama/epic blood feud, just an amazing piece of Icelandic history that I HAD TO READ. I'm not going to disagree with any of those things except the last one. I'm sorry, but I got bored. I got bogged down in all the names, new characters and repeating storyline. It felt like reading Numbers in the Bible, which isn't the most exciting book of the Bible, if you know what I mean. It was interesting to read about their culture and lore, but I really had to force myself through it."
233,Rocky,
234,Cheryl,
235,Michael Saddoris,
236,Mikhael,
237,Dieda Vorkosigan,
238,Kit,"This is one of the most exciting books I have read in a long time - blood feuds in 10th c Iceland. Kind of like a mix of Deadwood (or Brisco County) and those Martin novels, except predating them by 700 years, and based on a true story. Graphic violence often leavened with some dry humor. Why every fantasy reader doesn't know about Gunnar and Njal, etc, is incomprehensible considering how awesome this saga is. Halberds, spears, swords, prophetic dreams, chases on horseback and ship, numerous beheadings and dismemberments, witty last words.FYI I read the Magnusson/Paulsson translation from the 50s."
239,Asa,
240,Kim,
241,Thom Dunn,
242,M,"I think this is my favorite of the sagas I've read so far. The writing style is more vivid and enjoyable than the other sagas, and I like the way the translator has tried to make it close to how it reads in Icelandic. The supplementary material is very helpful. I liked a lot of the characters, though I think Gisli from Gisli's Saga may still be the character I've found most sympathetic. The plot was good, and I enjoyed seeing scenes of legal battles between the characters. Also, there's a somewhat happier ending than in many of the other sagas. I think that if I were to want to get someone to read the family sagas, I'd most likely recommend this one."
243,Jonathan Ford,
244,Duntay,"A legal saga with gratuitious violence, revenge,strong characters and what I would call magical realism. It makes me want to visit the site of Njal's farm in Iceland - a country I am fascinated by but only get to pass through .And our cat is now called 'Ragnar Hairy - Breeks'"
245,Eduardo Santiago,"The saga: surprisingly readable—and relevant. An all-too-human tale of honor, vengeance, redemption; of mistakes and acceptance and occasional learning. The characters are multidimensional, believable. The setting was especially vivid after having hiked some of that area. This is a moving story about flawed people doing what they think is best in difficult times. Like reading Seneca or Marcus Aurelius, useful as a reminder of how little we've changed.The Penguin Classics edition: outstanding. The modern translation flows well. Excellent introduction, end notes, genealogies, maps."
246,Geoffery,
247,Sofia,"In short, this is a narrative written in the 13th century, relating events that took place centuries before that, so much so that it now feels like the stuff of legend. The language is simple and quaint, which is a plus given there's plenty of violence under the guise of duels and family feuds. Violence is described in the most matter-of-fact way I've seen in a while: 'person x chopped off person y's leg, then struck to the heart and so person y died' - end of story. There is no gore or glorification of the kill. One of the passages that stuck with me is the ambush and burning of a particular family's house, not for the faint of heart.But what I liked most is how certain truthful historical elements are portrayed, the description of the tribes/families assembling officially as a 'Thing' and all the diplomacy and (dirty) politics this would often involve.All in all, I was pleasantly surprised by this."
248,Mark Dickson,"Allow me to summarize:A kills BSome old school lawyering occursA pays B's family, everything's coolBut then someone in B's family kills ARepeat.For anyone interested in medieval or Icelandic history/literature, this is actually a great read. The plot's pretty flimsy, but the repetition and focus on bloodshed effectively reflect how brutal times probably were."
249,Inga Ingvarsdóttir,This story has captivated me like no other. It's hard to believe that it was written over seven hundred years ago because it's incredibly sophisticated in so many ways. And is even relevant today.
250,Poe,
251,Ian Wolfe,
252,Sarah,
253,Cwn_annwn_13,"Yet another great Icelandic saga. Much of the usual sort that you would expect in these sagas. Blood fueds, witchy supernatural prophecies coming true, coniving women, outlawry, and more blood fueds. What could you expect in a society where one was almost obligated to kill someone for even the slightest insult or to not would mean losing ones honor and respect? Also provides a look at the legal system of Iceland during this time period, (you could more or less legally kill someone as long as you had the money to compensate their family) and an account of the Icelanders gradual conversion to christianity. "
254,Ahimsa,
255,Buddy,
256,Genevieve,
257,Jon-Erik,
258,Stephen,
259,Bruce Macbain,"This is acknowledged to be the greatest of the Icelandic family sagas: abounding in characters, both noble and ignoble; full of stirring action. I read it last week while I was in Iceland and able to visit some of the locales where it takes place. What an experience!"
260,louisa,"I've slowed down as I approach the burning. The introduction of Christianity to Iceland is quite violent. Also, so much lawyering and assemblies.Democracy, Christianity, lawyers, and revenge."
261,Miela,
262,Vanessa,"Blood feuds and prophecies and gory revenge and the intricacies of 13th-century Icelandic legal procedure! What's not to like? This is the story of several intertwined blood feuds, marriages, lawsuits, and raiding trips (they really endorse raiding trips as a healthy educational experience for a young man), but especially of the burning of Njal, the greatest lawyer in Iceland, and the revenge pursued for that burning. Many of the characters are compelling and memorable, which is impressive, considering there are about 600 of them, and they are all named Thorgeir or Thorhall or Thorgird, and new ones just keep coming until the bitter end.* But keeping track of the family trees in the back is cool and gives you a sense of the sprawling intergenerational drama going down. Per the Icelandic legal system, when someone kills your friend or relative, you can take blood revenge, litigate, or agree to arbitration. Possible outcomes involve money, outlawry, or more blood revenge. That's about it. But, seriously, screw up the legal procedure, and you are hosed. Suits quashed all over the place for failure to name the right number of neighbor-jurors who were the correct distance away from the crime! Also, it doesn't matter if the killing was justified or not. Cultural relativism! So most of the action and the drama comes from (1) feuding and fighting and (2) trying to find a legal solution to the feuding and fighting. The saga really holds together as an overall story, not just a bunch of disconnected episodes. The struggle between law and violence arises again and again, as does the futility and tragedy of cycles of revenge, and the tension between honor and love (also the fact that you should never marry Hallgerd, but that's another story). You start to see the concept of forgiveness become more widespread once Christianity arrives on the scene, but it's definitely not just a conversion narrative. People like Njal and Hall of Sida were advocating for forgiveness and empathy and peace way before monotheism decided to show up. The final reconciliation is actually very moving, after all the bloodshed and pain. This is also really fantastic translation and edition in general. The introduction and the footnotes are hugely helpful but also readable and entertaining. The glossary, family trees, and additional plot summary are also a big help. You kind of just have to embrace the saga style. You will get a lengthy description of the lineage of every important character (and of lots of characters that you basically never see again). For example:""Now the saga shifts west to the valleys of Breidafjord. A man named Hoskuld lived there, the son of Dala-Koll. His mother was Thorgerd, the daughter of Thorstein the Red, who was the son of Olaf the White, the son of Ingjald, the son of Helgi. Ingjald's mother was Thora, the daughter of Sigurd Snake-in-the-eye, who was the son of Ragnar Shaggy-breeches. Thorstein the Red's mother was Unn the Deep-minded; she was the daughter of Ketil Flat-nose, the son of Bjorn Buna. Hoskuld lived at Hoskuldsstadir in the valley of Laxardal."" So, now you know Hoskuld. Note: how great are these names? Then you get a lot of highly specific but matter-of-fact descriptions of violence and gore: ""Kari's sword struck the hilt and glanced off onto the wrist and cut off Modolf's hand, and it feel to the ground with his sword, and Kari's sword ran on into Modolf's side and between the ribs. He fell then and was dead at once."" ""Kari lunged with his sword at Lambi's chest so that it went out between the shoulders; that was his death."" ""Kari swung his sword from where he had pulled back and hit him at the top of the thigh and cut off his leg. Glum died at once.""Spoiler alert: this Kari guy kills a lot of people. ""A little later he dealt a death blow to Gunnar of Skal, a good farmer."" Note: this is the first (and last) we hear of ol' Gunnar of Skal. Let it not be said that he wasn't a good farmer. ""To turn now to Thorhall:** a messenger came to him and told him how things stood, how they would all be outlawed and how their suits for homicide had all been quashed. When Thorhall heard this he was so upset that he could not speak a word. He sprang out of his bed and seized his spear, Skarphedin's gift, with both hands and drove it through his leg. Flesh and the core of the boil clung to the spear when he had cut open his leg, and a gush of blood and a flow of pus poured like a stream across the floor. He then walked out of the booth without a limp and moved so fast that the messenger could not keep up with him, all the way to the Fifth Court."" YIKES! GROSS. But Thorhall IS kind of a badass, right? He walked out without a limp! These guys put a lot of stock in stoic manliness. You may, too, by the time it's all over. Anyway, you get the idea. This is really, well, epic. Highly recommend!* I think I actually said ""are you KIDDING me?"" out loud when three more important characters were introduced within the last 15 pages of the 300+ page book. **Seriously, though, there are so many characters, and everyone is named Thor-something. And there are multiple important Gunnars and Hoskulds and Kolskeggs with related foster fathers and oh my god. Makes Dostoevsky look like Harry Potter."
263,Peter Macinnis,
264,Jp,
265,Tycho,"An absolutely fantastic book. My dad recommended it to me become I had enjoyed the odyssey so much, and I decided to give it a shot. The book chronicles the life of the descendants if an Icelandic man named Njal, and the events leading to his burning. It's a great read if you love epic poetry, especially the bloody stuff."
266,Traczie,
267,Mel Reusché,
268,Brant,
269,Rhod,
270,Maggie Ferguson,"The men were witches. The women bloodthirsty and vindictive. The men paying blood prices for the men that their wives had killed by other men. A queen cursed a man in bed after he left her to marry another. A male witch caused fog to rise up and block attackers. When a large plan was about to take effect, a torch was run....on horseback and the rider rode into the flames. Njal was part Odysseus in wise, cleverness. Thrain, other Tolkein names, and grey cloaks/white cloaks were wandering around."
271,Brad N,
272,Jesslyn,
273,Brittany,"I need to read a better translation, I think. "
274,Matthew Buell,
275,Allegra,
276,Carley,
277,Mark Kaplan,
278,Louis Bouchard,My favorite Icelandic saga!
279,Geoff,"Njal's Saga is a tale of feuding and revenge set in Iceland during the Viking era. The story was written down centuries after the events described, and was probably based on an oral history of (mostly) true events. This means that if you approach it expecting a structured novel with a clear beginning, middle and end you might be frustrated. As an account of historical events it doesn't neatly fit into the novel format, and as a tale originally spoken out loud at length, the saga is broken up into lots of shorter sub-stories and vignettes to keep the listener interested.The story itself seems, to modern eyes, to be about the futility of tit-for-tat revenge and the cycle of violence which consumes entire generations of Icelandic families. The characters of Gunnar, Kari, Flosi etc are prisoners of their own codes of honour, and even wise Njal can't escape a gruesome fate (the burning of Njal and family in his longhall is the standout sequence in the story). Even the mid-story introduction of Christianity doesn't immediately solve the problem. In common with a lot of fiction from this era the saga is suffused with a sense of doom - characters know their actions are self-destructive but persist in them anyway. It makes them seem pretty daft to us today, so you're forced to adjust to a very different mindset when reading.What's particularly great about this saga is the way that despite the confusing abundance of similar names, individual characters still shine through. Selfish Hallgerd, perceptive Njal, weary Gunnar, pragmatic Bergthora and my favourite, the sardonic Skarphedin whose smart mouth lands him in a lot of trouble. It's also a brilliant snapshot of a vanished world - who knew the Vikings made use of such an elaborate legal system to (attempt to) address their disputes?"
280,Martin Cochran,"Life was different in 10th century Iceland, apparently."
281,Brent,
282,Shawn Sturgeon,
283,Jeremiah Gould,
284,Lishesque,Learn Old Norse before reading this.
285,John,
286,Paula,
287,Joanne,
288,Kristina  UK,
289,Anders Petersen,"I didn't really like this book. Not that the themes in it were bad, just felt that the book progressed really fast and the narrating was kind of boring. It was just this person did that, then he rode out to do that, then he came back to do that etc. Also the story follows a lot of different characters. They are described over many years, in just a few chapters. I felt the books just moved too fast, without much content in it. I must admit I didn't finish it, but I know I wouldn't have liked it, because the chapters I read was all too similar.If you like sagas, you will probably like this one. It was just not a book for me.1/10"
290,Leonard Pierce,"Yes, it actually exists outside of Monty Python routines! This is the most famous example of the Icelandic edda form, so if that's you're sort of thing, then by all means pick this bad boy up."
291,Eirikur,
292,Jennybeast,
293,Jessup,
294,Rudyard,"You will like this book if you like-Historical Dramas, Shakespeare, Historical Adventure, Fantasy, Game of ThronesThis book is not meant to be designed as fiction, but it sure holds up as good soap opera, Drama and adventure. This is my personally my second favorite Medieval epic (only second to the Niebelunglied). This book falls out of the length pit that is often the doom of that many medieval epics fall into either being to short (like Beowulf), or to long (like Heimskringla). This book is a comfortable 300 pages. The warring clans killing each other in a endless blood feud will please fans of Game of Thrones and Shakespeare. The reasons for the blood feuds will please fans of soap operas and the endless violence and action will please fans of Adventure. On the downside, the characters all die off to quickly to actually have character development. Also, there are so many unnecessary characters that go no where and it is often hard to distinguish between characters do to the sheer amount of them The story is immensely complex and probably not one should take on, when one would like something light."
295,Nicholas Whyte,"http://nwhyte.livejournal.com/1426782.htmlIn a week when people have been thinking about Iceland for other reasons, it was odd to be reading Njal's Saga, much of which takes place around the very slopes of Eyjafjallajökull. Though actually I found certain similarities also with the developing world today; Njal's Saga is in part about modernisation of an agrarian society, and the challenges caused by economic change to traditional patterns of internal conflict resolution. It was recommended to me ages ago by this detailed review; I can't add a lot more to what she says, except to add my praise for the sparse writing style, the three-dimensional characterisation, the (mostly unsuccessful) attempts to resolve family feuds through law rather than blood, the sense of a small, isolated community which is none the less intimately connected with the rest of the Norse world (one of the set-pieces towards the end is the Battle of Clontarf). Tremendous stuff."
296,Lindsey,I like the straight-forward manner of the sagas.
297,Komadori,on hiatus
298,Dane,
299,Jess Pardue,
300,Jason,
301,Adam Gutschenritter,A great story of betrayal! It would make a GREAT movie!
302,Margrét,"This was the fourth Icelandic saga I've read, they've all been for school. I have also read Laxdæla, Hrafnkela and Gísla saga.I read Njála in Icelandic, so I don't know anything about this translation. But the old-fashioned Icelandic can be really hard. I understand everything, but It's definitely not a fast read.The thing I have noticed about the sagas is that they are really great - when I have finished them. They're not quite as fun while I'm still reading them, trying to force myself to continue reading in spite of all the long-winded law stuff and complicated family trees.But when I'm finished I'm glad I read the book. That's because the sagas are so much more, they are stories about honour, love, betrayal, friendship and revenge. These are stories of my ancestors, people who were among the first Icelanders ever. This is the Icelandic heritage and I'm more aware of my history when I've read the sagas.Njála is pretty special, because almost every Icelandic adult has read it. Everybody has heard of Gunnar, Hallgerður and Njáll and everybody knows the basic story, even if they haven't read the book. The culture is full of references to it and the language is full of sentences and expressions from it. A liar is even called lygamörður (lying-Mord) and a traitor is called svikahrappur (deceiving-Hrapp) after characters from Njála.All in all, Njála is a good book. It’s a must-read for all Icelanders and I’m sure others will also find it very enjoyable. However, I do not recommend it if you have read other old sagas and didn’t like them or if you don’t have patience for old-fashioned books."
303,Steve,
304,jessica hui,
305,Oscar,
306,Katarzyna,
307,Timothy,
308,glasses like clark kent,
309,Ewian,
310,Ryan Sarver,
311,Riley,
312,Greg Tolle,
313,Richard,The most fun of the Icelandic Saga's - good narrative and lots of 'farmers coming to blows' most of the people in it seem to end up dead... but very enjoyable and a great insight into the Icelandic psyche.They all read them at school there... But if you ask why Gunnar's wife refused a lock of her hair for his bow (which meant they both died) you may be surprised what people over there say!
314,Troy Soos,
315,MBybee,"Fantastic story, but it partially depends on which translation you get."
316,Kenny Shovel,
317,Caitlin,Read for Dr. Turner's Epic class
318,Hillary,"so far my two favorite characters in this book are ""runmar shaggy breeches"" and ""ulf the unwashed"""
319,Carl,"I'd probably be lynched if I gave this classic anything less than 5 stars. When I first read it in high school I was bored and lost-- hadn't yet learned to read lit from other time periods. Now I'm a bit more appreciative of the masterpiece this saga is. A bit misogynistic, possibly, with the way women get blamed for the violence of the feud system while men are portrayed as noble and on the side of ""law"" (though of course law and feud were very closely intertwined in Medieval Iceland), but very interesting and engaging. Definitely the classical family saga at it's height. "
320,Yes & Not Yes,
321,Cait,
322,Phil,
323,Trevor,
324,Christopher Thompson,"The tale of Njal and his eventual downfall. Icelandic law, magical Halbreds, and hewings, this book has it all. It takes a while to get use to the sparse storytelling style, but I think it fits well with the setting and the world the saga describes, short, brutal, violent, but moving. "
325,Alexandra,
326,Britta ,
327,Michel,
328,David Vazquez,
329,Raymond Sauvage,
330,Gretchyn,
331,Lex Hogan,"I will definitely need to re-read this at some point. It was rough, and by the end I hadn't absorbed any of it. Most of it was a trial. Like I really want to read about THAT."
332,Rachel,
333,Lars Noodén,
334,Kristi Thompson,
335,Hubdiggity,"Kill a man? Better pay up. This saga walks the tightrope between telling the evils of medling women and the ubiquity of blood-lusting revenge. Also it teaches you all kinds of ways to weasel out of murder in a trial, if that's what you're looking for. I've read this whopper twice, and with characters like Skarp-Hedin, Hoskuld, Lambi Gunnarsund, it never ceases to be entertaining."
336,Edward,
337,Laurel,
338,Lauren,
339,Shannon,
340,Julian Cribb,"My favourite saga by a long chalk. Love the personalities, lots of light and shadow, the tragic majesty of this remarkable story, the spine-chilling scene of Gunnar's fetch singing in his grave. Having fished at the very place on the river where Skarpheddin leapt the ice-floes to axe down his enemies (not far from where his father Njal and his home were burned), it seems especially vivid. Can't think why there aren't more epic movies made of these enthralling tales of human magnificence, vice and weakness.PS: At the Althing, if people couldn't agree any other way to resolve their differences, they gave them each a broadsword and send them down into the gorge to sort it out. Can't help feeling modern politics would be enhanced by the adoption of such methods."
341,Tom Doyle,
342,Nall,
343,Tim,
344,Martha munters,
345,Laura,
346,Jeffrey,
347,Esther,"having been in iceland in 2007, i needed to find out what is behind this story whose characters are referred to every other corner in iceland. quite interesting story even though not absolutely true to history and quite different to our ""middle european"" way of life"
348,Maite,Muy buena hasta la muerte de Njal. A partir de ahí se puso pesada.
349,Leith,
350,Tpiac,
351,ester,
352,Tonks,"I just love sagas, the way they're written is unusual but you soon find it normal. Njal's saga is one of the best, as well as Ejil's but I haven't read for a while so will have to fill this in more later. I'm sure Chris says something more useful..."
353,Todd,
354,Peter Leonard,
355,Reid,
356,Greg,
357,Christian,
358,Mitchell,
359,Houston,
360,David Agraz,
361,Janni,"Reading the Icelandic sagas feels like reading epic fantasy--written 800 years ago, yet still familiar ground. (Only with more blood feuds and lawsuits. :-))I don't know where to begin talking about all the things I love about this saga ... all the individual bits that move or amuse me, and the ways in which those bits all fit together. Maybe it's enough to say that I was hooked from the line, ""I do not know how the eyes of a thief have come into our family.""And that every time I reread it, I take something new away."
362,Julie,
363,Julia,"My favorite of the books I read for my Norse Mythology course this semester. I truly became attached to some of the characters, which I hadn't expected. It had a surprisingly compelling plot and I was fascinated to the very end."
364,Maan Salha,"The power of description in Njal's saga, is to be reckoned with. No other work of great worth is comparable to Njal's saga, when it comes to the way it was devised, and written. It's simple, but complex, the way the story tells itself is but a sign of it's complexity. The way it describes everyday life back then in Iceland is the beauty of simplicity. My thoughts about Njal's Saga may not make sense. But please I implore you to read it again, and understand the culture. "
365,Pete,"Fascinating view of Icelandic society, and the strange mixture of formal law, lawyers' tricks, jury selection, etc, on one side, and vigilantism, kinship, honour and violence on the other. Also made me think of all the Noggin the Nog tales read in childhood. Magnus Magnusson translation was nice easy read."
366,Tyler,
367,John Barclay,"Read this for an oral storytelling course that I took in Uni. It was more interesting than great, but there was so much going on that I could see why it was worth the read. I used some of the stories and images later in D&D campaigns to great effect."
368,Fay,"I first read this 20 years ago. The women were portrayed as being beautiful but psychopathic troublemakers who started the whole fight; and the men mostly had beards and names that sounded like someone clearing their throat. By the end most people have been killed, in ways that get more grisly as the story goes on, and you can't help feeling that both sides were as bad as each other. I think the moral of the story is that men with beards are bad news."
369,sanguis,
370,Steve Love,
371,Will Kent,
372,Viky S. Deneault,"I did not like the translation ( I wish names of people and places stayed in Icelandic).This tale was sometimes hard to follow because there are many characters introduced, but complex stories are definitely interesting. It's a wonderful saga! The Middle Ages are often looked upon as being a very dark period, but the sagas prove that there is much more to this time period than one might expect. Great read if you are interested in Northern Europe's history. Certain characters travel a lot and you can see their relationship with kings and earls. Another great aspect is the Althing that was unique to Iceland. There is also the convertion of Iceland to christinism. I could say much more, but I'm simply going to add that this saga is great and gives tones of historical information (indirectly, you have to analyse a little) while still providing a lot of action! Fights, premonitions, Wicked characters etc. "
373,Christopher,
374,Stout,
375,Larou,"Njal's Saga is by far the longest of the sagas of the Icelanders, and it appears to be the general agreement that it is also the best among them, an assessment that I am not going to deviate from. In principle, Njal's Saga is just like the other sagas (The Sagas of Icelanders) - it has their freshness and immediacy that are striking for texts that are hundreds of years old, it has their sparse, laconic style, their reliance on action and dialogue, their absence of psychology and their emphasis on geographical and genealogical placement of their characters. In short, it has everything the other sagas have - only more so.This is not just a matter of length - what I found most striking about Njal's Saga is how very vivid it is. It's language is not any more florid than of the other sagas, but just as reduced and simple, and yet it somehow manages to paint a much more colourful picture of the events it relates - it rather feels like the widescreen Technicolor version of a saga. It probably does have something to do with its length, and that it dwells just that tiny but decisive bit longer on what a character is dressed in or what exactly he does in a fight, but I don't think that quite suffices to explains why people and events in this sage possess such an immense plasticity that makes their down-to-earth-ness almost tangible for the reader as if the book's pages were just a thin, icy mist behind which we catch glimpses of the untamed, violent Norsemen feasting, sailing and fighting each other.Njal's Saga is also somewhat clearer structured than most other sagas - it consists of two quite distinct parts, the first being about Gunnar, the various strifes he got involved in and his final downfall, and the second the story of his friend Njal, his death and the vengeance for it. The first part takes place before the arrival of Christianity in Iceland, the second after its Christianization, in the first part most conflicts are solved peacefully, in the second most end in violence - one can't help but wonder whether there might not be be some implied reflection on Christianity on part of the anonymous author implied in that. Another thing that places Njal's Saga apart is the uncommon emphasis it puts on the law - not only is it stated several times that it is the law that keeps a society together and that it will come apart if the law fails (as is demonstrated by events in the saga), not only are there an uncommon lot of trials in this saga, but they are also described in unusual (and, it has to be said, occasionally tiresome) detail, to the point where Njal's Saga reads almost like the Medieval Icelandic version of courtroom drama.There are some issues with this saga for the modern reader, chiefly its repetitiveness - basically, events here consist of a seemingly endless succession of slayings, trials, and vengeance which causes more slayings, more trials and more vengeance. There is not much difference in the way those events unfold either, so things can get somewhat tedious if one tries to read too much of the saga in one go, and therefore judicious rationing is strongly recommended. And with the length of the saga, it becomes even more difficult to keep track of all the persons and there relations to each - thankfully, the Penguin Classics edition I was reading is not only excellently translated (as far as I can judge that, of course) but also very well-edited, with a helpful introduction and footnotes.This is definitely the saga one should read if one wants to read only one of them, although it is hard to imagine anyone wanting to stop after this one, they're as addictive as crisps (at least unless they tried to read the whole thing at once - just like crisps one can easily overstuff oneself), but significantly more nutritious. And while I don't usually don't do quote, I just have to put in this one, showing how just names mentioned in passing already are stories in a nutshell:""A man name Hoskuld lived there, the son of Dala-Koll. His mother was Thogerd, te daughter of Thorstein the Red, who was the son of Olaf the White, the son of Ingiald, the son of Helgi. Ingiald's mother was Thorn, the daughter of Sigurd Snake-in-the-eye who was the son of Ragnar Shaggy-breeches. Thorstein the Red's mother was Unn the Deep-minded; she was the daughter of Ketil Flat-nose, the son of Bjorn Buna.""I doubt that ever before or after genealogy has been more fun. And maybe that is the reason why Njal's Saga impresses itself so vividly on the reader's mind: with all the fighting, the deaths and the maimings (there is an astonishing amount of limbs getting cut off in the course of the saga), with all the underlying fatalism, there also is an air of joyousness blowing through these tales, a boundless glorying in life and its pleasures; and no matter how rough those might appear to the modern reader some of that exuberance jumps over like an electric spark across the centuries and makes this saga so much fun to read."
376,Mark,
377,Gaby,
378,Kasey,
379,Gabriel,
380,Tsukiko YAMAMURA,
381,Morgan Mussell,"This best known of 40 surviving Icelandic sagas was written in the 13th or 14th century. It deals with events that happened around over 50 years around the turn of the millennium. It's not exactly a beach read. The best comparison I can make is to The Illiad. If you're interested in the history of epic storytelling as well as checking out one of Tolkien's inspirations, you may want to have a look. I'll be reviewing it on my blog soon and will post a link. "
382,Margery,"Written in the 13th or 14th c. and the favorite Icelandic family saga of many scholars. At Pg. 200 (100 pages left), I'm enjoying the family sagas and the descriptions of medieval Iceland, Denmark, Norway, and the British Isles that it paints for the reader. However, it is filled with a lot of unnecessary violence."
383,Sarah Fisher,"My least favorite of the sagas. This one is very long and very hard to follow. There's zillions of names tracing back many generations and it's just so confusing I lost the story. Basically, there's a feud. One person kills another person and so their family kills again and so on. Unlike the other sagas, this one just got extremely repetitive."
384,Charles Stanford,
385,Carrie,
386,Nick,"Honestly, this book is at times enticing and at others ridiculously silly, even for an Icelandic Saga. It is a great teaching tool however in demonstrating the conversion of Iceland to Christianity, about revenge killings, and kinship cultural ties in Icelandic Viking History. A great classic read!"
387,Troy,
388,Esarah,
389,Margot Early,
390,Sue,
391,Andi,
392,Naomi Mullman,"Most of the story is episodic and somewhat disjointed. As a result, it feels very repetitive. In the last third of the book, the story comes together with a big battle and reconciliation, and becomes much more engaging."
393,Mari,
394,Jemma,"Sadly, this is one of the most disappointing books I've ever read. If only I'd read the introduction before purchasing, where the reviewer summed it up as ""Icelanders fall to blows"". This is possibly the most accurate pithy description of a book you might ever find because that is all it is about. Seriously, this Icelander kills or maims that one, so another kills and maims someone else and so it goes on... and on... and on... About the only people who could love this book would be Mafioso types, or anyone involved in blood feuds or perhaps particularly bloodthirsty little boys. It would possibly make good bedtime reading for them, at least it would be better than gubbins about trolls, dwarves etc. as this is essentially real.Unlike the Odyssey or the Iliad for example, you get no great journey in this. I had expected more about seafaring in the middle ages and possibly something about Vinland, or America, as we now know it. Characters embark on voyages only to fight somewhere else and the only real description of their vessels comes if it is part of a battle. Even the pilgrimage to Rome is described in a few words, there is no account of the journey. There is no rounded picture of Icelandic culture either. There is a lot of mention of resorting to the law but these episodes only punctuate the fighting. They seem to be more about establishing and policing the rules of fighting than establishing the rule of law as the law exists mainly to apportion how much revenge you can exact. To be fair though, perhaps this is better read in the original. I'm reliably informed that it is good in Danish and I take my friend's word for that but sadly, I had the misfortune to struggle through the English version."
395,Geoffrey,
396,Jonathan,
397,Terese,
398,Hanna,
399,Susann,
400,McKenzie Cottrell,"I really enjoyed this saga. Set in the 10th century, it's the story of various Icelandic men and women who feud with one another and it gives interesting descriptions of the law process during this ""golden age"" in Iceland. The society was illiterate, so they practiced oral law and the importance of speaking correctly was highly emphasized. It was a wonderful story; I only give it 4 stars because many names are repeated and it's pretty hard to keep everyone and their bloodlines straight."
401,Mixofsunandcloud,
402,The Antiquary,
403,Connie,"Fabulous saga - loved the commentary about men's and women's relationships from 1,000 years ago. This is from handed down oral tradition. When we went to Iceland, we took a tour of where some of the events took place. They're just fields now, and people who had not read the book couldn't understand why we were oohing and ahhing over an empty field. Loved the scene where the warrior's body rises up in the moonlight. It's about many things, not the least of which is how a culture benefited when Christianity was introduced (blood feuds were outlawed, etc.)"
404,Chris,
405,Gary,
406,David,
407,Leila,
408,Laurie Chipman,"This is one of the epic family sagas of Iceland. A great trip into middle ages Norse culture with great concern for the laws. A huge family feud with interesting characters, humor, blood and powerful women. The sagas are the first novels ever written, part history and part fiction, they are unforgettable."
409,Nblinks,
410,Igor,This saga deserves much more to be written about then I'm in mood for but let's just say - get it and read it.
411,Mia C.,Read for school
412,John McKewen,
413,Argall Pellegrino,
414,VeganMedusa,"This was pretty awesome. I was fascinated by the legalities of killing and compensation, and all the legal proceedings at the Althing. Some real Monty Python moments too - I hadn't expected it to be so funny.My only quibble is with the translation. I think that readers are perfectly capable of learning two new letters (especially as they are just different pronunciations of 'th'). And the lack of accents really changes the pronunciation of names and places. Kari is a major character but his real name is Kári (pronounced like cow-ree, rather than car-ree). I think that the accents should have been left in, with a pronunciation guide at the beginning. People could then ignore the accents if they don't care, but for those who want to know they're pronouncing names correctly, they can do so. It's very distracting otherwise."
415,Desclian,"What an awesome saga. This is supposedly the longest of the family sagas, and man was it an interesting and fun read. Whether it was chasing outlaws near lava, knocking people's eyes out with molars taken from past battles, or intricate descriptions of the legal system of Saga Age Iceland, Njal's Saga was just plain sweet to read. The writing is very matter-of-fact, as with all of the sagas, but that didn't take away from it at all. One of the best sagas I've read."
416,Cameron,
417,Julianne,
418,Larissa Nash,
419,Grumbeld The Dwarf,
420,Aaron,
421,Max Kaehn,
422,Kristi,
423,Sigurður,Las aftur útgáfu Halldórs Kiljan Laxness á Njálu. Það rifjar margt skemmtilegt upp sem enn lifir góðu lífi í íslenskri menningu. Það sem þarna var skrifað á sínum tíma virðist sumt enn einkenna Íslendingseðlið - ekki síst þvermóðskan og lagaþræturnar.
424,Chris Doran,"In the tradition of the great skalds of old, i have composed a poem to signify the great life and times of the Icelander known otherwise as HrutThere once was a man named Hrut,Whose dick was as big as a lute.He went to NorwayAnd with the Queen lay -But never again could he root.This book was a quaint window into Icelandic law and custom that i am glad i read. So much of it is obvious hyperbole, as should be expected of any saga, but it's in this hyperbole that you find an interesting parallel between books such as this and the modern day works of great directors and authors such as Micheal Bay and Matthew Reilly. In all seriousness though, there are a lot of interesting elements in this book, though you may occasionally have to squint to find them.Notable quotations include ""One's back is bare without a brother"" and ""Death is a toll that all men must pay"". So yeah, i guess if you're into Scandinavians fulfilling blood debts and pursuing vengeance in the greater northwestern European area, in the year of our lord ~900, get in on this. There are some interesting characters and situations as well as classic one liners, but if you're not prepared for a treatise on 10th century Icelandic Allthings, probably skip this oneOverall 7/10 would bang."
425,Megan,
426,Joseph Jupille,"I couldn't put this down. Wow. I am especially intrigued by the working of the law and its relationship to violence in 10th century Iceland. And I absolutely adore the unadorned prose. ""They made for Thrain's men. Grim and Helgi singled out Hrapp and attacked him at once. Hrapp swung his axe at Grim, but Helgi, seeing this, hacked off Hrapp's arm. The axe fell to the ground. Hrapp said, 'What you have done certainly needed doing; that hand has brought harm and death to many.' 'This will put an end to all that,' said Grim, and ran him through with a spear. Hrapp fell dead."""
427,Lydia,
428,Quianna,
429,Kitty with Curls,
430,Bryan,
431,Steven Abbott,Excellent.
432,Stevie,
433,J,
434,Tommy,
435,Dagný,"One of the mandatory reads for an Icelandic course, and probably the most enjoyable one. Difficult at times, since it's written ages ago in old Icelandic, but I'm very proud of the fact that modern Icelanders are able to understand it quite easily despite its age. The story is complex, long, tedious at times, but it all comes together in a spectacular tragedy recognized by Icelanders everywhere. It's a very patriotic thing."
436,Rikkert Kuijper,The original Kill Bill
437,Brandon,
438,Chelsea,
439,Aboydgilman,
440,Kristal Armendariz,
441,Brandon Pearce,"In the tradition of Icelandic sagas it is very violent and barbaric. Tons of fun in other words, and based on a true story by all accounts. Lots of modern law practice goes back to the people and principles described in this book. My favorite part is the vision of the Valkyries at the end. Delightfully macabre!"
442,Jenny,"Written around 1280, this old Icelandic saga was a kick to read. How can one not be amused by a divorce initiated by a wife who says of her husband ""he is so enlarged that he cannot have enjoyment of me"", or the fact that every slight against one male ego is paid in kind with limbs and heads being hacked off and men being gored by spears? The blood fueds did start to become a bit tiresome, and I did not fully understand the workings of Icelandic law, but I did enjoy this saga. The ending did not dissappoint my fascination with gory detail when Thorhall, who had been incapacitated due to a nasty boil on his leg, ""...sprang out of bed, snatched with both hands the spear that Skarp-Hedin had given him, and drove it deep into his own leg. The flesh and the core of the boil clung to the blade as he gouged it out of his leg, and a torrent of blood and matter (pus) gushed across the floor like a stream..."". Anyway, this was a good read and I enjoyed it. Happy reading."
443,Diana,
444,Helena,
445,Kenny,
446,Erika,
447,Tony,
448,Enrique,"De acuerdo a las recomendaciones, esta es una de las Sagas de Vikingos mejor escrita, la traducción es excelente, utilizando Inglés antiguo, lo cuál hace un poco difícil su lectura en un inicio, pero una vez que tomas el ritmo ya no es necesario tener el diccionario al lado. La saga esta narrada en una forma muy literaria y con algunas exageraciones de esperarse de parte del escritor, al fin y al cabo se trata de historias que pasan de voz en voz. Hasta hace poco que comencé a familiarizarme con las sagas y las historias de vikingos, es decir, las historias antiguas como está escritas en la edad media y la verdad es que me da pena no haber sabido de la existencia de las mismas hasta ahora. La historia trata de la relación de Njall, el abogado más celebré de su tiempo y su relación con Gunnar, el guerrero más temido de su época, aunque Gunnar solo aparece en parte de la historia, es esta relación de amistad la que marca el destino de su consejero y amigo, si bien el título da una idea de en que va a parar la vida de NJall, el final es totalmente inesperado y digno de la mejor novela, quizá es cierto que a veces la realidad, es más fantasiosa que la ficción. Lo más sorprendente es que bajo el evidente barbarismo de los personajes, el verdadero motor que mueve la vida de todos los personajes es el derecho y el honor, el libro esta tapizado de asesinatos a sangre fría, decapitaciones y venganzas,sin embargo, todo lo que mueve a los personajes, incluso aquellos que abiertamente son catalogados como hombres de poco honor, gira en torno a su código moral, a diferencia del honor presentado en las historias de mafiosos como el padrino que tanto me gustan, aquí lo menos importante es el dinero, por el contrario, eso es de lo que más fácil se desprenden y menos honor les otorga a estos personajes, lo cuál es algo muy alentador en estos días. Quizá lo que quiero expresar es que la historia ubica a estos personajes como Bárbaros cuando en realidad tenían principios inquebrantables y una moral de la que carecían las grandes potencias europeas de 500, 600 años después (incluso la de nuestros días) así que, ¿quienes son los verdaderos bárbaros?.Es tan solo difícil de creer la afinidad y admiración que puedes llegar a sentir por estos personajes capaces de hacer atrocidades indescriptibles, mi ejemplo favorito es el caso de Flosi, quién tras tras ser responsable del acto más cobarde narrado en la historia, logra su redención de la forma más honorable, no solo de acuerdo al narrador, si no ante tus propios ojos.Una verdadera joya literaria que afortunadamente aún esta al alcance de quienes busquen un pequeño tesoro escondido entre el infinito mar que es la literatura."
449,Jesse,
450,Neil McCrea,
451,John Snow,"I'm a hopeless reader. When I read a good book, I tend to read it over again – several times. As I write this review, I'm reading Njal's Saga for the second time in a row. The book is fantastic; it is the longest and probably the best of all the Old Icelandic family sagas. The thing is, I have read it before: three or four times in Norwegian and parts of it in the Old Icelandic language. These are the first times I read the saga in English.Composed in the thirteenth century by an anonymous Icelandic writer, Njal's Saga is the story of long-lasting tenth century family feud. The blood feud was going on for generations. In the first part of the book, the families of Njal and Gunnar stand against each other, even if Njal and Gunnar are friends. It is their wives, Bergthora and Hallgerd, who are goading their people to fight, and a fatal spiral of law suits, killings and avenges gets more and more bloody and serious, until Gunnar himself is killed in a fierce battle.During this initial struggle over power and honour, many of Njal's and Gunnar's family members are dragged into the conflict, and in the second part of the book Njal's sons stand against Sigfus's sons, kinsmen of Gunnar. The feud gets out of all proportions and climaxes with the burning of Njal and all his family inside their hall. Now it is up to Kari, Njal's son-in-law, to avenge the burning, and he does a thorough job, to say the least. Reconciliation is first reached after the remaining fifteen of the burners are killed in the Battle of Clontarf in Ireland in 1014.I like Robert Cook's English translation. The grammatical structure gives a feel of the Old Icelandic original, and for a Norwegian reader it is a relief to meet a usage that is not weighed down by too many lengthy words of Latinate origin that have entered the English language centuries after the narrated events.For first time readers (as for all readers) the maps, family trees, the index, and the introduction (in the Penguin Classics edition) are of great help. There are so many characters, places and genealogies referred to in Njal's Saga that it is almost impossible to see all the family relations the first time one read the book. And these relations are essential; they are the underlying motor driving all the action in this extremely well-composed saga."
452,Bettina,
453,Gene Mayes,"One of the greatest of novels. I recommend this, the Magnusson & Palsson translation, over any others. There is so much to it. Like the Tale of Genji, the plot is the working out of consequences, of karma, and like Parade's End, the nobility of characters does not spare them from suffering. And it ends in humane reconciliation. I read this back in 2009. When I reread it, I'll write more."
454,Josh,
455,Abigail,
456,Fellows,"Njal's Saga was given to me as a birthday present at university by a friend who was studying Anglo-saxon and Nordic literature. Expecting that it might be heavy going I left it for several years... More fool I! The saga is interesting for many reasons. The portrayal of combat, humour and stoicism is unlike anything I have read before. On the page the words seem stark and unembelished ('he made a sweep with his sword and hit Thorkel on the neck, and the head flew off'), almost plain. In much modern literature such starkness is reserved for shocking episodes which break the stream of description or dialogue that comprises the majority of the story. If read with this in mind the whole Saga is shocking in it's simplicity of style! Simultaneously, I cannot rid myself of the notion that there is something missing from reading these plainly stated, yet dramatic plots. The notion of these stories being told, rather than read, gives each simple sentence, each reeling off of ancestry, each reptition of the legal cases a sense of unknown significance. I am no scholar, and can only guess at what pauses and empahsis might have accompanied the telling of the Saga. Thus the Saga tells two imaginary stories - the tragic tale of Gunnar, Njal and his sons, and also the tale as told by a tale teller, complete with actions and empahsis, pauses and asides. So that I do not mislead anyone - there is no basis for this in the text, at least not obviously. But like reading Shakespeare, the implication of that this tale is bound up with oral presentation, rather than, or in addition to reading, is hard to ignore.Also, Gunnar. What a badass."
457,Emely,
458,Melissa,
459,Surgat,
460,Nate,"One of the most powerful books I've ever read. Clean, harsh, powerful narrative that builds and builds to an awesome climax."
461,Max,
462,Paraph,
463,Andrew,
464,Marco,
465,Maria,
466,Alex,
467,Vladimir,"Part courtroom drama, part warrior epic, wholly enthralling. "
468,Barbrobjørkmo,
469,Keith Davis,"The Story of Burnt Njal is the most accessible of the Icelandic Sagas. The tale shows how never ending blood feuds were destroying 10th century Iceland and culminates in the death of a good man. Along the way we get tons of violence, murder, and weird prophetic dreams. A great read for any fan of Medieval literature."
470,Ielle Palmer,
471,Morgan,
472,Jan-Maat,"Often when thinking about the rise of the European novel there's a tendency to look to Cervantes or maybe back to ""The Golden Ass"". Yet longer sagas like Njal's saga seem to be very much like novels to me.This is an amazing work. Partially based on fact and factual events such as the coming of Christianity to Iceland the saga traces a quarrel. As it gets out of hand and men reach for weapons calmer heads build settlements. However the causes of unhappiness cause the quarrel to break out repeatedly, each time as more people die, other families are dragged in until one side finishes the argument with an act of simple, but extreme brutality.The sense of impending disaster, apparently averted at times but then back on track gives this work a bleak power.Fascinating glimpse into early medieval Iceland.Recommended."
473,Alec,
474,Júlía,I read this three times. not because i like it so much but because I kept. failing. the class. they assigned this for. maybe because i couldn't pay attention; this is basically long lists of people's ancestors' names and long descriptions of vikings beating the shit out of each other. some people had cool names and someone was uncool because they couldn't grow a beard. that's pretty much all i got.
475,Charlotte R.,
476,Scott,
477,Ibrw52,
478,Mikael Lind,"The best and most complex of the Icelandic sagas. Not the first book you should read if you try out the sagas for the first time, but rather one to savour and enjoy like a box of good chocolate."
479,Emily,Epic and bloody
