,user,review
0,Tatyana Naumova,"Знаете, вот так лежит томик, который ты случайно купила в качестве добора - а потом оказывается, что нужно читать к курсу про Холокост - и ты читаешь и замираешь от ужаса, хотя английский не так хорош. Просто поэзия - она если не про хорошее, то похоже, пожалуй, как гвозди в гроб заколачивают. Или как мокрая земля на крышку падает. Хотя нет, после Визеля легко идет, просто вот уже надо с гробом закончить."
1,Mathias,
2,Jim,"Checked this out because I saw the band Barbez perform their tribute to Celan at concert in remembrance of ""The Night of Broken Glass."" Some of these poems were great chill-inducers like certain of Lorca's or nearly all of Georg Trakl's (my favorite poet). Others left me high and dry. Anyway, got me reading (and writing) some poetry again. Thank you, Barbez! "
3,m.bryan.welton,
4,Dan,
5,Plato,Perfect!
6,Ronald,
7,Les ,Read in 1999.Devastating.Death Fugueby Paul Celan	translated by Jerome RothenbergBlack milk of morning we drink you at dusktimewe drink you at noontime and dawntime we drink you at nightwe drink and drinkwe scoop out a grave in the sky where it’s roomy to lieThere’s a man in this house who cultivates snakes and who writeswho writes when it’s nightfall nach Deutschland your golden hair Margareta he writes it and walks from the house and the stars all start flashing he whistles his dogs to draw nearwhistles his Jews to appear starts us scooping a grave out of sandhe commands us to play for the danceBlack milk of morning we drink you at nightwe drink you at dawntime and noontime we drink you at dusktimewe drink and drinkThere’s a man in this house who cultivates snakes and who writeswho writes when it’s nightfall nach Deutschland your golden hair Margaretayour ashen hair Shulamite we scoop out a grave in the sky where it’s roomy to lieHe calls jab it deep in the soil you lot there you other men sing and playhe tugs at the sword in his belt he swings it his eyes are bluejab your spades deeper you men you other men you others play up again for the danceBlack milk of morning we drink you at nightwe drink you at noontime and dawntime we drink you at dusktimewe drink and drinkthere’s a man in this house your golden hair Margaretayour ashen hair Shulamite he cultivates snakesHe calls play that death thing more sweetly Death is a gang-boss aus Deutschlandhe calls scrape that fiddle more darkly then hover like smoke in the airthen scoop out a grave in the clouds where it’s roomy to lieBlack milk of morning we drink you at nightwe drink you at noontime Death is a gang-boss aus Deutschlandwe drink you at dusktime and dawntime we drink and drinkDeath is a gang-boss aus Deutschland his eye is bluehe shoots you with leaden bullets his aim is truethere’s a man in this house your golden hair Margaretahe sets his dogs on our trail he gives us a grave in the skyhe cultivates snakes and he dreams Death is a gang-boss aus Deutschland your golden hair Margaretayour ashen hair Shulamite
8,Bet,
9,Tara Betts,
10,Gary McDowell,Library!
11,Cph23,
12,Harperac,"A key moment in reading this book was the thought ""Oh! Celan is just like Lorca!"" But while the Spanish modernist's use of surreal and disjunctive imagery seemed to affirm some kind of subconscious world thick with significance, Celan's seem to whirl away from it. All his poems exist in this weird, washy space, where imagery appears out of a void and sinks back into a void.His later poems especially begin to get very weird. At least in his earlier poems there's a palpable sense of beauty that keeps things together, even if I don't know what they're about. But later on, I felt really shut out of the poems. I didn't mind it exactly, but it meant I didn't feel much about the poems. They were fragments of a big Something that I neither liked nor disliked. I'm not sure anyone could expect anything more from them without a lot more study.A good example of his beautiful early poems, a poem I feel strongly about (as many must, I'm sure) is his poem ""Death Fugue"" -- Black milk of daybreak we drink it at evening we drink it at midday and morning we drink it at night is the opening -- very chilling -- very powerful. I have to give props to Michael Hamburger for his excellent introduction. With Celan, I might have picked up the book, been baffled, and put it down. But Hamburger said straight up how difficult Celan was, and gave the reader some important reference points. I suggest for everyone to keep Celan on their horizon. Whether you actually read him all that much, I leave up to you."
13,Nothing,"the nobody-translation, better than nobody"
14,Laurie,"Celan elevates everyday objects to a thing of remarkable beauty, almonds among them. For this, I adore him. Count the almonds, / count what was bitter and kept you awake, / count me in: Equally fascinating, Hamburger's extended notes on the challenges of translating Celan's German into English. "
15,Joshua,
16,Will Owen,"I'm certainly glad to have been introduced to Celan's work. There's no other 20th century poet like him. That being said, I rarely found his work moving. It was (I suppose) obscure and fragmented, and intentionally so. He's clearly a master and brilliant, and there are certainly some poems I'll keep with me, but I can't say Celan is now one of my favorite poets. Five stars in recognition of his brilliance, three in recognition of my enjoyment factor--an average of four, then."
17,Noah,"I was lucky enough to take a class taught by Pierre Joris, which heavily featured Paul Celan, and not surprisingly, included this book. This collection is fairly easy to get into, not overwhelming, but with such a stirring amount of information and emotion and imagery invading the reader's mind. It reveals much about Paul Celan, both as man and writer. I highly recommend this both for poetry-fanatics and for those just wanting to try it out. It is a must as well for Celan lovers. Very readable. Very enjoyable. "
18,Saut Situmorang,
19,Collier,
20,Suzanne,
21,Lysergius,ein Mutterstummelfuehrt ein Fruegesichtdurch einem Schmerz...
22,maggie,
23,Christine Neacole,
24,Rebeka,
25,Arielle,
26,M.,"I had read two books of Paul Celan--Pierre Joris's translations of the post-humously published books (I'm a sucker for hermeticism), and while I found them strangely moving, I admittedly didn't get much out of them. Reading this, with selections from all the books organized chronologically, really served to sort of contextualize the work &, simultaneously, open it up. As such, I'm not far more intrigued by Celan's work, and look forward to further exploring it."
27,Darren,Where seriousness wins its burden
28,Rick,
29,Rich,
30,Jane,
31,Janet,"Beautiful, sober, passionate, redemptive poetry. It's been a while, but want to read again. Somehow reminds me of Rothko's black on black paintings... Profound, postwar German/Jewish poet writing in German. An encounter not to be missed."
32,Ryan MacDonald,
33,Janey,"Sparse, hiccuping, opaque.Example of what haunted me: NIGHTPebbles and scree. And a shard note, thin, as the hour's message of comfort. Exchange of eyes, finite, at the wrong time: image-constant,lignifiedthe retina --:the sign of eternity.Conceivable: up there in the cosmic network of rails,like stars, the red of two mouths.Audible (before dawn?): a stonethat made the other its target."
34,Alan,
35,Olivia,
36,David J.,
37,Cooper Renner,"Celan is hard to rate because a great deal of the time I have no idea what he's ""saying"". But his language is sharp, imagistic, individual--not the ordinary pablum or psychobabble of too much poetry. And some lines really zing. (Yes, I skipped much of the intro and the commentary, but who cares?)"
38,Charlie,
39,Wendy Trevino,
40,Irras,"He is one of my favorite poets, even if I don’t understand most of his later stuffs…the “making up words” bits. "
41,Matt Knife,
42,Stephanie,
43,Spencer,"Amazing, deeply sad and haunting "
44,Jill Chan,
45,Jennifer,
46,Travis,
47,cindy,
48,Jared,
49,BC Batcheshire,"If searching for a descriptive, Celan himself put it best when he wrote ""born of word blood"" ('In Prague') - his poetry is like the assimilation of words in a system of anatomy, all terms pulled from experience and then sent colliding in the stream of consciousness like cells in his arteries. The only way his poetry will 'make sense' is if you give way to sensation, like winking in and out of the images that compose your own memories."
50,Robert,
51,Nick,
52,Jibran,"Speak-But keep yes and no unsplitI make no claims. I am not so presumptuous as to give an impression of having telescoped like a Galileo into Paul Celan’s poetic cosmos, his crumbling stars and dug up black holes, and a breathing, foaming spirit of life that is indestructible in the face of annihilation. So all I will do here is hang on to that stony oppression bearing down on my soul by the ferocious power of his verse; what I will do here is convey something of the havoc wrought in me through a medium as lamentably limited as words on a computer screen. It is not easy. Not many who have seen pain, misery, and death so up close are able to generate an intellectual distance that enables them to turn their harrowing experience into a language of poetry that purifies the misfortunes of existence in such a way as to transform them into a song – a song of death. As I charted his poetic journey I discovered a person who was trying to unlive his experience by removing himself – the I – from his writings by subjecting the dialectic of suffering to meticulous, pristine forms that elevated his words far above the confines of 'the foul rag-and-bone shop of the heart'.Here is Celan’s most well-known poem Fugue of Death which fits the epithet of terrible beauty to a tee. He captures his direct experience of a Jewish captive in Nazi death camps by turning it into 'black milk'. (I am quoting first few lines with a link to the complete poem)Black milk of daybreak we drink it at nightfallwe drink it at noon in the morning we drink it at nightdrink it and drink itwe are digging a grave in the sky it is ample to lie thereA man in the house he plays with the serpents he writeshe writes when the night falls to Germany your goldenhair Margaretehe writes it and walks from the house the stars glitterhe whistles his dogs uphe whistles his Jews out and orders a grave to be dug inthe earthhe commands us strike up for the danceBlack milk of daybreak we drink you at nightwe drink in the mornings at noon we drink you atnightfalldrink you and drink you FULL TEXT""Thinner you grow, less knowable, finer""Strangely, Paul Celan renounced Fugue of Death in his later years for being ‘too direct’ and hindered its republication, without success. His desire for writing absolute poetry, under the influence of French surrealism, led him to search for a more refined mode of expression. For this reason it becomes very difficult to interpret his later work with any degree of certainty. What he did was weave an intricate web of cryptic allusions and variegated images into which we – the readers - interpose our own bone-and-blood in order to make some sense of what is being conveyed. His later poems may be seen as prototypes of poetry, sort of a template that sets the limits of what can be known about human perversion, which we – the readers – are welcome to sully by interjecting our own plebeian suffering into it. For instance:Speak, You AlsoSpeak, you also,speak as the last,have your say.Speak -But keep yes and no unsplit,And give your say this meaning:give it the shade.Give it shade enough,give it as muchas you know has been dealt out betweenmidday and midday and midnight,Look around:look how it all leaps alive -where death is! Alive!He speaks truly who speaks the shade.But now shrinks the place where you stand:Where now, stripped by shade, will you go?Upward. Grope your way up.Thinner you grow, less knowable, finer.Finer: a thread by whichit wants to be lowered, the star:to float further down, down belowwhere it sees itself gutter: on sand dunesof wandering words.Here is another poem that marks his new style.FlowerThe stone.The stone in the air, which I followed.Your eye, as blind as the stone.We werehands,we baled the darkness empty, we foundthe word that ascended summer:flower.Flower - a blind man's word.Your eye and mine:they seeto water.Growth.Heart wall upon heart walladds petals to it.One more word like this word, and the hammerswill swing over open ground.One fascinating aspect of his illusive language is to deploy one word wonders which turn the reading of the preceding lines on its head and force us to readjust our perspective, and re-read it. In Below, note the ‘awakening’.Led home into oblivionthe sociable talk ofour slow eyes.Led home, syllable after syllable, sharedout among the dayblind dice, for whichthe playing hand reaches out, large,awakening.And the too much of my speaking:heaped up round the littlecrystal dressed in the style of your silence.And look at these spine-tingling lines, a heartrending image of a captive who looks up but, instead of gazing in despair at the ceiling, feels the nearness of sky. From Language MeshEye’s roundness between the bars.Vibratile monad eyelidpropels itself upward,releases a glance.Iris, swimmer, dreamless and dreary:the sky, heart-grey, must be near.And, towards the end of the poem, he sees two puddles made by rain which, though within distance of a kiss, are like crippled mouths - beautiful image, simply brilliant!The flagstones. On them,close to each other, the twoheart-grey puddles:twomouthsfull of silence."
53,S.,"Paul Celan stands among the most powerful poets. His poems are distilled and piercing, usually compact yet heavy constructions of well chosen words. Most poetry readers know his story. Born in eastern Europe to Jewish, German-speaking parents, he lost his parents to Nazi criminals, as well as any sense of “home,” I would assume. It’s strangely just that the greatest poet of the holocaust is a native German speaker. S/he just as well could have been Polish or Dutch or Italian or Hungarian. But here we have the victim speaking in the tongue of the perpetrator, the two are united in language. How better to penetrate and reflect?Celan is most famous for his poem ""Todesfuge,"" which is a masterpiece (“Black milk of daybreak...""). I think John Felstiner, the translator of this volume, does an excellent job of rendering it in English. Before writing this short review, I compared his with some other translations and he scores high. The translation by Jerome Rothenburg on www.poets.org, for example, is too stylized. Where Celan writes “wir trinken sie abends,” Rothenburg writes “we drink you at dusktime.” First, “abends” is simply evening and not “dusktime,” and the “sie” with a small ‘s’ is “it,” not “you.” Later in the poem, Celan does say “wir trinken dich,” or we drink you, but this does not and should not happen at the start of the poem. I don't mind translators taking liberties for the sake of idiom and making the poem comfortable in its new language, but I do take issue with imposing unnatural 'flourish.'Because Celan uses a lot of German compound words in his poetry, translators often import them as single words into English, where they can look uncomfortable. I think compound words are one of the charms of Celan’s poetry, and that charm can get lost whether the word is preserved as one or split as is more natural in English. Sometimes it works. Fadensonnen is fine as Threadsuns; Atemwende is fine as Breathturn. We do build such words in poetry in English, too, but they stand out more in English than they do in German. I think Felstiner handles them well, though not always.For me Celan is a poet who has really known despair, not the personal despair of the depressed insurance salesman cured by Xanax but the despair induced by having witnessed and experienced the depravity and inhumanity of mankind. He is shocked at once to silence and to speech. His is the terrible wound that won’t close, that should not close because we need to know it. These are the things you will find in Celan poems: bread, almonds, roses, wine, ash, soil, snow, stones, breath, eyes. He is not a fancy poet, and he is economical with his symbols to great effect. **Count up the almonds,count what was bitter and kept you waking,count me in too:I sought your eye when you looked out and no one saw you,I spun the secret threadwhere the dew you mused onslid down to pitcherstended by a word that reached no one’s heart.There you first fully entered the name that is yours.you stepped toward yourself on steady feet,the hammers swung free in the belfry of your silence,things overheard thrust through to you,what’s dead put its arm around you too,and the three of you walked through the evening.Render me bitter.Number me among the almonds.**I would definitely recommend this volume, which offers a good selection of Celan in clean translations. It is not complete. The book Mohn und Gedächtnis alone, Poppy and Memory in English, for example, has nearly sixty poems. There are only 15 poems from that book in this volume. I always have to remind myself that I speak German fluently and can read the original but I do like to have my native English, too."
54,Hajar Alobaid,تكلم أنت أيضاًتكلم كآخر من يتكلم قل قولك.تكلمبيد ألا تفصل لا عن نعمأنِل كذٰلك كلمتك القصد:أنِلهـا الظلالأنِلها كفايتك من الظلال أنِلها قدرعلمك بما وُزِّع مدارك بينمنتصف الليل و الظهيرة و ناصفة الليل. تطلّع مدارَك: انظر كيف يغدو مدارَك حياًحيث الموتُ! حيّ!يُفصحُ الحقيقة، من يفصح ظلالاً . على أنَّ المكان، حيث تقف، ذا هو يتقلّص:أين الآن، يا أيها المجرَّد من الظلال، إلى أين؟ طريقٌ صاعدٌ، تلمَّـس صُعُداً.إنك ناحلٌ ، متضائلُ السِّمة، راهف!جدّ رهيف : خيطٌبه تريد أن تتدلى، النجمـة:أن تسفل حتى تعوم في القعر، تحتاًحيث ترى نفسها تلمع: في تلاطمالكلمات الرُحَّـل . * تسيلان
55,Isaac,
56,Jen,
57,metaphor,Autumn eats its leaf out of my hand: we are friends.From the nuts we shell time and we teach it to walk:then time returns to the shell.
58,angela,
59,Katherine,
60,Angela Becerra Vidergar,
61,Ryan Gato,
62,Zachary,
63,Erica,
64,Jacob,
65,Brad,
66,Creighton,
67,Dimitri,
68,SP,
69,Tarfia,
70,Michaelclearwater Clearwater,
71,Jenn,
72,Wade,
73,Nicola,"Heard the poet Fanny Howe say that Celan interested her for his failure. But how much does he salvage as well? Anne Carson on Sprachgitter, ""Language Mesh"": Does Celan use Gitter to imply passage, blockage or salvaging of speech? Mesh may do all these. Celan may mean all of these. . . The German language offers Celan a qualified hospitality, a murderously impure meal. . . .Celan can make himself at home in his mother tongue only by a process of severe and parsimonious redaction. . . . Mesh limits what he can say but may also cleanse it. As crystal it cleanses to the essence. As net it salvages what is cleansed."""
74,Nicole,
75,Sharon,
76,Heather,
77,Sara,
78,Brian,A fine selection of poems from his entire corpus. The translations are for the most part very good. Every so often a line or two would strike me very hard and be very moving. 
79,Mr.,"This excellent edition of Paul Celan's major poetry (translated excellently by Michael Hamburger) provides the full scope of Celan's considerable genius. Included is the famous 'Death Fugue,' perhaps the most darkly beautiful and profound works of art about the Holocaust yet created. One is left with Celan's transitions; he began immersed in the syle of early 20th century German poets suck as Rilke, and later progressed in Breathturn and Threadsuns to reveal his capacity for highly creative and original linguistic play. The final poems are characterized by a deep morbidity and anguish; they are patently indicative of the poet's distrught spirits. He would later kill himself by drowning. Celan is now written about intensively by the philosophers Derrida and Lyotard, he is probably as important to them as Holderlin was to Heidegger. The editor has included a poem that Celan did not intend for publication; but you can understand why it was included, as it is a magnificent triumph of expressive sorrow over the loss of his parents during the war. Celan was a very great poet, readers are still trying to catch up with his complexity and deep artistic insight. "
80,PEN Center USA,2001 PEN Center USA Award Winner for Translation
81,Liz,
82,Walter,"WW Norton did an awesome job in the layout of this book. Lots of space. Lots of room for the words to exist in the eye of the reader. And the writing is great, too."
83,W.B.,
84,Beth Marzoni,
85,Tina Smalcelj,"Divna poezija, ali ja sam emocionalno retardirana (imam i dokaz, radila sam test) i ja to nista ne kontam, ali preporucujem svima sa visim EIQ od mene :)"
86,Jordan,
87,Matthewsherling,http://cuttyspot.tumblr.com/post/3101...
88,LP,
89,Gretchen,
90,Clarissa Olivarez,
91,Aaryn D.,
92,Dylan,"i didn't read all of this! i stopped reading it because every time one had easy enough german that i could read the german, it was a lot better than the english. so i will come back to this when i can read better.as for the poems themselves the good ones are very good but there are a lot that either i don't understand or just aren't as powerful. when celan does well he uses language in a way that captures a certain kind of chaos, i think."
93,Nathan,
94,Ryan,
95,Kelly,
96,Lisa,
97,tanvi,
98,Heidi Nemo,
99,mao,
100,Ali,
101,Nate Slawson,
102,Mingus,
103,Stevenj,
104,lindsay,
105,Regina,
106,Aslı Can,"Vazgeçmişliği, dünyaya sıkışmışlığı hissettiriyor doğrudan. Çeviride kaybolan anlamları da anlamak için anadilde okumak daha güzel olurdu."
107,Jac,
108,James Chafin,
109,Greta,Howdid we toucheach other - each other withthesehands?
110,Evan,
111,Garriguscarraig,
112,Yigru Zeltil,"An amazing poet, poor translation."
113,Michael,
114,Josh Kellar,
115,Adam,
116,Sam,
117,Elizabeth Metzger,
118,Matt Giles,
119,Gary,
120,Elizabethheisner,
121,R L Swihart,A must read. A very important poet for me.
122,Shad,
123,Sun Yung,
124,Rose,
125,Ada,
126,Evelyn Lauer,
127,Joseph,
128,todd,
129,Kory Martin-Damon,
130,matt,
131,Elizabeth,
132,Kristen Schaffenberger,
133,Ron,
134,Brian Pounders,
135,Ward,
136,Marrie,
137,Estella,
138,Cerena,
139,Andrea Rexilius,
140,Joanna Neykova ,"Огромен, пламтящ сводс негонавън и нататъкдълбаещи се черни звезди рой:в превърнатото в кварц чело на овенжигосвам този образ, междурогата, в които,в песента на вихрушките сърцевината на потеклотосърце - море приижда.Срещукакво не се затичва? Светът си отиде, аз трябва да те нося. (1967)"
141,Ammon,
142,Chad,
143,david,
144,Erin,
145,Simone,
146,Erik,
147,Laura Stam,
148,Eric,
149,Daniele Pantano,
150,Mary Louise ,
151,Catherine Meng,
152,Jake Adam,
153,Blake Suedekum,One of the few poetry collections that I read cover to cover. Celan provokes thought without being unnecessarily deep just for the sake of being complicated.
154,Jeff Jackson,Poems so strange and stirring that you're compelled to recite them aloud - and end up with a mouth full of broken teeth. 
155,Rabeah,
156,Amick,
157,Sven,
158,Larry,
159,Jeb Haley,
160,Rebecca,
161,Liz W.,
162,Alexander,
163,Justin,
164,Meredith,
165,Patrick,
166,A.E. Stueve,
167,Jeff Laughlin,Jamz
168,Miles,
169,carol vaz,
170,Beverly,
171,John Woodington,"Celan is a great wordsmith, though I think my rating of this collection is lower for two reasons. First, certain nuances of the prose are lost in the translation from German to English, and second I think part of the popularity of this work stems from the circumstances from which he came. Celan's poetry grows out of his experiences as a holocaust survivor, which to me seems to add some sort of false weight to it. Not that holocaust writing shouldn't be treasured for the history it preserves, but the literary merit of a piece should not be influenced by the topic that matter covers."
172,Craig,
173,Teresa,If I had a poetry bible--this would be it. 
174,Lester,
175,Rohan,
176,Lisbeth,"'you were my deathyou I could holdwhen all fell away from me'It may be romantic notion to consider the life of a poet as relevant as the work itself, but in the case of Paul Celan, it can scarce be avoided. In his work 'Poems of Paul Celan', Michael Hamburger wastes little page space on defining the poet through his own life, but rather allows the translations to instead stand as testimony to the artist.It's important to know who Celan was in order to understand the context of the work. Born in Czernovitz, Romania in 1920, Celan was the son of Jewish immigrants living in the remnants of the Austro-Hungarian empire. This polyglot of nations each spoke their own language; from an early age Celan was fluent in German, the regional tongue, Romanian, the language of the country and Yiddish, the common language of the Jewish community which he was a part of. He later became fluent in French, Russian and Ukrainian - but because it was his first language, German remained his dominant tongue and the language he wrote his poetry in throughout the remainder of his life. This subtle irony would not be lost on him in later years of his life, nor to the literary world at large in the time of his greatest renown.If the world was not a kind place in eastern Europe during the advent of the second world war, Romania was no exception. In the summer of 1942, both of his parents were interred in labor camps as the result of Nazi occupation. The whereabouts of Paul on that fateful evening are disputed, but it is certain that he was not present when his parents were arrested. Paul would also find himself a victim of the holocaust, but managed to be liberated after the soviet occupation. Neither of his parents would survive.And it is here that the great work of Celan first begins to show itself through 'Todesfuge', translated literally as 'Death March', a reference to the accounts witnessed where fellow prisoners were forced to play music for the others waiting to die in the gas chambers. The piece itself is one of Celan's most memorable efforts, and Hamburger's translation does it more than justice by rendering an ineffable quality interweaving angst and terrible beauty within lines of winterdeath and movement without once distorting the original fugue rhythm and tone.To be certain, Hamburger expends 34-odd pages on delivering an effective historical background as well as more academic elucidations in his defense of labeling Celan as 'hermetic'. The remaining 300-plus pages are entirely devoted to his exceptional translations of the work itself. An added bonus: the tome is bilingual and presents both the original German version as well as the translation itself.Celan's poetry is far more than any isolationist melancholia, however deserved, at circumstance - rather, it is the work itself which bears the very aspect of the transcendence of human experience through words that renders it exceptional and of such merit. It is easy enough to wax and wane eloquent on the whys and wherefores, but words are often better left to speak for themselves. So be it.'Go blind now, today;eternity also is full of eyes-in themdrowns what helped images downthe way they came,in themfades what took you out of language,lifted you out with a gesturewhich you allowed to happen likethe dance of words made ofautumn and silk and nothingness.'Astoundingly beautiful and haunting in a way poetry rarely is. Thank you Uli."
177,Sheena,
178,Elise,
179,Peter,
180,Oliver,
181,DJ,
182,Chungsoo Lee,"The award winning translator, John Fesstiner, makes clear Celan's difficult German poems. I review below one of Celan's best known poem: ""Deathfugue,"" found on page 30 in this bilingual volume. The poem follows my review or introduction.Paul Ancel or Celan (in his chosen writer's name), a Romanian born German Jew who lost his parents in the death camp, who himself was captured and spent time in the death camp, wrote a poem about the death camp, Death Fugue, in which the death march is still heard (despite the loss of rhythm in the translation from German, his mother tongue). How can the language express the dark, ineffable evil, which is never merely personal or merely embodied in person. Evil is greater than the individual persons carrying out the evil deeds, just as good is greater than any individuals who bear it. But what does it mean to speak of the smoke rising to the sky to become ""a grave in the air there you won't lie too cramped""! What does it mean to live on account of others' death, in the midst of ashes evaporating in the air that one helps to burn. Heaven is not the place of paradise but a graveyard! Out of the land that produced Meister Eckhart, Martin Luther, Bach, Beethoven, and Goethe comes the Master/Lord/Camp Master of Death. In a single line, the whole Christian civilization, which in turn is founded on Judaism, is indicted: ""this Death is ein Meister aus Deutschland his eye it is blue."" How do we respond to Auschwitz and after Auschwitz? What can one say? How can it be said? Paul Celan says it in poetry, the evil felt and lamented in poetry. The milk one drinks to live can no longer be pure and white. But what a torment it is to drink the ""black milk"" tainted by ashes not only once but again and again, in the rhythm of the daily forced labor, in the rhythm of the death march, in order to survive, in order only to ""shovel a grave in the air,"" in order to strike up a tune to which one is ordered to dance in the midst of death. In these circumstances, one could (be forced to) dance only to a fugue, to a death fugue. DeathfugueBlack milk of daybreak we drink it at eveningwe drink it at midday and morning we drink it at nightwe drink and we drinkwe shovel a grave in the air there you won't lie too crampedA man lives in the house he plays with his vipers he writeshe writes when it grows dark to Deutschland your golden hair Margueritehe writes it and steps out of doors and the stars are all sparklinghe whistles his hounds to come closehe whistles his Jews into rows has them shovel a grave in the groundhe orders us strike up and play for the danceBlack milk of daybreak we drink you at nightwe drink you at morning and midday we drink you at eveningwe drink and we drinkA man lives in the house he plays with his vipers he writeshe writes when it grows dark to Deutschland your golden hair Margeuriteyour ashen hair Shulamith we shovel a grave in the air there you won't lie too crampedHe shouts jab this earth deeper you lot there you others sing up and playhe grabs for the rod in his belt he swings it his eyes are bluejab your spades deeper you lot there you others play on for the dancingBlack milk of daybreak we drink you at nightwe drink you at midday and morning we drink you at eveningwe drink and we drinka man lives in the house your goldenes Haar Margeuriteyour aschenes Haar Shulamith he plays with his vipersHe shouts play death more sweetly Death is a master from Deutschlandhe shouts scrape your strings darker you'll rise then in smoke to the skyyou'll have a grave then in the clouds there you won't lie too crampedBlack milk of daybreak we drink you at nightwe drink you at midday Death is a master aus Deutschlandwe drink you at evening and morning we drink and we drinkthis Death is ein Meister aus Deutschland his eye it is bluehe shoots you with shot made of lead shoots you level and truea man lives in the house your goldenes Haar Margaretehe looses his hounds on us grants us a grave in the airhe plays with his vipers and daydreamsder Tod is ein Meister aus Deutschlanddein goldenes Haar Margaretedein aschenes Haar ShulamithPaul Celan(Translated by John Felstiner)http://mason.gmu.edu/~lsmithg/deathfu..."
183,Kevin Holden,
184,Douglas,
185,Ty,"this is f'in great. although for me it was more beautiful than haunting. ""hauntingly beautiful"" - ted, how i met your mother"
186,Julia,
187,Shaun,
188,Nada,
189,Alicia,"Not an easy read. Heart-breaking, but beautiful.""Black milk of morning we drink you at daybreak..."""
190,Dusie Press  ,
191,Kim,
192,Ash,
193,Lynn,
194,Christine  Walton,
195,Frederick,
196,Jake Maguire,"Paul Celan is haunting me right now. It's a positive experience, but not one I'm taking lightly. He sinks in later, after your shower, and on your way to work. His poems ask you to become hot iron, and he remolds you while your waiting for something to ""Happen"". I don't recommend reading straight through- skip around, mouth the German, pronounce what you can. Don't worry, he'll start coming to you while your eating that healthy salad, once you've got a huge bite of food in your mouth, he'll tap on your shoulder and ask for directions. See if your library has a copy, highly recommend it."
197,Maryam,
198,Nathalie,
199,Emilio PÆsano,"great author, great translator... this edition does a good job of reflecting his transition, from spare, unearthed tapestries to indecipherable gigabytes... pretty much essential on the subject of language, i think"
200,Conrad,
201,Farren,This is going to seep in. 
202,Aidan,
203,Eamonn Barrett,Master poet of the twentieth century!
204,Russel,
205,Gabrielle,
206,Juliet,
207,Matt,
208,Barry,"Good selection, good translations, good commentary...but gets knocked down a peg for lack of facing German text. Too bad Pierre Joris's translations of several whole books by Celan seem no longer to be available."
209,Xio,
210,Stephen,
211,Anne,"Everyone goes on about how obscure Celan is, but he's not. It just takes time to really read him."
212,Jean d'Arp,
213,Tess,
214,Vanessa,
215,Natalie,"I couldn't decipher most of these poems, but I enjoyed reading them. Pretty, and sometimes dark, sometimes strange words :)"
216,Fred,
217,Dirk,"One of the things Noam Chomsky did to revolutionize linguistics was to point out that you could make sentences that were grammatically correct but did not make sense. His observation freed linguists to devote their attention to grammar without worrying about meaning, as they had tended to do. An example he used is this sentence: “Colorless ideas sleep furiously.”It seems to me that when Chomsky asserts this he is using ‘make’ in a narrow sense. The phrase “make sense” for him means something like ‘to harmonize rationally with the speaker’s notion of the world.’ But ‘make’ can also mean create, and ‘make sense’ can mean create meaning. I once had a teacher, Yousel Rogat, who suggested that any metaphor, as opposed to a simile, behind the scenes evokes a universe in which the metaphor is literally true. If you say, “life is like a nightmare,” you point to certain resemblances that you might be able to list. “If you say, “life is a nightmare”, you evoke a universe of darkness and suffering where sordid details struggle for realization.So it is with Chomsky’s own sentence. If you speak it from the narrow, Chomskian perspective, then you say nothing about ideas or about sleep or about fury. But if you take ‘make’ in the sense of create, you have a resonant image of ideas, some reified (because they might have color), but without color and at once somnambulant and raging. And it does seem relevant to me that Chomsky is himself a furious wielder of abstract ideas intended to rouse others from complacency time after time.And so it is with Paul Clean. His poems for the most part do not make sense in the narrow Chomskian definition.	Here's pelt sky. Even now	a clear wing writes	I, too, remember,	dust-	colored one, arrived	as a craneBut they make a great deal of sense by creating meaning. Of course I’m reading in translation, but I doubt knowing German would make any difference. In fact I think the German inclination to create new words by joining old ones freely lends it self to this sort of sense making. You can put two words together in a way that does not harmonize rationally with the world, as you know it, but does create a new sense, a new batch of meaning. This generation of meaning is one thing that makes Celan so exhilarating to read, and, in his context so moving. You are constantly involved in making sense. Reading this book is a long struggle in which you time after time are forced to make (create) sense based on the chimeric materials Celan provides you. Nourishing your mind in the background as you work is Celan’s tortured history, his upbringing as a German-speaking Jew in what had been part of Austria, was then Romania and is currently the Ukraine; the death of his mother in a concentration camp; his tormented attempts to recreate his nationality and his identity; his deep involvement with the German language though he was a Jew suffering horrors enacted by Germans; his eventual suicide. It is the history of a chimeric identity and the poems are chimeric. That the evocation is mostly of tragedy and suffering does not make it less wonderful, because it shows the capacity of the human mind to work with such dark material, and come out richer in meaning."
218,Mimo,
219,Louis,
220,Jeremy Allan,
221,Crystal,
222,Adriana,"deep, beautiful, tragic. I wish I knew German so I could read them in the original."
223,Kristina Darling,
224,Rodney,"I don't really know from German, but Felstiner renders Celan's notoriously intricate verse into poems so direct and luminous that you might mistake them for having been written in English. I also appreciate the spare notes; he trusts you and the poems to find each other on your own, and doesn't try to footnote away the mystery. I'm grateful for a book that makes Celan's beauty, sadness and experiment so visible in another language. A labor of light. "
225,J.,
226,Rik,It's worth this rating based just on Todesfugue (obviously!). I am finding his poems a little too 'symbolist' for my liking but there's some really beautiful stuff in there.
227,Derek H,
228,Mary Lynn,
229,Yifot,
230,Brent,
231,Zohra Star,
232,Adrienne,
233,Peycho Kanev,"This is the work of a true master!Deep, astute, profound, lyrical, abstract, modern, dark and vivid, and finally more than real."
234,Gary Sullivan,
235,Patricia,
236,John,
237,Paula,
238,Tootle Darling,
239,Hannes,
240,Hamish,"I'm between two and three stars on this one. The early stuff in here is great, but the later stuff I didn't enjoy/appreciate at all, either in terms of getting the meaning or on an aesthetic level. I imagine it's a lot better in German."
241,Ariana,
242,litherland,
243,Jenni,
244,phenakistoscope,
245,C,
246,Anamika,"Ok, I technically haven't read ALL of the book, but I finished annotating it, and it's a large collection, so I'm marking it read. Also: rating this 5 stars makes me want to go back and demote a bunch of my other 5-star ratings because this really seems the ultimate poetry (and the ultimate translation of Celan). "
247,Laura Hartmark,"This is a hard read. But then, this was a hard time in Europe. I learned to do close reading by reading these poems. If you think a simple poem has a simple message, you may see these poems go by without really hearing them. But if you dig deeper, using etymology and history as your guides, you will find a world of hurt and hope. And you will be transfigured by the experience."
248,S,
249,B November,
250,Kim Lohse,
251,Maggie,"Some of the poems in here were phenomenal, some sections I would have rated five stars at least, but as a collection, it seemed uneven. "
252,Jason,
253,Carolyn,Tireless goodness.
254,Sang,
255,orelia,
256,Steve,
257,jelle,
258,Karen,
259,Shanley Jacobs,
260,هند سعد,.قرأت النسخة الألكترونية، مختارات من قصائده، ولست أعلم ما إذا كانت قصائده صعبة ومبهمة أم أن العيب بالترجمة. .سأقوم بتقييمه لاحقًا ريثما أجد النسخة المترجمة إلى الإنجليزية
261,olli,
262,Timothy,"I was going to make a joke like I do in most of my reviews, but I'd never recover from the guilt. This book is too good."
263,Susan Rich,
264,Trina,
265,Ching-In,
266,C.,
267,sara,
268,Amari,
269,ebru pessoa,"'' Autumn eats its leaf out of my hand: we are friends. From the nuts we shell time and we teach it to walk, then time returns to the shell. In the mirror, it's Sunday. ''"
270,Cara,
271,Polly,
272,Phil,
273,Dorothy Wang,
274,William Rauscher,
275,Chandra,
276,Bops,
277,Stuart,
278,Alexandra,
279,Vicky,these poemsbest to read here and there probablynot in a couple sittings like i didpaul celan! paul celan!this past weeki have been saying his namejust like that
280,Barbara,
281,Ola,
282,Helena Corder,
283,Ann,"I haven't read this book since undergraduate college, but I felt I had to go back and sort through Hamburger's English translations (still the best) of Celan's poems with a more appreciative and critical eye. The intensity of my youth may have faded, but the intensity of these poems still burns like a sun.Briefly: Paul Celan was born Paul Antschel in Czernovitz, Romania, to a German-speaking Jewish family. His surname was later spelled Ancel, and he eventually adopted the anagram Celan as his pen name. In 1938 Celan went to Paris to study medicine, but returned to Romania before the outbreak of World War II. During the war Celan was imprisoned in a Nazi labor camp; his parents and other relatives were killed in the death camps. After escaping the labor camp, Celan lived in Bucharest and Vienna before settling in Paris.Along with Anne Frank's diary and Elie Wiesel's Night, Celan's poems are a small handful of essential first-account works from the Holocaust, or Shoah.Celan's early poems are deeply felt and profoundly lyrical. His most famous poem, ""Death Fugue,"" is furiously melodic even though the theme is horrific. (There is a temptation to quote it in full; it's best to look it up.) Here's a piece:Black milk of daybreak we drink you at nightwe drink you at noon death is a master from Germanywe drink you at sundown and in the morning we drink and we drink you.Death is a master from Germany his eyes are bluehe strikes you with leaden bullets his aim is truea man lives in the house your golden hair Margaretehe sets his pack on to us as he grants us a grave in the airhe plays with the serpents and daydreams death is a master fromGermanyyour golden hair Margareteyour ashen hair ShulamithAnother early poem is also lyrical and moving but better demonstrates the pared down style that would become Celan's style by necessity.ASPEN TREE, your leaves glance white into the dark.My mother's hair was never white.Oaken door, who lifted you off your hinges?My gentle mother cannot return.Something happens as Celan digs depper and deeper into poetry. He starts to unravel the German language, as if he cannot say what he has to say in ""the oppressor's language."" A good in-between poem is ""Speak, You Also."" A snippet:Speak, you also,speak at the last,have your say.Speak--But keep yes and no unsplit.And give your say it's meaning:give it your shade.""Pslam"" shows Celan's grappling with religious meaning:No one molds us again out of earth and clay,no one conjures our dust.No one.Praised be your name, no one.For your sake,We shall flower.Towards you.Celan goes even farther in his poetic journey. Take the fascinating poem, ""Once""Once,I heard him,he was washing the world,unseen, nightlong,real.One and Infinite,annihilated,ied.Light was. Salvation.That ""ied"" is very peculiar, and perhaps the best example of how Celan broke apart words in his poems, and reached for expression beyond our spoken/written language. The suffix ""ied"" is used to make a verb past tense. Is Celan going one step beyond ""annihilated?"" Translator Hamburger questioned the poet about its usage but did not receive a complete response. Maybe there isn't one.Once an artist goes this far, what's left?Celan committed suicide in 1970, by drowning himself in the Seine. This is beyond tragic. It is tempting to remember his words:O one, o none, o no one, o you:Where did the way lead when it lead nowhere?But I also think of this late poem:I HEAR THAT THE AXE HAD FLOWERED,I hear that the place can't be named,I hear that the bread which looks at himheals the hanged man,the bread baked for him by his wife.I hear that they call lifeour only refuge."
284,Sienna,"Reading Paul Celan is a daunting task. Translator Michael Hamburger admits this from the outset:
I insist on the essential difficulty and paradox of his poetry. It is the difficulty and the paradox that demand a special attention to every word in his texts, and this attention is something other than what is normally meant by understanding. I am by no means sure that I have 'understood' even those of his poems — a very small part of his total output — which I was able to translate. But the darkness in Celan's poems, their leaps and bounds, their haltingness and their silences, all these are inseparable from their authenticity and their fascination.
I don't know about you, but that description — the near-impossibility Hamburger hints at of apprehending the ineffable — simultaneously humbles me and whets my appetite. I wish I'd taken more than two years of German in college; I feel the need to re-read Wittgenstein on language games and the essential primacy of behavior, of use in communication before I can even think about tackling this slender set of poems that spans Celan's career. It's been near the top of my to-read pile for months, but Ilya Kaminsky's incredible article in the most recent issue of Poetry Magazine, ""Of Strangeness That Wakes Us,"" finally drove me to the library last weekend.And yet this seems a vain quest: How can I hope to understand in translation words that the translator himself is uncertain he has fully understood and expressed? Conversely, how can I not make the effort? These poems mark Celan's second struggle: to articulate the first, the Holocaust experiences and losses that shaped everything that followed. As Hamburger puts it, ""his poetry never ceased to be rooted in experience, extreme experience that could not be enacted in any manner less difficult than his. The hiatuses, the silences, the dislocations of normal usage belong to what he had to say and to the effort of saying it."" No wonder Celan described his poems as ""a sort of homecoming."" Our toil as readers is comparatively simple... and utterly worthwhile. So let us seek that home, though the way will be arduous and we may understand the directions only occasionally. Let's pick up the messages he's left in beautiful, terrible bottles, and search for meaning in them.I can't rate this collection, though I love it. The library copy is old, part of the Penguin Modern European Poets series, with a black-on-red portrait behind what looks like bubble wrap. It doesn't have the original works facing their translations, and I regret that. Hamburger is a trustworthy, impassioned guide, but these language games require German to remain on the table. I do think ""Fugue of Death"" and ""The Straitening"" are good starting (counter)points, but here are the poems that haunted and seeped in and stayed, will probably stay with me always.Speak, You AlsoSpeak, you also,speak as the last,have your say.Speak —But keep yes and no unsplit,And give your say this meaning:give it the shade.Give it shade enough,give it as muchas you know has been dealt out betweenmidday and midday and midnight.Look around:look how it all leaps alive —where death is! Alive!He speaks truly who speaks the shade.But now shrinks the place where you stand:Where now, stripped by shade, will you go?Upward. Grope your way up.Thinner you grow, less knowable, finer.Finer: a thread by whichit wants to be lowered, the star:to float further down, down belowwhere it sees itself glitter: on sand dunesof wandering words.
HomecomingSnowfall, denser and denser,dove-coloured as yesterday,snowfall, as if even now you were sleeping.White, stacked into distance.Above it, endless,the sleigh track of the lost.Below, hidden,presses upwhat so hurts the eyes,hill upon hill,invisible.On each,fetched home into its today,an I slipped away into dumbness:wooden, a post.There: a feeling,blown across by the ice windataching its dove- its snow-coloured cloth as a flag.
FlowerThe stone.The stone in the air, which I followed.Your eye, as blind as the stone.We werehands,we baled the darkness empty, we foundthe word that ascended summer:flower.Flower — a blind man's word.Your eye and mine:they seeto water.Growth.Heart wall upon heart walladds petals to it.One more word like this word, and the hammerswill swing over open ground.
All SoulsWhat did Ido?Seminated the night, as thoughthere could be others, more nocturnal thanthis one.Bird flight, stone flight, a thousanddescribed routes. Glances,purloined and plucked. The sea,tasted, drunk away, dreamed away. An hoursoul-eclipsed. The next, an autumn light,offered up to a blindfeeling which came that way. Others, many,with no place but their own heavy centres: glimpsed and avoided.Foundlings, stars,black, full of language: namedafter an oath which silence annulled.And once (when? that too is forgotten):felt the barbwhere my pulse dared to counter-beat.
Draft of a LandscapeCircular graves, below. Infour-beat time the year's pace onthe steep steps around them.Lavas, basalts, glowingstone from the world's heart.Wellspring tuffwhere light grew for us, beforeour breath.Oilgreen, soaked with sea spray theimpassable hour. Towardthe centre, grey,a stone saddle, and on it,dented and charred,the animal forehead withits radiant blaze.
There Was EarthThere was earth inside them, andthey dug.They dug and they dug, so their daywent by for them, their night. And they did not praise Godwho, so they heard, wanted all this,who, so they heard, knew all this.They dug and heard nothing more;they did not grow wise, invented no song,thought up for themselves no language.They dug.There came a stillness, and there came a storm,and all the oceans came.I dig, you dig, and the worms dig too,and that singing out there says: They dig.O one, o none, o no one, o you:Where did the way lead when it led nowhere?O you dig and I dig, and I dig towards you,and on our finger the ring awakes.
Thread SunsThread sunsabove the grey-black wilderness.A tree-high thoughttunes in to light's pitch: there arestill songs to be sung on the other sideof mankind.
You Were My DeathYou were my death:you I could holdwhen all fell away from me.
"
285,Lindsay Young,
286,Brigette,
287,Michael Stewart,
288,Ryan Dobran,
289,Tim,"Paul Celan is a poet whose work exudes difficulty and breathes paradox. Michael Hamburger’s introduction to the Celan Selected Poems is a testament both to the difficulty of Hamburger's task as translator, and to the zeal and commitment with which he pursued this task. Paul Celan's originals are on the left and Michael Hamburger's translations on the right, so German speakers can check for themselves how good a job the translator has done.[return][return]In case the foregoing reads like a “Danger-Keep Out!” warning posted on the approach to Celan's work, I'm not trying to put you off. Despite their difficulty, these poems are wonderful: fascinating, endlessly inventive. Never profligate with words, Celan's late poetry approaches the compression and density of a black hole; new words form under the extreme conditions. Michael Hamburger has done a heroic job of translating what many would regard as the untranslatable."
290,Ellie,
291,Danielle,
292,Nathaniel,
293,Laura,
294,Esther,
295,Matthew M.,
296,Luke,"Michael Hamburger is Paul Celan's most accomplished, accurate, and lyrical translator. But don't take my word for it -- I don't know German.I feel like, with Celan, you're watching language being cored and scraped and chopped and reversed into some finally elegant shape by an apple peeler that is the absolute measure of all apple peelers."
297,Wlwarner,"If you ever run across this edition, you'll never want to let it go. Haunting and cryptic, these poems will draw you back again and again. Some are utterly heartbreaking: ""Aspen Tree...,"" or ""I Can Still See You,"" for example. "
298,Nate,
299,Stan Murai,"This is a anthology of selected poems by Paul Celan, born as Paul Antsche to a German-speaking Jewish family in Romania, who became a major German language poet and translator of the post-World War II period. The death of his parents and the experience of the Holocaust strongly influenced and defined much of his poetry. His most famous poem ""Todesfuge"" (contained in this collection) is regarded as a masterpiece describing horror and death in a concentration camp. His poems typically have a mysterious, ambiguous quality with compelling images and rhythmic patterns that are quite elusive. The translator Michael Hamburger provides us with an ample sampling in this bilingual edition that has managed to reproduce some of the key characteristics of the poems, namely the same mystifying elements of the original language. Although a German poet, Celan lived most of his adult life in France. He he was also an extremely active translator and polyglot, translating literature from Romanian, French, Spanish, Portuguese, Italian, Russian, Hebrew, and English into German. He also had an enigmatic relationship with Martin Heidegger, whose work he admired. It is well known that Celan and Heidegger communicated with each other over a number of years, and even met in a controversial encounter in 1967. Celan, a Holocaust survivor, remained an avid reader of Heidegger, who never disavowed his Nazi past. (Personally, I find Celan's life and poetry interesting, but I still can't say I understand much of his work.) "
300,Open Loop Press,
301,Caterina Fake,
302,Chris Michel,
303,Eadweard,"Your hand full of hours, you came to me - and I said: Your hair is not brown. So you lifted it lightly on to the scales of grief; it weighed more than I..----My eye moves down to the sex of my loved one: we look at each other, we exchange dark words, we love each other like poppy and recollection, we sleep like wine in the conches, like the sea in the moon's blood ray----Thread suns above the grey-black wilderness. A treehigh thought tunes in to light's pitch: there are still songs to be sung on the other sideof mankind----You were my death: you I could hold when all fell away from me"
304,Janaka,
305,Greg,"This is not so much a review as thoughts I had while reading these poems. Adorno is probably most famous for saying something like, how can there be poetry after Auschwitz? Maybe that is not exactly what he wrote, or maybe he didn't mean that there can be no poetry after Auschwitz, but rather what would a poetry look like after what had happened, how can one return to the old poetry, to say Romanticism when what had happened happened and the words of old poetry had been co-opted into the totalitarian myths that fueled a most civilized barbarity. If you are of my demographic and you dwell too long on the barbarity of Europe's twentieth century you are accused of pessimism (an awful crime in our day and age), especially if you happen to be taking this stand against aging sixties liberal radicals who seriously don't want to think that they didn't make the world a better place, and that the last twenty eight years (give or take a couple of decades) of US gross misconduct is just some aberration of sorts that stands against the greater trend of progress the world has enjoyed under their influence and tutelage. When you're head is shoved up your ass far enough or buried deep enough in the sand you can tell yourself anything that makes you feel better about your role in the world. You can also say that the holocaust is the past, things are better now and then blissfully move on. That is sort of what the world did after Auschwitz, they vowed ""Never Again"", but that didn't stop it from continuing on, maybe it wasn't European Jewry, but say Soviet and Chinese dissidents, people in Rwanda, the former Yugoslavia, in East Timor, in Latin America and the list goes on. Mass killings, ruling by terror and violence, elimination of the unpure, the undesirables or just those who are different. But because you say Never Again you can go on your merry way and believe the world is a better place. In this world view Adorno's statement about poetry is absurd, poetry is exactly the same. Nothing about beauty, or any of that silly shit has been effected, so get over it say a fucking Kaddish and get ready for global hegemony. Celan's poetry is rather the answer to Adorno's question about poetry. It is poetry that tries to look in the face of the horror of what had happened and give an utterance to the unspeakable quality of it all. His poetry is a reminder of the magnitude of what had happened, and that almost any talk about it is an absurd reduction to phrases lacking in any real meaning. His poetry navigates this almost necessary silence and mourns the loss of not just the people who died but the death also of the world that has survived the holocaust. The poetry tries to express this loss, and express the way that words can only fail to adequately accomplish this massive task. In the spaces between the sparse lines, in what isn't said but which exists just under the surface of the words the meaning lies, the awful pain of mourning and attempts to understand the why of what has happened. God pops his head up quite a bit in these poems, because he's one of the big problems with understanding what had happened. If there is a God how could he let this happen, how can one still believe in the Old Testament God after this? The easy answer is to say, well he didn't exist to begin with; of course (well maybe not of course) this answer leads to the more horrifying relization that if God doesn't exist then we are some really fucked up people, and we have to cope with not just an absurd existence but a terribly horrific and absurd existence. Evil takes on a whole new dimension that I don't think most people want to seriously confront if it is separated from the religious dichotomy of good and evil. If you don't believe me on this one take a couple of minutes to just think about all of the fucked up things in the world, and take away any underlying meaning to the universe and try to come to terms with what it means for us all. Then think about how much nicer it is to think about the same evil existing but which is balanced off by some kind of redeeming factor, and see which view of existence seems rosier. So God is here in various guises, but God in a form that is both on the docket, so to speak, for what happened and as gone, or dead or whatever phrase you want to use. This is different than the contemporary vogue atheism that in a feel good way dances around about there being no God and comforts by making the horror of the world as the result of fanatic religion and narrow minded faith. Rather there is nothing to be joyful about the lack of God, what is the consolation prize in living in a world without God? Celan confronts this absent, mute, impotent, ignoble deity in a variety of ways, and leaves unsettling questions instead of any understanding. So, um, now that I've ranted about lots of things, I guess I can say that I liked this book a lot. It's not nice reading to make you feel good, but it is a great book to make you confront the dark side of humanity and the self. "
306,Jeremy Reff,
307,Jeffrey Richards,
308,Whit,
309,Gavin,
310,Lula,
311,SunnyD,
312,Kari,
313,Maureen E,
314,Sarah,
315,poingu,"Three stars for the translation. Noble effort but clunky.Three stars too for the originals. I'm kind of shocked at myself to write that as I used to feel I could follow so deeply the winding curves of these poems as they fall toward silence, tief im Schnee etc...and I was convinced they made me feel closer to understanding than before.But reading these now, I think they are a blind alley, or at best an amazing cul de sac, in the history of poetry. Except for the un-Celan-like Todesfugue, they just don't succeed in communicating, in fact their failure to communicate their intended meanings--their willed obscurity--is the foundation of their art. Falling out of love with Celan's poetry feels like falling out of love with a lover, where I'm wondering what I ever saw in the relationship."
316,Tanuj Solanki,"Only for the battle-hardened reader, for there is no spring, no glee in Celan's poems. There is but the 'Black milk of daybreak.' And most of the poems are indecipherable, unless read very slowly and repeatedly, when they start glimpsing through with some meanings. I could not much understand the later poems, ones that blast through with a flurry of intended half-images that my mind couldn't both create and connect at the same time.My favorite poems are listed below, with a line or two that I will absolutely never forget:Sand from the UrnsDeath Fugue (Todesfuge)Memory of France - Together with me recall: the sky of Paris, that giant autumn crocus...I can still see youShibboleth - Set your flag at half-mast, / memory. / At half-mast / today and for ever.Below - And the too much of my speaking: / heaped up round the little / crystal dressed in the style of your silence."
317,kali,
318,Daniel,
319,Pamela,
320,nadjadenada,
321,maría,
322,Amanda Moon,"This is a HARD book. But if you can press through the difficulty, it's got some beautiful poetry."
323,Steve Love,"I don't really know anything about Paul Celan or why his poetry is celebrated, but I know that it didn't do anything for me."
324,Cynthia Cruz,
325,Christopher,
326,Mordechai Shinefield,
327,Bethan,"seems good taken as a whole, religious in sentiment (I do not mean literally), seeking, but too inscrutable for me."
328,Freya,
329,James,
330,T,
331,Emilia,
332,Gwern,"Modern verse is always difficult to read, and I expect little from it since the freedom gives people far too much rope to hang themselves (""you need an infallible ear, like D. H. Lawrence, to determine where the lines should end""); Paul Celan is no exception in that most of his poems leave me simply baffled. Part of the problem is the shadow of the Holocaust lingering over many of the poems: an event too awesome and sublime to reduce to words, seemingly reducing Celan to slapping down words and fractured lines in frustration and despair, and not a little guilt, circling around the themes again and again (reminding me of Wittgenstein's famous introduction to Philosophical Investigations).That said, a few of the poems or parts of the poems worked for me - not just the famous ""Fugue of Death"" (WP) but several of the others. In poetry, a few gems is enough, because they stay with one in a way that prose rarely does, and so I forgive Celan for the poems I did not like and myself for the poems I did not get. Some excerpts:""Aspen Tree..."", pg24:""Aspen tree, your leaves glance white into the dark. / My mother's hair was never white. / Dandelion, so green is the Ukraine. / My yellow-haired mother did not come home. / Rain cloud, above the well do you hover? / My quiet mother weeps for everyone. / Round star, you wind the golden loop. / My mother's heart was ripped by lead. / Oaken door, who lifted you off your hinges? / My gentle mother cannot return.""""Corona"", p32:""Autumn eats its leaf out of my hand: we are friends. / From the nuts we shell time and we teach it to walk: / then time returns to the shell.""""...We stand by the window embracing, and people look / up from the street: / it is time they knew! / It is time the stone made an effort to flower, / time unrest had a beating heart. / It is time it were time. / It is time.""""Fugue of Death"", pg33:""Black milk of daybreak we drink it at nightfall / we drink it at noon in the morning we drink it at night / drink it and drink it / we are digging a grave in the sky it is ample to lie there / A man in the house he plays with the serpents he writes / he writes when the night falls to Germany your golden / hair Margarete / he writes it and walks from the house the stars glitter / he whistles his dogs up / he whistles his Jews out and orders a grave to be dug in / the earth / he commands us strike up for the dance / Black milk of daybreak we drink you at night / we drink in the mornings at noon we drink you at / nightfall / drink you and drink you / A man in the house he plays with the serpents he writes / he writes when the night falls to Germany your golden / hair Margarete / Your ashen hair Shulamith we are digging a grave in the / sky it is ample to lie there...""""Thread Suns"", pg83:""...there are / still songs to be sung on the other side / of mankind.""""I Hear that the Axe has Flowered"", pg106:""I hear that the axe has flowered, / I hear that the place can't be named, / I hear that the bread which looks at him / heals the hanged man, / the bread baked for him by his wife, / I hear that they call life / our only refuge.""Ironically, the reason I looked up Celan in the first place was a Japanese novella (a doujin for Touhou), Iyokan & Surrounded By Enemies's 
Dream and Reality
, included as a running theme quotes from Celan's From Threshold to Threshold (perhaps because Celan's poems in Japanese bring out the repeated themes of gates/thresholds/transitions, which complements the plot of the novella & a key character). I had been particularly struck by the poem ""The Guest"" from Threshold:""Long before nightfall / someone who exchanged greetings with darkness / comes to spend the night with you. / Long before daylight / he wakes / and, before leaving, kindles a sleep, / a sleep echoing with footsteps: / you hear him going off, measuring distances, / and you throw your soul / after him.""And since Selected Poems was available but Threshold was not, I downloaded it to read... and ""The Guest"" was not in it."
333,rebecca,
334,Michael Taeckens,
335,Penelope,
336,Liza,
337,Maria,
338,Little,
339,Mara,
340,Adam Fitzgerald,
341,Marc,
342,Anne Heide,
343,HM, فوگمرگ شیرِ سیاهِ سپیده‌دمان ، می‌نوشیم به شامگاه می‌نوشیم به نیمروز و بامداد ، می‌نوشیم شبانگاه می‌نوشیم و می‌نوشیم گوری در آسمان حفر می‌کنیم ، آنجا دیگر جایمان تنگ نیست...Todesfuge Schwarze Milch der Frühe wir trinken sie abends wir trinken sie mittags und morgens wir trinken sie nachts wir trinken und trinken wir schaufeln ein Grab in den Lüften da liegt man nicht eng ...Death FugueBlack milk of morning we drink you at dusktimewe drink you at noontime and dawntime we drink you at nightwe drink and drinkwe scoop out a grave in the sky where it’s roomy to lie...English Translation translated by Jerome RothenbergDeathfugueBlack milk of daybreak we drink it at evening we drink it at midday and morning we drink it at night we drink and we drink we shovel a grave in the air there you won't lie too cramped .... English Translation by John Felstiner-------------------------------------آقای احمدی کارم جلو نمی رود و ازش راضی نیستم چون اصل آلمانی اش را نمی فهمم مثلن در آلمانی سلان اسم شعر را با یک کلمه ی ترکیبی ساخته اما در ترجمه ی فارسی و بسیاری انگلیسی خرابش کرده اند. اما خب ادامه می دهم چون تا تمام نشود ازش خلاص نخواهم شد
344,Stela,"
“He speaks truly who speaks the shade”
I was eighteen and obsessed with this verse. I can’t remember where I found it, maybe I had read it in a book, maybe someone had given it to me (we used to collect quotes then). I knew it was Paul Celan’s, but I did not know Paul Celan. I did not even know how to pronounce his name – it sounded French to me, but I had a vague suspicion it could be Romanian. And of course, living in a communist Romania I couldn’t possible make a genuine research and soon I forgot about him or abandoned him for I had just discovered Dostoyevsky, my greatest obsession of all. But, in some corner of my mind, Paul Celan always lingered and thirty years after I can at last put a title and a poem and a book around that strangely beautiful verse. I’ve also learned I was both right and wrong in my assumptions: Celan, an anagram of his real name, Anczel, was used as a pseudonym while publishing in a Romanian periodical, but otherwise his links with Romania were complicated, as were those of all our writers in exile (Cioran’s, Ionesco’s, Eliade’s, etc.) and in his case rather weak – it is hard to find a veritable influence of Romanian literature in his work, not at the same extent as French and German influence even though the poems he published at Bucharest immediately after WWII were in the Surrealist spirit still effervescent in Romania of that time. Anyway, his penname would eventually be pronounced in a French manner, since he lived in Paris until his death. That said, it is almost uncanny to discover the verse that impressed me so much that it stayed with me all these years contains “in nuce” all his poetic beliefs and obsessions, like a concise ars poetica that rejects confessional and realistic poetry, yet without resorting to the hermetic. The way found is the refuge into the poetic of darkness, both literally and metaphorically, an inexhaustible resource, which will take infinite, forms, all speaking of nothingness. Sometimes it pours inexorably over the destiny of some hopeless prisoners of wars, prisoners of racial hate, prisoners of life: “Black milk of daybreak we drink it at nightfallwe drink it at noon in the morning we drink it at nightdrink it and drink it” (Fugue of Death)Other times it grows branches to shadow and protect a tragic memory...“Aspen tree, your leaves glance white into the dark.My mother's hair was never white.” (Aspen Tree)...when it doesn't exchange the darkness of nothingness with the dryness of the knowledge prying like Argus behind the veil:“Go blind now, today:eternity also is full of eyes – “(Go Blind Now)For life is only food for death, for perishing is the only reality - and the only salvation from the lie of existence:""That half-death,suckled big with our life,lay around us, true as an ashen image"" – (In Prague)Haunted by his tragic past, Paul Celan struggled a while with his inner demons, forever viewing life only as a transit point:""I hear that they call lifeour only refuge."" (I Hear that the Axe has Flowered)Like many a damned artist, he experimented Art as a cathartic liberation. But in the end, Death became the supreme poetry. But in the end, Death prevailed:You Were My DeathYou were my death:you I could holdwhen all fell away from me."
345,Jonathan,
346,Mary,
347,Mike,
348,jeremy,"to stand in the shadowof the scar up in the air.to stand-for-no-one-and-nothing.unrecognized,for you alone.with all there is room for in that,even withoutlanguage."
349,Conor,
350,James Grinwis,Fell in love with the later compilations: Atemwende (Breathturn) and Fadensonnen (ThreadSuns)
351,Chris,
352,Sheri,
353,Kirsten,
354,Bill,
355,bj,
356,David,
357,Mills College Library,831.914 C3921 1989
358,Bob,
359,Amber,
360,Leigh,"For my money, the best and the most devastating poet of the late twentieth century."
361,Rob,
362,Catherine,
363,Autumn,
364,Cameron,"Haven't got all the way through this one yet. Celan is amazing. However, the translator (Hamburger) often leaves a gap in his rendering."
365,Travis Fortney,
366,Katie,
367,Morgan,
368,Katy Clove,
369,Steven Logan,"In an age where poetry is on a book shelf that every one ignores, I think it would be worth one's time to get the dust off this book and read this talented work of poems"
370,Jeannecamos,La langue allemande m'étant complétement étrangère je pense avoir perdu beaucoup de la poésie de ces textes avec la traduction qui ne m'avait pas l'air d'être de grande qualité. Un recueil inégal qui se divise entre des superbes poèmes très charnels et organiques et des poèmes plus classiques. Mitigée. 
371,Aaron,
372,Ely,
373,Storm,"Yeah, it's real goodlikerealgood. "
374,Zöe Yu,"For the introduction written by M.H, I wonder whether or not he involved in the plagarism?? But I respect his poems and all his experiences including suicide."
375,Sara Leone,
376,Natty,
377,Dearwassily,My favorite poet behind Anne Carson (and Dylan).
378,Norman,
379,Shawn,
380,Anthony,Amazing. Celan instantly rises to one of the four or five great poets of the post-war era. 
381,peiman-mir5 rezakhani,دوستانِ گرانقدر، تعدادی از ابیاتِ سروده شده توسط «پل سلان» را به انتخاب در زیر برایتان مینویسم... هدفم از نوشتن این اشعار، آشنایی شما بزرگواران با سبکِ این شاعر بوده است------------------------------------------------------------------------------،ابر بارانی، بر فراز چاه میپلکی،مادر ساکتم برایِ هرکسی میگرید،ای ستارۀ گِرد، که حلقه ای طلایی را می پیچانی.قلب مادرم را سرب شکافت------------------------------------------------------------------------------پاییز برگهایش را از دستم می خورد: دوستیم ما:از هسته ها پوستۀ زمان را برمی گیریم و راه رفتن می آموزیمآنگاه زمان به پوسته بازمی گردد------------------------------------------------------------------------------دیده ات را جستجو کردم، همانطور که می گشود و هیچکس هشدارت نمی دادآن رشتۀ پنهان را بافتم،که شبنم بر آن، از خیالتبه سوی کوزه ها می سرید.و سخنی که قلب هیچکسی آن را درنمی یافت، آماده بود------------------------------------------------------------------------------من ستارۀ کور این نیمرخ را سرپا می ایستم و می بویمو فرشته ای شبکاربا تنپوشی از پوست سوختۀ آهویواشکی به دوسویِ خود نگریست.و اندکی تاریکیِ میرا را حس کرد------------------------------------------------------------------------------تق تق کوبندۀ پاشنه هایی که زن ،یا مردی زنده را بر آسفالتی خسته راه میبرندآنگاه ارغوان در گیسو و سینه هاشان خواهد بارید.آنها در میان سکوهایِ پاییزی، درخت سرو را گیر خواهند آورد------------------------------------------------------------------------------چه کسی،میگوید، برای ما هرچیزی در گذشته استکه برای ما دراینجا روزنه درهم شکسته است؟.هرچیزی بیدار شد، همه چیز آغاز شد------------------------------------------------------------------------------دوستانِ عزیزم، با آنکه میدانم این اشعار برایِ شما عزیزانِ علاقه مند به شعرِ همیشه برترِ ایرانی، بی معنی و بی مفهوم میباشد، اما امیدوارم این انتخاب ها جهتِ آشنایی با سبکِ این شاعر مفید بوده باشه«پیروز باشید و ایرانی»
382,ardavisura,
383,Steel,
384,Realini,"Poems of Paul CelanPaul Celan was born in Romania- this is the first reason to read his poems. The second and more important is that he is included on The Guardian list of best 100 books ever written.The poems are difficult, sad, even depressing. But there is a reason for that: Paul Celan has been through a concentration camp- he was Jewish, born in Cernauti. He has committed suicide at 49, because e he has “escaped the concentration camp in body, but not in spirit” His most famous poem Is Fugue of Death, but all his poems have a “Shadow of Death”…Here are some of the lines that have either shocked, or impressed upon me-“Most brightly of all burned the hair of my evening loved one to her I send the coffin Of lightest wood…Now you are young as a bird dropped deadIn March snow…Autumn eats its leaf out of my hand: we are friends”“In the mirror it’s Sunday…”We love each other like poppy and recollection”…It is time the stone made an effort to flower…”“Black milk of daybreak we drink…”We are digging a grave in the sky”I hear that the axe has floweredThe pair of blackbirds hangs beside us…”Black milk is the most shocking description, even if I found most, if not all the poems, to be gloomy, sad and tragic."
385,Mark,
386,brendan dougherty,
387,Jenny,
388,Jeff,
389,Diana,
390,Walt,
391,Jessi,
392,Joanna,
393,Erika,
394,Jenna,
395,Louise,
396,Lázsló Alcarey,poor translation
397,Patrick Duggan,
398,Mars,
399,Josh,
400,Melissa,
401,Gene  Epstein,
402,heather,
403,Ramona,
404,Andrew,
405,Yvonne,
406,Tracy,
407,Dustin,
408,Bunnyhoopla,
409,Alex,
410,Steve Morrison,
411,Hanna,
412,Jfiorini,
413,T.,I still favor the Hamburger translations--through which I fell in love with Celan first. 
414,evan,
415,Cindy,
416,Hung,
417,A_,
418,Tony Frazer,
419,Blas,
420,Charles,
421,David Leftwich,
422,Drew Holladay,
423,Meriaten Long,
