,user,review
0,Michael Brunelle,
1,Ali Ben,
2,Leah,
3,Jim,"Not being satisfied with the sparseness of my initial review, I went out and bought the book (I have to return the library book soon) and plan to revisit the poems sooner rather than later.* * * * * I wish my Spanish were better, because the lyricism of Federico García Lorca's poetry is evident even in a mediocre English translation. This is one of those collections of poetry to which I plan to return and spend a little more time. There is a real beauty to Romancero Gitano that calls out for a re-evaluation."
4,El Segoviano,"Este libro está sin firmar y no es que lo haya leído es que lo he releído no se sabe cuantas veces y sin embargo está sin firmar, lo que significa que lo lei hace mas de 40 años que es cuando debí empezar a leer los libros que leía.Este libro sencillamente es una joya. Cuando mas lo lees mas te atrae. Es una autentica pasada y posiblemente con el de Campos de Castilla de Machado sea de lo mejor que se ha hecho en poesía en lengua española."
5,Mercedes Diaz,"Of all his collections, this is my all-time favorite."
6,khalid,واضح إني عندي مشكلة مع الشعر المترجم
7,Bahar Ranjbar,
8,Annette,verde que te quiero verde!.. estos gitanos de Lorca que lo ponen a uno a bailar bajo la sombra de la luna llena y entre flores y prados
9,Annabelle,
10,Dullian,
11,Eric Nguyen,
12,Damian Reyes,"No quiero regresar este libro a la biblioteca, deberían dejar quedármelo. Es impresionante como en 84 páginas, puede un poeta lograr algo así, es conmovedor.Romance sonámbulo es mi favorito. Repito es impresionante.""Verde que te quiero verde.Verde viento. Verdes ramas.El barco sobre la mar.Y el caballo sobre la montaña."""
13,Gertrude Coucoulina,
14,Angiemangie,
15,Salomé,
16,hannah,
17,Eleanor,
18,astronaut.,
19,Carlos Mestre,
20,Radwa,حسنًا، أنا مبتدئة جدًا في قراءة وتذوق الشعرأعتقد لمبتدئة مثلي، الشعر الواضح أفضل بكثير، لكن شروح المترجم والإضافات التي أضافها في نهاية الكتاب سهلت عليّ كثيرًا فهم هذا الديوانهذه أول قراءاتي للوركا وبالتأكيد ليست الأخيرة.ومن أكثر القصائد التي أعجبتني:- أغنية مسرنمة- الزوجة الخائنة- أغنية الألم الأسود- اعتقال أنطونيو آلكامبوريو في طريق أشبيلية- الميت حُبَا- أغنية الحرس المدني الإسباني
21,Bímbala,
22,Martha E.Chaves,
23,Hesi,
24,Rodrigo Vigo,Lorca me hace pensar que la razón por la que los poetas nuevos intentan cosas nuevas es en parte por su impulso vital y en parte también porque lo que ya está hecho no puede ser mejorado.
25,All Mota," Pues, aunque no entienda mucho de poesía (tampoco es que entienda mucho de literatura en realidad) debo decir que me sorprendió es increible como hace que todos los poemas se engloban en los dos temas de los que habla el título, cada uno de estos es como un capítulo al azar en una crónica de la vida de un pueblo, con sus propias creencias y hasta con su propia mitología. Además cosas como el romance, el sexo, la xenofobia, el desprecio, la muerte, se tratan de una manera tan sublime que no resultan horribles, y aunque lo hace con cierta crudeza García Lorca lo hace de una manera que exuda dulzura y premeditación, el poema que más me llamó la atención es Preciosa y El viento, lo releí varias veces más que los otros, y de verdad creo que de los pocos poemas que he leído, este será uno de mis favoritos."
26,Paul,"Escenas de la vida gitana, de la tragedia más que de su alegría.Muchas figuras poéticas y trabajada rima.Poesía que no en vano es un clásico retrato de Andalucía.Las notas de la versión de Christian de Paepe sirvieron mucho para descifrar los versos lorquianos y entenderlos mejor, además de las dedicatorias y lo que Lorca tomó de la tradición popular y lo que es de su propio mundo poético.""Romance de la luna, luna"", ""Reyerta"", ""La casada infiel"", ""Muerte de Antoñito el Camborio"", los que más me gustaron y el final de ""Thamar y Amnón"" formidable para finalizar un libro de poemas tan trágicos en su mayoría."
27,Suzanne,
28,Kevin,
29,Rebeka,
30,Anne-laure,
31,Tesparza,
32,Dan Varrette,
33,Matthew,
34,Neema Avashia,
35,Unholy Frog,
36,Desire  Blue Unicorn , *-* No hay manera alguna que exista alguna simple palabra en este mundo para describir a Lorca! 
37,Jessica,
38,Laura Quilter,
39,Tacuazin,
40,Jacqueline Portmana,
41,Demian Turner,
42,Emma,
43,Apursansar,
44,Makenzie,
45,Mohammed,Well...it seems tbat the book is kinda good...but I read it translated and i don't know anything about the culture of the gypies....so i lost 90% of the book's use/fun...didn't understand much...
46,Zael,
47,Arua,
48,Elissa,
49,Amanda,
50,Ginny_1807,"Un bello niño de junco, anchos hombros, fino talle piel de nocturna manzana, boca triste y ojos grandes, nervio de plata caliente, ronda la desierta calle. Sus zapatos de charol rompen las dalias del aire, con los dos ritmos que cantan breves lutos celestiales. En la ribera del mar no hay palma que se le iguale, Ni emperador coronado ni lucero caminante. Cuando la cabeza inclina sobre su pecho de jaspe, la noche busca llanuras porque quiere arrodillarse. Las guitarras suenan solas para San Gabriel Arcángel, domador de palomillas y enemigo de los sauces. San Gabriel: El niño llora en el vientre de su madre. No olvides que los gitanos te regalaron el traje. "
51,Lorik,
52,D.A.,
53,Lauren,"I randomly quote lines of poetry from this book in my day-to-day life (though usually only in my head, for fear of scaring my coworkers even more). Some days I am la monja gitana, and some days I am Soledad Montoya, and some days I exist in a green dream. It has left an imprint upon my soul. "
54,Siyuan,
55,Clara,
56,behnaz,
57,Jennifer,
58,MV,
59,Reynetta,
60,Pakitoinuriak,
61,Indi_book,
62,Oscar,
63,Nandarethan,
64,Ariel,
65,Tena,...inigualablemente bueno
66,Giulia,
67,Farah,
68,julia,
69,Nick,
70,COME_TO_THE_DARK_SIDE,"Como en todas las obras de García Lorca, el amor y la muerte están entrelazados. Lo que más me ha gustado es el antagonismo gitanos-Guardia Civil:""¡Oh, ciudad de los gitanos!La Guardia Civil se alejapor un túnel de silenciomientras las llamas te cercan.¡Oh, ciudad de los gitanos!¿Quién te vio y no te recuerda?Que te busquen en mi frente.juego de luna y arena."""
71,Mariaelena,
72,Daniela,
73,María Lourenzo,
74,Amorette,Verde...te quiero verde. 
75,Lena,
76,Alice Urchin,
77,Faux-Rudy,
78,Katherine,
79,Maria Hartoularos,
80,Peachy,
81,Christine,
82,Eva,
83,Dasalshasa ben Mariem,
84,Su,
85,Iria,
86,The Art Warriors,
87,Dimitri,
88,Wanda Medina,
89,Berna Labourdette,
90,John Bodley,Poetry
91,Juan-Diego Herrera,
92,Lexilalas,
93,Nicole,
94,María Fernanda,
95,Joe ,
96,Mia,
97,Sara,
98,Jade Anthony,
99,Brian,
100,Roberto Hernando,
101,Xoe,
102,Lis,
103,Vivian Dang,
104,Bruna,
105,Liz,
106,Maria Solano,"""...Pero yo ya no soy yo, ni mi casa es ya mi casa..."""
107,Arubeeka,
108,Úrsula León,
109,Juan Carlos Casanova,
110,Gonzalo,
111,Ilenda,
112,Rhi,
113,Mohammad,
114,Ensar,
115,Marian,
116,Natalia,
117,Sebastián Aranda,¡Oh ciudad de los gitanos!¿Quién te vio y no te recuerda?Que te busquen en mi frente.Juego de luna y arena.
118,Carly Safko,
119,Raquel González Rojas,"No puedo dejar de imaginarme al joven Lorca escribiendo estos versos, bailando en su cabeza mientras espera el tranvía, martilleándole con fuerza antes de dormir, sus pensamientos dejándose llevar por los gitanos sobre los que escribe.Estaba tan triste.Lorca es el único que me crea un nudo en la garganta de tristeza que solo su lírica sabe desatar. "
120,David Miller,"These are beautiful poems that truly must be read in Spanish to be properly appreciated. I don't say that to sound pretentious, as I found myself constantly referring to the English translations when confronted with rare verbs, names of flowers and plants, and poetic inversions of word order. But reading the original Spanish, one becomes aware of a powerful balladic rhythm that simply isn't there in the English. It would seem the translators aimed primarily at preserving García Lorca's fantastic imagery and in remaining comprehensible. In any event, it's a truism that poems in translation rarely measure up to their originals.Steeped in death, violence, and myth, but also teeming with life and the beauty of nature and humanity, a kind of story of Lorca's native Andalucía emerges from this collection. That story is mysterious, sometimes impressionistic, and often nightmarish. The final impression is of a country that is alive, with all the joy and suffering that entails.I thought about giving this five stars. When I decided not to, it all came down to a fundamental issue I took with the book, namely its relationship with Roma people. It is clear from the poems and the lecture included at the end of the book that Lorca admired and sympathized with the Roma. Unfortunately, it appears to me that he also idolized them somewhat inordinately, even as he assumes some of his readers to have put him and this book on a pedestal. It looks to me like this book is part of the tradition of romanticizing Roma culture in Europe and America, by people who would appropriate their imagined ""nomad"" aesthetics while condemning real Roma people as dirty or criminal, if they should ever think of them at all. I don't think Lorca felt that way about them, but I've met plenty of people who do and I don't think book titles like Gypsy Ballads do much to dissuade them. In point of fact, ""gypsy"" is widely considered a racial slur in English by the Roma. I can't speak to the same status of the Spanish term ""gitano"", but in any case it is an exonym applied to people who have rarely benefited from being defined by others.All that being said, Romancero Gitano is a fabulous book of poetry. I hope that, for all the beauty it depicts in the culture and heritage of southern Spain, it will continue to be read by open minds, especially for the sake of its eponymous subjects."
121,Alejadita,
122,Kelly,
123,Sophie,
124,Sebastián,
125,Raúl Quinto,
126,Gabriel M.,
127,Cristián,
128,Rebecarodriguez,
129,Jessica D.,
130,Ali,
131,Jorge,
132,أحمد نفادي,"يكفى أني عدت لكتبي أخيرا ، تشابه لوركا مع محمود درويش ملفت للنظر خصوصا قصيدة ""أغنية مسرنمة "" ( أحبك خضراء )"
133,Kate Andrews,
134,Isabel,"I liked more the part of New York than ""Romance Gitano"". Both had great lyrical images, but I am not a lyrical person, yet."
135,"You,  Disloyal Bastard","Sinceramente no sé que me pasa con Lorca. Tengo poemas que me fascinan de él, pero las dos últimas elecciones que he tomado no me han gustado para nada. No lo quiero odiar, obviar o emitir un juicio incorrecto de su poesia; supongo que tendrá su momento, pero por ahora no y no es de mi agrado."
136,Irene,"Easy, Andalucian, brilliant. "
137,Blue,
138,Gabriela,
139,Amir Atef,عشان حابب اقرأ عن بيئة لوركا وحقبته كان لازم من ضمن قراءاتي انى اقرأ الديوان دةوبالفعل الترجمة أكثر من رائعة وحسيت إن المترجم بذل مجهود خارقاستخدام لوركا للتشبيهات كان موفق الى حد كبيرالديوان فى مجمله مش وحش ... خدت منه اللي كنت منتظره واللي كنت عايزه فقطلكن لم أنبهر ثلاث نجوم ونصف على أية حال
140,Susan Collier,
141,Harun,
142,María,4.5Me ha encantado conocer a este gran poeta nacional y su vision y estilo.
143,Gina Ruiz,
144,Michail Drakomathioulakis,
145,Gracy,
146,Rogelio,
147,モハメド・サイード,قراءه الشعر بالنسبه لى كالمشى على الشوكقراءه الشعر المترجم كالمشي عالنار
148,Paty,
149,Juan E,
150,Jennie,
151,Mohamed Awada,"""Pero yo ya no soy yo,ni mi casa es ya mi casa.""En Romancero Gitano, ya se comienza a notar la excelencia de Lorca. "
152,Sebastian Uribe,"Un libro donde se mezclan las costumbre gitanas, un lenguaje culto y detallista, y donde se impregna el alma de una cultura frente a otra."
153,Grace,
154,John  Ervin,
155,Octavio Villalpando,"Tanto tiempo ha que esos versos fueron escritos. Tantos años ya, desde que su pie se posó en esta tierra y desde que su ser regresó al polvo primordial. Tantas lunas han renacido y vuelto a morir. Y, sin embargo, su palabra no se va. Su palabra aquí está, aún con nosotros. Sus versos como patas de araña siguen tejiendo sus melodías en la cítara del corazón de quien los contempla. Su palabra sigue siendo rauda, concreta. Sus andares siguen siendo tan nuestros como lo fueron en el momento en que se los llevó el viento, y los esparció por el planeta. Dicen que has muerto, Poeta, no es cierto. Tu voz, y las voces a ti debidas siguen aquí, unidas por el lazo melancólico del recuerdo. Unidos por la magia que tu pluma llevaba encerrada... "
156,KOMET,
157,Shy,
158,Anwari,
159,Ana Lopes,
160,Haarlson Phillipps,
161,Adam,
162,Kaitlin,
163,Karina,
164,Blues Incroyable,
165,Salah Sameh,ترجمة عبد الهادي سعدون جميلة جداً وموفقة إلى أبعد حد وتفرق عن كل الترجمات اللوركوية اللي قريتها قبل كدا بالعربية ونجحت إنها تنقل لُغة لوركا وأسلوبه وروح قصائده بطريقة سليمة.
166,Sam,
167,Sal,
168,Ines Riveraprosdocimi,
169,RRoncato,
170,Richard Munro,
171,abcdefg,
172,Matt Layne,
173,Tamara,
174,Glire,"2016 Reading Challenge #31: A book of poetry.  “Con la sombra en la cinturaella sueña en su baranda,verde carne, pelo verde,con ojos de fría plata.Verde que te quiero verde.Bajo la luna gitana,las cosas la están mirandoy ella no puede mirarlas.”  "
175,Kate,
176,Daniel Mata,"Un deleite con el fin de exaltar los sentidos surrealistas y las nociones coloquiales del lector hispano. En general, un portal al mundo de El Duende."
177,Chris Gray,
178,diana,
179,Rose,
180,Thaly,
181,Ahmad Medhat,"تجربتي الأولى مع ""لوركا""، وللأسف الشديد، لم أستطع إكماله، وتوقفت عند القصيدة الخامسة.مشكلتي مع الديوان لم تكن في الترجمة، كما هو متوقع؛ فقليلين جداً من يستطيعون ترجمة الشعر دون تشويه النص.. على العكس، جاءت الترجمة جيدة، ومع كل سطر، تشعر بالجهد الذي بذله المترجم في نقل لغة لوركا وجو نصوصه البعيد تماماً عن الثقافة العربية.. المشكلة الرئيسية كانت في إغراق لوركا في ""المحلية""، والتي تشبعت بها كافة نصوص الكتاب.. باختصار، لا يمكنك أن تتذوق هذه القصائد ما لم تكن إسبانيا، ملماً بتاريخ الغجر، وطقوسهم، وعاداتهم، والألفاظ المرتبطة بهم، ذات الدلالة المختلفة في كل موضع، على حسب ذكرها.. أما إذا كنت أجنبياً، مثلي؛ فستجد نفسك تائهاً في بحر من الأسماء الغريبة، والألفاظ الأكثرغرابة، ولن تخرج من دوامة ""الناردين"" و ""سنباذ أغصانها""! عندئذ، ستغلق الكتاب، وتهرب من هذه العوالم البعيدة تماماً عن ذاتك.الغريب أعمى برضو"
182,Mischa,
183,Caroline,
184,Lau Organa,
185,Ligia,
186,Shawna,
187,crumbpeople,"contains one of my favorite poems:voiceless childthe little boy looks for his voice.(it was held by the king of the crickets.)the little boy looked in a water dropto see if his voice was in it.i don't want it for talking;i'll make of it a ringlet,a ring for my silence to wearupon its tiny little finger.the child searched in a drop of waterto see if his voice was in it.(in the distance, his captive voicewas dressing in the suit of a cricket.)"
188,Leonardo Nájera,
189,Derek Martin,
190,Ale Rivero,"Tuve que leer los romances de Lorca cuando estudié Literatura Española, ahora conseguí un ejemplar para mí y en un ratito me los re-leí. Aunque hay algunos que no me llegan bastante hay otros que lo recompensan con mucho, y resulta muy interesante descubrir lo que se esconde tras las palabras. Muy recomendable"
191,Jimena,"Lo leí en la escuela, pero ayer y con una copa de vino tinto en la mano volví a caminar sobre el empedrado de letras de Lorca, mientras se me hacía un nudo en la garganta y el vino se transformaba en poesía.Un experiencia grata."
192,Marielle Castillo,
193,معتز,"لوركا..لوركا..لوركامنذ سبع سنوات تقريبًا، وحينما قررت أخيرًا أن اقرأ ديوان شعري لأول مرة في حياتي، كان لحظي الرائع ديوان "" شاعر في نيويورك"" للوركا.كان حظي رائعًا: اقرأ شعر عبثي.منذ ذلك الحين ولم أحاول قراءة الشعر كثيرًا.،،الآن مع لوركا والأغاني الغجرية.هذه المرة لا أزعم أنني فهمت لوركا أو فهمت كل الديوان..بل يلزمه قراءة ثانية.لكن على وجه التحديد عجبتني عدة أغان هي1- أغنية مسرنمة"" يا صاحبي أرغب بالموتكما هو لائق في سريريسرير من حديد لو أمكنمغطى بشرائف هولنديةألا ترى جرحي الممتدمن صدري حتى حنجرتيثلاثمائة وردة سمراءتتوزع على صدريتك البيضاءدمك ينز ويتضوع حول زناركولكنني لم أعد نفسيولا البيت الآن بيتي دعني على الأقل أتسلقحتى الشرفات العاليةدعني أصعد، دعنيحتى الشرفات الخضراءحتى أسوار القمر حيث يصدح خرير الماء "" 2-أغنية المستدعى3- اعتقال أنطونيتو آلكامبوريو في طريق أشبيلية4- موت أنطونيتو آلكامبوريو،،لأول مرة أنهي شيء للوركا، أظن أنني حققت بعد التقدم XD"
194,Islam Al jedawy,اللوركيه
195,Xavier Amatriain,
196,Norhan Eltorky,كلمات الديوان تحمل كثير من الرمزية .. لم أستسغ هذا النوع من الشعر .. أحسست أنى أقرأ لدرويش كل كلمة تشعر انها لغز.. الجهد المبذول فى الترجمة و اضح كل قصيدة لها شرح مبسط فى نهاية الديوان .. لولا هذا الشرح و بعض الهوامش التى وضعها المترجم ما فهمت شيئآ إطلاقآ .. كانت أمنيتى أن أقرأ ل لوركا .. و ها قد فعلت كى لا أعيد الكرة مرة أخرى :)) واضح إن الشاعر بيقول كلام عميق بس أنا إللى ما فهمتهوش :))أكتر قصيدة أعجبتنى هى قصيدة مسرنمة
197,Davidg,
198,Estella,
199,Kayleigh Malcomson,
200,Argelia,
201,Alexis,
202,yasser,"ترجمة جديدة ورائعة لعبد الهادي سعدون لديوان الأغاني ""الرومانثيرو"" الغجرية، وُفق خلالها المُترجم في نقل شاعرية لوركا إلى العربية بجدارة يُحسد عليها بالإضافة إلى هوامش مفسرة لعبض الكلمات وأصلها مُذيلة في آخر الديوان بإضاءات تلقي الضوء على جو القصيدةباختصار من أجمل الترجمات الشعرية اللوركية التي قرأتها"
203,Chad,
204,Josephine,
205,Erin,
206,J A G,
207,Rafael Amberths,
208,Inna Shpitzberg,
209,H3dakota,"I unfortunately do not read Spanish, so I had to read a translated version of these poems. An assignment for World Lit class, but one that I thoroughly enjoyed. Even in English, the poems have such a lyrical flow to them. I believe the more one reads them, the more one finds in them (as is the case with all wonderful poetry)."
210,Mike Soto,
211,Eric,
212,Javier Casado,"Partes maravillosas, otras se escapan de mi entendimiento.Y cuando los cuatro cascos eran cuatro resonancias, David con unas tijeras cortó las cuerdas del arpa."
213,Laurie Aho,
214,Lusine Sarkissian,
215,Karla Arguello,
216,Francesc Diaz i Marsà,
217,Confusio,
218,Adda,
219,Myriam,
220,Sonia,
221,Miriam,
222,Rosalba,
223,Rebecca,
224,Margarita,
225,Ahmed,"Verde te quiero verde ... خضراء أحبك خضراء أعجبني معظم الديوان و الترجمة جميلة جدا، سوف اقراء الديوان بلغتة الأصل في أقرب وقت ممكن إن شاء الله.لوركا أنت ""برنس"" .. وكفى!"
226,Victoria Chavez Valencia,
227,Israel Jaime,
228,Ismael,
229,Gene,
230,Ruby Nyu,
231,Kirsten Auken,
232,Adela,
233,Mr. Mike,
234,Juanmvillares,
235,Diego,
236,Rhonda,"Have to read his poetry, never goes wrong."
237,Carradine,
238,Marta Bogaczyk,
239,Kimberly,
240,Mike Nelson,
241,Stetsenko,
242,Angela B.,
243,Marjory,
244,David Harrison,"Acabo de terminar el Romancero Gitano y me ha dejado una profunda impresión. Su poesía tiene todos los aspectos de un verdadero maestro y los temas me interesan a un nivel personal (y por supuesto la mejor poesía es aquella con la que uno se puede relacionar). La marginalidad, el hado, la 'pena negra' de la vida, Andalucía, fantasía mezclada con realismo son algunos de los temas presentes en esta obra.En particular, me han encantado los tres poemas de las ciudades andaluzas - Granada, Córdoba y Sevilla. La mezcla de historia y emoción, el occidente y el oriente en 'San Rafael (Córdoba) me ha impresionado, como es un pueblo con doble significado histórico siendo a la vez romano y moro, y me parece que el poema ha captado muy bien esta sensación.Lorca merece todo el elogio que se le da."
245,Alvaradejobitatere,
246,Christian,
247,Alicia,
248,Jasmine,"The language is very beautiful and subtle. It is a short volume, however, the cultural references made to such things as Andalusian folklore and the fact that you just want to savor every last word make it so that it isn't a quick read. Definitely a work to read and re-read and ponder over."
249,gieb,cetakan pertama 1973.
250,Kim,
251,Ash,
252,xmonk,
253,Agustín Fest,
254,Toncy,
255,Christy M,
256,Nathalie,
257,Mercedes,
258,April Coady,Spanish poetry is beautiful. Enough said.
259,Isa,Lejos de tópicos
260,Rosegon,
261,Magaly Guerrero,
262,Drew89,
263,Ginger,
264,Richard O'driscoll,
265,Leyre,
266,Gabriella,
267,Begona Fernandez,
268,Toraaki Villalpando,
269,Lindsey Coonan,
270,Tim Lundy,
271,Tara,
272,Dragana,
273,JD,
274,Anna P,
275,Kesari,
276,Jay,
277,Diana Martin,
278,Santiago Blergt,
279,Michelle,
280,Khaled Eider,ترجمة الديوان جيدةوأشعر أيضاً أن القصائد جيدة لكن المشكلة أن الديوان محلي جداً يحتاج إلى أحد من الغجر ليشرح لي قصائد الديوان القائمة على عادات الغجر وطقوسهم وكلماتهم وهو ما لم يكن متوفراً عندي لذلك فنجمتان للقصائد القليلة التي أعجبتني.. ولعدم وجود غجري يشاركني قراءته
281,Ahmad,
282,Crystal,
283,ElHaM Y,
284,Katie Cole,
285,Sebastian Aloi,
286,Esmeralda,
287,Alexgarens,
288,Suzana,
289,Taste it Taste me,
290,Hanipal Hamilcar,بالطبع تقييمي للترجمة وليس للنص .. الشعر المترجم في الغالب يفقد الكثير من ذاتيته .. واتمنى ان تتيح لي الايام قراءة الديوان الرائع ذو الصيت الذائع باسبانيته الاصلية التي ابتدعها لوركا
291,Shawn Sturgeon,
292,Nika Akin,
293,Onyria,
294,Fernando Mier y Teran,
295,Sherry Nick,
296,Bblola08,
297,Debbie,"The language and sound is beautiful, especially when read in Spanish. Lorca tends to use a lot of repetition, which really helps with the flow. Some tragedy, as usual. "
298,Santitos,
299,Paula,
300,Pedro Lima,
301,Alejandro,
302,Ami Lovelace,
303,Georgina,"Si se te ocurre un adjetivo más fuerte que ""maravilloso"", es el que describe esto."
304,Rosanna,
305,Terry,read in Spanish with lots of lookups but lovely poetry!
306,Francisco Gordillo,
307,Rumiana,
308,Amoaplacebo,
309,Micah,
310,Mélody,
311,Heba TariQ,اعتقد دي اول مرة يكون تقييمي لكتاب من كتب لوركا ثلاث نجوم فقطو السبب سوء الترجمة .كم ضللت في قلب أطفالكما ضللت في البحارجاهلا بالماء، رحت أرنوموت نور فيه أتلاشي
312,Anula,
313,Dududj2006 djukardi,
314,Christopher Graffeo,
315,Dani,
316,Cecilia,
317,daemon meridianus,
318,Maria Tatarenko,
319,Jason,
320,Carmen Díaz,
321,Laura,
322,Karen,
323,Salvatore Maldera,
324,Lorena Francisca,
325,Amina - أمينَة.,عودة لقتيل السماء ، شاعر القمر ... ترجمة خليفة التلّيسي .. و أعتقد بأنه الديوان الوحيد الذي حرمني منه التليسي من الإستمتاع بقراءته و فهمه جيدًا ... تمنيّت حقًا أن يوضح لي بعض الكلمات ... حتما كنت سأغوص فيه لولا بعض الحواجز الكلماتيّة التي حالت بيني وبين بعض النصوص ... لكنّي و مع ذلك أحببتُه :')
326,Annie,
327,Mike Brecon,
328,Farah Sosa,
329,Ching-In,
330,Kyah,"Psychoanalysis aside, I lose myself in the rhythm of his poems. I realize that they have been subject to all different kinds of analysis, but I prefer to take them at face value. I am much happier imagining the moon dancing away with a child, than Lorca's repressed desire to express his homosexuality.Favorite quote:¡Cómo canta la zumaya,ay, cómo canta en el árbol!Por el cielo va la lunacon un niño de la mano.Dentro de la fragua lloran,dando gritos, los gitanos.El aire la vela, vela.El aire la está velando."
331,Homero Arceyut,
332,Dalia,"بعد أن أنهيته اكتشفت أن المترجم قد ذيل الكتاب بشروح بسيطة تتطلب أن أعيد قراءته مرة أخرى لأفهم أكثر،وربما أفعل ذلك يومًا ما..لم تكن هذه القراءة الأولى للوركا، كانت الأولى في رحلة العودة من معرض الكتاب واصررت أن أقرأ جهرًا حتى أصبت بالتهاب حاد في الحنجرة لازمني أسبوعين أهملت بعدها كتابي أعماله الكاملة، وكما أذكر استمتعت بالأعمال الكاملةوهنا ذكرني لوركا مرتين في موقفين مختلفين لم أحبهما على أي حال في الأول يقول:حذاؤه الأسوداللامع يهشم داليا الهواءبايقاعين ينشدانألحان سماء مأتمية.وأنا أقرأ قصيدة بعينها للوركا يقول فيها:خضراء أحبك خضراء،ريح خضراء، أغصان خضر.المركب في البحر،والجوادفي الجبل.تذكرت درويش وقوله في لاعب النرد:""أُحبك خضراءَ"" . يا أرضُ خضراءَ . تُفَّاحَةً تتموَّج في الضوء والماء . خضراء . ليلُكِأَخضر . فجرك أَخضر . فلتزرعيني برفق...برفق ِ يَدِ الأم ، في حفنة من هواء . أَنا بذرة من بذورك خضراء ... /اذن درويش اقتبس من لوركا، كانت هذه مفاجأة لابد ألا تفاجئني، لأنه كتب عنه شعرًا ونثرًا، وهو ما شجعني على اقتنائه وقراءته.. يبقى فقط ايجاد مواقع ذكره عند درويش،وفي هذه الحالة ما أرحب جوجل..منها شعرًا قصيدته لوركاونثرًا مقال له في الحوار المتمدن..وعلى ما أذكر فقد ذكره في رسائل له لسميح، رحمهما الله.."
333,Tibor,
334,Mariana,
335,Cari,
336,Alex Guillen,
337,Cleek,
338,Lamerestbelle,
339,Ivona Cvjetković,
340,mika,this isn't the exact version that i read - the one i have is probably a pirated version and is falling apart. but i loved it. 
341,Flor,
342,Emi,Quiero suponer que le doy dos estrellas porque no entendí todos los símbolos que utilizó Lorca porque claramente a todos les encanta este libro y yo lo sigo analizando para encontrar cosas nuevas.
343,Maja,
344,Bethany,
345,Angela,
346,Alexandra,No estoy acostumbrada a leer poesía y prefiero la poesía clásica. Así que en realidad no entendí el libro y los tópicos me parecieron muy extraños. Pero no soy una buena crítica.
347,Natalie Aristy,
348,Gabriella Nascimento,"Para além de apresentar parte dos costumes e sentimentos ciganos, no ""Romancero Gitano"", Lorca nos introduz à história e paisagens andaluzes. Seus textos são sensitivos, de modo tal que transmitem ao leitor o exato sentimento vivido por cada personagem ou a ele dispensado. Neste ponto aponto o brilhantismo de sua obra, pois ao abordar este enfoque, Lorca ajuda o leitor a se aproximar do mundo cigano, muitas vezes folclorizado e esteriotipado, e mergulhar na beleza de cada verso. Não se tratam de poemas demasiadamente dramáticos. São bem ritmados e temperados com referências culturais - ainda que sutis - e algumas sátiras, tornando a leitura leve e gostosa.Enfim, Lorca declara o seu amor e sua ligação com a Andaluzia, região em que situada a Granada de sua infância e puberdade, que inspirou sua obra e, lamentavelmente, escutou seus últimos versos, brutalmente calados pela guerra civil espanhola."
349,Alexandre,
350,Ana,
351,Allisonm,
352,Ann,
353,Rachel,
354,Siobhan,
355,La Malcontenta,
356,Diegortix,
357,m. de maupin,
358,Mohamed Eshawaf,اكتشفت أنّ الشّعر هو منقذي الآن.سأستمرُّ في قراءة هذا الديوان إلى حين تنبُت كلّ أذرعة خيالي، وأستطيع إمساك كل الصّور.
359,Shannon,
360,Miguel Soto,
361,Adel Aly,
362,Ignacio,
363,Vicjordan,
364,Soulef Abbes,
365,Sarah Carracher,
366,Occupy,"""Ölüsün çünkü, dirileceğin de yok."""
367,Elisabeth,
368,Filippo Sottile,
369,Etcetera,
370,Jazi,
371,Amelia,
372,Julie Dill,
373,Nora,
374,Alma,
375,Samah,أعتقد أنه هيحتاج قراءة تانية مني لإن في حاجات لم أصل لمعناها بصورة تامةبالإضافة إني مش من محبين قراءة الشعر مترجم لأني بأحس بخلل دايماً - من الصعب جداً ترجمة الشعر!- وده بيخليني أفكر مع كل فقرة في كل المرادفات البديلة.واكتشفت إن المترجم حط بعض صفحات بعد انتهاء الكتاب فيها شرح للعناوين وبعض الحاجات التانية كانت محتاجة تتقرأ مع كل قصيدة مش بعد ما تخلص الكتاب كله:/ 
376,Georgina Torres,
377,Luis Correa,
378,Kati_rose_15,
379,J.C.,
380,Catherine Osborne,
381,Jotajotaz,
382,Carmen,AWESOME!
383,Angie,
384,Gloria,
385,Lulu,
386,Sol,
387,مصطفى درويش,امممم .. أفضل قراءة للشعر بلغته، وعلى دراية ببيئته !آسف ياعم لوركا، أعجبتني بعض تشبيهاتك، وحسب !
388,MimiWonka,
389,Julia_boechat,
390,Kari,
391,nessa,
392,Sarah,
393,Dolly Ulerio,
394,Torjay Nikolett,Esencia de Andalucia... Me encantan estas poesías.. 
395,Lyra,Lorca is THE reason to learn Spanish and keep up with it. Great in translation but perfection in the original 
396,Daniel,
397,Irukina,
398,lauren,
399,Zack,
400,Steve Love,
401,Victoria,:))
402,Aisley,
403,Laura ,
404,Robert,
405,Ayman  Agour,"
مؤلف الكتاب الشاعر: فدريكو غارثيا لوركاالمترجم: عبد الهادى سعدونالناشر: الهيئة العامة لقصور الثقافةعدد صفحات الكتاب: 112الشاعر المغدور فدريكو غارثيا لوركا، شاعر أسبانى، ولد عام 1889، وقُتل برصاص قوات الفالانخا الفرانكوية فى مكان مجهول عام 1936م. كتب لوركا ديوان ""الأغانى الغجرية"" عام 1928م.الرومانث الغجرى / القصائد الغجرية / الديوان الغجرى / الأغانى الغجرية، كلها عناوين يُمكن ترجمة اسم الديوان إليها...""الرومانث"" قصائد لها طابع شعبى...المُترجم ترجم لنا من الديوان 18 قصيدةأعجبتنى بعض القصائد كـ: الزوجة الخائنة، اعتقال أنطونيو آلكامبوريو، الراهبة الغجرية..."
406,mpazmj,
407,F. John,
408,Gaby,
409,Bette,
410,Coronadeofelia,
411,Colin Bradley,
412,Bonnie Irwin,
413,Marc Dupuy,"Les Complaintes Gitanes sont une ode unique à la poésie de Garcia Lorca : un réal plaisir d'avoir une version bilingue qui permet d'apprécier le phrasé originel, et de comprendre la thématique grâce au Français ! Une véritable pépite !"
414,Ignasi,
415,Claudia,
416,Brenda,Estuvo bien.
417,Enid,
418,Melanie Wilcox,
419,Mara,
420,Weaam,لوركا متلبساً روح الغجَر، يرقص للحُريّة والقمر والإنطلاق وحُب الترحال والخوف من الموت والسُلطة، تنضح القصائد بقصص الحُب القديمة، وبعشق شديد، من قلب أسبانيا وقرونها الوسطى، ترجمة جميلة جداً من عبدالهادي سعدون ومقدّمة وافية لشعر لوركا، وإضاءات على أهم الأسماء والأماكن التي وردت في الديوان في آخر الكتاب.الكتاب هو الكتاب الخامس عشر، من سلسلة المائة كتاب التي يشرف عليها الشاعر والمترجم المصري الكبير رفعت سلّام، إضافة حقيقية للمكتبة العربية.
421,Mark,
422,Sasluu,
423,Patricja,"Compadre, quiero cambiar mi caballo por su casa, mi montura por su espejo, mi cuchillo por su manta. Compadre, vengo sangrando, desde los montes de Cabra. Si yo pudiera, mocito, ese trato se cerraba. Pero yo ya no soy yo, ni mi casa es ya mi casa. Compadre, quiero morir decentemente en mi cama. De acero, si puede ser, con las sábanas de holanda. ¿No ves la herida que tengo desde el pecho a la garganta? Trescientas rosas morenas lleva tu pechera blanca. Tu sangre rezuma y huele alrededor de tu faja. Pero yo ya no soy yo, ni mi casa es ya mi casa. Dejadme subir al menos hasta las altas barandas, dejadme subir, dejadme, hasta las verdes barandas. Barandales de la luna por donde retumba el agua.Ayna"
424,Jonathan,
425,Francisco Tapiador,
426,Julian Gallo,
427,Leo, Sin duda uno de mis libros de poesía favoritos. Los poemas de esta etapa de Lorca son tan musicales que dan vueltas en el oído después de cerrado el libro. Las imágenes que ofrece son míticas y hermosas.Que mas decir del romancero que no se haya dicho. Excelente lectura y gran acercamiento a la cultura del sur español. 
428,Dave,
429,آية  مجدي,"No sé cómo iba a ser la vida sin la poesía, especialmente la de Lorca. Gracias por las palabras, Lorca. "
430,Abby,
431,Joanne,
432,Ifigenia,
433,Jolie J,
434,Tera,
435,David,"There were many poems that didn't engage me very much (especially the ones whose detailed Christian references went over my head), but they were balanced with a number of poems that are among the best I have ever read (not that I've read a ton of poetry, but still), so I'm going to give Gypsy Ballads a four overall. I think Lorca's best poems are in some ways very simple (using a lexicon of very common and recognizable symbols), yet he ties his words in such a fascinating way that makes his poetry soar with passion. As a collection of only 18 poems, the book's thematic cohesion is remarkable. I think Lorca made an ingenious effort to humanize and celebrate the Gypsies/Romani of his native Andalucia by co-opting their stereotyped ""mystic"" quality into something passionate and profound. And don't let the word ""ballad"" fool you - these poems are filled with as much anguish and violence as they are with love.If you have even mediocre Spanish language skills, please read this in Spanish, even if you have to use a dictionary and a translation as stepping stones (like I did). You can still get a glance at Lorca's skills through translation, but the full scope of Lorca's power (even more so than most translated authors, I think) is unfortunately only available in its original language."
436,Dina Rahajaharison,"""Vengo a buscar lo que busco, / mi alegría y mi persona."""
437,Julia,
438,Ronan Noane  K,
439,Μαρία Ράπτη,
440,Marlobo,"No puedo reseñar nada de nada cuando se trata de Federico, para mí es simplemente amor: su poesía es pura música, sangre, sol calcinante en las tardes de toros, la brisa en la sierra, el frescor del río, pasión a manos llenas. ritmo en cada verso como el bombeo de tu corazón. Lo único de la poesía de Federico que para mi gusto personal está por encima del Romancero Gitano es el Llanto por Ignacio Sánchez Mejía."
441,Atenea Rosado,
442,Marion Katrina,
443,Tatevik,
444,CoralSea,Ahora entiendo por qué el Romancero gitano es su obra más popular.
445,دارين,الشعر أذواق ....و غالبا الترجمة زبالة
446,Katie,
447,Angelica,
448,Pedro,
449,Heidi,
450,Kristy,
451,Juan,
452,José,"La lirica es impresionante, pero mi mayor problema es que no he entendido las referencias y los recursos de algunos de los poemas."
453,Krista,
454,Ivan,
455,Melissa Holman,
456,Magda,
457,Ruth,
458,Dale Collins,
459,Norma,
460,joaquim,
461,Roberto Cofresi,
462,iLike Turtles,
463,Elena,
464,Katharina,
465,Sabrina,
466,Ana Díaz," Juan Antonio el de Montillarueda muerto la pendiente, su cuerpo lleno de lirios y una granada en las sienes. Ahora monta cruz de fuegocarretera de la muerte. Casi se me había olvidado lo mucho que me había gustado Lorca cuando lo dimos en el instituto. Tuvimos que leer  La casa de Bernarda Alba , que es mi obra de teatro favorita (hasta el momento) y algunos poemas (entre ellos el  Romance de la luna, luna  que fue el motivo de que me decidiese a comprar el Romacero cuando lo vi en la librería). Sus símbolos, su uso del lenguaje, su sentido de la estética, su lirismo, todo me fascina.  La luna vino a la fraguacon su polisón de nardos.El niño la mira, mira. El niña la está mirando. Me ha cautivado especialmente el ritmo y el simbolismo de las flores. La luna y la muerte. La pena.  Qué pena! Me estoy poniendo de azabache carne y ropa. ¡Ay, mis camisas de hilo! ¡Ay, mis muslos de amapola! Soledad: lava tu cuerpo con agua de las alondras, y deja tu corazón en paz, Soledad Montoya. No tengo la habilidad lingüística para expresar todo lo que me transmiten estos poemas, así que ni lo voy a intentar. Sólo quiero que conste que adoro este libro, adoro la poesía de Lorca que he leído hasta el momento y creo que en un futuro no muy lejano voy a leer más de su obra. "
467,Micah champagne,
468,Yoanna,
469,Heather (DeathByBook),
470,Riri,
471,Marianela,
472,Hernanlameda,"Una coleción de primera línea. Los romances son excelentes, todos ellos inyectados de ambiguedad, erotismo y ""subtexto"". Mis favoritos son ""Preciosa y el aire"", en el que se cuenta como una niña corre por la montaña huyendo del ""viento hombrón"" que quiere levantar la tela de su vestido y el ""Romance de la Peña Negra"", donde el autor inicia con una de mis metáforas predilectas: ""Las piquetas de los gallos/cavan buscando la aurora.."". La imagen de un gallo escarbando la tierra y que lentamente va dejando salir de ella los rayos del sol es demasiado ingeniosa."
473,Sheziss,"Este libro es la razón por la que me gusta tanto García Lorca. Publicado en 1928.ROMANCE DE LA LUNA, LUNALa luna vino a la fraguacon su polisón de nardos.El niño la mira, mira.El niño la está mirando.En el aire conmovidomueve la luna sus brazosy enseña, lúbrica y pura,sus senos de duro estaño.Huye luna, luna, luna.Si vinieran los gitanos,harían con tu corazóncollares y anillos blancos.Niño, déjame que baile.Cuando vengan los gitanos,te encontrarán sobre el yunquecon los ojillos cerrados.Huye luna, luna, luna,que ya siento sus caballos.Niño, déjame, no pisesmi blancor almidonado.El jinete se acercabatocando el tambor del llano.Dentro de la fragua el niño,tiene los ojos cerrados.Por el olivar venían,bronce y sueño, los gitanos.Las cabezas levantadasy los ojos entornados.Cómo canta la zumaya,¡ay, cómo canta en el árbol!Por el cielo va la lunacon un niño de la mano.Dentro de la fragua lloran,dando gritos, los gitanos.El aire la vela, vela.El aire la está velando.****************************ROMANCE SONÁMBULOVerde que te quiero verde. Verde viento. Verdes ramas. El barco sobre la mar y el caballo en la montaña. Con la sombra en la cintura ella sueña en su baranda, verde carne, pelo verde, con ojos de fría plata. Verde que te quiero verde. Bajo la luna gitana, las cosas la están mirando y ella no puede mirarlas. *Verde que te quiero verde. Grandes estrellas de escarcha, vienen con el pez de sombra que abre el camino del alba. La higuera frota su viento con la lija de sus ramas, y el monte, gato garduño, eriza sus pitas agrias. ¿Pero quién vendrá? ¿Y por dónde...? Ella sigue en su baranda, verde carne, pelo verde, soñando en la mar amarga. *Compadre, quiero cambiar mi caballo por su casa, mi montura por su espejo, mi cuchillo por su manta. Compadre, vengo sangrando, desde los montes de Cabra. Si yo pudiera, mocito, ese trato se cerraba. Pero yo ya no soy yo, ni mi casa es ya mi casa. Compadre, quiero morir decentemente en mi cama. De acero, si puede ser, con las sábanas de holanda. ¿No ves la herida que tengo desde el pecho a la garganta? Trescientas rosas morenas lleva tu pechera blanca. Tu sangre rezuma y huele alrededor de tu faja. Pero yo ya no soy yo, ni mi casa es ya mi casa. Dejadme subir al menos hasta las altas barandas, dejadme subir, dejadme, hasta las verdes barandas. Barandales de la luna por donde retumba el agua. *Ya suben los dos compadres hacia las altas barandas. Dejando un rastro de sangre. Dejando un rastro de lágrimas. Temblaban en los tejados farolillos de hojalata. Mil panderos de cristal, herían la madrugada. *Verde que te quiero verde, verde viento, verdes ramas. Los dos compadres subieron. El largo viento, dejaba en la boca un raro gusto de hiel, de menta y de albahaca. ¡Compadre! ¿Dónde está, dime? ¿Dónde está mi niña amarga? ¡Cuántas veces te esperó! ¡Cuántas veces te esperara, cara fresca, negro pelo, en esta verde baranda! *Sobre el rostro del aljibe se mecía la gitana. Verde carne, pelo verde, con ojos de fría plata. Un carámbano de luna la sostiene sobre el agua. La noche se puso íntima como una pequeña plaza. Guardias civiles borrachos, en la puerta golpeaban. Verde que te quiero verde. Verde viento. Verdes ramas. El barco sobre la mar. Y el caballo en la montaña.****************************LA CASADA INFIEL(Este poema siempre me hace gracia porque García Lorca era homosexual).Y que yo me la llevé al río creyendo que era mozuela, pero tenía marido.Fue la noche de Santiago y casi por compromiso. Se apagaron los faroles y se encendieron los grillos. En las últimas esquinas toqué sus pechos dormidos, y se me abrieron de pronto como ramos de jacintos. El almidón de su enagua me sonaba en el oído, como una pieza de seda rasgada por diez cuchillos. Sin luz de plata en sus copas los árboles han crecido, y un horizonte de perros ladra muy lejos del río. *Pasadas las zarzamoras, los juncos y los espinos, bajo su mata de pelo hice un hoyo sobre el limo. Yo me quité la corbata. Ella se quitó el vestido. Yo el cinturón con revólver. Ella sus cuatro corpiños. Ni nardos ni caracolas tienen el cutis tan fino, ni los cristales con luna relumbran con ese brillo. Sus muslos se me escapaban como peces sorprendidos, la mitad llenos de lumbre, la mitad llenos de frío. Aquella noche corrí el mejor de los caminos, montado en potra de nácar sin bridas y sin estribos. No quiero decir, por hombre, las cosas que ella me dijo. La luz del entendimiento me hace ser muy comedido. Sucia de besos y arena yo me la llevé del río. Con el aire se batían las espadas de los lirios.Me porté como quien soy. Como un gitano legítimo. Le regalé un costurero grande de raso pajizo, y no quise enamorarme porque teniendo marido me dijo que era mozuela cuando la llevaba al río.****************************MUERTE DE ANTOÑITO EL CAMBORIOVoces de muerte sonaroncerca del Guadalquivir.Voces antiguas que cercanvoz de clavel varonil.Les clavó sobre las botasmordiscos de jabalí.En la lucha daba saltosjabonados de delfín.Bañó con sangre enemigasu corbata carmesí,pero eran cuatro puñalesy tuvo que sucumbir.Cuando las estrellas clavanrejones al agua gris,cuando los erales sueñanverónicas de alhelí,voces de muerte sonaroncerca del Guadalquivir.Antonio Torres Heredia.Camborio de dura crin,moreno de verde luna,voz de clavel varonil:¿Quién te ha quitado la vidacerca del Guadalquivir?Mis cuatro primos HerediasHijos de Benamejí.Lo que en otros no envidiaban,ya lo envidiaban en mí.Zapatos color corinto,medallones de marfil,y este cutis amasadocon aceituna y jazmín.¡Ay, Antoñito el Camborio,digno de una Emperatriz!Acuérdate de la Virgenporque te vas a morir.¡Ay Federico García,llama a la guardia civil!Ya mi talle se ha quebradocomo caña de maíz.Tres golpes de sangre tuvoy se murió de perfil.Viva moneda que nuncase volverá a repetir.Un ángel marchoso ponesu cabeza en un cojín.Otros de rubor cansadoencendieron un candil.Y cuando los cuatro primosllegan a Benamejí,voces de muerte cesaroncerca del Guadalquivir."
474,Jenny,
475,Marianne,
476,Diana,
477,Ahmed Ibrahim,ديوان لم تنصفه الترجمة كالعادة..بالرغم من الطقوس السرية في القصائد التي تحتاج إلى الغجر لتفسيرها، إلا أني استمتعت بالديوان للغاية.. لوركا شاعر رائع، ومن العدل أن نتعلم الأسبانية فقط لنستطيع تذوق شعره كما يجب.
478,Lisbeth Parra,"""Un rumor ultimo y sordo le despega la camisa,y al mirar nubes y montes en las yertas lejanías,se quiebra su corazónde azúcar y yerbaluisa.¡Oh!, que llanura empinadacon veinte soles arriba.¡Que ríos puestos de pievislumbra su fantasía!"""
479,Witt Igahluk,
480,Tiah Keever,
481,Not Merely Living,
482,Mavi,
483,Ty,
484,Horten,
485,Becca,
486,Melissa,
487,Sedenya,
488,Yonai,
489,Francisco,
490,Jadie,
491,Miap45,Probably the one and only poetry book I really love
492,Meryone,
493,Redpumpkin94,
494,Paraph,
495,Jordi Serra,
496,Jonathan Minard,
497,victoria carol,
498,Andrea,
499,Samuel Mustri,
500,Maria,
501,Katherin,
502,Laura Fennell,
503,Ida Aasebøstøl,"Perosigue con sus flores,mientras que de pie, en la brisa,la luz juega el ajedrezalto de la celosía."
504,Clara banjo,
505,Vicky Colorado,
506,Alfredo,
507,Mona Jafarian,
508,Aby Gimeno,"Vale, dedicarle tanto tiempo en clase ha hecho que me acabe medio gustando y todo...Lo leí ya que es una de las lecturas obligatorias de este año que luego preguntan en la Prueba de Acceso a la Universidad (PAU) también conocida bajo el nombre de Selectividad.Compuesto por 17 romances (si no me equivoco, es demasiado tarde para eso) hay unos que me gustan más y otros que menos.¿Mi favorito? El romance de la Luna luna. "
509,lovelymofo,
510,Bradley Hagstrom,
511,جابر طاحون, و يصعد الرفيقان فعلًا نحو الشرفات العاليةتاركين أثرًا من دم تاركين أثرً من دمعو ترتجف فوق السطوح  فوانيس صغيرة من الصفيح و ألف دف بلوري تجرح الصباح
512,Cristina,
513,Jean Baptiste de Goncourt,
