,user,review
0,Gerbik,"""The Trial"" is funny. If you read it as a comedy, it's not only more entertaining, it's far more frightening. Dark Comedy. The moral of the story, to elaborate a cliche', is that it's only futile to resist when you have no idea what you're resisting. We never know what K did wrong, and neither did he, and the whole thing is just an absurd mystery that trips itself up sentence by sentence. There are banana peels strewn all over this book and the slapstick is existential rather than vaudevillian. It's like an instructional cartoon shown in purgatory."
1,Perry,"A Crazy TrainNo novel will ever approach THE TRIAL in giving one a special, and by all means necessary, appreciation for the criminal justice system and rights in the free world. Imagine being charged with a crime tomorrow, but no one will tell you what that crime is, when you committed it, who accused you, who or what was harmed, or when your trial will take place. Then, when you talk to court workers and even your own lawyer, it's a foregone conclusion that you will be found guilty and your best hope is to drag out the process as long as you can just to STAY ALIVE as this crazy train hurtles toward your inevitable end.A historic, nightmarish novel that plants in its reader bad-dream seeds that may not germinate for years, but they will. Oh yes, they will."
2,Dan Schwent,"On his thirtieth birthday, bank employee Josef K. is arrested for an unknown crime and prosecuted on certain Sundays by an unknown agency.Yeah, that's a pretty vague teaser but how else do you drag someone into The Trial?On the surface, The Trial is an absurd legal drama that nicely illustrates how inept bureaucracy can be. However, my little gray cells tell me that's just the tip of the iceberg. The Trial seems to be about how incomprehensible and absurd life can be at times. I don't think it's a coincidence that The Trial kicks off on Josef K.'s 30th birthday.Kafka's writing is stripped down but still powerful. Aside from The Metamorphosis, the tone reminds me a bit of G.K. Chesteron's The Napoleon of Notting Hill. The book feels like a Monty Python sketch at times. I caught myself grinning on occasion and not really sure if that was the appropriate reaction.The Trial isn't just about Josef's trial, it's also about the trial the trial becomes in Josef's life. And isn't life just one big trial anyway?The Trial. 4 out 5 stars. Case closed."
3,Caris,"I’ve come to the conclusion that the word “kafkaesque” has been abused by our society, most notably by pseudo-intellectuals describing any concept they feel is beyond the scope of one’s understanding. Do me a favor, the next time someone uses the word improperly, kick that person in his/her junk. It seems to me that the term carries with it characteristics that extend beyond the bizarre. I understand that the definition is rather fluid, but it should be held to some sort of standard. It’s sort of like children learning to talk. They see a dog and learn the word, then use it to describe a cow. Your dream was probably just weird. Your boss is probably just illogical. You probably pressed the wrong number on the telephone menu. You’re probably just unhappy that Democrats have control of the White House.Here’s what I think. Based on the book I read, I think that in order for something to be “kafkaesque,” a few rules must be followed:1)	One must be faced with a situation in which he/she doesn’t know how to proceed2)	One must not be able to see what is going to happen to him/her next3)	There is no chance for the the person involved to escape his/her present situation4)	Control of the situation remains in the hands of intangible, illogical forcesWhen I read more Kafka, I may revise these standards. But, for now, these words will be law. If you dislike them, please file a petition with the court.And on to the book…For the most part, it was boring. It was a tale of frustration with bureaucracy. A completely strange bureaucracy, but a bureaucracy nonetheless. I took a lot for me to trudge through it. The events struck me as interesting, but not enthralling. I really enjoyed the piece where K. converses about his case to the priest. I liked the implications of the priest’s various analyses of the story he told to K. It was at this point that I realized how K.’s rigidity was impacting his case and likely would result in his demise. I also enjoyed the end. Throughout the book, I dismissed the court as inconsequential. However, the final display of the court’s power was very surprising to me. I don’t know if I’d recommend this to anyone. I’m glad I read it, but I’m also glad I’ve finished with it."
4,Stephen,"Kafka is tough. Kafka doesn’t play and he doesn’t take prisoners. His ""in your grill"" message of the cruel, incomprehensibility of life and the powerlessness of the individual is unequivocal, harsh and applied with the callous dispassion of a sadist. Life sucks and then you die, alone, confused and without ever having the slightest conception of the great big WHY. Fun huh?Finishing The Trial I was left bewildered and emotionally distant, like my feelings were stuck looking out into the middle distance not really able to focus or provide me with any input. I felt numb and a bit soul-weary and I can’t say I enjoyed the feeling. That said, should you read this? Absolutely and without question. Kafka’s insight and ability to plumb the depths of the mysteries of existence, dark and gloomy as his answers (or lack thereof) may be, is something to behold. His work…is…brilliant. Reading it made me feel at times awed and at other times incredibly stupid. Awed occurred when I would catch a glimpse of the deeper meaning that he was trying to convey through his prose. In those moments I would try desperately to create a sturdy mental foothold from which to explore Kafka’s next idea. Unfortunately…Stupid, which happened more often, would occur when that next Kafkaesque lesson would bounce off my thick head, making me lose my tenuous foothold and go sliding back down Mount Ignorance. It was a difficult summit to reach and I was I'll-equipped. Still, the moments of clarity and flashes of insight were more than enough to make this an experience I intend to repeat until I get it right…or at least die trying. THE STORY:“Someone must have traduced Joseph K., for without having done anything truly wrong, he was arrested one fine morning.” Like Gregor Samsa in The Metamorphosis, we are introduced to Kafka’s protagonist after the damage has been done. We are not observing a downfall, it has occurred. We are witnesses to the aftermath, the clean up. Joseph K, an officer of a prestigious bank discovers he has been accused of a crime the nature of which he is never told. We follow him from situation to situation as his desire to learn the nature of his offense leads only to more confusion and greater strife. He is meant to remain in ignorance. “I see, these books are probably law books, and it is an essential part of the justice dispensed here that you should be condemned not only in innocence but also in ignorance.” THOUGHTS: So many themes are present here that it is hard to keep it all straight in my head. On the surface, we have a skillful attack on totalitarianism and the evil of a mindless bureaucracy fueled by momentum and accountable to no one as it grinds up the individual as grease for its continued motion. This alone is frightening enough and Kafka’s images of oppressive inertia unquestioned routine are tiny snapshots or hell itself. However, there seemed to be so much more that Kafka was saying, so many more levels on which his dark secular benediction could be understood. The System as life itself and the bureaucracy as fate and man’s useless struggle against the forces arrayed against him by the universe. Kafka also delivers a blistering rebuke of religion in the form of a parable in the Cathedral. I’m still trying to get me tiny brain entirely wrapped around this one, but the sense of sadness and crushing hopelessness of the story was still a gut punch. 
‘Everyone strives to attain the Law,' answers the man, 'how does it come about, then, that in all these years no one has come seeking admittance but me?' The doorkeeper perceives that the man is nearing his end and his hearing is failing, so he bellows in his ear: 'No one but you could gain admittance through this door, since this door was intended for you. I am now going to shut it.’
 And later in this same conversation, “it is not necessary to accept everything as true, one must only accept it as necessary.”Still, as somber and dreary as the story is there are moments that are so brilliantly written that I actually found myself smiling despite the overall tone of the story. The Painter’s lecture to K about the difference strategies and processes involved in seeking among “actual acquittal,” “apparent acquittal” and “protraction” was nothing short of genius. In fact, given that the novel is only 200+ pages, I think those 15-20 pages are worth reading the entire novel. Overall, I am very satisfied to have finally read this as a personal exercise rather than a school-enforced trauma. I got a lot out of this. There were chunks of the book that I found slow and plodding, probably because I was stuck at the base of Mount Ignorance and didn’t absorb the ideas Kafka was dishing. Still, it did make for some dry reading time as Kafka’s writing is not ear-pleasing enough that you can simply enjoy the prose. His prose is good, but it is more a functional delivery system for his mind-rupturing ideas than for the beauty of the words themselves. Thus, for the moment, and given my imperfect understanding of all that Kafka had to say in this brilliant novel, I am going to say 4 stars. 4 stars full of staggering intellect and multi-layered, nuanced insight into “what it’s all about” delivered with the skill of a surgeon. I’ll be in the recovery room for a while. HIGHEST POSSIBLE RECOMMENDATION. "
5,Holly,"Sometimes when book bothers me, I read more by the same auther to develope my sense of the author's style and personality. This book, however, did the opposite, after finishing it I had the same thought, ""this is brillian but why does the author write such fantastical situations."" I finally ""get"" this guys genius after I read a quote in a book I am reading now that says, ""all good fiction does not necessarily depict reality as much as it uncovers truth."" FINALLY, I got it. I get Kafka and can more readily supply the words that convey my appreciation of him. Through his fantastical depitions of the world he heightens the readers sense of what is and is not appropriate. It is almost like painting a scene of truth with strange vibrant and unnatural colors that stand out from the rest of the surroundings. Kafka's works really speak to the subconscious, especially in the way it resembles a dreaming state. It takes a little work if you insisit on translating and applying it to reality, but it is worthwhile."
6,Brian ,"Kafka’s novel reads like a dream. It reminded me of that movie, “Eternal Sunshine of the Spotless Mind,” with Jim Carrey. In it, a guy gets his memories of his ex-girlfriend erased, only to become lucid and fight to keep them. You see unnatural shifts of scenery and reality, as in this novel. An unsettling feeling comes over you because things look and sound and feel real but something doesn’t fit with your usual paradigm of reality. The main character, K., spends his time trying to work out his own trial, which he doesn’t understand, or even know what he did to deserve it. He seeks a solution, only to discover corruption in the system. He learns what it will take to survive.  Many moments made me laugh, some left me suspended in strangeness, a dream-like fictional reality mimicking a surreal or perhaps borderline-insane reality. A few times my heart dropped to my belly, like when you ride a roller coaster. I mouthed the words to myself that I’ve heard define “Kafkaesque” – “That’s really creepy.”  I’ll borrow an example and try not to give spoilers. Say you’re walking along at your job, at the office or the plant, and your day runs normal, all the same, except this trial bothers you and you wish it would go away. It pesters you like a fly returning and leaving and returning again. You try to ignore it and it goes well for a moment. You open the janitor’s supply room closet because you hear noises. You find two people assigned to watch over you on their knees, in work attire. Another stands over them with a rod. After a scuffle, you close the door and convince other’s all is well, and sounds come as illusion. Next day you walk by and open the door. The two still sit on knees pleading with you, and the rod comes down. You close the door and walk away. I borrowed from a scene in the book.  Kafka writes about everyday living and uses the mundane to describe the horrific."
7,Jonathan,"Before you read my old initial review here's a summary that has been distilled over time in my mind:Franz Kafka was a true genius. What is this sign of genius? When you can write a classic novel that wasn't even properly completed. I read The Trial to give myself a better perspective on Kafka's writing style for my literature course. I can perceive similarities to his Metamorphosis but in many aspects this is a completely different work. However they are both challenging pieces with complex ideas behind them that can be observed in easily understood ways.Kafka intends to shock and stun. He leaves nothing to chance in order to disturb and confuse the reader. The very fact that he also wrote a story about a guy transformed into a bug should indicate that. Here he writes a highly symbolic story which seems to be about life itself. (view spoiler)[ It's as if Kafka likens life to one big trial where you as the defendant cannot defend yourself. After all you have no idea as to the charges. You have no clue why you are accused. And then in the end you die alone without ever really understanding.  (hide spoiler)]This really is a story that pulls no punches. Kafka likes to hit you in the guts and then hit you again while you're still out of breath. And then he likes to blindfold you, spin you around and push you down a hill. When you finish rolling, get up and untie your blindfold he then demands that you work out what on earth just happened. I'm not going to lie his work here is disorientating. And I think that was part of the intended effect. Kafka likely wants his reader to feel the same confusion and alarm as Joseph K. to truly grasp his honest and painful message.Yet I have to say despite the powerful prose of this work I couldn't enjoy it. I didn't like the sense disorientation and personally feel that Kafka's message - while true in aspects - was a highly pessimistic, cynical overlook. It could just be that I tend to err on the side of optimism and my personal opinion merely clashed with his. Either way I can see why Kafka's work is regarded as one of the classics and I accept that. For even if I did not enjoy his work here I can see the powerful merit to it and accept that it can still teach lessons. So I do say that it should be read by others who would enjoy it more and extrapolate more from it.4.5 stars"
8,[P],"[P] was woken one morning by the sound of sniggering coming from the corner of his bedroom. As he opened his eyes he saw two figures emerge out of the shadows and approach the bed. ‘We are here to investigate,’ one said. ‘We are the police,’ said the other. [P] was disconcerted, he had never woken to find two policemen in his room before. ‘I haven’t reported a crime,’ said [P]. ‘There must be some mistake.’ ‘There is no mistake,’ said one of the policemen. His colleague had taken up a position beside [P]’s bookshelves. ‘See here, your copy of The Trial is missing!’ [P] laughed meekly. This must be some kind of practical joke, he thought to himself, but if it was a joke it wasn’t funny, and, besides, who let the men into the room? ‘I can see,’ he said seriously, ‘that my copy of The Trial has indeed been moved. Perhaps it is somewhere else in the room.’ The two policemen solemnly shook their heads. ‘In any case, even if it has been stolen, a criminal investigation is unnecessary. I will simply buy a new copy, maybe even a nicer copy.’ ‘No, that won’t do,’ said the first policeman. ‘Whenever there is a crime, it must be investigated…’ Before I started rereading The Trial it was my intention to compose one of my pastiche reviews for it. My thought was that the above situation, i.e. being harangued by policemen who want to investigate a crime that you yourself don’t want them to investigate, a crime that you doubt has even been committed, was suitably absurd and Kafkaesque [I hate that word!]. To some extent I mourn the loss of that review; it would have been fun to write. The reason that I didn’t continue any further than the opening paragraph is that I found, to my surprise, so much to say about the book. I tend to compose those pastiche reviews when I am dealing with something that either didn’t inspire me to think too much or that has been poured over and analysed to the point that it becomes impossible to say anything new or even interesting about it. Now, I don’t claim that my take on The Trial is completely original, but I certainly found that it wasn’t the book I remembered it being, that the most commonly discussed aspects are underpinned by, I would argue, more compelling themes that commentators often ignore or do not give sufficient weight to.To fully engage with, or even enjoy, The Trial one has to primarily concern oneself with ideas, because Kafka was not, I think it is fair to say, a master of plot or characterisation. Both of Kafka’s major novels, although obviously unfinished, meander shamelessly, they proceed with apparent aimlessness; one might even call them repetitive and largely uneventful. Furthermore, Josef K. is not complex, or certainly not in the way that, say, Tolstoy’s creations are; nor is he is believable [whatever that means]. He has moods, of course, but they are all of one type; his emotional range is limited; and what he does feel tends to be negative. For example, he could be said to exhibit exasperation, despair, frustration, anger, confusion and so on. For me, Josef K. as a man, as a character, is really only interesting in relation to another of Kafka’s creations, K. from The Castle, who, on the surface, he appears to closely resemble.In The Trial Josef K. is caught up in a situation beyond his control; he has, specifically, been arrested, and so it is logical, understandable, that he would want to find out why and to attempt to clear his name. He is, in this way, a relatable figure, because he does what most of us would do. Moreover, he is, despite some less than admirable qualities, sympathetic because, unless one is of the opinion that he has committed a crime, which would put you in a minority, the situation he finds himself in is not his fault. In fact, one might even call him heroic, in that he seeks, and fights for, an explanation or, if you prefer, justice; he also vows to improve or even destroy the system that he believes is persecuting him. This is not at all like what happens in The Castle. In that book, K. is under the impression that he has been summoned to a town in order to work as a land surveyor; yet when he gets there he finds that the locals do not want a land surveyor, and that they would rather he leave as soon as possible. However, K. refuses, even though his experience of the town and its inhabitants galls him. There is nothing sympathetic about K. because he does, unlike Josef K., have the option to free himself from the situation that oppresses him. That he doesn’t, that he stays out of stubbornness, out of sheer pig-headedness, that he will not do what is actually in his own best interests, is what, for me, means that The Castle is a much more depressing take on humanity.“One must lie low, no matter how much it went against the grain, and try to understand that this great organization remained, so to speak, in a state of delicate balance, and that if someone took it upon himself to alter the dispositions of things around him, he ran the risk of losing his footing and falling to destruction, while the organization would simply right itself by some compensating reaction in another part of its machinery – since everything interlocked – and remain unchanged, unless, indeed, which was very probable, it became still more rigid, more vigilant, severer, and more ruthless.”The Trial is often, or most popularly, described as a novel about the insane nature of bureaucracy; and there is certainly evidence in the text to back that up. At the most basic level, Josef K. finds himself entangled in an absurd, confusing system, involving interviews and appointments, petitions and pleas. No matter how much he attempts to progress, or further his case, he is unable to do so. Of course, almost everyone can relate to this. For example, I once had a job, and part of this job was what we called ‘customer-facing’ i.e. you saw people who dropped in with queries. However, the customer-facing staff could not actually resolve queries; oh no, we could listen to them, we could make note of them, but we had to refer, via email, all queries to the appropriate section of the business, which was not, of course, even located in the same city. The customers themselves, we were often forced to confess, could not directly speak to the people trained, and expected, to resolve their queries. They – the customers – simply had to take it on trust that their query would be investigated and dealt with appropriately. This more-or-less universal experience does, I think, go some way to accounting for Kafka’s appeal. However, I would argue that it is important, in terms of understanding The Trial, to consider what is at the heart of people’s frustrations regarding bureaucracy. For me, it is about being unable to make a human connection. Of course, it is sometimes the case that people are literally interacting with a machine [some kind of automated service], but, even when one is able to speak with a human being, that human being, with few exceptions, hides behind impersonal regulations and procedures. In this way, bureaucracy is always cold and inhuman. No matter how much you plead, or argue your position, the bureaucrat will stare you down and repeat their mantra: ‘you must go through the proper channels.’So while I accept that The Trial is, to some extent, about bureaucracy, I think that it is only one facet of the novel’s broader concerns about the difficulty of human interaction and our [often futile] attempts to make a connection with other people. There are abundant clues to this throughout the text, for example, when K. offers his hand to the supervisor, at the very beginning of the book, it is ignored. In his position of power, K has ceased to be a contemporary or an equal. A desire for human contact is also responsible for K. waiting for Fraülein Bürstner and for him impulsively kissing her. His relationship, if you can call it that, with Bürstner is particularly humiliating. When K. wants to see her again, after the impulsive kiss, he sends her notes or letters, which she ignores; she, on the other hand, dispatches the lame Fraülein Montag to speak to K. in her stead, which makes him exceedingly uneasy. It’s the kind of horribly uncomfortable moment most of us have experienced at one time or another, when someone you like or are attracted to, someone who you have reached out to, rejects you, feels compelled to let you know, through an intermediary no less, that they are not interested. Moreover, the awkwardness is on both sides: from Bürstner, who doesn’t want to speak to K., and from K., who is being given the brush-off.“Whether she was to blame now was not clear. K. could only see that a man had drawn her into a corner by the door and was pressing her against his body. But it was not she who was shrieking but the man.”As with bureaucracy, a lot is made of the role of women in The Trial, and rightly so, because there is something disconcerting about the way that they are presented. They are, almost without exception, sexualised to the point at which one might consider them loose women or even prostitutes. For instance, when K. visits the courts he meets a married woman who aggressively makes a play for him and asks that he take her away. Crucially, K., although initially resistant, starts to feel tempted, and it is then that she is picked up [literally] by another man and whisked away. When K. tries to intervene and plead his case, the woman rejects him. Yet, while this might say something about the way that Kafka himself saw women, it does, once again, feed into, is simply another example of, what I believe are the novel’s central ideas. People focus specifically on the women because of what we know about Kafka’s personal life, and because it is often the way that scholars will want to bring a kind of gender analysis to novels, but one should not overlook that it is the case that all of the human interaction in the novel is awkward, strained, and painful. Consider the scene at the court’s offices, when K. approaches a man and asks him what he is there for. The man finds himself speechless, due to either shame or shyness, and when K. touches him he actually starts to scream. This is, in one sense, very amusing, but it is, for me, also immensely sad.[Fenced in. One of Franz Kafka's own illustrations]I mentioned humour just now, and it has become popular [even perhaps a cliché] to describe Kafka’s work as incredibly funny, which, it strikes me, is an opinion that has, in classic contrarian fashion, emerged only to contradict the previously commonly held opinion that it is entirely bleak and foreboding. The truth, as is often the case, is actually somewhere between the two extremes. There are undeniably comedic passages, situations, and lines, such as when K. visits the courthouse, which turns out to be some kind of high-rise block of flats, and, afraid of giving himself away, goes knocking on doors asking for the joiner Lanz. This is amusing in numerous ways; first of all, because one would expect the courthouse to be located in an impressive, official building, not what is seemingly a cramped and dirty place full of tenants [the kids running around the corridors is a nice touch]; secondly, when K. asks about Lanz some of the inhabitants of the building take the request very seriously and start directing him and trying to help him find the non-existent joiner. It is the jolting absurdity that provides the comedy and the sense that K. is surrounded by fools and foolishness. However, in spite of all that, I must say that I think that the humour is overstated these days, and that the book, more than anything, is unsettling and nightmarish. The word ‘nightmarish’ gets thrown around a lot when discussing literature and art and film, and it often denotes nothing more than something that is grotesque. In my opinion, The Trial more closely resembles real nightmares, or mine anyway, which often involve odd and abrupt temporal shifts [minutes for K. are sometimes hours for others], the inversion of space [things that you expect to be large are small, and vice versa], and people behaving in incomprehensible ways or entering scenes in an inexplicable or eerie manner [more than one person literally emerges out of the shadows]. Many, many things are called Kafkaesque, but if anything genuinely deserves that tag it would be the films of David Lynch, and you don’t find those in the comedy section on Netflix.To conclude, I have tried, in this review, to give some idea of what I found impressive and enjoyable and engaging about The Trial, a book that is, for me, one of world literature’s most imposing masterpieces. I have also tried to explore what I think are the significant themes. However, the great genius of the work is that one could see almost anything in it. Indeed, Jorge Luis Borges once wrote something about how great literature actually becomes greater with age, that, as time passes, it gains meaning, becomes more, not less, relevant. This is certainly the case with all of Kafka’s work, and The Trial in particular. Think about the basic premise again: a man arrested for a crime he knows nothing about, who, when he seeks an explanation, is met with illogical resistance and endless bureaucracy. The similarities between this situation and accounts of what happened to large numbers of citizens in Stalin’s Russia, and other Communist countries, is uncanny. Or what about the Jewish experience in Nazi Germany, where people found themselves suddenly relieved of their basic rights, where official bodies could, and did, turn lives upside down [and take them away, of course] without any wrong-doing on their part? It is no surprise, in this regard, that there are acclaimed Russian authors who lived and worked under Stalin, and Jewish writers affected by the Holocaust, that have been heavily influenced by Prague’s finest. Yet for all his influence, for all the talented writers that have stepped in the marks left by his shoes as he blazed his trail, Franz Kafka – the originator – remains unsurpassed."
9,Fil,"First, a quick summary of this horrible, horrible novel. Some jackass gets arrested, he does things you would not do, sees people you would not see and has thoughts you would not have. After that, a priest and a parable then, mercifully, the end.Now my thoughts. K. is a pompous ass with a very important job - to him. The bureaucrats are the best part of the whole story, all job description, no brains (like now!). K's uncle, lawyer and landlady are very forgettable. Fräulein Bürstner is intriguing, so is Titorelli. The priest is a tool and his parable made me think I was reading the novelisation of ""The Never Ending Story"". The ending made me smile, it was the end after all."
10,Huda Yahya,"تخيل معي للحظة أن ماكس برود -ناشر كتب كافكا ‏قد قام بحرق جميع كتبه بناءً على وصيته‏هل كان ممكنًا لعالم القراء تخيل مكتبة كونية‏ لا تحوي خلاصة الكافاكاوية بها ؟إن طلب كافكا المجنون ببساطة يستكمل رحلته الحياتية ‏وفلسفته الخاصة كما يليق بها كروح عدمية ‏وما فعله ماكس برود – ليرقد في سلام أينما كان ‏هو ما يليق بكاتب عظيم وروح شفافة‏‏ كان ليخلو عالم الأدب منها إن نفذ تلك الوصية ;;;;;;;;
ذهب القفص يبحث عن عصفور!ـــــــــــــــ

تتناول الرواية الشهيرة مشكلة السلطة العلياوقد أولها الكثيرون إلى الأب الذي عانى منه ومعه البائس فرانز لآخر نفسكان كافكا ينظر إلى نفسه من خلال عيني أبيه كما في العلاقة التي بين السيد والعبدكافكا لا يتمرد في الحقيقة ‏إنه يختبئ ويخاف ويكره ويفرز أوجاعه أدبًا عجيب التكوين‏لقد أوصله هذا الخوف –بجانب أسباب أخرى إلى تحقير للذات مستمر ومتناميوكل مرة كانت هناك حادثة مع السلطة يجعل كافكا من نفسه المخطئ لا غيره‏‏-يظهر ذلك بوضوح في المسخ;;;;;;;;تبدو المدينة غائمة ،،باردةغارقة في الضباب والكآبةيستيقظ (ك) ليجد رجالًا غرباء يدورون حولهلقد قبض عليكلماذا؟لا أحد يجيبوبرغم أن ك يعترض إلا أنه يسايرهمبلا قاضي ولا تهمة تستمر أحداث الروايةو ك مع الوقت يتحولإنه يبدو في البداية مثابرًا على المحاولة‏أن يعرف لما يدانلما يحال إلى هذه المحاكمة العبثيةومع اقتراب النهاية يتحول ك إلى الاستسلاملم يعد يبالي بشيء
مشى بصرامة بينهما(جلاديه)‏وشكل ثلاثتهم كيانًا واحداوكان كيانا يمكن له أن يتشكل فقط من انعدام الحياةـــــــــــــــ

;;;;;;;;
عند غرس المدية في رقبته بدا الأمر وكأن خزيه سيستمر بعد موته ‏ـــــــــــــــ

"" هذا السطر الأخير يصيبني بالقشعريرة""المحاكمة إن لم تكن رواية نفسية ،،فكيف يمكن للرواية النفسية أن تكون؟؟استدعى كافكا الرعب الداخلي إلى الخارج مجسمًا وحيَّا ‏يظهر الاغتراب في أدبه جليًاتخرج حكاياته المبهرة من لاشعوره مكتنفة بالغموض‏لقد برع كافكا دومًا في تصوير الانفعالات البشرية الأكثر سوداوية ،،وعمقًا ،،وحيوانية‏القلق ،،الرعب،،الشعور المتأصل بالدونية،،العزلةاحتقار الذات،،احتقار السلطة والخوف منها في الوقت ذاته‏تمت ترجمة المحاكمة إلى تأويلات لا حصر لها ‏منها هذا التأويل العجيب الذي رأى الرواية يكمن فيها ‏شذوذ جنسي يتوق الكاتب فيه لممارسته مع أمه!!‏ربما أفضل تفسير للرواية يرتبط بتحليل‏‏ شخصية كافكا نفسها- أو ما نستطيع الامساك به لتحليله منها ‏نظرة كافكا إلى العالم تنبع من نظرته إلى نفسهوالمشكلة الكبرى هي :‏كافكا لا يجد في نفسه ما يجعله يقتنع بأنه أهلًا للحياة ‏;;;;;;;;لقد عبر كافكا عن العبثية في الرواية كما لم يفعل قبلًأويقال أنه ضحك بهستيريا حينما كان يقرأ صفحات المحاكمة على بعض من أصدقائه
غرز الرجل الساطور عميقًا في قلبه ولفه مرتينكما يموت الكلب-قال ك

ـــــــــــــــكتب كافكا في يومياته أنه يعتبر الحرفK‏ مقززا مثيرا للاشمئزاز‏ ومع ذلك أصر على استخدامه في الرواية نعتا واسما لبطله المعذب‏هذا بالضبط ما أحاول قولههذا هو كافكا"
11,Aubrey,"Has this ever happened to you? You're chugging your way through a book at a decent pace, it's down to the last legs, you've decided on the good ol' four star rating, it's true that it had some really good parts but ultimately you can't say that it was particularly amazing. And all of the sudden the last part slams into your face, you're knocked sprawling on your ass by the weight of the words spiraling around your head in a merry go round of pure literary power, and you swear the book is whispering 'You know nothing, you snot nosed brat' through its pages of magnificence as the author leaves you far behind.If you haven't, read this book. If you have, and crave more of the same, see the previous.Now, what did the Goodreads summary call this book again? 'A terrifying, psychological trip'. Yes, I suppose you could say that. I mean, it is terrifying, it is psychological, and it makes for one hell of a ride. But, you see, those three words strung together convey the sense of otherworldliness, some diabolical satire that's made a nightmare of a reality that's usually pretty good about behaving itself. The problem with that is the fact that this story adheres more closely to reality than most books dare to dream of doing. There's no phantasmagorical twisting of the entire face of reality. This is reality. And it needs no aid in inspiring the most abject of terror.Arrests of innocents. Hazy procedures. Courts obscured by other courts. Files disappearing into the dark. 
""I see,"" said K., nodding, ""these books are probably law books, and it is an essential part of the justice dispensed here that you should be condemned not only in innocence but also in ignorance."" ""That must be it,"" said the woman, who had not quite understood him.
Judgment determined by accusation rather than by trial.
""We are only being punished because you accused us; if you hadn't, nothing would have happened, not even if they had discovered what we did. Do you call that justice?
Guilty until proven less guilty. Less guilty via the right connections rather than the right evidence. Innocence with an expiration date. Complaints about any of the previous injustices accelerating the inevitable, and for what? The hope that the future might be better? What difference will that make to you, the individual life currently at stake? The invisible pendulum will still be suspended over the more invisible pit, and your every forthright movement will still be swallowed in the obscurity of the Law, and nothing will result but a building sense of anxiety and despair. Look at the Law of the past and more importantly the Law of the present, and tell me none of this applies, in the days where banks are 'too big' to be brought to justice and everything from the individual to the government is held hostage from a better tomorrow by the inane struggles of today.
""No,"" said the priest, ""it is not necessary to accept everything as true, one must only accept it as necessary.""
History repeats itself.History repeats itself.History fucking repeats itself.Get it? Got it? Good.Doing something about it is another matter entirely."
12,Zaphirenia,"Αχ, η δίκη... Ο Κάφκα δεν αστειεύεται. Σου βυθίζει το μαχαίρι στο κόκκαλο και παρόλα αυτά παρακολουθείς μουδιασμένος. Αφήνει στο στόμα την πικρή αίσθηση της ματαιότητας, του παραλόγου που είναι τόσο προφανές που καταλήγει αδιαπέραστο, ανίκητο. Παρουσιάζει ένα ολοκληρωτικού τύπου σύστημα δικαιοσύνης που συνθλίβει το άτομο σε μία ατέρμονη γραφειοκρατία από την οποία δεν υπάρχει διέξοδος, δεν υπάρχει διαφυγή. Ο ήρωας του βιβλίου, ο Γιόζεφ Κ., συλλαμβάνεται με μία κατηγορία την οποία δεν μαθαίνει. Στη συνέχεια, παλεύει να αποδείξει την αθωότητά του απέναντι σε ένα Δικαστήριο το οποίο βρίσκεται παντού αλλά και πάλι ο κατηγορούμενος δεν μπορεί να το δει, δεν μπορεί να το κατανοήσει. Ο παραλογισμός στον οποίο βυθίζεται ο ήρωας, ο οποίος παρασύρεται στην αγωνιώδη προσπάθεια να αποδείξει ότι είναι αθώος (σε ποιον; για ποιο πράγμα;) κορυφώνεται στη σκηνή με τον ιερέα, όπου του αποκαλύπτεται πλέον πλήρως ότι δεν πρόκειται να γνωρίσει τον Νόμο, δεν θα μπορέσει να διαπεράσει τις δομές του και ακολουθεί πρώτα η απόγνωση και μετά η ολοκληρωτική παράδοση στη μοίρα του. Γιατί στον κόσμο της ""Δίκης"" δεν έχει καμία σημασία η ενοχή ή η αθωότητα, δεν παίζει κανένα ρόλο το είδος της κατηγορίας, το αν έχει κανείς δικηγόρο ή όχι, το αν ασχολείται με την υπόθεσή του ή την αφήνει να πάρει το δρόμο της ακολουθώντας την αδυσώπητη διοικητική μηχανή που κινείται ασταμάτητα.Διαβάζοντας, ένα συναίσθημα με κυρίευσε και εμένα μαζί με τον Κ. σε κλιμακούμενη ένταση: η απόγνωση. Η συνειδητοποίηση ότι στον κόσμο αυτό της ""Δίκης"" δεν έχει καμία θέση ο κοινός νους, ο ορθός λόγος. Η απόγνωση που μέχρι το τέλος του βιβλίου έχει μετατραπεί σε τρόμο. "
13,MJ Nicholls,"Somebody must have made a false accusation against me, for I was accused of not having read The Trial without having even raised the topic. I fixed up a brew, poked in a madeleine, and summoned up the liars of recall. I recalled my sixteen-year-old self, in his bedroom in his backwater home town, feasting on Vonnegut, Poe, and Kafka one miserable summer . . . then the liars spoke to me: “Are you merely inserting Kafka’s The Trial as a book you ought to have read during that summer of pain, when in actual fact . . . ?” I knew I had seen Orson Welles’s frenetic adaptation from the 60s, because I recall thinking: ‘I can’t remember this section from The Trial, I wonder what Welles invented.’ Because, perhaps, in actual fact, in spite of those proud teenage brags, I hadn’t actually read The Trial at all? I writhed in agony for two days, desperate to prise details of that first reading to appease my accusers. Then I simply checked out The Trial from the library and read the bastard. Quite possibly for the FIRST time. There we are. Masterpiece. Screw you, memory. "
14,Lynn Beyrouthy,"WHAT IS THIS SHIT.I have read many reviews and saw that I belong to the minority who just didn’t like or get this book.Like the author, I am going to leave The Trial unfinished and surrender to the fact that, unfortunately, Franz Kafka’s writing is way too bizarre, inane and unrealistic for my tastes.The protagonist, a pretentious banker named Josef K. woke up one morning to find two strangers in his room who told him he was under arrest. The reason for his conviction is never revealed and even the officers who came to deliver the news are uniformed.In the next chapters, we follow K. in a series of encounters that are ground for meaningless and empty discussions with various characters that seldom reappear throughout the story and don’t seem to have an efficient role in the progress of the narrative. K’s so-called quest to seek answers and vindicate his name turn out to be futile as he never musters enough courage or audacity to extract definite answers and instead, allows his complacency to let him act in a way that harms him more than it helps him in his case. (I especially loved how almost every female character seem to want him, which feeds his arrogance all the more) For a year, Josef K awaits a trial that never happens; he’s never told the reason behind his criminal charge and the ultimate zenith of befuddlement comes with K’s death that is also underdone in mystifying circumstances. Nothing is explained or elucidated and yet people seem to abundantly laud Kafka for an unfinished, miserable excuse for a novel which the author himself wanted to be burned posthumously. It really saddens me ‘cause after hearing copious praise for Kafka, the anticipation upon starting this novel was great and I was eager to be acquainted with his “genius”, but my high expectations were annihilated by an immense disappointment.The Trial is among the most disturbing books I’ve laid eyes on to this day. It was an excruciating experience from which my brain cells are still suffering aftershocks. The atmosphere of the novel was so odd and gruesome; the rooms with low ceilings and stuffy, fetid offices made me feel like I’m having a bizarre nightmare. (Well, at least it’s better than his other unfinished book about a man metamorphosed into an insect). Kafka intentionally delineated an inhuman world inflicted with the depravity of the law (which is ironic because Kafka was a lawyer himself). And when you finally finish this story of 200ish pages (but you feel like it’s 2000, I don’t know how Kafka managed to do that), you’re supposed to be in a state of awe ‘cause it’s so fucking deep and philosophical, aiming to depict life and the big fat interrogation point behind our existence and its purpose. Well. That was a waste of time. Max Brod should’ve listened to Kafka and set fire to his manuscripts. There, I said it. "
15,Mahdi,باورم نمیشه که هنوز برای محاکمه ریویو ننوشتم.فعلاً این مقدار مینویسم، بعداً مفصل ترش میکنم.معروفه که میگن اسم «ک» برای شخصیت اول، نشون دهنده ی اینه که کافکا نمیخاد شخصیت پردازی بکنه. نمیخاد شخصیتش حتا اسم داشته باشه. این، شاید مهم ترين خصوصيت «ک» باشه. بی هویت و بی شخصیت بودنش. شخصيت انفعالى داشتنش. او همواره محكوم بوده، همچنان كه در دادگاه بى نام و نشان محكوم میشه. محكوم بوده كه جهان و ديگران هويتش رو تعيين كنن. همیشه همراه با جهت جهان اطرافش حرکت میکنه. عموش به جاش تصميم میگیره. دخترك ناقص الخلقه به جاش تصميم میگیره. وكيلش به جاش تصميم میگیره. رييسش به جاش تصميم میگیره و نهايتاً، دادگاه به جاش تصميم میگیره. سعی میکنه كه مبارزه كنه و عليه همه ى اين ها بشوره، ولى شكست میخوره. و در انتها، در برابر اين تقدير گريزناپذير تسليم میشه و خودشو به دست جلادها میسپره.﻿
16,Ümit,"Bir kitabı bitirmeniz en çok ne kadar zamanınızı aldı şimdiye kadar? Bir ay? İki? Hadi altı ay olsun. Benim en uzun zamanda bitirebildiğim kitap Dava oldu efendim. Tam iki yıl. Gerçek.Franz Kafka'nın 1925 yılında, bir klişe olarak ölümünden iki sene sonra yayınlanan romanı olan Dava, orijinal ismi ""Der Prozeβ"" olan Dava -ki bu da aynı zamanda 'süreç' demek. İlginçtir, şimdi öğrendim daha, eksik kısımları da kalmış, yani aslında Kafka bile tamamlayamamış kitabı, sanırım o da benim gibi kaybolmuş kendi cümlelerinin arasında.Konu itibariyle kısalamak gerekirse bir sabah ansızın ve gerekçesizin tutuklanan bir adamı, Josef K.'yı ve onun sürüncemelerle sürünen sanal davası işleniyor romanda. Klasik bir Kafka anlatısı aslında, karanlık, depresif, ümitsiz, yararsız. Uzun ve kasvetli cümleler, bitmek bilmeyen paragraflar.. Tüm bunlar romanın atmosferine ciddi katkı sağlasa da, elbette okumayı güçleştiriyor.Eleştirmek istediği de birçok şey var elbette yine Kafka'nın, bunların en başında da devlet otoritesi ve onun sağladığı korku kültürü var. Nedensizce, kanıtsızca, hiçbir şeyi gözetmeden hoyratça hareket edebilen devleti gözler önüne seriyor. Ayrıca sadece yargı organını değil, tüm bürokrasiyi yerden yere vuruyor, onunla alay ediyor. Ama alay ettiği şeyin kudretinin de farkında. Daha doğrusu şöyle diyelim; devlete çaktırmadan devletle dalga geçiyor, yani onu aptal yerine koyuyor.Ayrıca bütün yönleriyle düşününce de, tarihin hep tekerrür olduğu, devlet sisteminin hiç değişmediği ve değişmeyeceği görülüyor, zira günümüzde yaşadıklarımız da çok farklı değil, yargısız infazlar, iddianamesiz yıllarca içeride yatan insanlar, aklansa bile “çamur-iz” bağlamında aklanamayan insanlar.. Kafka hepsinden dem vuruyor.Bir de aralara çeşitli karakterler serpiştirmiş Franz; yargıç, bankacı, memur, avukat, ressam, hizmetçi, iş adamı, rahip.. Sanki duruma hepsinin gözünden ayrı ayrı bakmak ve tümevarım yoluyla sosyolojik bir bakışaçısı da getirmek istemiş. Açıkçası romanın bu yönü oldukça hoş. Zaten okuma zorluğu dışında bir nahoşluk da yok ki, o da klasik bir Kafkavari durum. Kafkaesk diye kelime var arkadaşım, sırf bu yüzden işte."
17,ژیار,"Tara wrote: ""هدايت و كافكا جزو نويسنده هايين كه كاملاً با دنياشون ارتباط برقرار ميكنم .. حرف ندارن ""هدایت و کافکا رو دوست دارم و یکی از داستانی عمو صادقم ترجمه کردم، زنده باد همه هدایتی ها:)"
18,George Georgiadis,Μεγαλειώδες. Το δε προτελευταίο κεφάλαιο πρέπει να είναι από τα συναρπαστικότερα πράγματα που έχουν γραφτεί ποτέ.
19,s.penkevich,"It is not necessary to accept everything as true, one must only accept it as necessaryNothing speaks a more profound truth than a pristine metaphor…Funny, us, worming through the world ascribing meaning, logic and order to the dumb, blind forces of void. It’s all one can do to maintain sanity in the absurd reality of existence, but what is it worth? Are we trees in gale force winds fighting back with fists we do not possess? Is life the love of a cold, cruel former lover bating us on while only concerned with themselves? What use is logic in an illogical prison where the opinion of the masses reigns supreme? Franz Kafka’s The Trial is the world we all live in, unlocked through layers of allegory to expose the beast hidden from plain sight. On the surface it is an exquisite examination of bureaucracy and bourgeoisie with a Law system so complex and far-reaching that even key members are unable to unravel it’s complicated clockwork. However, this story of a trial—one that never occurs other than an arrest and a solitary conference that goes nowhere—over an unmentioned crime serves as a brutal allegory for our existence within a judgemental societal paradigm under the watch of a God who dishes out hellfire to the guilty. This is a world where man’s noose is only a doorway. The Trial is not for the faint of heart or fragile psyche yet, while the bleakness is laid on thick, it is also permeated with a marvelous sense of humor and a fluid prose that keeps the pages flipping and the reading hours pushing forward towards dawn. This is a dark comedy of the human comedy, full of the freeing chortles of gallow humor. Kafka’s nightmarish vision is the heartbeat of our own existence, chronicling the frustrations of futility when applying logic to the reality of the absurd, yet factual, nature of life.Someone must have slandered Josef K., for one morning, without having done anything wrong, he was arrested.This memorable opening line is the perfect establishing shot for Kafka’s, and Joseph K.’s, world. One can be sure of their innocence, yet fall to the blade all the same. The most startling and accurate portrayal of mankind is found when K. goes to visit the painter in the slums and finds
...a disgusting, steaming yellow fluid poured forth, before which a rat fled into the nearby sewer. At the bottom of the steps a small child was lying face down on the ground, crying, but it could hardly be heard above the noise coming from a sheet metal shop…
We, humanity, are prostrate and bawling in a toxic wasteland, unloved and ignored by the absent parents. Not even passersby stop to help the child, or are even away, for the noise of industry drowns it out. This is a world where corporations are ‘people’ and actual lives are thrown to the gutter for ‘the good of the company’, where soulless abstract money-making concepts are given a higher priority than our own shared flesh-and-blood. The worst part is that we accept this. We tow the party line, we uphold something meaningless and only given power by our collective acceptance. ‘You may object that it is not a trial at all,’ says K. to the courtroom, ‘you are quite right, for it is only a trial if I recognize it as such.’ These are not political opinions I am presenting, just the fact that much of our society, economy and political structure exists only because we recognize it as so and prescribe meaning to something inherently meaningless. Children, such as the child crying in a pool of yellow filth, are a key motif in the novel. Their parents are never apparent and they run like wild animals. The gaggle of young girls outside the painters apartment perfectly reflect the wild masses of ignorance, defying respect for privacy and barging into places they aren’t wanted, needed or even should be simply because they can. One girl is described as hunchbacked and not yet an adult, yet full of sexuality which she asserts over K. ‘Neither her youth nor her deformity had prevented her early corruption.’ These girls, we are told, also belong to the court, another place where the persona is depicted more like beast than man, preying on those around them with their lusts. Take, for example, the student in the attic courtroom who asserts his dominance over the married women through his power. He, too, is slightly deformed with bow-legs that call to mind classic depictions of Satan with his animalistic torso and hoofed feet, and bushy red beard like something from nature and not urban society. He also snaps at K.’s hand with his teeth in defense, like a dog(Like a dog’ is the final line of dialogue in the novel, concerning a violent and abrupt execution. Seemingly we are nothing above the beasts of the world.), which isn’t how one would expect an educated man of the Law to respond. Even all the textbooks are actually just pornography, the court filled with carnal desires instead of logic and learned reasoning. This is the force of nature K, and all of us, fight against when attempting to address our condition with logic. We are nothing but dogs pit into a dogfight of which we had no free will in being placed. K. is a free-thinker drown by the obdurate glare of the masses, condemned for something unknown and never given an opportunity to prove innocence.
 They're talking about things of which they don't have the slightest understanding, anyway. It's only because of their stupidity that they're able to be so sure of themselves.
How like our world today where we accept opinions without wondering the qualifications; internet slander or a simple viral meme can destroy a life or an idea simply because it is funny even if it isn’t rooted in reality. K. is all of us, K. is the everyman, K. is us faced with the world around us. A world where trying to go up against it will only lead to frustration and futility. Through all his proceedings, all his legal advice, nothing is learned. Lawyers and confidants only seem to discuss the workings of the trial and court system; the more we learn, the less we understand. The system is so complicated that it stalemates itself, and it seems almost pointless to investigate. Is there purpose in assessing our lives, our condition in the world? Not if we address it with logic. This is futility. But, perhaps, if we assess it on it’s own terms, then even if our fate is still sealed we can glean a bit of insight.That is why this story is presented as an allegory. The Trial is not a story about the Law or bureaucracy despite the outward appearance. This is society as a whole and pushes towards a religious allegory that is difficult to swallow. K. is told that even if he is acquitted, he may return home to be arrested again. Our reputation is unshakable and even when you prove your innocence over slander, people will still hold it against you. The word ‘allegedly’ is wonderfully damning in this way. K. hears that there is legend of lawyers getting clients fully acquitted, but no proof of this exists. Nobody even knows who these lawyers are. There is also higher courts, higher judges that nobody knows the name of that also seem to exist only in legend. These unseen, unknowable eyes of justice are like the eyes of God. One may be acquitted amongst their peers, but their soul goes to a higher court that will rule the final verdict. ‘Can’t you see two steps in front of you,’ the Priest shrieks at K., chastising him for his inability to look beyond his assumptions of the world and his logic. He proceeds with a parable that summarizes K.’s, and everyone’s, fate in the world in which a man is denied entrance into the halls of the Law. He waits his whole life, pestering the gatekeeper. Moments before his death of old age, the gatekeeper reveals that the entrance was meant solely for him, then closes the gates. The perfect expression of futility. K. protests that the man was deceived, yet the Priest argues that deception is not in the story. What we have is the absurd, K. wishing to assess his trial through due-process and logical reasoning, but failing to see that such verdicts are beyond that.
 I always snatched at the world with twenty hands, and not for a very laudable motive, either. That was wrong, and am I to show now that not even a year’s trial has taught me anything?
 His fate was already decided, and his efforts are in vain. It should come as no surprise, then, that K. is so suffocated in the stifling air of the court houses. Who wouldn’t feel faint and overcome with illness when beleaguered by the absurd where no assertion of innocence matters?The court wants nothing from you. It receives you when you came and it dismisses you when you go.The painter shows K. a portrait of a judge, depicted above his own post (the portrait a gift to a woman—yet another example of the abuse of power for carnal desire), but the most striking image is that of Justice. Justice is painted with winged feet, in motion at the request of the court, to also represent Victory. Yet the real horror is revealed when K. discovers the blending creates an image more akin to the God of The Hunt. We have a court system, a religious system, a moral system, that is more concerned with victory than actual justice, and seeks out prey for sport. We are all victims to this system, a system that is self-sustaining, ‘too big to fail’, and incorporates everyone. Nobody is safe from the system, and nobody is not a part of it. K. is the sacrificial victim of all of us, his death and futility a parable of our own endeavors in this, and the next, life. Kafka’s The Trial is just as important today as when it was written. It is a book that will leave you gasping for air, and thankful for it.5/5‘One must lie low, no matter how much it went against the grain, and try to understand that this great organization remained, so to speak, in a state of delicate balance, and that if someone took it upon himself to alter the dispositions of things around him, he ran the risk of losing his footing and falling to destruction, while the organization would simply right itself by some compensating reaction in another part of its machinery – since everything interlocked – and remain unchanged, unless, indeed, which was very probable, it became still more rigid, more vigilant, severer, and more ruthless.’"
20,Fernando,"La obra de Kafka es compleja, inquietante y genera usualmente en el lector el mismo desconcierto que en sus personajes, quienes terminan enredados en infinitas encrucijadas que nunca logran desvelar. Debo reconocer, sin hacer spoiler, que El Proceso me ha desorientado justo al final. Un final que no esperaba, pero que a la vez demuestra la maestría narrativa de Kafka. Siento a la vez que todos aquellos a quien Joseph K. va encontrando y que parecieran se agentes que forman parte de algún tipo de sistema tipo ""Matrix"", todos conectados entre sí. Veo más conexiones a otros libros: El Club de la Pelea, 1984... Por momentos, la distopía en El Proceso es evidente. El capítulo de La Catedral es el más elevado del libro, en donde Kafka expone ""Ante la Ley"" a través del abate, las múltiples paradojas que ésta encierra. Todo aquel que admire los grandes libros de la literatura mundial debería detenerse ante un clásico como éste..."
21,Joselito Honestly and Brilliantly,"Look at Joseph K., a bank officer living in a country with a constitution. He wakes up one day with strange men in his apartment telling him he's under arrest. Why or for what offense, no one knows. The arresting officers themselves don't know and can't tell him. Even if he's under arrest, however, no one picks him up or locks him in jail. He can still go to his office, work, perform his customary daily chores, and do whatever he wants to do as he awaits his trial. But he is understandably anxious and worried. He is, after all, charged with an unknown but very grave offense. He has a criminal case. He is an accused. He is under arrest.For this problem he consults so many. He gets a lawyer. His uncle comes to his aid. He talks with his lawyer's other client--also charged and under arrest like him. He consults other people, a painter (who is said to know the ""Court""), some women, a priest, etc. about his case. But no one can tell him what the charge is and what his sentence will be. The ""Examining Magistrate,"" the ""Judges,"" the ""Court,"" the proceedings/ trial, and even the ""Law"" itself--they all seem to be unsolvable enigmas.Now, look at yourself. You were born or made to exist without your consent. You live, you do whatever comes to your mind worth doing, you marry or stay single, maybe you've married already and are raising a family, you may be living a life of fame or anonymity, amassing riches or just getting by, happy or sad. But the whys and wherefores of all these, why you're here in the first place, why you're doing whatever it is you're doing, if you have a purpose or was just an accident, if you will outlive your physical death, see God or see darkness, witness corrective justice for all the wrongs you've witnessed or heard about--all these you do not know and never will know. Sometimes you'd think, with all these uncertainties and frightful unknowns it would have been better that you did not exist at all. But you had no choice. You're condemned to this life and had been charged. You can't ""not exist"" and escape. You are under arrest.So you seek help. You'll try religion, common sense, reason, study the affairs of men, look back in history, see what the living and dead prophets and philosophers have to say, pray to God and his saints, ask Oprah, google your questions, but all these offer no certitude. Then, you will still die, and you would die bewildered and afraid and, like the death of Joseph K. himself in this novel, your death will be no different from that of a dog--""...Then one of them opened his frock coat and out of a sheath that hung from a belt girt round his waistcoat drew a long, thin, double-edged butcher's knife, held it up, and tested the cutting edges in the moonlight. Once more the odious courtesies began, the first handed the knife across K. to the second, who handed it across K. back again to the first. K. now perceived clearly that he was supposed to seize the knife himself, as it traveled from hand to hand above him, and plunge it into his own breast. But he did not do so, he merely turned his head, which was still free to move, and gazed around him. He could not completely rise to the occasion, he could not relieve the officials of all their tasks; the responsibility for this last failure of his lay with him who had not left him the remnant of strength necessary for the deed. His glance fell on the top story of the house adjoining the quarry. With a flicker as of a light going up, the casements of a window there suddenly flew open; a human figure, faint and insubstantial at that distance and that height, leaned abruptly far forward and stretched both arms still farther. Who was it? A friend? A good man? Someone who sympathized? Someone who wanted to help? Was it one person only? Or was it mankind? Was help at hand? Were there arguments in his favor that had been overlooked? Of course there must be. Logic is doubtless unshakable, bit it cannot withstand a man who wants to go on living. Where was the Judge whom he had never seen? Where was the High Court, to which he had never penetrated? He raised his hands and spread out all his fingers.""But the hands of one of the partners were already at K.'s throat, while the other thrust the knife deep into his heart and turned it there twice. With failing eyes K. could still see the two of them immediately before him, cheek leaning against cheek, watching the final act. 'Like a dog!' he said; it was as if the shame of it must outlive him.""A must read for the insanely delirious ones: those who live without thinking and therefore unaware that they, too, are indicted and are under arrest."
22,Henry Avila,"Josef K. (just his initial is revealed), a banker in the beautiful city of Prague, now the capital of the Czech Republic, during the last days of the crumbling Austro- Hungarian Empire, before World War 1, such a man at the young age of thirty, to be in charge of a large bank's finances, yet he lives in a boarding house of Frau Grabach, why a successful person does, is a mystery. Maybe he likes the attractive women there, especially Fraulein Burstner, Josef is a bit of a wolf, then out of the sky, two men come to his room and arrest him, the arrogant guards even eat his breakfast, and try to take his good clothes too, the charge, they don't say or know or care! K. is shocked to the bone, but permitted to continue his ordinary work routine, a Twilight Zonish situation develops, K. ordered to see an examining magistrate and goes to an old apartment building, in a poor, shabby suburb of the city, finally after asking directions, Josef arrives on the fifth floor, late and finding the filthy hall full of people of various kinds, all of them look at Josef, as the main attraction there . The uncaring judge thinks he's a house painter, when K. informs him that he's the chief financial officer of a bank, the crowd has a big, long laugh, how can Josef take his trial seriously? The angry magistrate is powerless to control the boisterous gathering, and after many more such meetings , in rooms with dirty air, which makes the defendant quite sick, Josef in one place, is carried out of the building, to get fresh air, to resuscitate him. Days and weeks pass, Uncle Karl, from the country visits K. the concerned uncle, has heard of his nephew's troubles, and takes him to an old lawyer friend, Dr. Huld, the lawyer has lots of contacts but Huld is a very sick, old man, K. doesn't trust him either or anybody else. Other men he sees for aid, a painter, merchant, manufacturer and a priest, as his final hope, but nothing can get him off, his unknown perilous path, his darkness increases steadily. A nightmarish life hits hard the accused , and still no one tells him what crime was committed! The helpless banker feels the power of the State's Bureaucracy and his work at the bank suffers, as a consequence, substantially, it matter not that K. is innocent, no one asks him if he is guilty! Will this bad, horrendous dream ever end? The limited rights that any man has against an omniscient , totalitarian government, is shown in this remarkable novel."
23,Bookworm Sean,"This book haunts me. I can’t stop thinking about it because I have questions, questions and more questions; I have so many unanswered questions that I will never know the answer to, and it’s slowly killing me!What is the trial? Is K actually guilty or is he innocent? Is this novel a nightmare sequence or a paranormal encountering? Why are so many characters never heard from again? And who is that mysterious figure at the end of the novel that witnesses K's fate? There are just so many questions, but no damned answers!This is frustrating, so frustrating. The novel leaves the reader with an overwhelming sense of perplexity. There is no definitive explanation as to what has actually happened; there is no logical sense of the events. But, then K doesn’t know either; he is just as confused by the strange happenings as the reader. The events are completely unexplainable and unfathomable; thus, Kafka’s trial will stay with the me for the rest of my life, as I ponder this bizarre novel again, and again.  There are no answers!K wakes up on the morning of his thirtieth birthday; he goes outside his room and finds several men eating his breakfast. He is informed he is under arrest; the men don’t tell him why; they leave and he is able to go about his daily life although he must attend court next week. They give him a location, but no time. He arrives; he is accused for something they don’t inform him of. He storms out of the room and is hounded by the situation ever since. He attempts to prove his innocence, but what he is innocent of he doesn’t know. A year later, on his thirtieth birthday,(view spoiler)[ two men arrive and sentence him; he is taken to a quarry and murdered. (hide spoiler)] The reader has very little idea why it has happened. ""Someone must have been spreading slander about K., for one morning he was arrested, though he had done nothing wrong.""Indeed, the Trial uses fragmentation in its plot to further establish the ungraspable nature of K’s encounters, such as in chapter three when he attempts to save a washerwoman from an evil and lustful student. He chases the couple at the stair is where he encounters a fog and is forced to retreat. The event is never mentioned again. The situation is nightmarish, and like a dream, is forgotten about quickly. This tells us that no meaning will be had from the Trial; it tells us that there will never be any answers.  What exactly is this wierd court?The court that conducts the trial is shrouded in even more mystery. Just who are these people that can psychologically manipulate with so little effort? They are a powerful order, which is indicated by their sessions always accruing on the highest floor of the building; this evokes their, strange, authoritative presence. There are even suggestions that this court hold sessions in each, and every, building in the city, which again creates more weirdness. ""The faces that surrounded him! Tiny black eyes darted about, cheeks dropped like those of drunken men, the long beards were stiff and scraggly, and when they pulled on them, it seemed as if they were merely forming claws, not pulling beards. Beneath the beards, however – and this was the true discovery K. made – badges of various sizes and colors shimmered on the collars of their jacketsIs this a dream?However, one thing that remains clear through the novel is the characterisation of K. He is completely bland; he has no endearing qualities whatsoever, yet the women seem to throw themselves at him on multiple occasions. This resonates in the dream world, because only in a dream world could a man like K be such a womaniser. He is meek, powerless and accepting of his unjust fate, so only a dream could a shadow of a man like K be so attractive an irresistible. ""I recruit women helpers, he thought, almost amazed: first Fraülein Bürstner, then the court usher's wife, and now this little nurse, who seems to have an inexplicable desire for me.""In spite of his blandness and alienation, he is the only rational character within the novel. I like to think a little bit of Kafka comes through here. I’ve been reading up on his personal history, and he was a very segregated man; he was disbeliever amongst the Jewish religion; he was distant to his overbearing farther and the opposite sex. He didn’t seem to fit in, perhaps a little bit of Kafka comes through in K. Perhaps he wanted to show what it would be like cut off from the rest of civilization. Overall, this is an iconic piece of literature; it is one that every serious reader should read before they die because it is completely unique. Its strange narrative resembles a dream; its events are pointless and impenetrable like a nightmare that stays with you forever. Indeed, this book will never be forgotten by those that have read it, as the unanswered questions will haunt for the rest of their days. I’ve quite literally been unable to sleep when thinking about this book, as the question “what exactly does it mean?” lingers in my mind. Review Update: I bought a Folio Society edition of this and just has to show it off.....Doesn't it just look great? "
24,Nandakishore Varma,"I have been terminated from my job here in the Middle East and is currently in the process of relocating to India. It's a somewhat nightmarish scenario, uprooting oneself after ten years; that too, unexpectedly. So I am plagued by disturbing dreams in the night where I am caught in situations without escape (forgetting luggage at the airport, searching for house in a country whose language is unknown to you, etc.). This is pretty much common for me and these dreams will disappear once I am past the crisis. I think, in a way, they are therapeutic.While browsing Goodreads just now, I was struck by how much my dreams resemble Kafka's novels. In the novel under discussion for example, K. is accused of an unspecified crime, and he wanders around trying to clear himself or at least find in what sense he is guilty - unsuccessfully. What gives the novel its nightmarish quality is that there is no continuity and the story moves in jerks. Situations are repeated again and again until we feel hemmed in. However, there is still an unreality to the whole thing that we feel that sooner or later, K. and the reader will wake up.Before I read him, I had been told that Kafka is a tough writer. He is not. He is very easy to read. The problem is that, you may not be able to stomach the endless loop his characters traverse without getting anywhere: if that's so, he's just not your cup of tea and best avoided. But for people like me who prefer disturbing stories as a sort of antidote to much more disturbing reality, this is an ideal read. "
25,Kinga,"Kafka's Trial is one of those books that are always present in cultural sphere and referenced ad nauseum. Despite never having read Kafka before I am quite sure I used the word 'Kafkaesque' on many occasions and maintained a semi-eloquent conversation about 'The Trial'.I could've probably done without ever reading it but recently I resolved to take my literary pursuits seriously and since books seem to be the only thing in this world I truly care for I might as well take it to another level.'The Trial' does not have any plot to speak of and character development is non-existent. There aren't actually any characters that take any human shape. There is no conflict or resolution and the only epiphany is the one you might or might not have at the end of it. Truth be told, 'The Trial' is nothing but an allegory.An allegory of what is up to you to decide. I think I interpret it on the most universal level and see The Trial as a symbol of human existence. We don't know why we are here, how it is going to end and even what the rules of the game are. Yet, we take this frustrating journey trying to make sense of it, comforted by little meaningless bogus victories that fool us into believing some progress has been made. We long ago learnt that the 'actual acquittal' is unattainable but we refuse to give up. This is how I see it. However, many literary critics and other smart people see it differently and that is their prerogative.There is, for example, a quite interesting theory that 'The Trial' was born as an inmediate result of the break-up of Kafka's engagement to Felice Bauer. Felice Bauer was, one might say, an uncomplicated woman. She was Kafka's muse and his anchor in the reality. Kafka needed her to write and to stay sane. What Felice got out of the affair is unclear as her letters didn't survive. No doubt, it must have been frustrating as Kafka's idea of love was definitely not a healthy one. Their relationship consituted mostly of letters and occasional meetings which made Kafka the happiest just after they were over. He did finally propose to Felice but emphasized he would be a rather rubbish husband as he was simply not cut out for family life. And so it went on. If anyone felt like they were on an endless, incomprehensible trial, it was, in my opinion, Felice. But, of course, Franz maintains it was him - because finally Felice's friends and relatives decided to put an end to it, called Kafka in, forced him to knock it off and leave the poor girl alone. That meeting/interrogation was his 'trial'.Now, I don't want to entertain this theory because if it is true, I would have to reduce the rating for 'Trial' to some 2-3 stars and put it on my 'brats' shelf I have for selfish, woe-is-me individuals acting like brats. I prefer to stick to the human-existence allegory which I find quite moving in its Weltschmertz way.If you are interested in further reading on the subject, check John Banville's article about Kafka's Trial and his affair with Fraulein Bauer here:http://www.guardian.co.uk/books/2011/...You can also find fictionalised (by Francine Prose) letter from Felice Bauer to Kafka in this collection of invented love letters : Four Letter Word: Invented Correspondence from the Edge of Modern Romance. The letter is written by Felice long after Kafka's death and basically asserts that Kafka was a dick."
26,Emilian Kasemi,"Just the part where K. discusses with the priest the fable (a parable of his situation which has been published separately as a short story; ""Before the Law"") deserves not 5 but a hundred stars! The same with the end of the book, one of the best I've read. Apart from that I have to admit that I found it a little boring and totally frustrating in many parts. In any Kafka's work I always feel anxious and in a state of bewilderment. He is a master in this and his stories maintain in the reader this sense of awe and confusion as a permanent condition. And it seems that in this world of Kafka it is the ""normal"" state.What's the meaning of this novel?George Orwell said : If you want a vision of the future, imagine a boot stamping on a human face - forever.This innocent man is unexpectedly arrested for something he has never done (he isn't in fact arrested under the rules, he can still live his life normally and left ""free"" to await instructions )- and he ends up being killed ""like a dog"", without knowing the fault.- Like a dog are the last words of the book.Imagine the nazi concentration camps. Where men were killed without sentences and without trial. Not knowing their faults, like a dog...Josef K. is the citizen of every totalitarian ideology!"
27,Manny,"The tortured bureaucratic world described in The Trial always strikes me as startlingly modern. I wonderedHow The Trial might have started if Kafka had been an academic writing in 2010K's latest conference paper had been rejected, and now he sat in front of his laptop and read through the referees' comments. One of them, evidently not a native speaker of English, had sent a page of well-meaning advice, though K was unsure whether he understood his recommendations. The second referee had only written three lines, in a dismissive tone that hurt K's feelings. K had an appointment with his thesis advisor later that day, and wondered whether it would appear more constructive to rewrite the paper for submission to another conference, or to say that he was drawing a line so that he could concentrate on his dissertation. He was trying to decide between these two courses of action, neither of which greatly appealed to him, when his officemate arrived. Fräulein Müller, a pale, slightly-built, earnest girl with wispy brown hair, was writing an extremely dull dissertation on the discourse semantics of phone sex; K had never dared ask her why she had chosen this topic, which seemed singularly ill-adapted to her general demeanour. Today, she was also in a bad mood. She sat down and opened her own laptop without saying a word, and typed industriously. After about twenty minutes, she looked up and sighed. ""Problems?"" asked K.Fräulein Müller sighed again. Then, in an uninflected monotone, she read a crude and unimaginatively pornographic passage, to which K listened attentively. He was, as usual, embarrassed to discover that he had become sexually aroused; but Fräulein Müller never once allowed her eyes to stray from her screen, and K was fairly sure that his momentary excitement had passed unnoticed. She concluded, and opened a spreadsheet.""Do you believe that she is actually touching herself here, or that she is merely saying that she would do so in her fantasy?"" she asked tiredly.K considered the matter. ""I think it's only in the fantasy,"" he said after a while. ""But I'm not sure. Maybe 60%.""Fräulein Müller filled in two boxes in her spreadsheet.""Now, suppose that she had said `will' instead of `must' in the last sentence. Would your judgement still be the same?""K asked her to read the sentence again. ""I would say that made it more likely,"" he said, after further careful thought. ""80%. I'm definitely not certain.""Fräulein Müller filled in two more boxes, and examined the new figures that appeared at the bottom of the sheet. ""Not statistically significant,"" she said in a dejected tone. ""I know I shouldn't keep checking all the time, but I can't help it. I need more data.""K had several times been on the point of asking Fräulein Müller where her examples came from, but was afraid that this might appear intrusive; he knew almost nothing about her private life. He suddenly realised that he was meant to be seeing his advisor in a quarter of an hour. Apologising awkwardly, he put on his coat and left. The walk across the campus was, however, shorter than he had remembered, and he arrived in good time. Professor Holz appeared surprised to see him, and K reminded him that they had agreed to meet.K's advisor was thickset and completely bald, despite only being in his mid-forties. He had a second position at another university, and was rarely to be found in his office; normally K would have been glad to have cornered him and be able to ask for advice, but today he could not think of anything to say. He waited for Professor Holz to take the initiative. K's advisor seemed equally at a loss. He took off his rimless glasses, and polished them carefully before speaking.""So, K,"" he began, typing as he did so. ""I understand your paper was rejected.""K confirmed that this was indeed true.""Well,"" continued Professor Holz, ""I think we both agree about the nature of the problem.""K was in fact unsure what the professor was referring to; he knew though that he had reservations about the research direction K had chosen, and assumed that this was a veiled allusion to the objections he had raised at their last meeting. He cleared his throat in a way that could be interpreted as assent.""I understand, however,"" said Holz, ""that your collaboration with Fräulein Müller has been more successful.""K looked at his advisor carefully, trying to guess whether he was being ironic, but was unable to tell. He agreed hesitantly, trying to sound as noncommital as he could in case it was a trap. But the professor suddenly looked at his watch and rose, exclaiming that he had forgotten another meeting. He smiled apologetically to K as he escorted him from the room, and locked the door.""I would appreciate a progress report before the end of the week,"" he said, as they stood in front of the elevator. ""You have heard, of course, that the new funding cuts oblige us to reexamine our priorities.""This sounded vaguely familiar to K, who had however assumed that he was not one of the people affected.""It's mainly a formality,"" said the professor. ""None the less, I would like you to take it seriously and do a thorough job. It is particularly important that you describe your short-term objectives.""There were several questions that K urgently wished to ask, but at that moment the elevator arrived. The professor disappeared into it, saying something that K was unable to catch. He took the stairs down to street level, and walked slowly back to his office. Fräulein Müller now seemed much more animated, and suggested to K that they eat lunch together at the Italian restaurant they both liked.""I'm sorry I was like that earlier,"" she said as they finished their spaghetti. ""It's this horrible report. I'm so glad I've finally turned it in. I suppose you did yours days ago.""K waved his hand in a gesture of vague assent, though he was now starting to feel rather concerned.""Oh good!"" said Fräulein Müller, and smiled at him in a way that, for a moment, almost made her look attractive. ""Then maybe I can ask you to give me some more linguistic judgements? I think the new batch of stories is better than usual.""K could think of no way to decline this offer; so, for the rest of the afternoon, he listened to Fräulein Müller and patiently answered her questions. Around 4 pm, he received an email reminding him that the progress report was due by the end of the following day. He attempted to think about it while simultaneously listening to Fräulein Müller, but this proved to be impossible. Twice, she interrupted him with a puzzled air, and pointed out inconsistencies in his answers. K was forced to give her his full attention. When it was time to leave, he had still not begun the report. He tried to muster his ideas as he walked home, and had almost reached his apartment when he realised that he had forgotten his laptop at the office."
28,Ian Vinogradus,"Who Dared Seize Him?Ever since first reading this novel in school, I've assumed the word ""Kafkaesque"" described an aspect of society analogous to living under a totalitarian state.For much of this thoroughly enjoyable re-read, I persisted with this view.However, when Joseph K. is arrested with no apparent justification, he is more surprised than an inhabitant of a fascist state. He asks:""Who could these men be? What were they talking about? What authority could they represent? K. lived in a country with a legal constitution, there was universal peace, all the laws were in force; who dared seize him in his own dwelling?""You'd think that, with all the hallmarks of a modern civilisation in place, you'd be free from the risk of arbitrary arrest.A natural reaction is that it might be a joke. However, it's not funny for very long, certainly not for the twelve month process K. must endure.Officials on HighApart from the apparent absence of a reason for K.'s arrest, the atmosphere isn't as oppressive as I recalled. It's inexplicable for K., yet somehow routine and unremarkable for everybody else. It doesn't evoke an outcry (except, understandably, from K.). It's as if this turn of events is uncommon, but it could still happen to any of us at any time. Not because we live in a totalitarian state, but because we might have committed a crime. But what if K. doesn't believe he has actually done anything wrong?K. isn't incarcerated pending trial. For all the empty formality of the Law, everybody he deals with is meticulous in their observance of etiquette. They're amiable, courteous, helpful and apologetic, not to mention sometimes obsequious and solicitous. Whoever is wielding this power, exercising this authority, is wearing velvet gloves:""I don't in the least blame them, it is the organisation that is to blame, the high officials who are to blame.""Only he can't find any trace of these high officials. He only ever seems to encounter lowly officials. Still, power is exercised and punishment occurs at this level. One official says, with a hint of the banal:""I am here to whip people, and whip them I shall.""The Danger of IndifferenceAll the power that is exercised against K. makes him wonder whether (like Mersault would later do in Albert Camus' ""The Stranger"") he should remain indifferent to his plight. However, here, K.'s uncle warns him that he will have no chance of proving his innocence if he is submissive. He suggests that he flee the city and come to the country:""I only made the suggestion because I thought your indifference would endanger the case...""A Free Man in ChainsJoseph K.'s only crime seems to be that he is a free man, going about his own business. He is a risk assessor in a bank, presumably someone educated, an intellectual of sorts, a free thinker.Early on, he says, ""A man can't help being rebellious."" Eventually, he reflects that ""it's often safer to be in chains than to be free.""My ConfessionAfter a while, I started to deliberate whether the novel was about authority and authoritarianism at a more generic level than the State.So, what is it that places chains on mankind? The Courts just serve the Law. Is the Law wholly rational, or does it serve some other authority? Whose justice does it dispense?""The Court is quite impervious to proof...You must remember that in these Courts things are always coming up for discussion that are simply beyond reason, people are too tired and distracted to think, and so they take refuge in superstition.""In the CathedralBit by bit, as the novel progressed, I questioned whether Kafka's real target was the authority that religion has over our lives.The penultimate chapter occurs in the Cathedral. Some of Kafka's language sounds almost biblical:""The Court makes no claims upon you. It receives you when you come and it relinquishes you when you go...You see, everything belongs to the Court.""Yet what got me speculating most was sentences like this:""Whatever he may seem to us, he is yet a servant of the Law; that is, he belongs to the Law and as such is set beyond human judgement.""It mightn't have been possible in the original German, but if you substitute ""the Lord"" for ""the Law"" (or ""the Court"") in these sentences, the result suggests that the greatest claim to authority is that of religion (even when it often claims to be above the Law).Is God the unseen higher source of authority and the Church the organisation behind K.'s arrest? Was it God's churchwardens who dared to seize him?Is life an ongoing trial under God's Law?Original SinIf this speculation has any legs, then ""The Trial"" might be concerned with the concept of original sin. Is original sin a crime with which each of us has been charged without our knowledge, without any proof and without any guilt? ""In the end, out of nothing at all, an enormous fabric of guilt will be conjured up.""Free WillBy extension, if the idea of original sin derives from God, are we deluded in clinging to the concept of free will, when God sits above us all, exercising ultimate control, pre-disposing us to sin?If so, the Trial might be a metaphor for the supernatural process of God looking over and judging us every moment of our lives, until we are granted permission to enter Heaven.Ultimately, K.'s only crime seems to be the individualistic pride that makes him cling to free will and prevents him submitting to God's will and law. But in the eyes of the Lord/the Law, it is the greatest crime there is.(view spoiler)[God Works Through Trials""2 My brethren, count it all joy when you fall into various trials,3 Knowing that the testing of your faith produces patience.""James 1:2-3""Thank You Lord (For the Trials That Come My Way)""https://www.youtube.com/watch?v=pQztF...A.K.A. The Barrister's Song (hide spoiler)]The Throng of GossipI've always thought of this novel as a five star achievement. Re-reading it, I've realised that what convinced me of its status was probably the power of Kafka's vision and ideas. What struck me this time was the quality of the writing. For all the claustrophobic abstraction, Kafka grounds the novel in evocative and descriptive prose. There's even a bit of humour:""Down the whole length of the street at regular intervals, below the level of the pavement, were planted little general grocery shops, to which short flights of steps led down. Women were thronging into and out of these shops or gossiping on the steps outside. A fruit hawker who was crying his wares to the people in the windows above, progressing almost as inattentively as K. himself, almost knocked K. down with his push-cart. A phonograph which had seen long service in a better quarter of the town began stridently to murder a tune."""
29,Kaph,"Verdict: A tome of existentialist tripe so bleak and pointless there isn’t even a trial.There comes a point in the evolution all art; visual, literary, musical, wherein those who create it eat from the tree of knowledge of good and evil and become too self aware. ‘Look at this medium,’ they proclaim. ‘We have been following rules, society imposed rules limiting what our work can be, limiting what *we* can be!’ It shines suddenly and clearly before them, conventions that were never questioned are suddenly dissolved, exploded. The artist is then free to write, to draw, to compose with a clear head and a fresh soul. It is this Übermensch moment that led Duchamp to graffiti an upturned urinal and display it in the Academy. It is what led to the design of the Barbican. It is what led Kafka to write The Trial. It is a horrible, horrible moment.I won’t mince words; I loathe this book. It manages to be all the worst parts of self-indulgent, self-effacing, ponderous and pointless. It is a hateful book. This too was forced upon by the Texas Independent School District as part of their on-going campaign to Stop Kids Reading. Up until then I had read only decent books and it was a shock to realize any crap could be a classic as long the author was foreign and the subject was avant garde. The Trial isn’t so much a story as a needlessly complicated suicide note.A man is informed he is on trial, but not for what. Throughout the chapters he is gradually (and by his own stupid volition) separated from his friends and family. Each chapter he meets a set of unsettling people and they talk mildly depressing gibberish before disappearing from the story forever. At the end, the main character ends up in some sort of newly surreal, inexplicable and unexplained hall of light where he dies in a similar fashion. I’d call that a spoiler but there was never really another way for this book to go. There is no trial. That, more than anything really pissed me off.Nothing occurs in this book. It’s just a collage of conversations Franz has had with the nihilistic voices in his head. They should have been put down in a diary and read by a reputable psychoanalyst, not published in 37 languages and crammed down the maw of 16 year olds. God is dead. Choice is an illusion. Reason and logic are comforting lies we tell ourselves and death is the only certainty. This is nothing we hadn’t heard before from My Chemical Romance so why our teachers thought we needed additional reasons to cut ourselves and go overboard on eye-makeup I’ll never know. Existentialism is and forever will be a dirty word to me and The Trial gets a 1.#26Title	The Trial by Franz KafkaWhen	Autumn 2002Why	Read for sophomore EnglishRating	1"
