,user,review
0,Astridlou,
1,Bitterstranger,
2,Holly,
3,Gattomaoz,
4,Lark,
5,Rukmini Diane,
6,Dorian Neerdael,
7,Monica Serra,
8,0,"Wild BroomFragrant broom,content with deserts:here on the arid slope of Vesuvius,that formidable mountain, the destroyer,that no other tree or flower adorns,you scatter your lonelybushes all around. I’ve seen beforehow you beautify empty placeswith your stems, circling the Cityonce the mistress of the world,and it seems that with their grave,silent, aspect they bear witness,reminding the passer-byof that lost empire.Now I see you again on this soil,a lover of sad places abandoned by the world,a faithful friend of hostile fortune.These fields scatteredwith barren ash, coveredwith solid lava,that resounds under the traveller’s feet:where snakes twist, and couplein the sun, and the rabbits returnto their familiar cavernous burrows:were once happy, prosperous farms.They were golden with corn, echoedto lowing cattle:there were gardens and palaces,the welcome leisure retreatsfor powerful, famous cities,which the proud mountain crushedwith all their people, beneath the torrentsfrom its fiery mouth. Now all aroundis one ruin,where you root, gentle flower, and as thoughcommiserating with others’ loss, senda perfume of sweetest fragrance to heaven,that consoles the desert. Let thosewho praise our existence visitthese slopes, to see how carefullyour race is nurturedby loving Nature. And herethey can justly estimateand measure the power of humankind,that the harsh nurse, can with a slight movement,obliterate one part of, in a moment, when weleast fear it, and with a little less gentlea motion, suddenly,annihilate altogether.The ‘magnificent and progressive fate’of the human raceis depicted in this place.Proud, foolish century, look,and see yourself reflected,you who’ve abandonedthe path, marked by advancing thoughttill now, and reversed your steps,boasting of this regressionyou call progress.All the intellectuals, whose evil fategave them you for a father,praise your babbling, thoughthey often make a mockeryof you, among themselves. But I’llnot vanish into the grave in shame:As far as I can, I’ll demonstrate,the scorn for you, openly,that’s in my heart,though I know oblivion crushesthose hated by their own time.I’ve already mocked enoughat that fate I’ll share with you.You pursue Freedom, yet want thoughtto be slave of a single age again:by thought we’ve risen a little higherthan barbarism, by thought alone civilisationgrows, only thought guides public affairstowards the good.The truth of your harsh fateand the lowly place Nature gave youdisplease you so. Because of ityou turn your backs on the lightthat illuminated you: and in flight,you call him who pursues it vile,and only him great of heartwho foolishly or cunningly mocks himselfor others, praising our human state above the stars.A man generous and noble of soul,of meagre powers and weak limbs,doesn’t boast and call himselfstrong and rich in possessions,doesn’t make a foolish pretenceof splendid living or cutting a finefigure among the crowd:but allows himself to appearas lacking wealth and power,and says so, openly, and givesa true value to his worth.I don’t consider a mana great-hearted creature, but stupid,who, born to die, nurtured in pain,says he is made for joy,and fills pages with the stenchof pride, promisingan exalted destiny on earth,and a new happiness, unknown to heavenmuch less this world, to peoplewhom a surging wave, a breathof malignant air, a subterranean tremor,destroys so utterly that theyscarcely leave a memory behind.He has a noble naturewho dares to raise his voiceagainst our common fate,and with an honest tongue,not compromising truth,admits the evil fate allotted us,our low and feeble state:a nature that shows itselfstrong and great in suffering,that does not add to its miseries with fraternalhatred and anger, things worsethan other evils, blaming mankindfor its sorrows, but places blameon Her who is truly guilty, who is the motherof men in bearing them, their stepmother in malice.They call her enemy:and considerthe human raceto be united, and ranked against her,from of old, as is true,judge all men allies, embraceall with true love, offering sincereprompt support, and expecting itin the various dangers and anguishof the mutual war on her. And thinkit as foolish to take up arms against menand set up nets and obstaclesagainst their neighbours as it would be in war,surrounded by the opposing army, in the mostintense heat of battle,to start fierce struggles with friends,forgetting the enemy,to incite desertion, and wave their swordsamong their own forces.If such thoughts were revealedto the crowd, as they used to be,along with the horror that firstbrought men together in social contractagainst impious Nature,then by true wisdomthe honest, lawful intercourseof citizens would be partly renewed,and justice and piety, would ownto another root than foolish pride,on which the morals of the crowdare as well foundedas anything else that’s based on error.Often I sit here, at night,on these desolate slopes,that a hardened lava-flow has clothedwith brown, and which seem to undulate still,and over the gloomy waste,I see the stars flame, highin the purest blue,mirrored far off by the sea:the universe glittering with sparksthat wheel through the tranquil void.And then I fix my eyes on those lightsthat seem pin-pricks,yet are so vast in formthat earth and sea are really a pin-prickto them: to whom man,and this globe where man is nothing,are completely unknown: and gazingat those still more infinitely remote,knots, almost, of stars,that seem like mist to us, to whichnot only man and earth but allour stars, infinite in number and mass,with the golden sun,are unknown, or seem like pointsof misted light, as they appearfrom earth: what do you seem like,then, in my thoughts, O childrenof mankind? And mindful ofyour state here below, of whichthe ground I stand on bears witness,and that, on the other hand, you believethat you’ve been appointed the masterand end of all things: and how oftenyou like to talk about the creatorsof all things universal, who descendedto this obscure grain of sand called earth,for you, and happily spoke to you, often:and that, renewing these ridiculous dreams,you still insult the wise, in an agethat appears to surpass the restin knowledge and social customs: what feeling is it,then, wretched human race, what thoughtof you finally pierces my heart?I don’t know if laughter or pity prevails.As a little apple that falls from a tree:late autumn ripeness,and nothing else, bringing it to earth:crushes, wastes, and coversin a moment, the sweet nestsof a tribe of ants, carved outof soft soil, with vast labour,and the works, the wealth,that industrious race had viedto achieve, with such effort,and created in the summer: so the citiesof the farthest shoresthat the sea bathed,were shattered, confounded, coveredin a few moments, by a night of ruin,by ashes, lava and stones,hurled to the heights of heavenfrom the womb of thunder,falling again from above,mingled in molten streams,or by the vast overflowof liquefied masses,metals and burning sand,descending the mountainsideracing over the grass: so that nowthe goats graze above them,and new cities rise beside them, whose baseis their buried, demolished wallsthat the cruel mountain seems to crush underfoot.Nature has no more love or carefor the seed of manthan for the ants: and if the destructionof one is rarer than that of the other,it’s for no other reasonthan that mankind is less rich in offspring.Fully eighteen hundred yearshave passed, since those once-populated citiesvanished, crushed by fiery force,yet the farmer intenton his vines, this deadand ashen soil barely nourishes,still lifts his gazewith suspicion,to the fatal peakthat sits there brooding,no gentler than ever, still threateningto destroy him, his children, and hismeagre possessions. And oftenthe wretch, lying awakeon the roof of his house, wherethe wandering breezes blow at night,jumps up now and again, and checksthe course of the dreadful boiling,that pours from that inexhaustible laponto its sandy slopes, and illuminatesthe bay of Capri, the portsof Naples and Mergellina.And if he sees it nearing, or hearsthe water bubbling, feverishly, deepin the well, he wakes his children, quicklywakes his wife, and fleeing, with whateverof their possessions they can grasp,watches from the distance, as his familiarhome, and the little fieldhis only defence against hunger,fall prey to the burning tide,crackling as it arrives, inexorablyspreading over all this, and hardening.Lifeless Pompeii returns to the light of heavenafter ancient oblivion, like a buriedskeleton, that piety or the greedfor land gives back to the open air:and, from its empty forum,through the ranks of brokencolumns, the traveller contemplatesthe forked peak and the smoking summit,that still threatens the scattered ruins.And, like night’s secret horror,through the empty theatres,the twisted temples, the shatteredhouses, where the bat hides its brood,like a sinister brandthat circles darkly through silent palaces,the glow of the deathly lava runs,reddening the shadowsfrom far away, staining the region round.So, indifferent to man, and the ageshe calls ancient, and the way descendantsfollow on from their ancestors,Nature, always green, proceeds insteadby so long a routeshe seems to remain at rest. Meanwhile empires fall,peoples and tongues pass: She does not see:and man lays claim to eternity’s merit.And you, slow-growing broom,who adorn this bare landscapewith fragrant thickets,you too will soon succumbto the cruel power of subterranean fire,that, revisiting placesit knows, will stretch its greedy marginover your soft forest. And you’ll bendyour innocent head, without a struggle,beneath that mortal burden:yet a head that’s not been bent in vainin cowardly supplicationbefore a future oppressor: nor liftedin insane pride towards the stars,or beyond the desert, whereyour were born and lived,not through intent, but chance:and you’ll have been so much wiserso much less unsound than man, since youhave never believed your frail species,can be made immortal by yourself, or fate."
9,Ammu White,
10,Miss Havisham,
11,Adamo Lanna,
12,Salomé,
13,Alberto Facchini,
14,Bethany Lang,
15,Chiara,
16,Eleanor,
17,Elaine,
18,Antonia Baxter,
19,S.mira,
20,Chicken Little,
21,Kathryn,
22,Iole,
23,Carlo,"Si impara sui libri di scuola che la vita di Leopardi fu infelice. Ma gli studi adolescenziali non sempre riescono a colpire nel profondo e poi, come sempre, è confrontandosi con l’opera di un autore che si riesce a entrare davvero nel suo mondo. Leggendo la produzione poetica dell’uomo di Recanati, racchiusa quasi in toto in questi poco più di trenta canti, si capisce davvero che la vita del conte Giacomo fu difficile, prima confinata nel ‘natio borgo selvaggio’ in cui la sensibilità del poeta non poteva trovare risposte e poi dispersa in un continuo girovagare da un posto all’altro (Pisa, Firenze e, infine, l’odiata Napoli) con pochi momenti di requie a inframmezzare un cosciente avvicinamento a una morte sempre più anelata. Se negli anni giovanili le tensioni interne del suo animo sono incanalate nella passione politica – il richiamo rivolto alla ‘serva Italia di dolore ostello’ (ah no, questo è un altro) e agli Italiani perché prendano esempio dal glorioso passato per una rinascita morale e civile – col passare del tempo c’è spazio sempre più per un pessimismo cosmico e spietato che vede la vita come un inutile susseguirsi di sofferenze somministrate all’essere umano (e anche agli altri viventi) da una natura ferocemente matrigna. Poco durarono anche il nuovo impeto creativo nato con ‘Il risorgimento’ (venuto dopo alcuni anni di silenzio poetico) e l’innamoramento – ovviamente non corrisposto – del periodo de ‘Il pensiero dominante’, che poterono solo parzialmente aprire uno spiraglio fra le nubi: la disillusione che ne seguì fu il colpo definitivo e condusse a quell’ultima fase in cui solo un acre sarcasmo si alterna alle più nere considerazioni in un’idea del mondo che ben si riassume negli oltre trecento versi della conclusiva ‘La ginestra’. Eppure quest’uomo non solo fu capace di mettere in squisita poesia le sue angosce più profonde, ma seppe anche creare momenti di abbandono in cui la tensione emotiva e, diciamo così, ‘ideologica’ lascia spazio alle sensazioni: è inutile stare qui a ricordare le meraviglie di, ad esempio, ‘A Silvia’, ‘Il sabato del villaggio’ o – dalla cintola in su – ‘L’infinito’, ma va sottolineata almeno l’impagabile bellezza dei notturni, specie se illuminati da un’argentea luce lunare. Va anche detto che non tutto è dello stesso livello e, se si possono facilmente perdonare gli eccessi di stilemi classici e petrarcheschi delle canzoni giovanili (le eco del poeta di Arezzo sono comunque presenti in tutta l’opera leopardiana), più fatica si fa ad appassionarsi per lavori minori come ‘Consalvo’ o alle lungaggini degli endecasillabi ‘Al conte Carlo Piepoli’., ma i momenti luminosi (sovente abbaglianti) sono talmente numerosi da compensare anche i piccoli passi falsi. Il numero di trentasei canti e quattro frammenti potrebbe sembrare esiguo, ma a parte la breve vita – tra il primo e l’ultimo componimento passano meno di vent’anni – e le pause di silenzio, va ricordato che Leopardi fu anche un logorroico scrittore in prosa, come ben testimoniano le migliaia di pagine dello ‘Zibaldone’: in poesia, invece, dopo gli inizi in cui utilizza canzoni strutturate in strofe (che sovente hanno bisogno delle note per essere comprese) egli passa essenzialmente al verso libero e all’endecasillabo sciolto che meglio si confanno ad esprimere i sentimenti del suo animo tormentato."
24,Silvia,
25,Vanesa,
26,Myndi,
27,Tricia,
28,Jessica,
29,Mauberley,"If you love poetry, why haven't your read this book? If you answer that you have never heard of its author (Giacomo Leopardi), after visiting this page, you no longer have that excuse. Once in a very great while we read something that changes our life and this, dear friend, is one of those books. Sincerest congratulations to John Galassi for his wonderful translations and very helpful notes. His suggestion that a newcomer should begin with the idylls is well heeded. However, the bays and laurels are Leopardi's alone. Prepare to stand in the presence of greatness."
30,Alessandra Gallo,
31,Ors,"Leggere Leopardi può essere un'esperienza assai sofferente, ma se riesci a vedere la bellezza nel dolore espresso, la luce della Luna sarà sempre a guidare, a nascondere ed a spingere i tuoi desideri e le proprie idee di superazione... anche se tutti moriamo un giorno, ne vale la pena."
32,Carla  Casazza ,
33,Olivia,
34,Lois Manoel,
35,Timur Golmezanov,
36,Chute,
37,Emma,
38,Susan,
39,Marco Enrico Giacomelli,
40,Carol Costley,
41,Rita Mescalina,
42,Daniel Atzori,
43,Amanda,
44,Rosenkavalier,
45,Lauren,
46,Jennifer,
47,Phaedra,Too melancholy for me... Some good turns of phrase but everything was so depressing. :(
48,Francesco,
49,Leggere A Colori,Leggi su...http://www.leggereacolori.com/letti-e...
50,Tiniqua Frizzell,
51,Sharon,
52,Giulia,
53,julia,
54,Nick,
55,Book,
56,Daniela,
57,Breanna,
58,Daniele,"These compositions are so beautiful,so deep,so sad and true and musical and theatral..."
59,mauroo,
60,TalGarik,
61,Massimo,
62,Katherine,
63,Io?,
64,Angigames,"Da ragazzina Leopardi è stata una vera e preziosa scoperta. Mentre i compagni di classe si annoiavano, lo sbeffeggiavano, ridevano della sua vita, io dalla prima lettura della prima poesia, l’ho subito sentito dentro, mi ha smosso qualcosa di profondo proprio nel cuore. Ancora adesso le sue poesie mi affascinano, mi commuovono, le sento risuonare nell’anima. Versi eccelsi, musicali, capaci di evocare immagini di una potenza straordinaria, presi però da una vita quotidiana semplice e dura allo stesso tempo. Per me Leopardi è un bellissimo tuffo nel passato.Stupendo! "
65,Ben,
66,Matteo Galluzzo,
67,Jadie,
68,Olga,
69,Erica,
70,Sonia Argiolas,Eccelso
71,Methaphysicus,
72,Sexybility,
73,Joshlynn,
74,Francesco Ursini,
75,Tanya,
76,Luca Sarcinelli,
77,Psychopu,
78,Ginny_1807,"A se stesso Or poserai per sempre, stanco mio cor. Perì l'inganno estremo, ch'eterno io mi credei. Perì. Ben sento, in noi di cari inganni, non che la speme, il desiderio è spento. Posa per sempre. Assai palpitasti. Non val cosa nessuna i moti tuoi, né di sospiri è degna la terra. Amaro e noia la vita, altro mai nulla; e fango è il mondo. T'acqueta omai. Dispera l'ultima volta. Al gener nostro il fato non donò che il morire. Omai disprezza te, la natura, il brutto poter che, ascoso, a comun danno impera, e l'infinita vanità del tutto. Leopardi è stato il mio grande amore al liceo...e anche adesso. "
79,Alessia,
80,Tiffony,
81,Nicole,
82,Enrico Stanic,
83,Scott Miles,
84,Gregorio Racadio,
85,Nora,
86,Xoe,
87,Vivian Dang,
88,Martina,
89,Rosie,
90,Molly,
91,Steinar,
92,Yy,
93,Flupof,
94,gilbo,
95,Gretchen,
96,Mariavitorino,
97,Darla,"Beautiful book! Passed this one onto my daughter, who is at university with Italian as one of her studies. "
98,Renee,
99,Natalie,
100,Don,
101,Mirella,
102,Ryan,
103,Jared ,
104,Fergie,
105,Lisa,
106,Sophie,
107,Derrik,
108,Ferci,
109,Flying Pig,
110,Antonio Pagliaro,
111,Frostburg,
112,read,
113,Geordie,
114,Enrico Donzelli,
115,Irene,
116,Valisa Iskandar,
117,Jay,
118,Andrew Villwock,
119,Laurence,
120,Valeria M,
121,Suzan,
122,Darren Hayes,
123,Marco,
124,Giovolo,
125,sheilabeta,
126,Kelsey,"So far, I like this book. I'm taking my time with the poems; I like reading one or two and giving myself time to think it over. I'm not fluent in Italian, so I can't say much about the translation or the Italian text. "
127,Regis,
128,Dora,
129,Helen,
130,les zephyrman,
131,Grace,
132,Marie-aimée,"Un magnifique recueil de poésies que j'ai découvert bien trop tard! Leopardi donne une toute autre dimension au ""moi"" romantique. Les premiers chants sont des odes à l'Italie, où les références à l'histoire antique sont nombreuse (on reconnaît là les passions et études de Leopardi). Ce que j'ai aimé de ce recueil, en plus du de l'évolution, de la véhémence patriotique aux idylles amoureuses, c'est la capacité, ou plutôt le génie de l'auteur a avoir su rendre universel les sentiments de l'amour, de la solitude et du malheur, sans faire du ""moi"" un niais ou un égoïste. Voyez dans ""l'Infini"" : ""Je les compare : et l'éternel, il me souvient,Et les mortes saisons, et la présenteEt vive, et son chant. Ainsi par cetteImmensité ma pensée s'engloutit:Et dans cette eau il m'est doux de sombrer.""Ou dans ""le Renouveau"" :""Pourtant l'ancien amourDe ces pleurs était la cause :Au fin fond de mon seinMon cœur vivait toujours""Même si mon italien est déplorable, j'ai apprécié pouvoir lire le texte original pour entendre sa sonorité. Amateur de poésie romantique n'oubliez pas de lire Leopardi aux côtés de Wordsworth!"
133,Rayna  (Poindextrix),
134,Roxanna Banana,
135,Michael,
136,Kyle,
137,Newwhitebear,
138,Walter LaMendola,
139,Addison Hart,
140,Pasquale,"Pesante e a tratti molto negativo, ma alcuni versi fanno venire la pelle d'oca toccando accuratamente il punto emozionante di cio' che descrivono. Un pezzetto di storia della letteratura italiana."
141,Robin,
142,Marlene,
143,Sam,
144,Laura Ann,
145,Lucy Chau,
146,RRoncato,
147,Mysterium,
148,abcdefg,
149,Robert Covelli,
150,Stefano Bussolon,
151,Saretta,
152,Rose,
153,Maateo,
154,Caroline,
155,Fanny,
156,capobanda,
157,Shawna,
158,John Alba,
159,Armando,
160,Elizabeth,
161,Layne,
162,Nur,
163,Gina,
164,Desiree,
165,Bassaimer,
166,Josiah,
167,Valeria,
168,Cynthia Vander Woude,
169,Valerio,
170,Noreen,"Making my way through slowly, savoring each canto in this stellar translation."
171,Judy,
172,Luigi,
173,Stefania,
174,Ed,
175,Masa Baggio,
176,Greg,
177,Inna Shpitzberg,
178,Dwan Tape,
179,Ayan Scratuglia,"""These solitary hills have always been dear to me.Seated here, this sweet hedge, which blocks the distant horizon opening inner silences and interminable distances. I plunge in thought to where my heart, frightened, pulls back.Like the wind which I hear tossing the trembling plants which surround me, a voice from the inner depths of spirit shakes the certitudes of thought.Eternity breaks through time, past and present intermingle in her image. In the inner shadows I lose myself, drowning in the sea-depths of timeless love."" Infinite"
180,Wanderer,
181,Gilly,
182,Aziz Krich,
183,Cliffton Clyde,
184,Franco,
185,Matthew Martens,
186,Debbie Zapata,"This poetry collection was a little bit out of the ordinary for me. I usually read poems in fits and starts, savoring them as I go along with other things, and sometimes a collection can take much longer to work through than you would think. And I don't always read about the poet while I am reading the poems, unless I am stumped for any idea of what they are trying to say. When I was setting this title up on my currently reading shelf I noticed a review which said the poems were very depressing. I thought oh, great. Well, I'll give it a go anyway. Along came the preface, with this bit of insight for me: Leopardi was substantially a poet,—that is to say, he had imagination, sentiment, passion, an intense love of beauty, a powerful impulse towards things ideal. The sad tone of his speculations about the universe and human destiny gave an impression of mournfulness to his lines, but this rather deepened the pathos of his work.Okay, I was really ready for sad poems after that. And they were sad. And angry. And sometimes whining. In the first poem To Italy (1818), he wonders what happened to the ancient splendor of the country, and what would the heroes of past times think of the current country, whereThe youth of ItalyTheir hireling swords for other lands have bared!Oh, wretched he in war who falls,Not for his native shores,His loving wife and children dear,But, fighting for another's gain,And by another's foe is slain!I did not know enough about Italian history to know what was happening at that time, so I did a little exploring and it seems this was the time of the Napoleonic Wars and their aftermath. Italy was not even a truly unified country at that time. So there was even more of an explanation for the sadness. A patriotic poet, trying to shame his countrymen into becoming great again. The first few poems are repeats of this same theme: long verses that ask what would Dante and Cicero think about the Italy of 1818?I thought there might be a change in the poem To His Sister Paolina On Her Approaching Marriage but Leopardi earned his first virtual smack upside the head from me here. Imagine writing to your sister on such a supposedly joyous event as her wedding and instead of wishing her happiness etc etc you tell her this in the very first lines of a long ranting poem: Since now thou art about to leaveThy father's quiet house,And all the phantoms and illusions dear,That heaven-born fancies round it weave,And to this lonely region lend their charm,Unto the dust and noise of life condemned,By destiny, soon wilt thou learn to seeOur wretchedness and infamy,My sister dear, who, in these mournful times,Alas, wilt more unhappy souls bestowOn our unhappy Italy!Oh, brother. (And then the sister didn't get married at that time after all, go figure.) But this made me curious: what was this guy's problem? Off to wiki I went and found that he had huge health issues (probably tuberculosis of the bone) and very strained relationships with his parents, and had fallen in love when he was eighteen but was rejected and never got over it, and wrecked his already fragile health by too much study as a young man and on and on. In other words, he was a mess and as I read along in the collection, I began to wonder how he ever managed to keep from killing himself. But I also became very annoyed with the man. Many people have serious issues in life and still manage to find and focus on Joy, even if it is just one moment of it a day. They find it and they don't constantly complain about their past or their present. It is called acceptance, and is a mature thing to be able to do. Leopardi was a deep thinker, very true, and a talented poet, also true. But he was a very unhappy, miserable person who never seemed to grow up, and to me most of his poems were merely fancy versions of high school angst. "
187,Vale,
188,Michelle Allgood,
189,Rosalba,
190,Paolo,
191,Javier,
192,Justin,
193,Michael C. Rush,
194,COM Library  Rarian,
195,Andrea Brown,
196,Francesca Giulia,
197,Dan Varrette,
198,Andrew Schirmer,
199,Beverly,
200,Rob Tebeau,
201,Teresa,
202,Arrabbiata von Pasta,
203,kaelan,
204,F Cats,
205,Angelo,
206,GONZA,
207,Angela,
208,Aissela,
209,Jody,
210,Geoff Wyss,
211,Cheryl,
212,Régis,
213,Christian,
214,Hannah,
215,Valentina Appolloni,
216,-k-,
217,Thea,
218,Stefano,
219,Brendan,
220,Guglielmo,
221,Mindy,
222,Tish,This was a wonderful book... I loved the style of poetry. I read this book in between reading another book because I wanted to take my time with the fabulous work of this translation.
223,Tran,
224,Frederick,
225,Allison,
226,Christy M,
227,Grace Caton Caton,
228,Giuseppe,
229,Lindsay,
230,Tiziana,
231,Bruno Oliveira,
232,Faeriedrama,
233,Juliana ,
234,Orsa Fra,
235,Tommaso Grandi,
236,Lauren Blair,
237,Stephen,
238,Anna,
239,Peter Kerry Powers,
240,Vanessa,
241,Raindrop,
242,Sharon Mollerus,
243,Tolga,
244,Giuliana,
245,Mordecai,
246,antoniomorales,
247,David B,
248,J M Falciani,
249,Yarb,
250,Red Jones,
251,Ahmad,
252,Linda Stuetz,
253,Stella,
254,Holly78,
255,Magdalena,
256,Andrea Tullio Canobbio,
257,emm,
258,Leslie Seaton,
259,Maurizio Vicedomini,"Voto medio e nessuna recensione. Non vogliatemene, ma non ho gli strumenti né le conoscenze per recensire un'opera di poesia. A puro titolo personale, però, ho rivalutato Leopardi. Non amo la poesia, poiché non riesce a trasmettermi nulla. Sono 4 le poesie che fanno eccezione,e una è l'Infinito i Leopardi. Nel Leggere i Canti ho trovato altri componimenti piacevoli - non belli, secondo il mio gusto - ma almeno piacevoli. Ad esempio La sera del dì di Festa, A se stesso, o l'ultima strofa de La Ginestra."
260,Geoff,
261,Anileve,
262,Valdemar Gomes,"solidão sombriacolinas e vales nebulosos na linha do horizontegritos e ecosa fertilidade do campo exterminada pelo vulcãoé uma obra sombria coberta de uma linguagem pseudo-épica com tons de nacionalismo, saudosismo (A'lla Italia) e elogio fúnebres ao costume e à tradição. Lê-se como um historiador. Analítico, não sentimental."
263,Ted,
264,Patricia,
265,Joachim,
266,zoe Ladra,
267,Cesare,
268,John,
269,Charles Seluzicki,These poems will break your heart.
270,Rodney Ulyate,
271,Griseldo Dule,
272,Kristina  UK,
273,Idramoro,
274,Betulla,
275,Rosanne,
276,Andrea Taylor,
277,Micah,
278,Samanta,
279,S,Giacomo Leopardi (Recanati 1798–1837  Naples) 
280,Dan Gregson,
281,Maggie,
282,Veronica,
283,Jason,
284,Laura,
285,Lars Bjørn-Hansen,
286,Davide N,
287,Maggie-Kate,
288,Allison Long,
289,Timothy,
290,Megan Henrich,
291,Mia -,
292,Alex Kartelias,"A friend of the German philosopher Schopenhauer and poet of the romantic period, his verses are filled with anger, distaste, sadness and mortal agony. But his voice sings beautifully- even through an English translation- and it's clear his Muse gave him his gift before he left us at such an early age. Supposedly, Leopardi is unknown to his home country but, if a man with mortal suffering could also have the gusto to show his nationalism for Italy, he deserves to be known by Italians and beyond."
293,Maiby,
294,Constantin Constantius,
295,Zagabra,
296,Zana,
297,Luca Baraldo,
298,Italo  Perazzoli,"The Last Song Of Sappho (Leopardi)Thou tranquil night, and thou, O gentle rayOf the declining moon; and thou, that o'erThe rock appearest, 'mid the silent grove,The messenger of day; how dear ye were,And how delightful to these eyes, while yetUnknown the furies, and grim Fate! But now,No gentle sight can soothe this wounded soul.Then, only, can forgotten joy revive,When through the air, and o'er the trembling fieldsThe raging south wind whirls its clouds of dust;And when the car, the pondrous car of Jove,Omnipotent, high-thundering o'er our heads,A pathway cleaves athwart the dusky sky.Then would I love with storm-charged clouds to flyAlong the cliffs, along the valleys deep,The headlong flight of frightened flocks to watch,Or hear, upon some swollen river's shoreThe angry billows' loud, triumphant roar.How beautiful thou art, O heaven divine,And thou, O dewy earth! Alas no partOf all this beauty infinite, the godsAnd cruel fate to wretched Sappho gave!To thy proud realms, O Nature, I, a poor,Unwelcome guest, rejected lover, come;To all thy varied forms of loveliness,My heart and eyes, a suppliant, lift in vain.The sun-lit shore hath smiles no more for me,Nor radiant morning light at heaven's gate;The birds no longer greet me with their songs,Nor whispering trees with gracious messages;And where, beneath the bending willows' shade,The limpid stream its bosom pure displays,As I, with trembling and uncertain foot,Oppressed with grief, upon its margin pause,The dimpled waves recoil, as in disdain,And urge their flight along the flowery plain.What fearful crime, what hideous excessHave so defiled me, e'en before my birth,That heaven and fortune frown upon me thus?Wherein have I offended, as a child,When we of evil deeds are ignorant,That thus disfigured, of the bloom of youthBereft, my little thread of life has fromThe spindle of the unrelenting FateBeen drawn? Alas, incautious are thy words!Mysterious counsels all events control,And all, except our grief, is mystery.Deserted children, we were born to weep;But why, is known to those above, alone.O vain the cares, the hopes of earlier years!To idle shows Jove gives eternal swayO'er human hearts. Unless in shining robes arrayed,All manly deeds in arms, or art, or song,Appeal in vain unto the vulgar throng.I die! This wretched veil to earth I cast,And for my naked soul a refuge seekBelow, and for the cruel faults atoneOf gods, the blind dispensers of events.And thou, to whom I have been bound so long,By hopeless love, and lasting faith, and byThe frenzy vain of unappeased desire,Live, live, and if thou canst, be happy here!My cup o'erflows with bitterness, and JoveHas from his vase no drop of sweetness shed,For all my childhood's hopes and dreams have fled.The happiest day the soonest fades away;And then succeed disease, old age, the shadeOf icy death. Behold, alas! Of allMy longed-for laurels, my illusions dear,The end,--the gulf of hell! My spirit proudMust to the realm of Proserpine descend,The Stygian shore, the night that knows no end.Comment:This poem tells the human infelicity and a protest against the nature because, Sappho is ugly.The nature is depicted cruel and even dishuman, depriving the Greek poet of the beauty, a fundamental ingredient for being accepted and loved by her loved one.The voice of Sappho is Giacomo he feels her same sensations, they have in common, the certainty of being rejected.In my opinion the first stanza is more profound it means that the man and the nature will fight for ever, because the nature is lead by physical forces and the poets are lead by sentiments, love and friendship and consciousness.In the second stanza emerges that Sappho does not understand why the nature is so beautiful and her is so ugly.This means that the humanity will suffer for ever and the love is not infinite but finite.Leopardi tells us that we must consider that the love will finish one day.This is an incentive for loving your loved one with all of our forces until the last day (not necessarily our death) but in any case, we are destined to suffer.In other words the true love does not exist in this sensible world, if we want to be happy we must avoid to translate the beauty into a poem, nor virtue, only in this case there will be an harmony between the nature and the humans."
299,Mariana,
300,Koko,
301,Caitlin,
302,Edma Rita,
303,Cari,
304,Raffaella Galluzzi,
305,David Anthony Saenz,
306,Evan,
307,charta,
308,Nick Moran,"Thank you, FSG! I won a promotional copy this morning and cannot wait to dive in.EDIT: This translation is serving as a great introduction to Leopardi. Galassi is astute to note the poet's influence on nearly every modern writer of verse, and the translation itself is readable and vivid. I will be returning to this collection periodically."
309,Brenda Knight,
310,Margaretann Rice,
311,N,
312,Gitta,
313,Rob75,
314,Donna,
315,Vincent,
316,Barbara,
317,kalishima,
318,Dina,
319,White  Oleander,
320,Nicholas During,"Didn't finish it, can't read Italian, and don't know much about classics Italian poetry. But I will say, that it worth the effort to give these poems a shot. Though I definitely won't have got the structural aspect that I'm sure are quite impressive, nor the allusions to other parts of the Italian canon, the longing for a life not possible comes through, even in translation. These are the poems of reorgimento, both in the early ones when Leopardi longs for the world of Italian glory long gone, and the a more personal desire for a love never attainable. But the best are the ones when he looks into the difference between the world of the mind and the world as it actually is. The women he longs for, he realizes, are images that his mind and imagination has made up, metaphors for love but not in themselves true objects of love. And he receives these images by perceiving all that is around him, whether they come from glimpses of a woman, or the sound of bell reaching his room. What more could one ask from poetry than moments like this. "
321,Elin,
322,Alessandro Bonino,
323,Cleofis Randolph,
324,Angie,
325,Manuela,
326,Janina,
327,Allie,
328,Nemanja,
329,Giulietta,
330,Federico Ruysch,
331,Ellie,
332,Salvatore Conte,
333,Gianluca Moreschi,
334,Filippo Sottile,
335,Federico Pucci,
336,Minttu,
337,Tatyana,
338,Carol,
339,Aragorn,
340,Jeremy Johnson,
341,Rui Miguel Mesquita,
342,Christina2010,
343,Shanwow,
344,Lorena,"Srtange how reading for pleasure changes everything. I hated Leopardi growing up, having to study him in school. I thought of him as a loner, even a looser. I was wrong- he was a smart man, way ahead of his time, who had a magic way with words. "
345,Juanlobeto,
346,Steve,
347,stacy,
348,Julie Meers,
349,Arianna,
350,Lavinia,
351,Nancy,
352,Maya,
353,Asma Fedosia,
354,Lulu,
355,Julia,
356,Alan Hardy,"I read Leopardi's poetry in my late teens/early twenties. I think its themes of alienation, loneliness, doomed love and man's insignificance within the universe (fairly traditional Romantic/Enlightenment themes) were handled and interpreted in such a personal and authentic manner that Leopardi's poetry will speak clearly and movingly to all people at all times."
357,Nic,
358,Astralata,
359,Sarah,
360,Aleksandra,
361,Kathy Conley,
362,msv56,
363,Daniel,
364,Paloma,
365,Vasco Ribeiro,"Edição bilingue, mas só li a parte portuguesa.Não achei nada de especial, mesmo que me possa referir só ao conteúdo"
366,D'artagnan,"Oh what a rollicking ride through the emotions and ideas of a very remarkable young man. These poems read more than a little overdramatic, almost Shatneresque, but it's heck of real, hecka hecka. Might never have known of dear Leopardi if it were not for Marquez quoting him in ""Memories of My Melancholy Whores"". The depth of that quote proved almost boundless as I poured through Leopardi's works, and provided intriguing dimension and context for Marquez's latest little masterpiece. Shit made me cry, yo. I might also, however, add that Leopardi is a total sexist ass. "
367,Jacopo,
368,Yumi,
369,Steve Love,
370,Michael Subrizi,
371,Victoria,
372,Vincenzo Corvello,
373,Marina,
374,Andreia,
375,Diane Vinesett,
376,Roberta,
377,F. John,
378,Jacques,
379,Piccolbo,
380,Natalija, He likes Italy and dead girls too much. 
381,James,
382,Annie Hutchins,
383,nevvero,
384,Rebecca Blackson,
385,Andrea Carolina,
386,T,
387,Zajec,
388,Emilia,
389,Silvia Fattori,
390,Claudia,
391,Marie,
392,Carrie,
393,Angie Brandt,
394,Michael Steger,
395,Bradley,
396,Kiri,
397,Fa.,
398,Dustin,
399,Samantha Allen,
400,AnnaJ,
401,uiuisa,
402,Carlos Martins,
403,Marc,"Gelezen in het Nederland. Zwargalligheid troef Enkele pareltjes: XIX aan Graaf Carlo Pepoli: het leven heeft geen zin, maar we proberen het wel te vullen; programmagedicht!XXV ’s Zaterdags in het dorp: prachtig, ingehouden beschrijving, met weemoedige ondertoon; XXVI de allesoverheersende gedachte,: perfecte ode aan de liefde, als balsem in dit tranendal, veel opgewekter dan alle overige gedichten samen"
404,MeMedesima,
405,Mark,
406,Ellen,
407,Dr.,
408,Jessica  Gwen,
409,Rabelais,
410,Echo,
411,Mary,
412,Eugene,
413,Giulia  Scacchi,
414,Mike,
415,Mariella,
416,Jen,
417,ROC,"""Odi et amo. quare id faciam, fortasse requiris?nescio, sed fieri sentio et excrucior.""- CatullusOrnate and often dreamlike, experiencing Canti is like exploring the Hellenistic ruins Leopardi was so fond of: splendorous in youth, now turned barren by time.Masterfully tuned in both style and evocation, you can see why Nietzsche called Leopardi one of the four finest prose stylists of the 19th century, and indeed one of Italy's greatest poets. Though known for his pessimism, this wasn't due to personal disgraces; Leopardi was considered deformed, rejected by all the women he loved, confined to a small town near Naples, constantly ill (from relentless study so they say), and died at the age of 39. But, most of all, he was incredibly sensitive and smart, two things combined that rarely work. Something we should keep in mind if we want to understand his reflections. There were many literates of the time who moved objections to him, repeating that he was very unlucky and hated life for that reason, that he always got mad. In all actuality, Leopardi loved life, even too much, and it was that love that made him hate it."
418,Enrico,
419,Arturo Ruiz,
420,Tom Schuetz,
421,AllyTP ♥sev♥,
422,Ml Sjoman,
423,David,
424,Puzziker,
425,Francesca Db,
426,Leonardo,
427,Eileen,
428,Jie Hao,
429,Valentina,
430,Sue Maisel,
431,Lynne,
432,Jennifer Defoy,
433,Bozz,
434,Kineczka Nowakowska,
435,Katie,
436,Fed,
437,Simon,
438,Andrea Aramu,
439,Corrado Truffi,
440,Devon Wiser,
441,Krista,
442,Aaron,
443,Ada,
444,Vilfreda,
445,Marcele,
446,Elizabeth Pyjov,
447,Fede,"Non credo esistano parole adatte ad esprimere adeguatamente la bellezza di questi componimenti.Ogni volta che leggo questa raccolta mi lascio trasportare in un universo quasi magico, onirico, da cui è difficile distaccarsi e completamente impossibile non lasciarsi coinvolgere almeno un po'. Leggere i componimenti di Giacomo Leopardi mi fa sentire viva. "
448,Megan,
449,Gwyneth,
450,Amy,
451,Lydia,
452,Stewart,
453,Danilo Bonora,
454,Edizioni Marcovalerio,
455,Laura Ardoli,
456,N.,
457,Paul Hirschi,
458,Dan Muenzer,
459,Guido,
460,jennifer,
461,Yodit,
462,Jenny,
463,Jeff,
464,Diana,
465,Diane,
466,Joel Marrs,
467,Joanne,
468,Erika,
469,Tony,
470,Sovranalettrice,
471,Nata Ruiz-Poveda,
472,Letizia,
473,Hend,
474,Giulio Carini,
475,Kristian,
476,Josh,
477,Kate ,
478,Linda,
479,Eric Zandona,
480,Monica,
481,Lina Di,
482,Ramona,
483,Yvonne,
484,Vigil,
485,Tracy,
486,Andrea,
487,Neda,
488,Maria,
489,Laginestra,
490,Alex,
491,Steve Morrison,
492,Michaela,
493,Lucy Pollard-Gott,"Leopardi's poetry is modern in its themes (""the first modern Italian poet"") and timeless in its beauty. Galassi's translation is exceedingly graceful and astute. If you know even a little Italian, you can also enjoy the sound and rhythm of Leopardi's deft verse on facing pages. Reading the translation allows one to experience the fine emotional depth he touched in his lyrics. A beautiful edition, highly recommended."
494,Per,
495,Cathy,
496,Elisabetta,
497,Karie,
498,Hanny,
499,Ottone,
500,Darlene,Yay! Another GoodReads First-Reads win! I am looking forward to this gem!
501,Scott,
502,Karenina,
503,Cherie,
504,Ragù!,
505,Kelley,
506,Emily,
