,user,review
0,Jim,"Job, chapter 42, lines 5 & 6, from the KJV:I had heard of thee by the hearing of  the ear, but now my eye sees thee;therefore I despise myself, and repent in dust and ashes.Stephen Mitchell’s translation:I had heard you with my ears;but now my eyes have seen you.Therefore I will be quiet,comforted that I am dust.I much prefer Mitchell’s interpretation. "
1,Jim Grant,
2,Lesli,"The story of Job has become such a shorthand for patience in our culture that I dismissed it. In fact, though, it is an interesting piece, from a number of points of view: the hero (and presumably the author) is a Gentile, a ""son of the East."" How did this story ever make it into the Hebrew Bible, and why? I don't know, but now I'm curious to find out.It is also the Sumerian (and later Hebrew) answer to the question of why bad things happen to good people--and its answer is more subtle than I was taught in school. The author goes to great pains to show us that Job is perfect. He is pure in thought and deed, a paragon who deserves grief less than anyone. His friends (who are also his accusers) are wrong when they imply that he must somehow deserve his fate. But they must think that way; otherwise, aren't they also in danger of sharing his suffering? Only by accusing him can they reassure themselves.And what is that answer to suffering? The first answer is that the gods can play with us as they please--God and the Accusing Angle simply have a bet, and Job is the pawn.In the final discourse between God and Job is another, more subtle answer. Here, Mitchell's interpretation (and his translation) have a Buddhist flavor: suffering is in our perception. Justice to a human is not the same as justice to the creator of the universe. Job cannot demand that a god behave like a man. Maybe the problem isn't with justice, but with our own puny perception.I've finished a first pass through the translation, but this requires a couple of readings, and some background study. It is also inspiring me to reread The Epic of Gilgamesh. Mitchell says that the Job story has been around since the second millennium B.C.E., and it does have that ""feel"" in his translation. God and ""The Accusing Angel"" (or Satan) talk together very much like the gods in Gilgamesh (compare it to the scene of the gods in the Flood Saga, for instance), and the tone of their talk is similar: humans are part of the game, the sport of being a god. The timelessness is also surprising. I've heard too many preachers talk about disasters being a punishment from God for immorality (both 9/11 and Katrina come to mind)to dismiss Job's ""friends'"" accusations as the ignorance of the ancients. Some religious do see the punishing hand of God as the explanation for suffering, even if only for extraordinary suffering. I've heard others people despair because they can't ""pray away"" their illnesses or depression. "
3,Isaac Robb,
4,Chris Sullins,
5,Biddy,
6,Lauren and Felly,
7,Tyron,
8,Ann Michael,
9,Julia Guedes,
10,Kjsbreda,
11,Kathy Rutz,
12,PlayLaughYoga,
13,Tommy Bruno,
14,Lyle,
15,jack,
16,Jannon,
17,jacob,
18,Kathy Pederzani,
19,Ana,"There is a mine for silver and a place where gold is refined.Iron is taken from the earth,and copper is smelted from ore.Mortals put an end to the darkness;they search out the farthest recessesfor ore in the blackest darkness.Far from human dwellings they cut a shaft,in places untouched by human feet;far from other people they dangle and sway.The earth, from which food comes,is transformed below as by fire;lapis lazuli comes from its rocks,and its dust contains nuggets of gold.No bird of prey knows that hidden path, no falcon’s eye has seen it.Proud beasts do not set foot on it,and no lion prowls there.People assault the flinty rock with their handsand lay bare the roots of the mountains.They tunnel through the rock;their eyes see all its treasures.They search the sources of the riversand bring hidden things to light.But where can wisdom be found?"
20,Joshua,
21,michael,
22,Sandi,
23,Mateo,
24,Kathryn,
25,Marie PIERRE,
26,Melody,
27,Cesar,
28,Kevin,
29,Jack Revell,"""What is man that You make so much of him?"""
30,Dan Varrette,
31,Kathy Milne,
32,Matthew,
33,Lark,
34,Mickslibrarian,
35,Robert Cuoco,
36,Morgen,
37,Janet,
38,Jerrica,"""Where were you when I created the Earth?""Best diss ever."
39,Bruce,"I have read Mitchell’s translation any number of times, and each reading opens new insights. The text itself is often misunderstood, and the proverbial “patience of Job” is a great distortion, Job’s attitude being anything but patient, rather ragingly impatient. The Legend, Prologue, and Epilogue are undoubtedly later additions to this ancient text whose origins are lost in antiquity.The meaning of the work has been different to different readers through the ages, but thoughtful consideration of the drama reveals a view of reality and divinity radically at odds with common interpretations by western monotheistic traditions. The ultimate nature of the Cosmos is presented as utterly unknowable by humankind, our usual categories and concepts of justice, good, and evil being seen as human projections that have no relationship or relevance to deep reality. There are no quid pro quos between the “virtue” of our lives and the suffering that we experience, and to expect or ask that everything will turn out to be “fair” in the end (or after death) is to ask the wrong question and harbor the wrong expectation. The universe is not organized around humankind and humankind’s interests and values. Our lives are brief and vanish into cosmic history quickly and completely, and if there is a divine element to the universe, it is not concerned with our constructs of “justice”, and it is “not about us.” There may be transcendent meaning to existence, but we are fated to live without knowing what it is.I don’t find this idea to be either depressing or abhorrent, although some folks might. Certainly some people will not agree with my understanding of the text. That’s OK. But the work seems to me to be an invitation for us to grow up and take responsibility for our own lives, crafting meaning for ourselves."
40,Alan,
41,Nathan C.,"This book is a proposition: That God is what He is is so great a thing that our greatest tragedies seem nothing in His presence, and to establish our own justice at the expense of God's Justice is to deny that there is any such thing as Justice. To condemn God in order to justify yourself is to eat your own tail."
42,David Meijer,
43,Bin,
44,Bobbi Lurie,
45,Kevin Kortum,
46,Chloe',
47,Charlie,
48,henry,"this is a really interesting translation. granted, i haven't read the any other, more standard translation since i was a kid in church (a very long time ago), but i really like this one. it's darker than i remember, in a lot of ways it reads like a literary treatise on skepticism, sometimes reminding me of some of hamlet's choice speeches. i guess that should be the other way around. and it's great to see how mitchell's other work influenced his translation. there's a line in here that asks who among the angels would hear if we called out (not a direct quote obviously) that immediately made me think of rilke's first dunio elegy, something else that mitchell did a great job of translating."
49,Bryant Williamson,
50,David,
51,Amanda,
52,Peejay Who Once Was Minsma,Reading Mitchell's version of Job made me feel as if I'd never heard the story before. He brought such life and feeling to the story that it became something of a revelation—a true illumination of an ancient text.
53,Cyril Wong,"""We are among the most elemental realities, at the center of which is an indestructible power, an indestructible joy"" is the conclusion that Job, as interpreted by Stephen Mitchell, learns from the whirlwind of God's response. Mitchell's translation of this Jewish text would rile up (not that it would take much) a lot of fundamentalist-loonies who insist that God is nothing but an ill-tempered, browbeating braggart and that we should always bow in submission to his supreme greatness. But God's greatness, when recognised in its extreme form, looks more like madness, because it is really a projection of fundamental human fears and desires. This is because if God is perfectly great, then we must be vermin, failing and failing to rise above an execrable immoral existence. But Mitchell reveals that the story of Job is not about delusional submission (a form of ""spiritual depression"" or self-repression of powerful desires) but is, in fact, about a Zen-like surrender, an enlightened response of near-silence from a tiny human speck in the light of an infinite life-force, one that transcends all man-made notions of good/evil, peace/catastrophe, empowerment/victimhood, right and wrong. "
54,Dean,
55,Debra Hennessey,
56,Jennifer,
57,aki,
58,Jared,
59,Jorge Pena,
60,Brian McDonald,
61,Chris Conley,
62,Robert,
63,Stéphanie,
64,Amanda Banks,
65,Tom,An amazing translation of the work.
66,Jen,another present from my husband that I didn't appreciate until some time with it by myself.
67,Velma Jean Mudge,
68,onejusthead,"3,5"
69,Clif Hostetler,"This is a very readable translation of 
The Book of Job
. However, the reader should be aware that Stephen Mitchell omits the hymn in praise of wisdom and the speech of the young man Elihu. Elihu is the fourth friend of Job's who speaks following the three cycles of speeches by the ""Three Comforters."" The author explains in a note to the reader that he's left them out because he (and many scholars) regard those parts as later additions to the book of 
Job
. I agree that those parts may be later additions, but in this case we're talking about additions made about 2,500 years ago. I guess I'd prefer to keep all the parts together in the manner that it's been copied and saved over these past thousands of years. Based on these observations I have switched to the translation by Raymond P. Scheindlin.The following is an analysis of the book of 
Job
 that I prepared for the Great Books KC group. It applies to the traditional content of book. Most of the comments below regarding discrepancies and structure are borrowed from Bart Ehrman's book, 
God's Problem
. The final paragraph titled, ""My Musings,"" are strictly my own conclusions.DISCREPANCIES BETWEEN THE PROSE AND NARRATIVE PARTS OF JOBSome of the basic discrepancies between the prose narrative with which the book begins and ends (just under three chapters) and the poetic dialogues (nearly forty chapters) can be summarized as follows:1. The writing styles are different between the two genres, the prose folk tale and the poetic dialogues. 2. The names of the divine being are different in the prose (where the name Yahweh is used) and the poetry (where the divinity is name El, Eloah, and Shaddai). 3. The portrayal of Job differs in the two parts of the book: in the prose he is a patient sufferer; in the poetry he is thoroughly defiant and anything but patient. 4. Job is commended in the prose but rebuked in the poetry. 5. The prose folktale indicates that God deals with his people according to their merit, whereas the entire point of the poetry is that he does not do that --- and is not bound to do so.6. The view of why the innocent suffer differs between the two parts of the book: in the prose narrative, suffering comes as a test of faith; in the poetry, suffering remains a mystery that cannot be fathomed or explained.7. The style of Hebrew used in the dialogue with Elihu (see discussion of structure below) is different from the other dialogues. (This observation is from Elizabeth Vandiver, not Bart Ehrman.) OVERALL STRUCTURE OF THE POETIC DIALOGUESThe poetic dialogues are set up as a kind of back-and-forth between Job and his three ""friends."" Job makes a statement and one of his friends replies; Job responds and the second friend replies; Job responds again and then the third friend replies. This sequence happens three times, so that there are three cycles of speeches. The third cycle, however, has become muddled, possibly in the copying of the book over the ages: one of the friend's (Bildad's) comments are inordinately short in the third go-around (only five verses); another friend's (Zophar's) comments are missing this time; and Job's response at one point appears to take the position that his friends had been advocating and that he had been opposing in the rest of the book (chapter 27). Scholars typically think that something has gone awry in the transmission of the dialogues at this point.But the rest of the structure is clear. After the friends have had their say, a fourth figure appears; this is a young man named Elihu who is said to be dissatisfied with the strength of the case laid out by the other three. Elihu tries to state the case more forcefully: Job is suffering because of his sins. This restatement appears to be no more convincing than anything the others have said, but before Job can reply, God himself appears, wows Job into submission by his overpowering presence, and informs him that he, Job, has no right to challenge the workings of the one who created the universe and all that is in it. Job repents of his desire to understand and grovels in the dirt before the awe-inspiring challenge of the Almighty. And that's where the poetic dialogues end.MY MUSINGSIn addition to the preceding comments about discrepancies, it is my understanding that some scholars see indications that the writing style of the dialogue with the fourth figure, Elihu, is different from the rest of the poetic dialogue. This could be an indication that it is an insert by a later writer (perhaps by the same writer who got the third cycle of dialogues muddled up). Scholars have noted that the term Yahweh (Jehovah) is consistently used in the parts of the Hebrew scriptures that reflect the early southern traditions of the Kingdom of Judah. Likewise, the term Elohim (El and Eloah are the singular forms) is consistently used in texts that reflect the early northern traditions of the Kingdom of Israel. Based upon the differing terms used for the divine in the two parts of Job, it can be supposed that the folk tale portion of Job originated in Judah, and the writer of the poetry was from the northern kingdom. Actually, it's my theory that the writer of Job was a Hebrew poet living in Babylon during the captivity period who spliced his poetry into a folk tale from Judah. He used the language style from the north for his poetry because his ancestral roots were from the north. Or perhaps the northern style of Hebrew was considered to be more appropriate for epic poetry (sort of like King James style of English is to us). I think the writer who later inserted the character of Elihu was a scribe back in Jerusalem after the Babylonian captivity who did it because he perceived that there were some missing lines of text in the third cycle."
70,Katherine,
71,Peachy,
72,Ashok Banker,
73,Cory,
74,Christina,
75,Ben,
76,Jadie,
77,E.B.,
78,Kait,
79,Crysta,
80,Claire,
81,Sorqaqtani Beki,The Book of Job by Stephen Mitchell (1992)
82,Shirley,
83,Rama,"Lessons from the Book of Job What will happen when bad things happen to a God-fearing Man? The verbal fireworks of the dialogue between Job and his friends and beauty of the poetry on wisdom of the divine speeches are found in the Book of Job. Having lost everything, confused and angry, Job refuses to reject his faith. In order to understand the nature of God, he questions if God make good people suffer and what has he lined up at the end of this. Is he going to bring happiness? Is he testing the individual or it is a fact of life? At the end of this book, we learn that God indeed is benevolent and forgiving. The God Almighty blesses Prophet Job and bestows everlasting happiness in his life. In the process of teaching Job, God reveals that He is Omnipotent. In Job 4:17, we find that ""Shall mortal man be more just than God? Shall a man be more pure than his maker? The implication is that God alone can discern morality and goodness in the universe. This idea is reinforced by God's own voice which asks Job ""Can thou draw out leviathan with a hook (Job 41) a rhetorical question which serves to demonstrate the almost abject lowliness of a human being when contrasted with the wisdom of GodThe author briefly discusses the Hindu holy book of Bhagavadgita and the Book of Job on the Problem of the Self as a matter of academic expediency, since God talk to Arjuna, like he does with Job. In Bhagavadgita, Lord Krishna teaches and mentors Arjuna of his spiritual journey and quest for enlightenment. Krishna first comforts Arjuna by instructing him on the externality of the human soul and helping to stave off Arjuna 's own fear of personal mortality and fighting a war with his own kith and kin. In this story, God stands as a protector of Arjuna and all mortals (1, 2). The author has translated the book from Hebrew to English with an emphasis on the accuracy and the meaning of the original version of the scripture. The life of Prophet Job dates back to about fifth century B.C., but the earliest Hebrew manuscript that survived was written some 1500 hundred years later. Through many centuries of or oral and scribal transmission, corruptions have occurred in the Book of Job. To prove this point, the author discusses selected verses such as 5:6-7; 23:13; 39:21, etc. References:1. The Bhagavad Gîtâ and the Book of Job on the Problem of the Self, James Norton, East-West Studies on the Problem of the Self, 1968, pp 177-192 2. Dilemma and Resolution in Bhagavad-Gita and Job, Hazel S. Alberson, College English Vol. 18, No. 8 (May, 1957), pp. 406-413"
84,Joshlynn,
85,Leslie Schwartz,
86,John Bodley,"Different than I expected, but very good."
87,Wade McReynolds,
88,Jenn,
89,Wade,
90,Nicole,
91,Sharon,
92,Abe,
93,Sara,
94,Brian,
95,Xoe,
96,Lori,
97,Vivian Dang,
98,Maida,"re-read August 7, 2015"
99,tai,
100,Liz,
101,Fábio Gomes,
102,BoBandy,
103,Rosie,"read Job as part of the bible. at the risk of blaspheming, I think Job gets a bit of a rough ride and what for? to test his faith? still a bit harsh tho."
104,LB,
105,Molly,
106,Rick Ireton,
107,Kat,
108,Claire Brett,
109,Thais M,
110,Noël DeVries,15 Dec 201111 Nov 2012
111,A,
112,Natalie,
113,Nathan,
114,Natalia,
115,Jaycob Izso,"Perhaps one of the most beautiful translations of the Book of Job. The Elihu Interlude is intentionally left out (Mitchell addresses why in the introduction), and the result is a significantly more structured antagonism between Job, his interlocutors, and the Voice. While some of the more traditional Jewish tones of the book are present Mitchell's translation draws out some interesting Taoist and Hindu oriented elements to Job's situation - certainly in the midst of Job coming to terms with the futility of station and life. Think ""Bhagavad Gita"" style lesson-learning.While not explicitly stated - the book might not be exactly what the modern Christian tradition would expect from the story of Job; in fact, this rendition might seem altogether problematic in some regard. Job is not a story of God's love, and Mitchell's translation (certainly sans Elihu) does little to underscore God as a merciful deity or Job understanding any sort of nature to God or the Christian idea of His ""love"". This translation, more appropriately, places God in the realm of the infinite - and Job as little more than dust in the eyes of the cosmos. Any supposed knowledge about God, any claims regarding the nature of the divine are painted as simply beyond the realm of humanity. Like many of the classic Jewish texts, the emphasis of this translation is to draw attention to the awesome and unintelligible juxtaposition of our finitude with respect to the infinite. A truly brilliant text - one possibly more suited to theologians, those interested in Eastern philosophy, or those interested in hermeneutics. "
116,Michael Brady,"This quick read joins the ranks of books like Jung's ""Answer to Job,"" for thoughtful analysis and passionate appreciation. "
117,Ryan,
118,Abigail (Abbe),
119,Laurene,The author translated the hebrew into poetic verse. I found the insightful information in the introduction to be enlightening. 
120,Melissa S.,
121,Kate Shannon,
122,Wenning,
123,Paige Watts,
124,Kinga,
125,Sean,
126,Michael Jensen,
127,Cyndie,"A translation of Job intended to reveal some of the beautiful poetry to this book of the bible - admittedly not a literal translation with at least one large section missing (thought to be added by a later writer), rearranged, and removals made in parts. I will admit, I think reading this translation helped me resonate emotionally with the classic translation. "
128,عثمان,
129,James Inman,
130,Marissa,
131,Aya,
132,Lori Henrich,
133,Mg-reads,Great introduction. 
134,Kate Warren,
135,Per Erik Olsen,
136,Mitchell26 McLaughlin,
137,Madelén,"A beautiful book. It's very much sad in the beginning, but then it's so cool when God speaks to Job. It really shows that your life will get so much better, when you let God in to your heart. It completely changes the definition of happiness."
138,Brian Schiebout,"Job is the eighteenth book of the Bible. It is inspired by God. I was struggling before I read this book, there was a major part of me that didn't want to read it. After reading it though I am much more at peace with it. I think I finally know why it is part of the Bible and why it is very important. Job attempts to answer the two questions we often ask. First why do bad things happen to good people and secondly its opposite why do the evil ones seem to prosper. The best answer to the first is found in Elihu's response where he says that God tests people to make them grow not because of some sin they have committed. This is important because it shows how God is still doing good by protecting his people from the sin of pride. It is pride that is at the basis of sin. Many people look at Job's three friends as problems and weak people but I look at them and see many Christians even myself at times. We all have the tendency to look at people and blame their problems on sin. Much as Christ taught us the danger in judging others so to does the whole book of Job. Another part of this book that I found intriguing was the message that we all need an intercessor with God. Even though Job wants to be his own intercessor God explains just how impossible that is by showing his strength. We can do nothing before God without a mediator. Thank God for Christ who allows me to be thankful to God."
139,Evan,
140,Whitney,"I remember hearing this story a lot as a child, and after reading it again, it remains one of my favorites!This story is the perfect example of the commonly asked question, ""Why do bad things happen to good people?"" Sometimes, we need to be tested! We need to have faith that everything will get better, and to trust that there's a reason behind everything, even if we cannot comprehend it.Job is so loyal to God, and when Satan tells God that if he takes away Job's blessings, he will turn his back on God, Job is put to the test.At first, Job continues to praise God, but eventually is miserable and wants an explanation. Still, he never blames God. God blesses him by making the latter part of his life even better than the former.The part of this that I was the most interested in was that this is the first book in the Bible that reveals that Satan can make requests to God in heaven, and it gives us a brief glimpse into that!"
141,Koenraad,
142,Grace,
143,John  Ervin,
144,Ashley,"The Book of Job was an interesting way to read about a story told in the Bible. Keeping with the key elements of the bible story, the author puts a new spin on the story with the language, and also by writing the story in verse instead of prose. It was good, although the book became very repetitive."
145,Seth,
146,Kyle,
147,Steph,
148,Sam Waters,
149,Adam,
150,Christopher Hurtado,I really enjoyed reading this first ever verse translation of Job into any language.
151,Gintas,
152,Stacey Swain-campos,
153,Laura Ann,
154,April Joy,
155,abcdefg,
156,Kate,
157,Cordsd,"This was quite the read. I will admit, despite being confirmed in the Lutheran church, I did not read the Book of Job. I don't receive the text as fact - far from it. By receiving the text as a piece of literature, I received fantastic insight to the time and place in which this book was originally written (or the story was shared). I recommend this text, especially in the classroom setting."
158,diana,Fascinating perspective on human existence and suffering as related to God and evil. A fascinating translation of the Book of Job. 
159,Christopher Troise,
160,Maateo,
161,Joseph,
162,Gordon McAlpin,
163,Caroline,
164,Ken,"Well I'd never read the Book of Job and now I have because I feel down and blue like the book's cover and I guess you can't do much better if you're feeling sorry for yourself than read a book about a man God decides to single out and pick on. Never realized the book was a back and forth between Job and unsympathetic accusers who think he's full of lies. Bonus: God makes a cameo at the end. Lord, I love drama...."
165,Susan Mccarty,
166,Elizabeth,
167,Kevin Hargaden,
168,Rodney Griffin,
169,Gina,
170,Desiree,
171,Paul Lichtenberg,
172,pamela,
173,Joe,
174,Joan Haughton,"Wow speak about tribulation. Job is really a patient man, I observe that Job curse even the day he was born but he still did not curse God. He ranted and he raved yet he resolved that his redeemer lived, that takes a lot of faith. His three friends instead of comforting Job were accusing him of sins and charging him as being self-righteous. The bottom line Job maintained his integrity. Then God spoke, Hallelujah, put everybody in their place. Oh God how mighty and powerful you are, excellent in all your ways, beautiful for situations. Bless the name of Jesus!"
175,Jon,
176,Bryce,
177,MountainPoet,
178,Chana,
179,Paul,
180,Mickey,
181,Rebekah,
182,Sonali,
183,Amy Whipple,
184,Zorica Todorovic,
185,Justin Walters,
186,Erik,
187,Eric,
188,Reese,
189,楚 王,
190,Jessa Boo,
191,Kalen,
192,Alford Wayman,
193,Anthony LaBella,
194,Queen Mae,
195,Myriam,
196,Wren (WrensReads),"I have always been a Christian. I was brought up in a Christian home, I had Sunday school every Sunday and Wednesday night church every, well, Wednesday. I went to church camps, I was baptized, and I went to Christian school and even had those corny cartoon illustrations of Bible Stores on tape.So why is it that I have never fully read the Bible?You would think being the brought-up Christian I am that I would have. I mean I said I had before. I even told people I have read it thirty times! I was a liar. I have never read the whole thing, though I think I know 99.99% of the stories in the Bible.So my challenge to myself, which started on October 18th, 2015, is to read the whole Bible within a year.Cute, right?No. It’s an actual commitment and I am ashamed to say it is a difficulty. It’s more than just reading the Bible; it’s about understanding and putting it to great work.I am not a know it all Christian. I am not a stuck up Christian. I still think of myself as a baby Christian in all honest because there is so much I still don’t understand and still don’t know. I mess up, like a lot; the difference is: I own up to it. With that being said, I missed like three days and had to double up a lot because I get tired and lazy and stupid. Mostly stupid.So here is my review on JobWOW. SO POWERFUL. Basically, God challenged Satan to try and turn his most loyal follower (Job) away from him by doing everything he wanted to besides taking his life. Oh and Satan took the challenge.Oh and Job still was completely faithful when his family died, his belongings and live stock were taken or killed, his healthy was horrible, and he couldn't move because he was in so much pain. The enemy has been defeated! Then Job got twice as much as he had before! What a defeat! "
197,Aneisha,
198,Adrian Stevenson,"Not necessarily the sort of thing you'd think an atheist like myself would read, but I have always found religion fascinating, if increasingly baffling and frustrating the more I read it. This is essentially why I got into more traditional philosophy reading instead. Nevertheless I do check this stuff out. Book of Job is considered to be a literary classic as well as being important to religion, and this is what led me to read it in this instance. For me, it doesn't really delivers on this front, especially I suppose as I'm not all that sympathetic to its message. Nevertheless it's a straightforward enough read and has a certain thing all of its own."
199,Jonathan Ball,
200,Shane,
201,Lucy,"every single line had either 6 or 7 words in it.every. single. one. the same three beats, over and over again. kill me now."
202,Chucho Pisano,
203,Miriam,
204,Michael Muller,
205,Jwjepsen,
206,Alexander,
207,Patrick,
208,Priya Kapoor,
209,Deborah Brannon,
210,Darren,
211,Kt,
212,Alan Swartz,
213,Kurt,
214,Chris Garvey,
215,Ben Morgan,
216,Robyn Nicol,
217,Alejandro,
218,Colin,Excellent translation....
219,Peter,
220,Elisa,
221,Angelo,
222,Oliver,
223,Pat,
224,Clint,
225,Richard,
226,Olga Luzan,
227,Dottie ,
228,Alex Mortensen," Now, this wasn't the version I read, but I liked it. "
229,Angela,
230,Bill  Kerwin,
231,David Moolten,
232,Rui Coelho,The message is good but the language is almost incomprehensible. 
233,Ethan Annis,
234,Sam Harshner,
235,Cheryl,
236,Mary Chambers,
237,Albert,
238,Cheryl Julia,
239,Kara,
240,Kim,
241,c j ,
242,Michael K.,
243,Kelly Neal,
244,Charlie Wester,Nice introduction by Mitchell giving a cautionary to modern readers about projecting contemporary spirituality on this classic piece dealing with the nature and meaning of human suffering.
245,Michael Fogleman,
246,Jonathan Bridgman,
247,Christy M,
248,Sam Ruddick,"readable, poetic translation. frightening book. need to get a restraining order on the accusing angel and the whirlwind. both of them bad news. in this respect, the worldview is closer to the greek than the judaic, at least in terms of its characterization of the supernatural."
249,Kesgisher,
250,Jessica,
251,Ejko,
252,Mishti Sharma,
253,Jonny,
254,George Higgins,
255,Seth Holler,
256,Matt,
257,Adam Kinsey,
258,William Mullins,
259,Tara,
260,Xio,Very well done. Read it for school but have found myself rereading it from time to time. Have been thinking about it recently for some reason.
261,Anne,Suffering in the Bible and its meaning 
262,Anna,
263,Jakob,
264,B. Mason,"What to say? It's the Book of Job, certainly the best translation I've read. Stephen Mitchell is meticulous in his introduction and lingers over his insights and ideas of his translation. I found the dialogue between Job and his friends to be particularly lucid and the divisions of the text helpfully positioned the reader within each section of the work. "
265,Cary M,
266,Brant,
267,Erunion,
268,Ross Cohen,
269,Brittany,
270,Apollonia,
271,Chris Lynch,
272,Matthew Buell,
273,Scott Erdmann,
274,Ben Bush,"I read a lot of this on an old couch in a vacant lot. It was a good read. I haven't read much of The Bible and figured the Book of Job would be a pretty action-packed section but there's certainly a lot more talking about getting smoted than actual smoting. Nevertheless, quite glad I read it."
275,Angel,
276,Leslie Seaton,
277,Daniel,
278,Randy Cauthen,
279,Jerome,
280,Glen,Excellent ...
281,Jackson,"So bizarre, this book (how about that ending, folks?), but it's up there with Ecclesiastes in my shortlist of Old Testament books that are actually fun to read and intellectually engaging."
282,Ivan ,
283,John,
284,Suzanne Szymoniak,
285,Annelise,
286,Sisdr,I require it in World Lit I
287,Josh Barnett,I can't say this was my favorite book of the bible that I have read. It was pretty much a back and forth argument between Job and a couple of his friends. 
288,Rosanna,
289,Pathor,
290,Chris M.,
291,Kristyn,"Long ago, in twelfth grade, my friend and I wrote an essay comparing this version of The Book of Job to Hamlet. I remember writing down all of our ideas furiously. As I read it this time, I was struck with hints of that enthusiasm again. I chose to re-read it all these years later because I've been reading a lot of things in verse lately. (The Lays of Beleriand, Beowulf for example) and remembered this. I'm glad I did. I found this version engaging and intense. I also liked the discussion at the end of the way stories change over time and across translation. "
292,Tree Riesener,
293,Mary Overton,For a retelling of THE BOOK OF JOB in an experimental wiki format: https://maryoverton.wikispaces.com/ 
294,Krisztina Williams,
295,Maggie,
296,Veronica,
297,Jason,
298,Zak,
299,Laura,
300,Karen,"Most people only read the first two and last chapter of this book (the chapters written in prose), preferring to skip the chapters written in poetry. Doing so leaves the reader with a false impression of this book. The poetry chapters contain Job's questions, rants, and pleadings with his four ""friends"" and with God over the question: what is the meaning of suffering? Every possible meaning is entertained but without satisfying Job--until God himself speaks out of a whirlwind, showing Job that God's ways are mighty and incomprehensible to human kind. The book is a great marriage of theology and poetry. Even though we are not given an answer to the question of suffering, there is some comfort in the beauty of the language and the feeling of suffering that Job expresses. At some point, we all wrestle with this question, and there is comfort in knowing that we are not alone as we shake our fist towards the sky."
301,Eric Peterson,
302,Jeremy Johnson,
303,Samantha,
304,John Hanscom,
305,César,
306,Allison Long,
307,Timothy,"A very very rich book. I read it as a part of a more in depth study that I am doing in the scriptures. I decided to go through a ""reading program"" of the bible that would take me through the scriptures in the order that they were written/completed. Along those lines, the book of Job is the second book (after Genesis) in the order of it's completion.And I'll say it again, a very very rich book. I was surprised at how relevant this book was to the things that I see around me today. I wish I would have taken the time to read it (this in depth) years ago. Though this book was written 'so' long ago, the words jump out into real life as I see those that seek to please God compared to those that seek to live and to please themselves.Each of the characters in this book are 'so' REAL. I see myself in some of them, I see others that are close to me, I see others that I've only heard about; but in all of these that I see whether near or far, I see 'so' much truth, 'so' much that is real. ""Reality is stranger than fiction"" comes to mind as I read the words written in the book of Job."
308,Lon,
309,Katherine Willis Pershey,
310,Lily,I love my faith in God and this book just enforced that.
311,Kaptica,
312,Mostafa  fazari,
313,Loyd,
314,Stephanie,
315,Mystique,
316,Caitlin,
317,Susannah Greenberg,
318,Beth,
319,CJ,
320,Jason Megraw,
321,Lolacsd,
322,Ccmaria62,
323,Bethany,
324,Jennifer (JC-S),
325,Philip,
326,kalishima,
327,Christopher B.,
328,Lex Hogan,"I don't think this book should be on top 100 list. I have a hard time appreciating the stories of the Bible as being truly superior forms of writing: too repetitive, and the story does not move along past cramming in as many quotable phrases as possible and every once in a while zipping through the actual events. I don't know why this story of all the Bible stories was chosen."
329,Nicolas Shump,
330,Ikkenoe,
331,Elin,
332,Petra Kidd,
333,ony dag,
334,smhb,
335,Lauren,
336,Janina,
337,Shannon,
338,Conner,
339,Sakiel,
340,Benedict,
341,Don Mitchell,
342,Nan,"I love Canongate. Their books are thoughtful and thought provoking. This ""pocket"" edition of Job is no exception. The introduction of Louis de Bernieres puts a new spin on the old book, the tyranny of God, the unavoidable evils -- ""If God is omnipotent, we cannot blame anything on the Devil, and if God is no help, we have to do His work for Him...He has still failed to appear in court...We miss Him, we would dearly like to see Him going to and fro in the earth and walking updown in it, but we admire tyranny no long, and we desire justice more than we are awed by vainglorious asservations of magnificence."" "
343,Elizabeth Rose,"A beautiful translation for poetic appeal alone, but faulty theologically."
344,Tim,
345,Ellie,"Job is a book from the bible I have always been oddly drawn to and Stephen Mitchell is an author I am even more strongly attached to, so The Book of Job by Stephen Mitchell is obviously too great a combination to pass up. And Mitchell delivers a fascinating meditation on that great book of pain, suffering, and questioning. He also translates the book itself beautifully, showing what a beautiful poem it is. At the same time, it remains fresh, almost contemporary in Job's outrage and his friend's responses.Favorite line so far: God will not hear Job, but Job will see GodJob's ""friends"" have all the typical, conventional responses. They can't simply be with Job in his pain; it's too threatening.Someone has to be ""wrong."" Someone has to be to blame.Or no one is safe.Which is the truth.In the end, Job says to ""the Voice in the Whirlwind"": I have spoken of the unspeakable and tried to grasp the infinite"
346,Danielle,
347,Susanna,
348,Joshua Jones,Great translation; poor commentary.
349,Filippo Sottile,
350,Steve,
351,Jeffrey,
352,Jenny Blacker,
353,Erik Moore,
354,Lalo,"El libro de Job trata sobre el castigo/sufrimiento del justo, el sufrimiento se toma como forma de purificación, para probar, o para fortalecer al alma, sin perder la fe. “y dijo: Desnudo salí del vientre de mi madre, y desnudo volveré allá. Jehová dio, y Jehová quitó; sea el nombre de Jehová bendito.” "
355,Danny,
356,Michael,
357,Greg,
358,Nancy,
359,Odette,
360,Y,
361,Kyle Harris,
362,Toon Pepermans,I would have given this four stars if it wasn't for this asshole called 'the lord' appearing at the end
363,Julie,
364,Julia,
365,Manny,Recently filmed by Terrence Malick - it's a non-literal and quite stunning take on the story. Check it out if you're even vaguely interested in religion.
366,Ij,
367,phillip low,
368,Jesse Cash,
369,Sarah,
370,Ricardo,
371,Paula Roper,
372,Teo,
373,Judith,
374,Geishagirlme,
375,Lukeb,
376,Zach,
377,Steve Love,
378,Christopher,
379,Krys,
380,Douglas Finnell,"If you think your problems are bad, Job's life was worse. Very humbling."
381,Jamey,
382,F. John,
383,Bob Ryan,
384,Angel Dionne,
385,James,
386,Jesterguru,
387,Monk,
388,Trinaa Prasad,
389,Laura.bogle,
390,Betty,
391,John-Nathan,
392,Michael Taeckens,
393,Shari,
394,Mschulze878,
395,Amberhayes,
396,Dede,
397,Phredric,
398,Troy,
399,Steven,
400,B.K. Marcus,
401,Jason Keith,
402,Sue,"Mitchell made the Book of Job accessible. Wonderful, modern translation with plenty of footnotes about the original Hebrew. Foreword can be read after the text. Job was not a patient man. Worth rereading. Good book for Torah study."
403,Ian Yorston,
404,Charles Bivona,
405,Scott W.,
406,Brandon,
407,Sorana,"I'd never thought I could enjoy something of the Old Testament, but clearly misconceptions and prejudice were top of the list. First, there was the theme- after what humans think to be God's justice, good people should be repaid with good and bad people should be repaid with bad, but clearly this is not the way things work. When this justice is only theoretical, man finds himself needed to face the absurdity of the world. The neverending why. Then, he has to accept that the mechanism of the world doesn't work by his own rules, but by unknown ones, and that 'good' and 'bad' in our perspective are surely not absolute. Only God knows. There was this heavy atmosphere, of how-small-we-are and of how God is almighty and powerful and terrible and sublime and it doesn't really matter if you agree with this or not, it just surrounds you and gives you that feeling of inferiority, but not really- I can't describe it too well. It feels nice.Then, there was the writing, which was awesome. It was difficult to believe that this was written BC. And the whole plot behind Job's decay- what an irony! It seems that God and the Devil are just playing around with us, eh?"
408,Tina,
409,Thom Dunn,
410,Jonathan,
411,Mike,
412,Aaron Will,"I almost gave up on this book as I was reading through the introduction. Rated individually, the Introduction gets only 1 star, while the translation is worth about 4. The author would have been better off to stick with translating, rather than adding his interpretation. I'm a Christian who, in the classic Christian tradition, accepts that Job is properly part of the Old Testament canon of scripture. The author clearly doesn't view Job as many other Jewish and Christian people would (Biblical examples are Ezekiel/James). I'm not sure exactly what worldview the author holds, but he seems to pull in elements from multiple religions and philosophies in his interpretation, which causes many problems in his understanding. Here are some examples:""In these speeches it is obvious that Job is a different character from the patient hero of the legend."" - He also says that the Job in chapters 1 and 2, is a different person from the Job in the rest of the book. Wrong.""This worldview stands, of course, in direct opposition to the Genesis myth..."" - He's saying, first, that the worldview presented in Genesis and the worldview presented in Job differ. And second, relegates Genesis to myth. Both wrong.""It is far from the human-centered world of final causes that we find in the rest of the Bible."" - The bible is ultimately a theocentric book, not anthropocentric. His statement about the bible being human-centered is wrong.""Job's vision ought to give a healthy shock to those who believe in a moral God."" - He comes to the understanding that God in Job is not moral. Wrong.""But self-abasement is just inverted egoism."" - This can definitely be true sometimes. I may even concede most of the time. However, not necessarily.""...the other Biblical examples, except for the burning bush, are of a lesser god..."" Apparently God in the rest of the Bible is a lesser being than God in Job? Wrong.But I made it through the introduction, and the translation is actually quite enjoyable. The downside of the translation is that the author has completely left out some verses and passages that are unclear in the original manuscripts. Including chapters 32-37 (Elihu's speech) entirely, thinking that they were a later addition to the text. I really would have liked to see a translation of the entire text, notwithstanding it will be nice to have this as a companion to my NKJV and ESV translations.If you could do half stars, I'd give the work overall a 2.5."
413,Chelli,
414,Dave,
415,Chris,
416,Dawn Fredericks,
417,anna,
418,Txkimmers,
419,Joshua Oakley,
420,Brady,
421,Bill,
422,Jewel,
423,Michaelochoa,"The translation is pleasant to read. Although my Hebrew sucks, the notes seem pretty good. I'm not sure about the Introduction yet, but Mitchell does set up some of the principle contradictions which frame the issues in this mystical puzzle-book. So, though this is a central text in Judaism, neither the author nor Job are Jewish. G__ is in collusion with Satan, Job really lets the creator have it, then is called blameless? If you can hold together G__'s perfect justice, Job's blamelessness, and all the shitty things Satan is allowed to do, you will have gone far to achieving some Zen-like state of awareness."
424,Liz Rockstroh,
425,katie van sleen,
426,Davis,
427,Juliana Philippa,
428,Amber,
429,Steve Gilbert,
430,Rob,
431,Catherine,
432,Audrey Andrews,
433,Big Brother,"
God’s Bad Job

 ""Have pity upon me, have pity upon me, O ye my friends; for the hand of God hath touched me.""""Behold, I cry out of wrong, but I am not heard: I cry aloud, but there is no judgment.""

I don’t know what a book like this (or for that matter, Genesis) is doing in Bible – it is like calling in a debate from non-believers, giving them a sort of voice and that is something that no officers of any religion want; but I love the questions Job asked when God turned against him. And why would God turn against a faithful? Of course Satan, that great master of human psychology, made him do it by saying: 
But put forth thine hand now, and touch all that he hath, and he will curse thee to thy face. 
So God ... I mean has he no mind of his own? It is like a parent slapping his/her children to show their faith upon being challenged to do so. Anyway God did as Satan told him to do - as is normally the case. Among other things he took away, God kills all his (innocent) children – which is okay thing to do as long as you want to test the faith of their father:
 After this opened Job his mouth, and cursed his day
And Job started giving an account of mankind’s troubles in God’s fair world:
 Man that is born of a woman is of few days, and full of trouble. Wherefore is light given to him that is in misery, and life unto the bitter in soul ; which long for death, but it cometh not ; and dig for it more than for hid treasures ; which rejoice exceedingly, and are glad, when they can find the grave ? Why is light given to a man whose way is hid, and whom God hath hedged in ?

… but the best part comes now, that Job questions the unaccountability of God towards his creations:
uBehold, he taketh away, who can hinder him ? Who will say unto him, What doest thou ?If I speak of strength, lo, he is strong : and if of judgment, who shall set me a time to plead ? If I justify myself, mine own mouth shall condemn me : if I say, I am perfect, it shall also prove me perverse. Though I were perfect, yet would I not know my soul : I would despise my life.If I be wicked, woe unto me ; and if I be righteous, yet will I not lift up my head. I am full of confusion ; therefore see thou mine affliction ;I cry unto thee, and thou dost not hear me: I stand up, and thou regardest me not

And such injustice to the good guy Job,
 Did not I weep for him that was in trouble? was not my soul grieved for the poor? When I looked for good, then evil came unto me: and when I waited for light, there came darkness. 
while wicked lives in comforts:

Wherefore do the wicked live, become old, yea, are mighty in power? Their seed is established in their sight with them, and their offspring before their eyes.Their houses are safe from fear, neither is the rod of God upon themThey spend their days in wealth, and in a moment go down to the grave.
… And thus mankind’s ultimate wish to be left alone to live in peace the small lives they have:
Are not my days few ? Cease then, and let me alone, that I may take comfort a little, before I go whence I shall not return…

The answers given by his three advisors as well as that young man who talks towards the end, are so lame and belong to their ideal world which do not exist (unlike Job’s real world enquiries); that I won't trouble myself with summarising them.The Happy EndingIn the end, though the Lord finally comes to answer himself (Lucky Job! No one comes to answer us); tells him how awesome a thing he did in creating the world (that worst of all art works) and shows his muscle power:
Hast thou an arm like God? or canst thou thunder with a voice like him?

And after that Mr. God goes like “so what were you saying?” and Mr. Job goes ‘oops’; seeing how bad an idea it was to go face to face with God and forgets the live-and -let-live request, he had wanted to make to God. The great lord out of habit showed mercy and everything is good again while Jobs lives happily ever after."
434,Marius,
435,Nikola,
436,Simon,
437,Brenna,
438,Max Maxwell,"I grew up on Grand Manan Island in the 1990s, and the climate of the schools and churches was still like the 1950s. We prayed and got the daily Bible story in class up until grade five. I had a Baptist upbringing, and I remember being taught that the Bible really happened, that evolution had been disproved, and the like. It's not that my parents were particularly religious; they just got caught up in the lot after they had their wedding there. My wife, who was raised United, tells me that for her, Sunday school was just cake and Kool-Aid and songs about mustard seeds; for me, it was something a bit different. It was a series of terrifying stories about so-and-so being raped and so-and-so being murdered. By 1997, a year before we moved to St. Andrews, New Brunswick, on the mainland, my parents had left the church. They wanted to have champagne on their anniversary, and the pastor said, ""No. We don't drink at this church"" ""But, Jesus' first miracle was turning water into wine!,"" they protested. ""That was non-alcoholic wine,"" he responded, putting the last nail into that particular coffin with a real fervor. And so, we secularized. My mother often lamented the leave, saying that we needed God in our family again, but it just never gelled, never took shape. We were all so different. My three younger brothers probably don't think of the Bible in the same way as I do, and have certainly been spared both the good and the bad of embarking on a lifelong spiritual quest; I don't think that ""spiritual"" is really a word pertaining to any of them, as of now, anyway. I did remember a few things from Sunday school, but oddly enough, the book that I took the most out of was Job. First, it was the book with the Behemoth and the Leviathan, and I was way into dinosaurs, as I still am. One of my biggest questions was as to why there were no dinosaurs in the Bible, and I got a variety of answers, none of which were satisfactory, ranging from, ""The dinosaurs were failures and God didn't put them on the ark and they weren't worth mentioning"" to ""There never were any dinosaurs, and the fossils were put in the rocks to test our faith""—special thanks to Mrs. Ingersoll, the owner of a Christian bookstore, for that one. I am now aware of Bill Hicks's answer to this nugget: ""Yeah, well, I think God put you on earth to test my faith, buddy."" Then one day I got the good news. My mom's creationist friend Norman—who was cool, as creationists go, having had sat in the footprint of a Tyrannosaur as a child—informed me that, not only had dinosaurs existed, but that they were in the Bible, specific kinds were in the Bible. The Diplodocus, a long-necked giant, was called the Behemoth—""He moveth his tail like a cedar,"" informs the King James Version. The Mosasaurus, a sea monster, was called Leviathan—the same one that Hobbes would later refer to. Furthermore, this was proof that man and dinosaur coexisted. To this day, I picture these mythical beasts as Diplodocus and Mosasaurus, despite knowing that this is a bunch of hooey. Dinosaurs predated man by, at very least, 64 million years—unless, of course, you're talking about avian dinosaurs, or as we call them, pigeons, crows, cassowaries, and chickens: birds. At the time, though—wow. I wanted to know more about this Job fellow. So when it came to the class on the book, I was all ears. One particular image stuck with me: that Job scraped at his boils with broken pottery. And, sure enough, the verse was intact in Mitchell's translation""The Accuser covered Job with boils, from his scalp to the soles of his feet. Job took a piece of broken pottery to scratch himself with, and sat down in the dust.""Every kid who grows up in a fundamentalist church walks away with one harrowing image stuck in his head forever, and that was mine.Some things, though, had changed—apparently, the word ""tail"" here is a euphemism for genitalia:His penis stiffens like a pineHis testicles bulge with vigorIn addition to this, the Behemoth and the Leviathan are now the Beast and the Serpent. These everyday names don't really convey the terror that they should. Some of the lines that sound so beautiful in the KJV don't hold up in modern verse; for example, the transition from, ""The Lord giveth, and the Lord hath taken away"" to ""The Lord gave, and the Lord has taken""; or ""Canst thou draw out Leviathan with a hook?""—the religious fundamentalist's taunt of choice in Peter Benchley's 
Jaws
—to ""Will you catch the Serpent with a fishhook?""; or the warhorse's change in sentiment from ""Ha!"" to ""Ah!"" in battle—In short, the literal reading takes away a little poetry.Mitchell's translation, though, gets Job very right on several accounts, though. The first is that reading this biblical work in the form of poetry is like seeing it for the first time. There are few if any such renditions of books in the biblical canon, even today, whereas poetic versions of the Koran and Bhagavad Gita abound. If the Bible is outmoded as a source of literal truth, it's certainly not outmoded as a source of wisdom, and its violent, quirky, and entertaining stories are meant to be taken metaphorically, as stories on the nature of faith, or, in Job's case, suffering. I see from browsing Amazon that he has also translated Genesis and the Gospels, and I'll look those up. But what I'd like to see is the whole Bible—or, at least, the Tanakh—rendered Iliad-&-Odyssey style for use as literature in classrooms. It's time.Secondly it addresses the problem of evil well in its introduction. While ""The Unnamed"" of Mitchell's Job is as ridiculous as his OT counterpart, placing Job's well-being into the hands of the Accusing Angel on a sort of bet, the introduction shows that all that we see as evil is not necessarily so. We points out that we, like Isaiah, have a tendency to look at nature ""red of tooth and claw"" and condemn it as violent or evil (hence Isaiah's prophecy of the lion and the lamb). Of course, suffering and pain to one being is joy to another, and the cycle of life may require suffering. Listing carrion feeders and the like as evidence, Mitchell postulates:When I was a very young Zen student, caught up in the problem of evil, I once asked my teacher, ""Why does shit smell so bad?"" He said, ""If you were a fly, it would taste like candy.""I have always found that the problem of evil stands on weak ground, so this hits home with me. In Steven Pinker's 
The Blank Slate
, we learn that suffering may simply be a part of the human condition, and indeed, Job's friends are chastised for insinuating that it is not. If a God that may or may not exist allowed suffering, it might be to strengthen our characters as beings. If there was no bad, we would no nothing of good.Ultimately my favorite quote comes from the very end of Job:I have heard of you with my ears;but now my eyes have seen you.Therefore I will be quietcomforted that I am dust.From dust, to dust; from atoms, to atoms. It is my belief that Mitchell is correct in saying that Job has seen the justice inherent in the universe:A man who hungers and thirsts after justice is not satisfied with a menu. It is not enough for him to hope or believe or know that there is absolute justice in the universe: he must taste and see it. It is not enough that there may be justice someday in the golden haze of the future: it must be now; must always have been now.Read The Book of Job. Its imagery will burn into your retinas even more in Mitchell's version, despite its few flaws, than it did into mine in Sunday school as a child."
439,Alexander Petersen,
440,Aaron,
441,Luis Zamarro Fraile,“I am speechless: what can I answer?I put hand on my mouth.I have said too much already;now I will speak no more.” 
442,Dvalinn,
443,Pespe,
444,Dan Hues,
445,Amy,
446,Michael Risden,
447,Rose,
448,Bryan,
449,Bart Chaney,
450,Chelseanacke,
451,Bri Saussy,
452,Tsuqidin,
453,Melissan,
454,Trotskill,
455,Mark,
456,Chelsea,
457,Jenny,
458,Jeff,mreh.
459,Laurin,
460,Chris LaMay-West,
461,Ted,
462,Kajah,
463,Helena,
464,Joanna,
465,Erika,
466,Tony,
467,Jesse,
468,Elana,"A very interesting read, essential to any discussion of Western religion. "
469,Rosanne ,
470,Josh,
471,Lawn,
472,Camilla,
473,Melissa,
474,Marc  A.,"Iguess at a certain age one's mind tends to turn more to the ultimste questions. I took up Job in a Philosophy of Religion class I took as and undergraduate (a long time ago), bit was inspired by the Coen Brothers film, ""A Serious Man"", a humorous look at his distinctly unfunny and somewhat obscure book of the Old Testament, to revisit it.This modern translation by English scholar,is excellent and - with help from the author's terrific introduction - successfully brings forth what the essential theme of Job as described by the New Yorker,""...The Book of Job is nothing less than human suffering and transcendence of it: it pulses with moral energy, outrage, and spiritual insight."" Here's a (for me) haunting sample from the intro of a rendering and explication of a verse in which the Voice of God speaks to Job from the whirlwind:""Do you really want this moral sense of yours projected on to the universe?"", it asks, in effect. ""Do you want a God who is only a larger version of a righteous judge, rewarding those who don't realize that virtue is it's own reward and throwing the wicked into a physical hell? If that's the kind of justice you're looking for, you'll have to create it yourself. Because that is not my justice."""
475,Linda,
476,Ally,
477,Nergis,
478,Tina O'Toole,
479,that cute little red-eyed kitten,"Not sure when I read this the first time or how many times I've read it, but marking it now since I re-read it partly in the original Hebrew, a real milestone :) - reading it in my native language does make quite a good deal more sense to me, naturally, but it's interesting to see different translations and see how they change, at least the little things. Other than that, I don't think The Book of Job needs any further introduction or explaination or any of the sort. It'll always have its audience. It's quite beautiful. And strange. "
480,Lexie,
481,Andrew,
482,Tracy (A Good Novel),
483,A.,
484,Tracy,
485,Andrea,"Giobbe sarebbe quell'uomo paziente che sopporta la sofferenza (case distrutte, greggi dispersi, figli uccisi, ricchezze perdute) e viene ricompensato con la restituzione di tutto quello che aveva perso.Falso, banalizzante.Dio fa una scommessa col Diavolo: scommettiamo che Giobbe non mi rinnega anche se lo sottopongo a immani sofferenze?E già questo basterebbe a spiazzare. Dio che sottopone un uomo a sofferenze terribili solo per averla vinta col Diavolo? Sissì, nero su bianco.Giobbe perde tutto. Sopporta pazientemente? Macché. È incazzato nero. Vuole sapere perché a lui, lui che è buono e saggio. Gli hanno insegnato che i saggi sono ricompensati SULLA TERRA con benessere, prole, rispetto. E allora? Lui è giusto e sta soffrendo, mentre da qualche parte c'è un empio che se la spassa!E poi arriva la bestemmia: Dio dov'è? -si dice Giobbe- Sarebbe questa la giustizia divina?Capito? Altro che pazienza.Arrivano dei saggi a rispondergli. Il trio Eliafaz, Bildad, Zofar insiste sul concetto che, se soffre, allora DEVE AVER PECCATO, non c'è verso. Dio è giusto, non fa soffrire la gente a cazzodicane. Piccolo dettaglio. Noi sappiamo che Giobbe è giusto. Il più giusto. Ce lo dice il Narratore più Onnisciente che Esista. Quindi il trio è out.Sbuca dal nulla un quarto uomo, Eliu. Siete fuori strada, dice. Dio fa soffrire anche i giusti, per migliorarli ulteriormente. Devi abbozzare, dice a Giobbe.Infine interviene Dio in persona. E sapete cosa dice? In estrema sintesi: Io sono Dio e tu non sei nessuno. Abbozza.Giobbe abbozza.Dio restituisce le ricchezze a Giobbe.Morale? Devi da abbozzà, non c'è verso.È una parabola che gira attorno alla insignificanza dell'uomo di fronte a Dio (il dio geloso dell'Antico Testamento), l'uomo può essere felice, ricco, perfino buono e saggio, ma può comunque essere spazzato via in un soffio da forze superiori a lui.La bellezza di questo testo, nonostante sia apparentemente didascalico e superato, è che basta sostituire la parola Dio con la parola Caso o meglio Caos, che acquisisce un significato straordinariamente moderno.La vita un senso non ce l'ha. Non c'è giustizia nel Caos.Fantastica la discussione del GDL:http://www.anobii.com/forum_thread?to..."
486,Maria,
487,Ryan Saunders,
488,Perrystroika,
489,Asa Merritt,The closest the Bible comes to Shakespeare or the Greeks. Good stuff.
490,L.S.,
491,Adam Sher,
492,Dean Vincent,
493,Cory Salveson,
494,Morgan,
495,Marcele,
496,Nat ,"My yearly Christmas grief rereading of Job was much more informative after my first year of graduate school and more critical foray into examining social ontology, social assemblages, and affect. More thoughts to come. "
497,angrykitty,"let me just start out by saying that i am not a religious person. i did however find this book to be very interesting. not necessarily from a religious standpoint, but from the standpoint of human nature (which i guess people could say is actaully from a religious standpoint). "
498,Ilya Meylakh,
499,Charles,
500,Siddharth Shankaran,"There is no meaning to the suffering and pain that befalls us in this world, but then God himself is caught in this mess of its creation and would offer no respite from it, except ofcourse that of faith, that stays self-same in all that is, and takes world as all there is!Job is us, the pained whining being, caught into the meaningless vortex of suffering, and it is his transformation, from a pious being, to God hating and then reconciled lover of world, and its infinite god in its finitude; that we seek. "
501,Chris Lilly,"Repetitive, prolix, stupid. It's got a few good lines, mostly the ones nicked by Handel, and I like: ""I am a brother to dragons, and a companion to owls."" But mostly it could do with radical editing and a rewrite so it makes sense. One of the interesting characteristics of the religiose is why they think reading this stuff should make you want anything to do with their god-bloke. He lets his mate Satan destroy Job's livelihood and murder his family, then gets huffy with Job for being miserable, because after all god's the one who makes it rain. Also, he created Leviathan and Behemoth so he must be important. Not forgetting the wings of peacocks and ostriches, which god thinks are two of his more note-worthy achievements. It's not my book, I couldn't really care less, but wouldn't it be helpful if the mythical entity Christians are so keen to market was slightly less of a dick?"
502,Bri,"This is an excellent translation of the book of Job; I highly recommend it. Job is a very confusing story and the last time I read it, I did so in concert with Carl Jung's Answer to Job, which gave me some insight into Jung's mind but not into Job's.For me Job is a story that I keep returning to, along with similar works like the Bhagavad Gita. Currently one of the more intriguing aspects of the narrative to me is the apparently two part answer that Yaweh gives to Job. The first part is what I have been thinking about lately. Here the rhetorical, where were you, question is first posed to Job. The examples begin with the most abstract, universal examples: where were you when I placed the foundation of the Earth? But by the end of this section they become very specific--is it you that hunts prey for the lioness' hungry cub or feeds the raven's fledgling?"" I think that Jung is not alone in his interpretation that Yaweh's questioning of Job is both childish and cruel, but I find that this section is extremely powerful because of the obviously different levels on which Job is thinking and Yaweh is thinking. I wonder if what the first part of the question and response section indicates is in part the unlimited, unbounded nature of the divine, and the apparent (from our position in the world perhaps) detachment and lack of compassion, that is actually a much more comprehensive love than we could ever imagine. I'm not sold on this as an interpretation, but I find its what I keep returning to."
503,Jay B.,
504,David Schiffer,
505,Emily,
