,user,review
0,Minoo,
1,ali,
2,Bahar Ranjbar,
3,laaya,
4,سپینود ,
5,sedighe,
6,Maria Lancaster,Rumi is the Shakespeare of spiritual poetry. This is an excellent translation. Wonderful.
7,Lazysabalady2004 emami,
8,yaser mirzaee,
9,Mehdi khani,بار دیگر ما به قصّه آمدیمما از آن قصّه برون خود کی شویم؟گر به جهل آییم،آن زندانِ اوستور به علم آییم،آن ایوانِ اوستور به خواب آییم،مستانِ وییمور به بیداری،به دستانِ وییمور بگرییم،ابرِ پُر زرقِ وییمور بخندیم،آن زمان برقِ وییمور به خشم و جنگ،عکسِ قهرِ اوستور به صلح و عذر،عکسِ مِهرِ اوستما کییم اندر جهانِ پیچ پیچ؟چون الف او خود چه دارد؟هیچ هیچ
10,Enny Meirayani,
11,Ayesha Khan,Masnavi manavi is a great book of maulana rumi.I have read it almost 3 times.
12,Sara m,
13,elahe,
14,zohreh,
15,syed Ahsan Jamal,wow good books but i am new user so i cant understan the books how to read these books.......... hufffffffff
16,Bahar bahari,
17,Andrew Weiler,"A look into the spiritual side of Islam, showing the love not what is currently being served up in many places"
18,Sahar,
19,Mahmoud,
20,Gh,I can not have any rating a bout it...
21,shahram,
22,Babak,
23,Amr Rabee,ذووب في العشق كما تذوب الروح فيك ..يتبع
24,Erik09,"I read English Version from NIKLSON, Very Attractive"
25,zahra Hamidieh,
26,Ahmad Sharabiani,جسم خاک، از عشق بر افلاک شد، کوه در رقص آمد و چالاک شدمثنوی معنوی
27,farnaz,
28,Omid Mohaddes,
29,Ali Rad,پنجاه ستاره میدادم اگر مقدور بود
30,NarGes ,
31,somayeh sarabi,
32,mehdi Sedighi,
33,Laya,بشنو از نی چون شکایت میکند از جدائیها حکایت میکند
34,MD KHALID,Too deep to understand. I left this book after reading few pages of volume 1.
35,Farhad Mehrvar,
36,behruz badruj,
37,Ghezel,معشوقه گر گويد برو،در عشق ما رسوا شوىمن زُهد را يك سو نهم؛ رسوا شوم،رسوا شوم. 
38,Naghmeh,
39,Hejrat H,
40,Masoud Khatir,
41,Lili Shanna,"Ingin sekali punya buku ini.. tapi sudah dicari ke mana mana tidak berhasil juga. temen-temen ada yang bisa bantu ga..?? kalo ada yg jual saya tertarik sekali mau beli, Terimakasih.Lili"
42,Arman,
43,Yasaman,
44,Shani J,"Morgh chon par bekeshad,gar be asman naresad,haman bas baashad ke az daam door gardad!"
45,Reza,
46,aria lashgari,
47,Ala'a,الترجمة سيئة جدّا في هذه النسخة  ولكن يبدو ان الكاتب يفهم الرومي بطريقة مختلفة جدا عن الطريقة التي يعرف اغلبنا الرومي فيهاالنصوص غير مترابطة في كتاب اساسه حول القصص سأنتظر حتى احصل على ترجمة ثانية او حتى اتعلّم الفارسية لقراءة هذا الكتاب
48,bamdad sales,
49,Yasser Fikry,"Greatest book (after Qur'an and al-hadits) and thousand poeltry inside. Many people think and called this book ""koran from Persian"". Good to read, so joyful any heart of us"
50,Masuod Ardakani,
51,Nasser Modarresi,
52,Rita,
53,sarah,
54,papar,
55,Nikoo,
56,Mazdak,
57,Golnaz,
58,erfan,
59,riraa,
60,Nazanin,
61,Razmeh,
62,Muhammad,I learned if we be good god will help us !
63,Sedi Sedehi,
64,Zahra akbarinezhad,
65,Hkamely,
66,Sara,
67,Elham,
68,Masoud,
69,Safoura,
70,r3za,
71,marzieh saghaeian,براي من مثل يه گنجه بدون رمز گشوده شده...
72,GolnOusH Ashouri,
73,HoMa Me,
74,Deli,
75,عمار,
76,Abdullah Yeşilkaya,"İsmail ankaravi nin "" şerhi mesnevi "" adlı kitabını öneririm mesneviyi daha iyi anlaşılır kılacaktır.."
77,Mahmood,
78,Nasim,
79,Kamand,ye majmoe nazme talimi dar vaghe tarjih midadam aval ghazaliyate shamso khonde boodam chon matn masnaviye manavi kheyli saghiltyar va shayad khastehkonande bood baraye shenakht molana.be hameh tosiye mikonam aval shams ro ebkhoonan bad biyan masnavi bekhoonan...
80,Reza Hadinasab,
81,Mohammad,
82,Parisa H.T,
83,Hamed,
84,Mariam,
85,Morteza,
86,Katayoun,
87,lab,
88,Mahshid,
89,A-Leee,
90,javad faraji,
91,Mahbod Zalakizadeh,
92,mohsen,
93,Amir ,مولانا را دوست دارم چون شعر را جدی نمی گرفت.مثل زندگی
94,لطيفة,لم أجد نسخة هنا من فصول من المثنوي ترجمة عبد الوهاب عزامالتي قرأتها فاخترت اخيرا هذا الكتاب مؤقتا
95,amir,
96,Ghada  Abd Elsalam,  قارئ ديوان المثنوي لجلال الدين الرومي يلحظ طغيان الفكرة على التعبير، والمعنى على التركيب اللفظي، والمضمون على الأسلوب، كما يلحظ عنفوان التجربة الشعرية الصوفية. فهو يعرف كيف ينظر إلى العالم من نافذة العقيدة، ونلمس ذلك في تعابيره وأفكاره ومضامينه وصوره وأخيلته وقدرته على تطويع تجربته المتدفقة من وراء الوعي والشعور والتعقل وحرارة التجربة وتوهج الانفعال. وقوة الخيال لدى الرومي تجعلنا نستمر في قراءة أشعاره، إذ نجد التناصات الشعرية التي لا تحصى ومصدرها الآيات القرآنية.مــولانـا جلال الدين الرومي حقا اتمني مقابلتك والتحدث اليك:)
97,Setareh,
98,Asra  davoudi,
99,shirin,
100,Ali Rafizadeh,masnavi yeki az behtarin ketabhaye zaban pars mibasad
101,Dorrin P,
102,Ramy omar,إلى روح مولانا جلال الدين إليك منى السلام ...عذرا أنا لم أقرأ إلا مائتى صفحة فقط نظرا للعطن الذى أصاب الروح فى هذه الأيام الحالكة سأغسل قلبى أولا من القاذورات وربما أعود يوما وأقرأه كاملا ...أتمنى بعدما أموت أن تعانق روحى روحك لم لا ؟
103,Erzan,A glorious collection of stories and poem by Rumi. 
104,Hfdk000,خداوندا نگه دار از زوالش
105,Sina,
106,Hossein,
107,Artemis Girl,
108,Payam,
109,Ramin,
110,Mohsen Shiraqaei,
111,Maziyar pahlevan,
112,Majid,
113,samira,
114,aftab m,
115,Iman Faraji,
116,Parsa,خوشتر انست که سر دلبران گفته اید در حدیث دیگران
117,M.F. Moonzajer,مثنوی معنوی که بعضی ها آن را قران فارسی میخوانند یکی از آثار معتبر مولانا در توحید و خدا شناسی است. یک اثر کاملا معتبر که شهرت جهانی دارد
118,Bahram,
119,Mostafa Moghassemi,بزرگترین حماسه‌ی روحانی بشر.the greatest soul epic!!!
120,Zeinab Karimi,
121,Forough Shafiee,
122,poorchista,
123,Sakhi,
124,ghazal lotfi,
125,Jiwa Rasa,Matsnawi by Jalaluddin Rumi
126,Meysam,
127,Ghazaleh Kazeminejad,
128,Jawid,excellent
129,Sara Elsaeed,"بحبك يامولانا :)سأشتريه كاملاً إن شاء الله .شىء فقط ضايقنى واستغربته منه ومن أجله أنقصت نجمة وهو نظرته للمرأةنجد مثلاً "" وأنك أن تكبرت على إشاراته , تظن نفسك رجلاً , وأنت فى الحقيقة امرأة"" والأكثر غرابة "" فأول هبوط لى وآخر هبوط لى من امرأة , عندما كنت روحاً وعندما تحولت إلى بدن "" مقتطفات :- والصوفى هو ابن الوقت أيها الرفيق , وليس قول غداً من شرط الطريق .- ""ياكريم العفو ستار العيوب "" لاتنتقم منا بذنوبنا , وكل ماهو فى الكون من أشياء وكل ماهو موجود , أبده للروح على ماهو عليه .- وعندما يحن القضاء تنام المعرفة , ويسود القمر , وتصاب الشمس بالكسوف .- وما أسعده ذلك الذى عكف على الإحسان , وترك القوة وعكف على الضراعة ... فإذا كان القضاء يحط عليك بالظلمة كالليل , ففى النهاية , هو القضاء الذى يأخذ بيدك ... وإذا قصد القضاء هلاكك مائة مرة , فالقضاء نفسة هو الذى يهبك الروح ويهبك الدواء .- واعلم ان تخويفه إياك من قبيل الكرم , وذلك حتى يقعدك على ملك الأمن .- وماأكثر الظلم الذى تراه ""صادراً"" من الآخرين , وهو نيتك أنت تكون فيهم يافلان ... لقد انعكس وجودك فيهم , من نفاقك وظلمك وسوء سكرك ..... إنه أنت , وإنك توجه هذه الطعنة إلى نفسك , وفى هذه اللحظة تنسج حول نفسك خيوط اللعنة ...وأنك لاترى هذا السوء فى نفسك عياناً , وإلا كنت عدواً شديد العداوة لنفسك .- فمتى أكون أقل من حمل أو أقل من شاة بحيث لايكون هناك حارس خلفى؟ ... إن لى حارساً جديراً بملكه , ويعلم حتى الريح التى تهب على ... وإن ذلك العليم ليس غافلاً عن هذه الريح باردة كانت أو حارة , وليس غائباً عنها أيها السقيم .- إن الإدعاء يقتلع عطايا الكرم , كما أنه يجتث غصن الرحمة من جذوره .- وإن بكاء السحاب وحرقة الشمس , هما عماد الدنيا , نفس هذان الخيطان المجدولان .... ومتى كانت تعمر هذة الفصول الأربعة , إن لم تكن تلك الحرقة وذلك البكاء الأصلى ... فاجعل شمس العقل فى حرقة دائماً , واجعل العين كالسحاب , شارقة بالدمع .- إننا مقيمون فى دهليز قاضى القضاة , من أجل قضية ""ألست"" و ""بلى"" ...فإذا كنا قد قلنا له بلى على سبيل الإمتحان , فأقوالنا وأفعالنا شهود وبيان ... وإلا فلأى شىء نستسلم فى دهليز قاضى القضاة ؟ أليس لأننا جئنا هنا من أجل الشهادة؟- إن وجه النفس المطمئنة فى الجسد , تقوم بخمشها أظافر الفكر .... فاعلم أن الفكرة السيئة أظافر مليئة بالسم , وهى تخمش وجه الروح بعمق .- وكم أكلت الدسم والحلو من الطعام , فاختبر نفسك عدة أيام بالصيام – ولليال طوال صرت أسيراً للنوم , فقم ليلة واحدة , واحصل على الإقبال – ولقد قضيت أياماً طويلة فى الهزل والهذر , فامض لأيام قليلة وكن مستعداً للجهد والعمل .- وماذا تكون الروح ؟ إنها العالمة بالخير والشر , وهى الفرحة من الإحسان والباكية من الضرر .. ولما كان الوعى هو سر الروح وماهيتها , فكل من هو أكثر وعياً أقوى روحاً ... وتأثير الروح هو الوعى , وكل من لديه وعى أكثر فهو إلهى ."
130,Ali Nazari,ay qaowm-e ba hajj rafta kujaa-aid kujaa-aidoh community of pilgrims (Hajis)! where are you? where are you ?ma'shooq hameenjaast beyaa-aid beeyaa-aidthe beloved one is here. come over. come over (listen-up listen up).ma'shooq-e tu hamsaaya-e deewaar ba deewaar like a wall to wall neighbor; your beloved is close bydar baadeeyya sargashta shumaa dar chee hawaa-aid?what is it that you're wishing for; by wandering the deserts ?ay qaowm-e ba hajj rafta kujaa-aid kujaa-aidoh community of pilgrims (Hajis)! where are you? where are you ?ma'shooq hameenjaast beyaa-aid beeyaa-aidthe beloved one is here. come over. come over (listen-up listen up).gar qasd-e shumaa deedan-e aan khaana-e jaan ast if you intent to (clearly) see that cherished house (the ka'aba)awwal rukh-e aaeena ba sayqal bezidaa-aidthen first; polish away the haze from (your heart's) mirror.ay qaowm-e ba hajj rafta kujaa-aid kujaa-aidoh community of pilgrims (Hajis)! where are you? where are you ?ma'shooq hameenjaast beyaa-aid beeyaa-aidthe beloved one is here. come over. come over 
131,Tavana Asgari,
132,Hamid,آتش است اين بانگ ناي و نيست بادهر كه اين آتش ندارد نيست باد
133,Samaneh,من مست و تو دیوانهما را که برد خانهصد بار تو را گفتمکم خور دو سه پیمانهدر شهر یکی کس را هشیار نمی بینمهر یک بتر از دیگرشوریده و دیوانهجانا به خرابات آتا لذت جان بینیجان را چه خوشی باشدبی صحبت جانانههر گوشه یکی مستیدستی زده بر دستیوان ساقی هر هستیبا ساغر شاهانه
134,Sherine Shaar,"لم اشعر انه اعطى للرومي حقّه الكامل .. مرّة جديدة الترجمة لم تنفع و لكن "" احسن من لا شيىء """
135,Maryam Shahriari,
136,Siyamak_ab_z,
137,Ensieh,
138,Amany Omar,"قرأت الكتاب ويكفي أن يكون ترجمات عن جلال الدين الرومي لأعطيه 5 نجمات بمنتهى الرضا .أعجبتني الكثير من الأفكار ، لكن لم أتذوق نظم الترجمة عن الفارسية إلى أبيات عربية ، أحسست بضياع الكثير من المعاني أو ربما لأني لم أفهم كل الأبيات ولكن ما فهمته وتلقيته كان خلاباً كعادة الرومي أحببت أكثر ترجمة المقدمة والترجمة على شكل نثري مسجوع اقتبست الآتي :على الطالب العالم أن يتعلم ما لم يَعلم ، وأن يُعلم ما قد تعلم ، ويرفق بذوي الضعف في الذهن ، ولا يعجب من بلاهة أهل البلادة ، ولا يعنف على كليل الفهم "" كذلك كنتم من قبل فمن الله عليكم""أي أمر من التسليم أجمل ؟رب هارب من بلاء إلى بلاء مبين ، وفار من الثعبان إلى التنين .كم احتال الإنسان فإذا حيلته شبكة ؟ وإذا الذي ظنه روحاً تهلكه .أغلق الباب والعدو في الدار ، قد إحتال فرعون على هذا الغرارقتل هذا الحقود آلاف الأطفال والذي يطلب في داره غير مبالو يحب الحق هاتيك الجهود جهدك الخائب خير من رقوديا من جفاؤه أحلى من السعادةهذه نارك فكيف نورك ؟و هذا مأتمك فكيف العرس ؟سكران مهتاج بغير الصهباء ، يخال ذرة ذاته شمس السماء إن التمارض يمرض حتى يهلك المتمارضلا تحرك بهذه الثلاثة شفتيك ذهابك وذهبك ومذهبك إذا أفشيته لواحد فالوداع كل سر جاوز الإثنين شاع إن المشورة تهب الإدراك والرشد وكل عقل هو للعقل مدد يا عابد الصورة حتاماً بها تغر لم تخلص روحك المسكينة من الصور وجدنا ليس لغم أو سرور .لست سباحاً ولا جبت البحور لا يطوح بك في اليم الغرورأحرق العالم قوم نطقوا مغمضين العين ، بئس المنطق إن الجهد الذاهب سدى خير من النوم ."
139,Mehrdad,
140,leila,
141,sajjad pooya,
142,taha,
143,Sherwin,
144,Zeyna333435,"You really should read this awesome book! The stories are so meaningful and when you read it ,you have so many different ideas and perspectives. "
145,Fahimeh,
146,Yousef,
147,Daniel Abdal-Hayy Moore,"Again, a refreshing actually translated version of Rumi's magisterial work, the Mathnawi, which is giving me the same frisson I got from reading the Victorian Nicholson translations in the 1970s when I was just a tad. This and Mojaddedi's versified version are what we need now... and it's nourishment supreme."
148,Panthea,خدایا اصن من خر، ولی به جان ِ خودم نصف ِ شعرهاش رو میشه با ریتم ِ رپ خوند.
149,Hassannak,بهترین کتاب شعر پارسی با زبان ساده و روان بهترین حکایت ها را از این کتاب خواندم مخصوصا دفتر اول قصه شاه و کنیزک معروف به قران پارسی زبانان یا قران عجم
150,أحمد  العمدة,"مضيعة للوقت ,يقول جلال الدين الرومي في مقدمة الكتاب عن الكتاب :""هو أصل أصول الدين في كشف أسرار الوصول واليقين, وهو فقه الله الأكبر ""فإذا تصفحت ما بين طيات الكتاب وجدت ما يُحمد عليه شيخمنها التقول على الله , وعلى رسوله الكريم وتحربف لما ورد في القرأن من قصصكأن يقول أن فرعون كان يناجي الله سراً وأنه كان يؤمن بالله قراءة هذا الكتاب مضيعة للوقت "
151,morghesahar,
152,Shabani,كاول نظر به ديدن او ديده ور شدم
153,Iran,ای بسا هندو و ترک همزبانای بسا دو ترک چون بیگانگان
154,Mehdi,
155,Naser Farzinfar,
156,Shaghayegh,
157,Morteza Ghasemi,
158,vahid paolo,
159,Afshin,
160,Ahmed,مثنوي ….. مولانا جلال الدين الرومي(6أجزاء)بعض الكتب تلهم أرواحنا وتملأها حتى تفيض،وتدير عقولنا وتفتح لنا آفاقا جديدة مختلفة،هي تلك الكتب التي لو لم تقرأ غيرها لكفت وتتمنى الموت بعد أن تقرأها لأنها من الكتب التي تكتب حسن الختام،الكتب التي لأجلها قُدس القلم وما يسطره،لأن ما يكتبه ليس مجرد كلام يصبح هباء،بل حروف من نور سُطرت بنور.مولانا الرومي(رضي الله عنه وقدّس روحه) ينقل لنا تجربة حياته التي أفناها في البحث والحب،يبحث عن خلاص الروح وراحتها،يبحث عن السر والأصل لعله يهتدي ويدي وقد كان، ولحبه للبشر أراد أن يُبصرهم وينير لهم الطريق الذي استهلك منه عمره كله.مولانا يخاطب أرواحنا التائهة وقلوبنا المظلمة بألفاظ كالحرير في نعومته ومتانته،فيسرد لنا ويحكي ويشرح ويحلل ويخطب وينادي لعله يجد مستجيب فيرد النداء،فروحه حاضرة في كل سطر وكل حرف من حروف الكتاب.المهم:نحن أمام كتاب شعر قديم،أفنى فيه مؤلفه عمره كله ولكنه لم يكن إنسان عادي فكان ما كتبه غير عادي أيضا، ولأنه ليس بالعربية وقرأته بالعربية فلن تجد فيه جرس الشعر المعتاد ولكنك ستجد الإلهام البشري المقدس في أسمى صوره.6 أجزاء، كل جزء عضو حي يتناسق مع البقية ليكون كائن متكامل لا ينتمي إلى العالم البغيض بل ينتمي إلى الكون السامي الفريد. 6 أجزاء عن الإنسان، أفعاله وتصرفاته،حقوقه وواجباته،حبه وبغضه،طهره ودنسه،علوه وتدانيه،فنتءه وخلوده،حريته وجبره،روحه وبدنه،كل ما يحيط به، كل ما يؤثر فيه ويتأثر به. هو كتاب الإنسان.الجزء الرابع والخامس هما الأفضل، الأول يتحدث عن كمال الإنسان وكينونته، والثاني هو جزء الحرية، أما السادس فهو عن الطغيان والظلم، والجزء الثالث يتجلى الرومي فيتحدث عن الفناء والخلود، أما أول جزأين في السداسية العظيمة فهي ديباجة مذهبة عن الإنسان ككل.
161,Yeganeh Gh,
162,عمرو عبدالحميد,"التشبيهات والاسقاطات تحفة أدبية, بعيداً عن تكرار الأفكار والإطالة فهو جميل جداً."
163,amin,
164,Ramatia,
165,Mahdi soltani,
166,Maryam ghiasi,
167,Hadiseh,
168,Hamed jafari,واسه من كه خيلي سنگين بود تصميم گرفتم برم اول لب لوباب رو به خونم بعد دوباره بر گردم سراغش
169,Afsaneh Hasanzadeh,
170,M Sabour,
171,An Pinatih,same
172,Narges,
173,Ali Jamal,كلما احتاجت روحي الى غذاء وناشدتني جروحها بدواء ... أجد روح الرومي تنتظرني .. فاتحه جناحيها تناديني ... لتطير بي الى عالم اخر .. حيث للروح قيمة .. حيث الجمال وانسانية البشر غاية .. كم تمنيت ان اتقن الفارسيه .. ليس لشيء سوى لأقرأ المثنوي بلغة الرومي نفسها .. ابراهيم الدسوقي حاول جهده بالترجمه .. لكن هكذا تحفه ابداعية تفقد الكثير من جماليتها بالترجمه ...
174,yaraa,
175,zizoo,
176,hoda raoof,
177,attefeh,
178,Naseer Ahmad,i like him 
179,Rashin Zahedi,
180,Ümmühan Sahin,"Gönül iniltisi, aşkın şahididir.Gönül hastalığından beter bir hastalık yoktur.Aşk bütün hastalıklardan ayrıdır.O, hak sırlarının usturlabı oldu.Aşk, her iki taraftan da yücedir.Neticede o, aşıka rehber oldu.Aşkı her ne şekilde açıklasam da, anlatsam da Onu tarifte dil (insan) dilsiz kalırKalem, gerçi herşeyi yazar ama, aşka gelince başı döner.(1.Cilt-110)"
181,Hamed Mohamadkhani,این کتاب بی شک یک معجزه مکتوب است و به قول دکتر شفیعی کدکنی، بزرگترین حماسه روحانی تاریخ بشریت استمثنوی تنها دیوان شعر فارسی است که به ظاهر با نام خدا آغاز نمی شود، و به ظاهر نا تمام رها می شود. در واقع متفاوت ترین اثر منظوم در زبان فارسی است.و حیرتمان وقتی افزون می شود که بدانیم تمام این اثر سترگ و تکرارنشدنی تاریخ بشر در یک فرآیند الهامی سروده شده است و معانی بلند موجود در آن مانند سیلابی بر روح و جان مولانا گذر کرده و بیان شده و شاگردان وی آن را کتابت کرده اند، و خود مولانا فقط 18 بیت اول مثنوی را نوشته است و باقی را در مجالس مثنوی خوانی، فی البداهه خوانده و دیگران نوشته اند.در خصوص تصحیح دکتر سروش هم باید گفت که تسلط بی چون و چرای ایشان بر مثنوی و دیوان شمس و به طور کلی با روح کلام حضرت مولانا، باعث می شود این تصحیح که خود بر اساس معتبرترین نسخه یعنی نسخه قونیه انجام شده است، نزدیکترین نسخه مثنوی به کلام مولانا باشد
182,faezeh,
183,Kamyar,
184,Araz,
185,sholeh,
186,Chiman Saeedi,perfect
187,Mahdi,
188,Bahman,چون به بستاني رسي زيبا و خوش * بعد از آن دامان خلقان را بكش
189,Ata,
190,Tarek Abo Shama,جلال الدين الرومى يكتب كلاماً لا يُقرأ بالعين ولا بالفم ، نصيحة إذا عزمت على هذا ا الكتاب أن تترك المهمة لروحك لتستخرج ما فيه ، قرأته فى مكان وزمان خاطئ ولا يليق به ، لأنها فترة إمتحاناتى ، والمكان كان فى غرفة الدراسة بالبيت ، هذا الكلام لا يُقرأ فى هذا المكان ولا هذا الزمان ، لكن روعته لم يقف أمامها أى شئ ، وإستخراج المعانى كان سهلاً وصعباً فى نفس الوقت ، وأعلم أن هناك مالم أستخرجه ، وعزمت على النظر فيه بين الفينةِ والآخرى ..
191,Farzad Hasan Zade,
192,Maryam,
193,Nassrin Azaran,
194,laila,
195,Kebrit !!!,ما سمیعیم و بصیریم و هشیم/ با شما نامحرمان ما خامشیمخامشیم و نعره تکرارمان/ می رود تا پایتخت یارمان
196,Hanieh,
197,Ramin yousefi,
198,Elmira,
199,Mohamad,
200,f. ,
201,Samin,
202,Mani Pashaei Rad,
203,Mohammad ghaderi,
204,zeinab m,
205,Hamid Reza,
206,Cyrus,
207,Civilized308,اي برادر تو همه انديشه ايمابقي خود استخوان و ريشه ايگر بود انديشه ات گل،گلشنيور بود خاري،تو هيمه ي گلخني
208,Farrah Muthrafah,
209,Walid Elalfy,كتاب رائع وترجمه جميله يمنك افضل ترجمه لاعمال الرومى ..بس المشكله الوحيده ان القصص مكنتشى بتكمل الا بعد فتره وبعد سرحان فى الحكم والامثال ...سارعوا باقتنائه موجود فى فروع الهيئه العامه للكتاب اصدارات مختصر التراث بسعر 8 جنيه 
210,Rikza Hakin,"buku yang bagus dengan isi yang teramat dalam, tapi sepertinya butuh waktu dan tambahan ilmu bagiku untuk bisa menikmati buku ini.."
211,Meghdad,
212,helia,
213,Mehdi m,گفتست که تو در چنگ منی ... من ساختمت چونت نزنم
214,Amir Soleimani,اخیرا در یک گروه مثنوی خوانی در کنار یارانی همدل شروع کردیم بخواندن مثنوی.هفته ای چند صفحه.امن پیشتر تجربه مطالعه گروهی رو نداشتم. بهتون توصیه میکنم شما هم تجربه کنبد.حد اقل در مورد مثنوی که کار جذابی از آب در اومد.
215,anggun cakti nugrahenny,to fixed attitude
216,arian ab,
217,mehdi,
218,Mamali,شرح جامع مثنوی معنوی
219,Ahmad,
220,Amir,
221,chakameh,
222,Farhad,
223,Naqibullah,معلومات در مورد مولانا 
224,rahaa,
225,Kaveh,
226,محسن,بهترین شرح موجود برای مثنوی
227,Shahrooz Reisy,Don't miss it guys
228,Mohammad derakhti,
229,Bita,
230,Atiieh Rostami,
231,~*~shiva~*~,
232,aysa,
233,mohammad asgari,
234,hagar,
235,Zee1,Although I can't find the edition I read.. which was translated into Urdu.
236,Greenoha,"guys , any information about an Arabic version for the boook ""Masnavi "" ?حد يعرف منين و فين و ازاي ، و هل يوجد _اصلاً_ ترجمه عربية لكتاب المثنوي ؟؟"
237,payman,
238,Rejeki,
239,Hamid khalaji,مثنوی کتابی است که آیین زندگی عارفانه را به انسان می آموزد.هرچه این کتاب را می خوانم بیشتر شیفته اش می شوم.
240,Erfaan Kheirandish,"The content of this book is beyond one phase of of life of any reader. It's one of the most doable manual for life, though its fame may tell otherwise. It's a must read for anybody in any age. "
241,Majid Yazdan Parast,
242,Arsham hassanpour,
243,Farhad Bahram,
244,cristiano,
245,یوحنــــا,
246,Nasser,
247,Zari,فعل و قول آمد گواهان ضمیرزین دو بر باطن تو استدلال گیرچون ندارد سیر سرت در درونبنگر اندر بول رنجور از برونفعل و قول آن بول رنجوران بودکه طبیب جسم را برهان بودوآن طبیب روح در جانش رودوز ره جان اندر ایمانش رودحاجتش ناید به فعل و قول خوباحذروهم هم جواسیس القلوباین گواه فعل و قول از وی بجوکو به دریا نیست واصل هم‌چو جو
248,Farshad Palideh,
249,Akbar,
250,Dana,بمیرید بمیرید در این عشق بمیرید
251,Meisam Zad Hosseini,
252,لیلا ملکی,بال بازان را سوی سلطان بردبال زاغان را به گورستان بردبیش از این چه میشه گفت؟
253,samira darabi,
254,manoo Ela,
255,Ehsan,تن
256,Farnaz,
257,Shokufeh شکوفه  Kavani کاوانی,بشنو از نی چون حکایت میکندوز جداییها شکایت میکندوز نیستان تا مرا ببریده انداز نفیرم ؛ مرد و زن نالیده اند.
258,Miad,
259,mehrdad,
260,Zahra Yousefi,
261,mohamad,
262,Kareman Mohammad,"الكتاب الاول من المثنوي الكتاب عبارة عن ثلاث أجزاء , الجزء الاول عن حياة الرومي مولده ونشأته وهكذاالجزء الثاني وهو الأهم هو نص المثنوي هو عبارة عن مجموعة من القصص كل قصة داخلها قصص تخدم نفس القصة ويرجع للقصة الأصلية , الهدف من كل قصة توصيل هدف أو صفة أو للتخلي عن صفة تحدث عن الكبرياء والغرور وإتباع الاشخاص الخطأ لمجرد المظهر وسمو النفس واتباع الحق والله وهكذا ممتع جدا وعميق البعض مفهوم والبعض غير مفهوم لذلك الجزء الثالث وهو شرح لنص المثنوي إما عن طريق توضيح المغزي من الكلام أو إرجاع القصة لشبيه لها في كتاب سابق أو مرتبطة بقصة في جزء آخر للمثنوي .الكتاب يُخاطب القلوب فمن لا يملك قلب ويريده عليه بالقراءة ولكن من لا يهتم بالقلب فلا يقرأ !مما أعجبني ... وهو كثير جدا جدا جدا • كن جليساً لأهل المعني حتي تجد العطاء , فالروح الخالية من المعني هي بلا شك في هذا الجسد كأنها السيف الخشبي في الغمد , ما دام في غمده يكون ذا قيمة وعندما يخرج من غلافه يورد صاحبه موارد الهلاك !• إن لحظة واحدة من صحبة الأولياء أفضل من مائة سنة من الطاعة بلا رياء , فإن كنت صخرة أو حجر مرمر عندما تلحق بصاحب قلب تصبح جوهراً , فاغرس حب الأطهار في سويداء الروح ولا تمنح القلب إلا نورهم الذي يرضي الروح , ولا تمضي نحو حي اليأس فهناك آمال , ولا تمضي صوب الظلمة فهناك شموس , والقلب يجذبك نحو حي أهل القلب, والجسد يجذبك نحو سجن الماء والطين,فهيا أمدد القلب بالغذاء من شريك القلب وأمضي واطلب الإقبال من أحد المقبلين• إن صنم نفوسكم يعد أم الأصنام , فالصنم حية لكن صنم النفس تنين , الصنم كماء كدر مختف في الإناء أما النفس فاعتبرها منبع الماء الكدر !• عندما يريد الله أن يهتك ستر أحد يجعل ميله إلي الطعن في الأطهار , وإذا أراد الله أن يستر عيب أحد فإنه قليلا ما يتحدث عن عيوب من بهم عيوب ,وعندما يريد الله أن يمد إلينا يد العون يجعل ميلنا نحو الضراعة . فما أسعدها تلك العين التي تكون باكية له , وما أعظمه ذلك القلب الذي يكون محترقاً به . وإن آخر كل بكاء يكون ضحكاً , والرجل الناظر إلي العاقبة عبد مبارك , وحيثما يكون ماء تكون خضرة , وحيثما يكون دمع جار تكون رحمة !• هذه الدنيا سجن ونحن سجناء , فانقب السجن وخلص نفسك , وما هي الدنيا ؟! هي الغفلة عن الله .• تظهر الخفايا من ثم بأضدادها , ولما كان الحق لا ضد له يظل خفياً !• بضد النور إذن عرفت النور , فالضد يبدي ضده عند الظهور ... وليس لنور الحق ضد في الوجود , حتي يمكن لك أن تدركه بضده , فلا جرم أن أبصارنا لا تدركه وهو يدركها , وشاهد هذا الأمر بموسي والجبل !• واللقمة التي تزيد النور والكمال هي تلك المجلوبة من الكسب الحلال , والعلم والحكمة يتولدان من اللقمة الحلال , والعشق والرقة يتأتيان من اللقمة الحلال , وعندما تري من اللقمة الحسد والفخ ويتولد منها الجهل والغفلة فاعلم أنها حرام . فهل زرع أحد قط قمحاً وحصده شعيراً ؟ وهل رأيت فرساً ولدت جحشاً ؟!  واللقمة هي البذرة وثمارها الأفكار , واللقمة هي البحر ودرها الأفكار , ومن اللقمة الحلال في الأفواه يتولد الميل الي العبادة.• وكل من يعبد الجسد لم يظفر بالروح . • يا أيها الحاج أطلب رفيقاً حاجاً مثلك , هندياً كان أو تركياً أو عربياً , لا تنظر إلي صورته أو الي لونه بل انظر إلي عزمه وإلي مقصده , وإن كان أبيض ولكن لا هدف له فانفصل عنه فلا لون لقلبه .• عندما تسقط البراعم تطل الثمار , وعندما يتحطم الجسد تطل الأرواح .• عندما تدق باب المعني يفتحون لك فاخفق بجناح فكرك , يجعلون منك صقراً ملكياً ,, ولقد صار جناح فكرك ثقيلاً ملوثاً بالطين , ولأنك آكل للطين صار الطين بالنسبة لك كالخبز . فالخبز واللحم كلاهما طين فقلل من أكلهما حتي لا تبقي كالطين ملتصقاً بالأرض , وعندما تجوع تصبح كلباً حاداً سئ المعشر سئ الجبلة , وعندما تشبع تهمد كالميتة , تصبح غافلاً معقود القدم كأنك جدار . إذن فأنت في لحظة ميت وفي لحظة كلب , فكيف تقوم بالخطو الحاسم الحلو في طريق الأسود ؟! فلا تعتبر الكلب إلا أداة لصيدك وألق العظام للكلب نادراً ! ذلك أن الكلب إن شبع تمرد , فمتي يسرع خفيفاً نحو الصيد والقنص !"
263,روائع الكتب,رابط لتحميل مثنوي ال 6 اجزاء http://goo.gl/iVNNHN
264,Aberjhani,
265,Zohre khani,
266,tourajnakhoda,
267,Hashem,
268,Faegheh Hooman,
269,Matteen,The masnavi is one of the greeatest books I have ever read. The translation is abridged and leaves out some of the very interesting stories. Nonetheless it is a good translation.
270,sara,
271,Azin,
272,Farnaz shahidsaless,
273,afsane sadeghi,
274,Reyhaneh,
275,Sepideh,تا در طلب گوهر کانی کانی. تا در هوس لقمهٔ نانی نانی. این نکتهٔ رمز اگر بدانی دانی. هر چیزی که در جستن آنی آنی. مولانا********************************************روزها فکر من این است و همه شب سخنمکه چرا غافل از احوال دل خویشتنم؟از کجا آمده ام؟ آمدنم بهر چه بود؟به کجا می روم آخر ننمایی وطنممانده ام سخت عجب کز چه سبب ساخت مرایا چه بوده است مراد وی از این ساختنمجان که از عالم علویست یقین میدانم رخت خود باز برآنم که همانجا فکنممرغ باغ ملکوتم نیم از عالم خاکچند روزی قفسی ساخته ام از بدنمای خوش آن روز که پرواز کنم تا بر دوست به هوای سر کویش پر و بالی بزنم کیست در گوش که او میشنود آوازمیاکدامیست سخن میکند اندر دهنمکیست در دیده که از دیده برون می نگرد یا چه جانست نگویی که منش پیرهنمتا به تحقیق مرا منزل و ره ننمایی یکدم آرام نگیرم نفسی دم نزنممی وصلم بچشان تا در زندان ابد از سر عربده مستانه بهم درشکنممن به خود نامدم این جا که به خود باز روم آن که آورد مرا باز برد در وطنمتو مپندار که من شعر بخود می گویم تا که هشیارم و بیدار یکی دم نزنمشمس تبریز اگر روی بمن ننمایی والله این قالب مردار بهم درشکنم
276,Zahra peymani,
277,Shiva,
278,Parisa khorram,
279,Taghreed Jamal el deen,"الكتاب اللي قرأتو هو جزء صغير جدا من المثنوي ( حوالي 1500 بيت ) وحسب ما عرفت أبيات المثنوي كاملة هيه تقريبا 25000 بيت ،الترجمة كانت سيئة وعباراتا مفككة وأكيد ما وصلت المعنى ،القصائد بتحكي قصص خيالية بتهدف من خلالا لتوصيل عبرة ما ، بس برأيي لو انروت هي القصص بطريقة سردية بعيدا عن الترجمة الحرفية كان أفضل بكتير ..ما حسيت أني استفدت شي من قراءتو ، ما بنصح فيه "" إلا إذا كانت الترجمة أفضل """
280,Hobot,
281,Mehrbanoo,اشعار عرفاني با روايت داستاني
282,Ramy Fouad,إقتباسات المثنوى : ولا يستطيع غرٌّ أن يدرك حال من أنضجتهم التجارب ***وكيف يكون لى عقل يدرك ما أمامى وما ورائى ، حينما لا يكون نور حبيبى أمامى وورائى ؟ ***إن العشق الذى لا يكون إلا من أجل نضارة اللون ليس بعشق وعاقبته سوء السمعة والعار ***إن هذا العالم سجن لأرواحكم فتنبهوا ، وسيروا نحو تلك الناحيه ، فهناك أرضكم الرحبه ***فإذا بقيت فى سكر مادى ، فأنت بعيد عن السكر الروحى .وإن ظللت ثملا بالمادة فأنت أعمى عن كأس الروح ! ***فممن نفر ؟ أمن أنفسنا ؟ هذا لهو المحال ! وممن نختبئ ؟ أمن الله ؟ ذلك عين الوبال ! ***ولقد خلق الله الألم والحزن حتى تتضح لك سعادة الفلب بضدها ***فيا من تستمع إليّ ! كم من ظلم تراه فى الناس ، وما هو سوى طبعك ، وقد رُكب فيهم . ففيهم قد انعكس وجودك ، بنفاقك وظلمك وقبيح غفلتك . ***فيا إلهى يا رب العطاء والوفاء رحمة بعمر تقضى فى الجفاء والعصيان ***وعبد الشهوة - عند الحق - أسوأ من العبيد والغلمان المسترقين .فالعبد المسترق يصبح حرا بكلمة واحدة من سيده ، وأما عبد الشهوة فيحيى حياة حلوه ، ويموت ميتة مرة ! ***لم تعجبنى الترجمة كما لم أقرء شروح المثنوى فى نهاية الكتاب 
283,Nunu,whirling.. with the universe..
284,Behdokht,
285,Fahime,
286,mona,
287,Nadereh,
288,maryam,
289,Parvaneh.fn,
290,Hessam, be khoda az in behtar chi mikhay
291,Hadi,
292,Bahador,
293,Navid.n,dar andaroon mane khastedel nadanam kist ke man khamooshamo ou dar faghano ghogha
294,Fatma Ferah,this is my holly book.
295,ilya,
296,zahra,
297,Majed Taheri,
298,Manizheh,زیباو پرمحتوا
299,Shahrzad,
300,Maryam Golpayegani,
301,PaҰaM,"A masterpiece,the complete works of Molana which is mostly about Sufi mystisicm."
302,Maral,
303,Safoura Gh,
304,Azin Naderi,
305,هادی نیلی Hadi Nili,
306,SAba .S,
307,ثمانه,
308,Saman,Molanaey Ruum! I love to read. Masnavi in Urdu language. Delighted to have it in paperback last night..
309,Shahryar Rahmani,yek dahan khaham be pahnaye falak ta begooyam sharhae an rashke malak !!!!!
310,Ali adami,مولانا زبان گویای تصوف و عرفان اسلامی و از این مرد چیزی جز شناخت نمی توان آموخت
311,Sheri n,
312,komeil moradi,
313,Mostafa Ghavidel,
314,ghazal,
315,Ahmed Shahm,Book of life .. that's all .
316,nasim,
317,Hasti,
318,kia,
319,Saba,
320,mojgan,
321,Amootsh,جسم خاک از عشق بر افکلاک شدکوه در رقص امدوچالاک شد
322,mansoureh,
323,Chnoor,
324,Mina,
325,Sepehr rakhshande,
326,Alireza,
327,Siamak Rezagholibeiki,
328,Saman Rassaei Kashuk,
329,Tanhatarinmard,
330,elman,
331,hasan heydari,بلی
332,Qasim,كيف نفهم الروحانيات بلا استعارات؟ملحمة شعرية ملآى بالعبرة والمعاني السامية، دروس في العرفان الإلهي تشحذ الروح وتجردها من أية اعتبارات مادية، وبخلاصها من قيد المادة الدنيوية تسمو وتسمو إلى نقطتها النفسية تسبق الضوء.
333,Mohammad Ali,
334,Doddie,great book
335,Mona,
336,Najme Ghanbari,شيدايي در عين انسجام. نظام مندي!
337,Novanka Raja,"This books is awesome! Thanks, Guru!"
338,Fdfn2,
339,Surrealist,
340,Selin Kamaş,İlk önce neden 3 yıldız verdiğimi açıklamak istiyorum. Nedeni bazı hikayelerin gerçekten çok iyi olması ama bazı hikayelerinde o oranla çok kötü olması. Genelini şöyle düşündüğümde gerçekten iyi hikayeler var. Ama bazı hikayelerdeki ana fikirler beni rahatsız etmedi desem yalan olur. Özellikle ilk ciltlerde kadınlar cidden değersiz varlıklar gibi gösterilmişti. Ki feminist bir insan da değilim :D Her neyse bitirdiğim de vay be oldum... Etkileyici bir yapıt... Bu tür eserleri okuyanlara önerebilirim :)
341,Zahra,
342,bahar,
343,negar namvar ,
344,Hassan A. Nemati,
345,Khaled,مستوي مختلف من الكتابه للانسان البحث عن قصص ليست كالقصصص والبحث عن كتابات ليست كالكتابه العاديه افاق مختلفه من وجهات النظر 
346,يوسف أبو هندية,لقد حصلت على جزء من الأجزاء الستة للكتاب .. مرحي :D
347,Mahdis,
348,Nazanin Kazemi,
349,hoda sajadi,
350,Ali Reza,
351,Hasan Hasan,لله درك يا جلال الدين..ما هذا بشرا..
352,Pejman,
353,Pouriya,
354,Mahsa,
355,Nasibeh Sayfi,نوروز بمانيد كه ايّام شماييد!آغاز شماييد و سرانجام شماييد!آن صبح نخستين بهاري كه ز شاديمي آورد از چلچله پيغام، شماييد!آن دشت طراوت زده آن جنگل هشيارآن گنبد گردننده ي آرام شماييد!خورشيد گر از بام فلك عشق فشاند،خورشيد شما، عشق شما، بام شماييد!نوروز كهنسال كجا غير شما بود؟اسطوره ي جمشيد و جم و جام شماييد!عشق از نفس گرم شما تازه كند جانافسانه ي بهرام و گل اندام شماييد!هم آينه ي مهر و هم آتشكده ي عشق،هم صاعقه ي خشم ِ بهنگام شماييد!امروز اگر مي چمد ابليس، غمي نيستدر فنّ كمين حوصله ي دام شماييد!گيرم كه سحر رفته و شب دور و دراز است،در كوچه ي خاموش زمان، گام شماييدايّام ز ديدار شمايند مباركنوروز بمانيد كه ايّام شماييد....! 
356,Ahmad.Chali,همه کتابهارو بخونی این یکی رو نخنونی یعنی هیچی نخوندی.مثنوی معنوی رو بخونی و بفهمی دیگه هیچ کتابی نخونی چیزی از دست ندادی
357,reza,
358,reihaneh,
359,Najmeh Moj,
360,Leila,
361,kianoosh,
362,Khalid Almoghrabi,قبل قراءة الكتاب تصورته مثل رباعيات الخيام ولكن للأسف هو عبارة عن قصص - اشبه بكليلة ودمنة - تروى على لسان الحيوان والانسان وطابعها غيبي بأثبات علم الله أو لتثبيت قضية غيبية أو لتثبيت حكم اخلاقي.
363,Saboor,i want to read this book
364,Gela Tevzadze,"The most comprehensive literary piece on Sufi mysticism, the Whinfield translation is widely acknowledged as the best so far. A great ""introductory course"" before tackling scholarly articles on Sufism (i.e., ""Fundamentals of Rumi's Thought"" by Sefik Can, ISBN: 1932099794), and immensely enjoyable to read!Also available on www.omphaloskepsis.com/ebooks"
365,معتز عناني,"

قران بهلوي او قران الفارسية Whirling Dervishes صوفية الذوق والتصويرصوفية الفكر والتحليل لا صوفية الطرق ، والأورادلأن المثنوي هو مصطلح يقصد به ثنائية العقل والمادةاو الروح والجسدوقد كتب في المثنويات ثلاث من الأكابر1. سنائي الغزنوي2. فريد الدين العطار3. جلال الدين الرومي--------------------------------------------------------------شهرة الكتاب أكبر مما لاقيتهوربما يكمن الخطأ الأكبر في أن الكتاب مترجم بشاعريةوليس بشعرية لأن النص الأصلي شعر والنص المترجم نثر فهو في أحيان راقي وفي أحيان مثير للملل* ينصح بقراءته بالانجليزيةRecommended to be read in English not ArabicThe Masnavi: Book One*ينصح بقراءته مع سماع تلك المقطوعةRecommended to be read while listening to ٍzymanowski , 3rd sympohny Song of the Night

التناولمولانا محمد بن حسين بن بهاء البلخي لنسبته الى مدينة بلخ في فارس سافر الى قونيا في صغره وعاش ودفن هناك وسمى بالرومي لملازمته الحكام السلاجقة الأتراك اي بلاد الأناضوليتنتهي الجزء الأول عند وفاة زوجة تلميذه حسام الدين على ما يبدو ، لأنه تعكر من الكتابة ولم يعد صافيا، فعليه ان يأخذ وقتا عليه ليسرتيح من الألم وليعود صافياًملاحظة 1. المولوية هي طريقة صوفية ، تعتمد على الرياضة (مقاومة الانسان لحركاته ورغباته )الحركية ، هدفها اهلاك الجسم حتى تتنحى المادة ويسيطر الروح على العاشق، لتبدأ مرحلة الفناء في المعشوق2. بعض كتابته تشابهت مع كتاب محمد بن عبد الجبار بن حسن النفري3. كتابات الرومي قبل الأربعين تختلف كلياًً عن ما بعد الأربعينعندما اشتعلت نيران الحب في صدرياحرق لهيبها كل ما كان في قلبي فازدريت العقل الدقيق والمدرسة والكتابوعملت على اكتساب صناعة الشعر ، وتعلمت النظممأخذ 1. تداخل القصص بحكم ، ثم الانتقال لفكرة اخرى ، ثم العودة مرة أخرى ، طريقة تفقد القارئ التسلسل السليم لأحداث القصص التي يرويها مولانا2. استحل مولانا جلال الدين الرومي دماء الكفار للسهام والرماح ، ونساؤهم وأولادهم كلهم سبى حلال ، ذلك لأنهم مستوحشون نافرون من العقل الجليل . فالعقل الذي يفر من عقل العقول ، ينتقل الى مرتبة التعقل الى مرتبة الحيوان. صفحة 3833. ضعف مستوى الثقافة العلمية في تلك الفترة تتضح في الكثير من القصص المغلوطة علمياً التى أثرت على كتابته ، وجعلته يقتبس قصص غريبة مثل قصة مسخ المرأة التى أصبحت كوكب الزهرة ، راجع صفحة 583 اقتباسات وجمل محورية1. فلا ترتعد فوق حصان الجسد، وسر مسرعاَ على قدميكفان الله يهب جناحين لمن تخلى عن حصان الجسد2. انك لو اردت أنتغترف البحر بكوز فهل يسع هذا الكوز أكثر مما يكفيك يوماَ واحداَ(ملاحظة شخصية عن الصلاة يومياً)3.ان سوء الظن والحرص أمام مائدة العظيم كفر4. ذلك لأن عشق الموتى لا دوام له، فالميت ليس بعائد اليناأما عشق الحي فيبدو للروح والعين في كل لحظة أنضر من الزهر5.ان الطفل يرتعد أمام ابرة الحجام ، ولكن الالم المشفقة يسعدها مثل هذا الألم( ملاحظة عن ثقافة الألم والظلم )6. فلو تشابهت الصورتان فذاك جائز ن فالماء الملح والماء العذب شبيهان في الصفاء !وليس يدري الفرق بينهما سوى صاحب ذوق ، فأدركه ، فهو الذي يعرف الماء العذب من الماء الملح7.وصحة حس الدنيا تجئ من سلامة البدننوأما صحة حس الدين فتاتي من خرابهوان طريق الروح يخرب الجسم، ولكنه يعود فيعمره بعد هذا التخريبفهو كمن-خرب دارا من اجل كنز من الذهب ، ثم زادها عمرانا بذلك الكنز ذاتهأو كمن قطع الماء وطهر مجرى النهر ، ثم عاد فأجرى ماء الشرب فيه8.ان الطائر يحلق في السماء وظله يجرى على الأرض مرفرفا كانه طائروالأبله يسعى لصيد ذلك الظل، فيعدو وراءه حتى تنفذ قواه9.فأينما وجد الماء الجاري ، وجدت الخضرة ، وحينما وجد الماء المنهمر وجدت الرحمةفكن مثل الساقية باكياً مبتل العينين حتى تنبت خضرة في رحاب روحكوان اردت الدموع ن فرفقاَ بمن تفيض من الدموع ، وان اردت الرحمة فارحم الضعفاء10.فالسيد عندما يضع الفأس في يد عبده يتضح مراده دون حاجة الى القول11. ان العلم خاتم ملك سليمان ، فالعالم كله صورة والعلم هو الروح12. وان أنت تنفست في وجه المراة لتجلو صفحتها فسرعان ما تصبح مظلمة أمام أعيننافعليك بالاقلال عن أمور ثلاثة ، ذهابك ، وذهبك ، ومذهبكفلو أخبرت بسرك رجلاً أو رجلين فوداعاَ له ، فكل سر جاوز الاثنين شاع13.اسم احمد هو اسم جميع الأنبياء ، فعندما يصل العدد الى المائة تكون التسعون معنا14. فكل من كان عاقلا اختار قاع البئر ، ذلك لأن صفاء القلب في الخلوة15. كل من خاف الحق واختار التقوى ، تهابه الانس والجن وكل من يراه16. قوله عليه الصلاة والسلام : ان سعداً لغيور ، وأنا أغير من سعد، والله أغير مني ، ومن غيرة الله حرم الفواحش ما ظهر منها وما بطن17. بائع العبيد حين يعرض للبيع عبداً (صحيح البدن) ينزع عنه الثياب التى تغطي العيوب فان كان به عيب ، فمتى ينزع البائع عنه الثياب ؟انه يخدع المشتري بالثياب(ملاحظة عن الاختبار )18. ان الماءيغلب النار بانطلاقه ، ولكن النار تجعله يغلي حين يكون منحصراَ(النار هي الشهوات)19. وما يكون في أحد المواضع سماً قد يكون في موضع اخر دواء ، ومايكون في احد المقامات كفراَ قد يكون في مقام اخر مباحاً20.ومعنى الاية ، يا ب لا تعظ احدا سواي هذا الملك ولا تلك القدرةفلتقرأ سر ولا ينبغى بروحك ولا تفهم سر من بعدي على انه من بخل سليمانلكنه رأى في الملك مائة خطر، فملك الدنيا كان دائماً خطراً على الحياة21.صبر السائل كمال، وما صبر الكريم فنقيصة22. حينما ظهر النقصان والعدم ، كانا مراة الجمال لك فن وحرفةز كيف يظهر فن الحائك اذا (قدمت له) ثوباَ نظيفا جيد الحياكة 23. عن الصلاةوقضاء الفرض ، كلام ذوقي صفحة 386 388 387_________________________________________________________________من شروح المترجم وتعليقاته24.المؤمن بالارادة الاليهية تكون روحه مقترنة بمفهوم عبارة ان شاء الله ،وهو سواء نطق بهذه العبارة أم لم ينطق بها،فان أعماله تكون مبنية على هذا الاعتقاد25.يرى الصوفية ان هذا العالم خيال. ويربط الجيلي في كتابه الانسان الكامل بين هذه الفكرة وبين حديث مروى عن الرسول نصه: الناس نيام فاذا ماتوا انتبهوا26.الفناء الصوفي هو التخلص من الذات الانسانية ن والاتحاد بالذات الالهية . وهو يختلف عند الصوفية عن عقيدة نفي الذات عند الهنود ، وتعرف هذه بالنرفانا. فالفناء عند الصوفية المسلمين حالة ايجابية قرينة في مدلولها بالبقاء ،فالانسان يفنى ليبقى ويخلد27.لو تجلت حقيقة الذات الالهية لانسان لما استطاع الصمود أمامها. ومن أمثلة ذلك بالنسبة للجماد قصة جبل الطور الذي اندك حين تجلى عليه الخالق28. التوكل حال النبي ، والكسب سنته، فمن بقى على حاله فلا يتركن سنته..القشيري29.اذا قرأت القران بدون أن تمتزج روحك بمعانيه فأنت كمن شاهد الانبياء ولكنه اكتفى بالمشاهدة فلم يهتد بهديهم ولم يعمل على سلوك سبيلهم الذي دعوا اليه30. ان الدين كان وسيلتنا للخلاص من أسر المادة . ولا سبيل سواه يؤدى الى هذا الخلاص31. الظالم من يظلم غيره والظلوم من يظلم نفسه32. خلاصة قول ابن عربيأن كل نبي ورسول ولي، وليس كل ولي نبياً. وجانب الولاية في النبي او الرسول أعلى واكمل من جانب النبوة او الرسالة33. سئل رويم بن الاحمد عن التوبة فقال : التوبة هي التوبة من التوبة34. يسأل الأعرابي امرأته قائلا : هل تزينت ذات يوم من أجل رجل أعمى ؟ وهذا استفهام انكاري يرمز لى ان الأسرار الالهية لا تنكشف الا للقلب المهيأ لها ، القادر على ادراكها35. فالصلاة مثلا لها مدلولها الروحي ، ولكنها أيضا تتم بصورة معينة . وعاطفة المحبة بين الناس يمكن التعبير عنها بصورة مادية ، كتبادل الهدايا(ملاحظة عن الصلاة) 36. اذا لم تكن من العارفين المدركين لطريق الروح ، فافعل عكس ما تطلبه نفسك الحسية ، واذ ذاك تكون ممن لزموا قصد السبيل37. ألا كل شئ ما خلا الله باطلاً وكل نعيم لا محالة زائللبيد بن ربيعةكتب ومراجع ذكرت يٌنصح بقراءتها1. اللمع في التصوف .. ابو سراج الدين الطوسي
2. اسرار الذات ،محمداقبال ، اسرار خودي
3.unesco collection of representative worksمجموعة كتب تنشرها اليونسكو للتعريف باداب الأمم المختلفة4. الانسان الكامل .. الجيلي
5. رسالة القشيري
6. مشكاة الانوار الغزالي
7. فصوص الحكم بن عربي
"
366,mehrnoosh,
367,Mostafa,
368,Mohammad Darabpour,
369,Komeyl Pouya,
370,Saba km,
371,ghazaleh,
372,Faezeh,
373,Bheem Raj,i like molana rumi
374,Milad  Zarinfar,
375,Aaron,
376,Azade Sadeghi,
377,makan,
378,Tirdad,
379,Ali,
380,Najibullah Amir,"i learned - what this world means,, and i knew the Great ALLAH & ALLAH's PROPHET (SAW) but this book has drove me to know compeletly the GREAT ALLAH AND ALLAH""S PROPHET (SAW) i prefer to every muslim youths to read this great book."
381,mohamed nabil,"من روعته اعتبر ان هذا المختصر تعتبر مقدمه للكتاب وعزمت النيه علي التوجه اليه مقتطفات من كتاب مختصر المثنوي - جلال الدين الروميكتاب المثنوي وهو اصل اصول الدين في كشف اسرار الوصول واليقين وهو فقه الله الاكبر وشرع الله الازهر وبرهان الله الاظهر مثل نوره كمشكاه فيها مصباح يشرق اشراقاً أنور من الإصباح وهو جنان الجنان ذو العيون والاغصان------------------------ابتغي صدراً يمزقه الفراق كي ابث شرح الام الفراق------------------------وإن هذا الانين نار وليس هواء وكل من ليست لديه هذه النار ليكن هباء------------------------والكل معشوق والعاشق مجرد حجاب والمعشوق حي والعاشق الي موت------------------------فكيف يكون لي علمٌ بما امامي وورائي إن لم يكن نور حبيبي امامي وورائي------------------------يانور الحق يادافعاً للحرج انت مصداق الصبر مفتاح الفرج------------------------يامن لقياك جواب لكل سؤال وكل مشكله لها منك الحل بلا قيل او قال------------------------لا تكلفني فإني في الفنا كلت افهامي فلا ابغي ثنا------------------------النور نور العين نفسه نور القلب ،فأنوار العيون حاصله من انوار القلوب------------------------فبضد النور عرفت النور فالضد يبدي ضده عند الظهور------------------------العدو وإن تحدث اليك بلهجه الصديق، اعتبره فخاً وإن حدثك عن الحب------------------------ولون الوجه فيه اماره عن حال القلب، فارحمني واغرس محبتي في قلبك------------------------إن لم يكن المؤمن ينظر بنور الله، فكيف ظهر الغيب للمؤمن عيانا------------------------وما دمت قد عدت من الجهاد الظاهري، فقد اتجهت الي الجهاد الباطني------------------------إنه يستر مرات من اجل إظهار الفضل، ثم يأخذ من اجل إظهار العدل------------------------من اجل ذلك قال الحق عن نفسه انه سميع، حتي تغلق شفتيك عن القول الشنيع------------------------لو انك مع الناس جميعاً فأنتبدونهم جميعاً اذا كنت بدونيولو انك بدون الجميع فأنتمعهم جميعاً اذا كنت معي------------------------ورب عالم لا نصيب له من العلم، ذلك انه حافظ للعلم وليس حبيبا للعلم------------------------لقد قال انفقوا، إذن فاكسبوا اولاً، ذلك انه لا نفقه دون ان يسبقها دخل------------------------فكأنك من اجل ان تجعل نفسك محمودا في الخطاب، جعلت نفسك جيفهً امام الكلاب------------------------الكتاب الدنس الملئ بالوبال، لا يأتي في اليمين بل يأتي في الشمالفأنظر بنفسك الي كتابك وانت لا زلت هنا، هل هو جدير بالشمال او خليقٌ باليمين------------------------العجله والتسرع من مكر الشيطان، والصبر والاحتساب من لطف الرحمن------------------------فلا تنظر الي اي كافر قط بأحتقار، فهناك امل ان يموت مسلما------------------------ليس في قلب العاشق الا المعشوق، وليس بينها هاجر او مهجور------------------------محمداً كان شفيعاً لكل الجروح، فإن عينه ما زاغت الا عما سوي الحقوفي ليل الدنيا حيث يكون النور محجوباً كان ناظراً الي الحق راجياً فيهومن "" الم نشرح "" وجدت عينه الكحل، ورأي ما لم يتحمل جبريل رؤيته------------------------ورب ثاو في قبره كأنه التراب، افضل من مائه حي في نفعه وانتشارهلقد انحسر ظله، وترابه ذو ظلال، ومئات الآلاف من الاحياء تحت ظله"
382,Nami Arjmandi,مولانا خیلی از زمان خودش جلو نر بوده . اولین باری که ترجمه مثنوی رو دیدم فکر کردم نویسنده اش معاصره ...
383,peiman-mir5 rezakhani,دوستانِ گرانقدر و خردگرا، سه پنجمِ «مثنوی معنوی»، سخنانی ساده بیش نیست که همگان را توان گفتن است، که «مولوی» که یادش گرامی باد، خردمندانه و به عمد در کتابِ «مثنوی» گنجانده است. چرا که «مولوی»، مجبور بوده است تا خود را از ترسِ متولیّان دین و عرب پرستانِ متعصب و نادان، در مضامینِ دینی استتار کند.... چنانکه بسیاری از نویسندگانِ دیگر نیز چنین کرده اند تا از فهمِ رازِ کلامِ آنها، فتوایِ قتلشان را استخراج نکنند دوستانِ گرامی، «مولوی» ، تا توانسته، مطلبی خاص را کِش داده است، تا اصل را، در وصله ای پنهان کند... « مولوی»، سخنانِ کلیدیِ خود را، در لابلایِ همان ساده گویی ها، نهان کرده استعزیزانم و دوستانِ خردگرا، مسئلۀ بسیار مهّم این است که، حوزه نشینانِ مذهبِ شیعه ، از سرسخت ترین مخالفانِ آثارِ مولوی هستند، و چون دستشان به او نرسید، سعی کردند در طولِ زمان، آثارِ او را، به نوعی با موازینِ فقهِ مذهبِ خود منطبق، و مولوی را به نفعِ خویش مصادره کنند... و این عرب پرستانِ بیشعور، با دستکاری و تحریف در نوشته ها و ابیاتِ « مولوی» سعی کردند به نوعی بارِ پیامهایِ عقلانی و انسانی او را، به نفعِ مکتبِ خود بنامند... در آثارِ « مولوی» ده ها و صدها تحریف و ابیاتِ دروغین وارد شده استبرایِ مثال، به این ابیات دقت کنید که این احمق ها چگونه آنها را تحریف کردنددر این کتاب نوشته شدهپایِ «استدلالیان» ، چوبین بودپایِ چوبین، سخت بی تمکین بودعزیزانم، « مولوی» اشعار و سخنانش سرشار از استدلال است، چگونه میتوانسته پای استدلالیان را چوبین بداند!!؟... دوستانِ بزرگوار، این بیت در اصل به صورتِ زیر بوده استپایِ «اسطرلابیان» چوبین بود پایِ چوبین، سخت بی تمکین بودعزیزانم، همانطور که از این بیت شعر، مشخص است، « مولوی» پایِ آن کسانی را که امورِ خود را بر اساسِ «اسطرلاب» و خرافات و توهماتِ دینی و مذهبی استوار کرده اند را چوبین و حرکتشان را ناقص می داند، نه استدلال گرانِ متّکی به خرد و تحلیل را، که خود نیز یکی از آنهاست------------------------------------------------------------------------------حال به این بیت دقت کنیدغیرِ آن قطبِ زمان دیده ور «کز ثباتش کوه گردد «خیره سرعزیزانم این بیت اصلاً برای جنابِ « مولوی» نیست و این حرام زاده هایِ متقلب باز تحریف کرده اند... این بیت مثلاً اشاره به پیامبرِ عرب محمد رسول الله دارد، و گفته فقط محمد است که اصلِ استدلالِ بشریت و عالم است، و مابقی بیهوده هستند... چرا باید « مولوی» همچین شعری بی معنی و مسخره بگه؟؟! نکتۀ مهّم که این تحریف گران را رسوا میکند این است که، کلمۀ «خیره سر»، که در مصرعِ دومِ این بیتِ دروغین آمده، اصلاً در ادبیاتِ دورانِ «مولوی» هنوز به وجود نیامده بوده، که « مولوی» از آن استفاده کنددر دفترِ اول، نالیدنِ ستونِ حنّانه در قصّۀ «اُستون حنّانه»، صرف ِنظر از چند بیت، مابقی بی پایه و اساس است که منظورِ «مولوی » نیز، همان چند بیت بیشتر نبوده است... و «مولوی» هم مثلِ هر انسانِ عاقل و خردمند، خوب میدانسته که چوبی خشک از درختِ نخل، که در سقفِ مسجدِ مدینه بوده، نمیتواند ناله کند و سخن بگوید... این خزعبلات تنها ساختۀ ذهنِ موجوداتِ بیشعور و بیمار بوده است------------------------------------------------------------------------------در پایان به شعری زیبا از این کتاب اشاره میکنمما در این انبار، گندم می کنیمگندمِ جمع آماده گُم می کنیممی نیندیشیم آخر ما، به هوشکین خلل در گندم است از مکرِ موشاوّل ای جان، دفعِ شّرِ موش کنوانگهان در جمعِ گندم، جوش کندوستانِ بزرگوار و خردمند، فریبِ تحریفات و تفسیرهایِ کسانی همچون « محمد تقی جعفری» را نخورید، که این شعر را به قولِ خودش به نفعِ اسلام تفسیر کرده استایرانیانِ خردگرا، در این شعر 3 موردِ اساسی دیده می شود: « انبار» و « گندم» و « موش» ... نورِ چشمانم دقت کنید که، «انبار»، همین جان و تنِ من و شما است، که بدین شکل، در این هستی حضور دارد و من و شما را، به شمایلی که در آن هستیم، شکل داده استو «گندم»، اندوخته ها و کسبِ دانش و علومِ مختلف است... و شاملِ دانش وخردی است که در این انبار ذخیره میشود....که بی فهمِ این اندوخته ها، انسان را معنایی نیست،... که بدونِ اندوختۀ دانش و خرد، انسان، جز جسدی متعفّن، هیچ نخواهد بودو «موش»، آن عناصرِ بیمار و منحرفی است که، در شعورِ انسانها، پَرسه میزند، و همۀ حقیقیِ ما را در خود می خورد، و قربانیِ خود می کند... این موش هایِ کثیف، چیزی جز تربیت و آموزشِ غلط و باورهایِ اشتباه و احمقانه به موهوماتِ دینی و مذهبی، هیچ نیستاین موشها، در تن و جانِ ما، و در معنویّتِ درونِ انسانیِ ما، برای خود، هویّتی مستقل ترتیب داده اند، که گاهی همۀ ما را، به حیلۀ خود ، هدایت و تفتیش می کنند... اگر ما، به نابود کردن موشها فهمی نداشته باشیم، در حیله هایِ هزار رنگِ آنها، رنگ خواهیم باختعزیزانم، آگاه باشید که، بیشعوری و اعتقاد و تعصب به خرافات و موهوماتِ مذهبی، یکی از بزرگترین و فربه ترینِ این موش هایِ کثیف استپیروز باشید و ایرانی
384,حمود الشايجي,لم أقرأ كتاب شامل كامل . غيرني رؤيتي للحياة مثل المثنوي
385,ardavisura,
386,Ebrahim Houshyar,این ستاره به هیچ‌وجه برای شخص مولانا یا کتاب مثنوی معنوی نیست، به خاطر خود کتابه، فیریکی‌ش! بسوزه پدر بی‌پولی که آدم رو مجبور میکنه واسه خرید بعضی کتابای گرون بره تو کتابفروشی‌های دست‌دوم. تهشم میشه کتابی که اصلا رغبت نمیکنی دستت بگیری. هرچند پَرسه‌ تو کتابفروشی‌های دست دوم و شکار کتابای نایاب خودش عالمی داره.بالاخره یه روز میخرم اون نسخه خوبه رو...
387,Soheil,
388,Behnamprime,
389,hoda,
390,Siroos,
391,zahra yazdannezhad lomer,
392,Eblis,
393,mohsenmomeni momeni,
394,yasekabood,
395,nastaran,
396,Gistela,
397,Niloufar,
398,Aulia,
399,علی,"The most influential Sufi poem ever written, the six books, Book Two is concerned with the challenges facing the seeker of Sufi enlightenment. In particular it focuses on the struggle against the self, and how to choose the right companions in order to progress along the mystical path. By interweaving amusing stories and profound homilies, Rumi instructs his readers in a style that still speaks directly to them.در مورد شعرhttps://www.goodreads.com/author_blog..."
400,azadeh arian,
401,Louise,
402,Samira M,
403,Mehdi basafa,hesi k molana bem mide hich shaero nevisande ba neveshtehashon bem nemidan.
404,Sia,
405,*narges*,
406,Indah Threez Lestari,34 - 2013
407,Rabeah  Razavi Alavi,
408,Sunarto wiro,
409,Niki Bahrman,حضرت مولانا به حق زیبایی را به اوج رساندند
410,seyyed mohammad,
411,Dean Isensee,This the most wonderful teaching collection of mystical life every created. Rumi has become the most widely read poet of the past century yet not many realize the true depths of his experience as a mystic. There are so many levels of all that exists in the Mathnawi. It is not just a book but a journey.
412,Zeynab Babaxani,خب! پایان مثنوی. و حرفی نیست :) مثنوی رو باید خوند. مثل حافظ. چون لذت رایگان و شایگانی هست . .. همین :)
413,Saeed tavakoli,خوشتر آن باشد که سر دلبراگفته آید در حدیث دیگران
414,Neda,
415,Maria,
416,mahdy,
417,Esmaeil,good
418,Mansoureh,
419,arnavaaz,
420,بهمن بهمن,
421,Ahmed Azimov,"منظومةٌ أدبية فارسيّة عربية وتجربة صوفية على الطريقة المولوية وهو أصل من أصول الدين في كشف أسرار الوصول واليقين وهو فقه الله الأكبر وشرعُ الله الأزهر وبرهان الله الأظهر مثَلُ نورِه كمشكاةٍ فيها مصباح يُشرق إشراقا أنْور من الإصباح وهو جنان الجنان ذو العُيون والأغصان - كما قَال مولانا ، أو كما يُقال (قرآن الصوفيّة) ااستلهم روح الآيات المنزلة والأحاديث المجمّعه مُبحراً في معاني العشق والفناء والصحو والسكر قائدا إلى منارات السائرين ومقامات أهل اليقين على منهج العارف شمس الدين التبريزي بعد خَلوة تربوا على التسعين يوما أو تزيدمُفتتحا مثنويّته بالناي - حيث انين الروح إلى اللاهوت "" لقد حلّ العِشق بطورِ سَيناء .. فثمل الطّور .. ولم يحتمل .. وخرّ موسى صعقافمن راى كالناي سُمّا وترياقا.. ومن راى كالناي نجيّا ومشتاقا؟ ""* بقي ان أشير إلى أنه كثيرا ما أوقف سرد قصصه مُعلنا عن عظته حيناً ، والِجاً في قصةٍ أخرى حِينا آخر وكما قالوا - فهو بحرٌ أنّا يُدركُ ساحِلُه"
422,mehdi Zeinali,
423,samaneh,
424,Ehsan seratin,
425,Sheida n,
426,Hosein setodian,
427,Hossein Goudarzi,
